uuid,color_ok,b_avg,g_avg,r_avg,saturation_avg,brightness_avg
18004779014252143,True,106.22226388888892,118.9345416666666,129.73962500000005,67.416125,133.96670833333334
18041142166663261,True,157.5256000000001,170.9114333333333,188.20340000000004,48.65798333333333,188.22776666666667
17983336769651248,True,117.3923222222223,125.6532444444444,146.43691111111102,63.363844444444446,146.99926666666667
18047444879740639,True,106.49656944444448,120.19430555555552,128.12616666666673,46.176625,129.4655
18156948955322217,True,134.3275444444445,132.37286666666665,127.43767777777784,89.82107777777777,159.09463333333332
18257129710290204,True,153.90170833333332,161.85158333333328,147.73145833333322,72.85143055555555,170.8962361111111
18019780388294184,True,90.76025125628136,106.88854271356789,115.30691792294805,87.94021775544388,119.42460636515914
18010066040276613,True,76.75504166666668,105.47997222222222,132.57752777777782,159.980375,149.29331944444445
18022625591264158,True,90.82965555555556,104.71188888888896,125.11391111111112,102.92212222222224,132.40998888888888
18000967124371872,True,149.88505185185196,154.43536296296296,157.22039999999993,34.23422222222222,161.58394074074073
18212304031321315,True,120.6748611111111,131.62701388888888,143.62631944444445,60.40316666666666,147.9078888888889
18121000288441206,True,82.47077777777776,85.48457777777769,77.58521111111108,60.97101111111111,89.17182222222222
18094234024500924,True,114.97530555555544,123.7043888888889,112.1529027777778,73.08902777777777,127.98230555555556
17847988581210438,True,87.54349999999998,137.11068333333336,161.6166833333335,141.61528333333334,166.75501666666668
18023449813983186,True,118.0286111111111,123.94724999999995,130.08138888888894,95.00765277777778,147.2560138888889
18103326073455557,True,43.495666666666665,46.71292222222226,57.67091111111112,120.00936666666666,65.82848888888888
17998460774752978,True,110.48599664991627,139.82569514237866,153.16815745393637,102.91994974874372,163.67541038525962
17940618041716253,True,111.6510416666666,122.47252777777778,131.51891666666663,59.50043055555555,133.80605555555556
17871601866068402,True,71.72843333333333,113.79312222222218,112.24603333333334,113.73468888888888,117.76315555555556
17932432793748372,True,101.30259722222222,124.89383333333332,124.06090277777784,91.06465277777778,131.8361111111111
17978067209615521,True,157.31523333333325,157.71903333333327,154.5634111111112,29.848022222222223,165.1579888888889
18057120626011192,True,84.35691111111113,110.26791111111116,154.8153666666667,119.1487,155.41387777777777
18364693189138071,True,53.31901388888891,72.11170833333333,103.52045833333332,156.16444444444446,106.30608333333332
18055771981529207,True,91.85675555555557,103.34034444444444,125.89936666666678,111.5338888888889,136.43777777777777
18098178065044461,True,178.9560416666665,170.80401388888882,175.01105555555563,47.38741666666667,191.8866805555556
18064903436074311,True,43.44243055555557,83.37320833333334,97.89636111111116,120.39304166666666,102.96451388888887
18064843838657151,True,78.89126388888884,114.61672222222226,93.15745833333337,102.75025,123.24666666666668
17934783465149162,True,75.85947222222224,84.49225000000001,101.82070833333331,81.27036111111111,104.59691666666669
18004620296731318,True,154.80497777777782,159.25063703703702,155.07010370370378,76.31924444444445,179.5452
18147612706362387,True,75.16393333333329,101.39892222222228,123.38199999999996,121.9323888888889,124.49285555555556
18266718691286263,True,138.93143055555552,144.4633472222222,153.36886111111107,64.13038888888889,157.82443055555555
17934512622054656,True,105.80771851851851,93.06860740740736,99.90490370370372,123.2725037037037,137.434
18028504232210916,True,115.28040787623073,126.67784810126584,116.17132208157524,75.68524613220816,132.07742616033755
18300076117231435,True,41.25581944444447,47.57968055555561,56.45411111111111,94.93948611111112,56.540055555555554
17896554839901308,True,209.81748333333337,204.01238333333328,186.5007833333333,34.6872,213.2042333333333
18060185384430081,True,30.32925555555556,51.295288888888855,79.48492222222221,167.6631111111111,80.25066666666666
18035089027695690,True,22.98378333333334,38.67764999999997,61.85278333333332,170.25185,62.5363
18097620457992851,True,141.51818055555566,136.47240277777777,133.34069444444458,39.18615277777778,147.38316666666665
18299390266153053,True,183.84859229747676,177.459150066401,161.36617529880462,83.27980079681275,206.5077290836653
18050079037675300,True,205.3970416666665,195.77761111111116,188.34156944444464,50.07872222222223,213.68075
18037041043804290,True,133.96291666666673,129.67340277777774,117.0652083333334,72.442375,144.40018055555555
18096247415016931,True,99.49748611111104,113.47233333333342,144.8918194444444,123.82254166666668,154.99994444444445
18040937675770494,True,12.952986111111112,37.49651388888888,61.744361111111154,189.98481944444444,61.84943055555556
18523290106060400,True,134.35278888888888,141.0680555555555,144.33236666666664,46.21596666666667,147.96865555555556
18038000393329911,True,82.58588888888883,113.89604166666663,136.38483333333332,121.15633333333334,143.49594444444443
17926724768817661,True,97.49724999999997,109.3464027777778,124.32294444444446,86.25427777777777,128.48002777777776
18076105697587679,True,81.85745833333337,104.95948611111118,114.13962499999998,87.23797222222223,119.96672222222222
18351335809241012,True,68.38019519519523,85.28445945945951,96.75214714714714,81.51343843843844,97.33932432432432
18089830345380176,True,99.06087499999998,98.2465555555556,100.48230555555554,108.72565277777778,122.93183333333332
17972910803815916,True,122.88263009845292,131.05375527426162,132.97423347398032,36.74848101265823,135.7132630098453
18394345246074328,True,83.36174999999997,105.44893055555558,129.3245277777778,119.92798611111112,138.294375
18161497597390068,True,71.79954166666668,49.01458333333334,39.810958333333325,193.45844444444444,96.22790277777776
17892353478222338,True,146.21852777777772,130.6275555555555,103.36836111111116,122.00159722222222,161.68729166666665
18103195543416352,True,73.33029288702932,104.40880055788,134.48097629009766,129.77198047419805,134.90271966527197
18086718260300041,True,177.6883888888888,164.72701388888882,154.30804166666667,42.78536111111111,180.04456944444445
18011633345623379,True,10.977644444444447,33.081288888888864,57.91369999999996,213.55686666666668,58.23007777777778
18084497167486994,True,95.58497487437178,144.613567839196,131.30619765494134,108.71294807370184,150.0821608040201
17961959615726341,True,76.76999999999997,100.85984722222229,133.20100000000008,131.29356944444444,134.98830555555554
17916567021039770,True,162.99612499999992,180.18745833333324,174.41108333333332,48.94244444444445,187.8730555555556
18015928082493249,True,101.01377963737798,112.57933054393308,123.00764295676429,77.37069735006973,128.52103207810322
18053401222875424,True,95.10714444444446,110.38707777777782,116.46798888888893,114.92527777777778,133.9400222222222
18294158218302556,True,113.1807638888889,123.55662500000004,116.06681944444448,85.94745833333333,136.32381944444444
17892523449327152,True,142.73299999999992,127.70805555555556,115.84508333333332,99.46415277777778,150.902625
18074504135508756,True,123.398125,129.0318472222222,137.40661111111112,47.94876388888889,140.70227777777777
18047005694264887,True,178.2643851851851,186.4393333333334,136.6433333333334,74.09644444444444,188.5972888888889
18336110770095333,True,88.22422110552768,109.47187604690112,127.77519262981568,87.62748743718593,132.9342881072027
18044438270743544,True,151.36144444444432,136.77672222222222,140.06519444444447,89.98727777777778,170.77154166666668
18096013399680766,True,126.79658333333332,148.78115277777786,164.49061111111118,80.44497222222222,171.01168055555556
18012579218473964,True,108.52023709902372,125.60471408647146,142.19977684797772,86.66025104602511,148.07351464435146
18114350554602777,True,71.09259587020647,72.37269911504423,73.52961651917407,46.477905604719766,77.84281710914455
18077642026538381,True,66.13815555555556,80.78063333333336,105.3378,135.18716666666666,112.27496666666669
18341790232191404,True,159.5828308207705,154.72996649916251,138.82569514237852,65.92996649916248,168.77281407035176
18249536332213976,True,116.98412499999996,124.37970833333335,127.42536111111116,34.859541666666665,130.5578888888889
17979669863943361,True,109.74573611111109,131.757,161.77580555555554,98.79191666666668,166.67569444444445
18093924275123823,True,43.648569444444405,78.74098611111113,109.73283333333332,162.33315277777777,113.39311111111112
18076179995298668,True,55.3166203703704,64.29967592592592,86.01143518518514,123.35427469135804,90.3148302469136
18010523153893586,True,72.18269841269843,79.11107142857134,85.51373015873013,50.01041005291005,89.85796296296296
17989527959496393,True,139.7552638888888,140.43523611111115,144.793111111111,81.65851388888889,166.82958333333335
17925109310873999,True,175.97704444444446,177.8455888888889,169.34767777777785,25.886333333333333,181.81941111111112
18112272817491874,True,93.51831944444446,69.8387222222222,77.30941666666678,146.8647361111111,114.59955555555555
18118484101595860,True,162.52945833333317,158.02827777777784,201.1731944444445,71.04959722222222,205.3360555555556
18060770207472022,True,121.99084722222224,162.4887777777777,168.59140277777772,96.92416666666666,174.2515
18331650565240265,True,81.53206944444439,89.78756944444443,88.94973611111119,78.38383333333333,99.54041666666669
18048207317235164,True,134.07088888888885,167.19188888888894,183.9540416666665,92.353625,187.86094444444444
18336509524242932,True,131.38013888888884,130.918236111111,149.10991666666658,79.418875,165.638625
17997549794316615,True,80.85433192686351,92.9895358649789,127.2244022503516,121.1590857946554,132.00902953586498
18080994206086804,True,105.483640167364,123.43246861924688,135.2243933054393,86.99641562064156,138.51850767085077
18007585040664125,True,174.4571000000002,176.62372222222217,180.9198333333333,35.21823333333333,187.6379777777778
18088951898088899,True,70.25426388888886,106.4806805555556,150.2189722222221,143.30984722222223,150.68455555555556
17855287170641910,True,149.83972222222218,109.91747222222224,97.78736111111115,87.04968055555555,153.03118055555555
18034110803641734,True,140.81188888888892,143.79394444444452,136.75058333333325,54.65668055555555,150.84144444444445
18003158624437131,True,72.06511111111114,97.0198888888888,126.6428055555556,124.99665277777778,126.81306944444444
17999954543555222,True,164.74200000000013,183.8451000000001,181.61503333333332,51.751133333333335,193.6627777777778
17994982127266811,True,101.71887290167872,118.75372901678658,134.56159472422067,67.75188249400479,134.70239808153477
17880709314236250,True,57.73736666666669,66.72225555555555,80.12958888888883,85.21385555555555,81.82697777777778
18000514862331151,True,84.67287074829936,98.33703401360546,119.83097959183682,79.93642176870749,121.62080272108844
18380444338121035,True,92.74243055555556,112.6585972222222,134.0065138888889,107.82729166666668,141.1975138888889
18282968650161898,True,206.9750996015936,200.23892430278897,189.20694555112885,38.69717131474104,214.17551128818064
17937138102210502,True,164.25327777777778,190.8162916666668,193.5233333333333,46.55606944444445,196.20090277777777
17971759211881538,True,186.43487500000015,185.46856944444465,188.5970555555556,31.637013888888887,198.6809722222222
17876824437325558,True,58.58515277777781,58.96216666666672,65.82640277777779,154.66695833333333,83.05966666666667
18589149679029848,True,125.770562962963,136.82980740740746,134.83817777777782,105.71653333333332,149.402
17868051372487375,True,132.22227777777775,138.6228888888889,149.69458333333336,81.04261111111111,162.518625
17979916028907018,True,100.2744444444444,123.09588888888884,147.61509722222226,104.89661111111111,148.861375
18080403109727318,True,69.23255555555555,87.67487777777778,96.0215333333333,97.6988,102.9854888888889
17914129787844758,True,172.49080601092902,203.0894535519127,214.5452732240439,66.35367486338798,219.26263661202185
18034246877275210,True,128.09695000000008,145.00245000000004,196.7764333333333,107.88716666666669,197.7566
17870147397017084,True,133.86737796373777,136.62426778242678,141.89386331938627,45.1692189679219,146.93093444909346
17949352167128673,True,170.47966666666667,156.46824999999995,159.2249583333333,70.61004166666666,181.43859722222223
18382219780088661,True,193.40739259259252,150.79162962962957,81.287437037037,140.9530962962963,197.56632592592592
18044919253819645,True,80.95614999999997,104.38583333333337,102.51951666666658,110.84308333333334,116.48335
18063316663763116,True,120.49256666666666,93.86726666666672,91.78929999999995,121.12513333333334,127.36076666666666
17985167015640866,True,45.73471447543156,44.43468791500666,46.69155378486053,169.9672775564409,60.452390438247015
18040464904789796,True,68.10539999999993,56.72596666666664,52.633588888888895,128.61553333333333,77.64691111111111
18078914749750556,True,56.70811111111107,79.33129166666663,121.90220833333323,135.62605555555555,121.98731944444444
17854659546579721,True,47.49352777777779,87.05623611111115,130.10172222222226,164.70525,130.2487638888889
18047278102591889,True,177.99705555555553,183.12161111111112,183.4444027777778,55.35165277777778,194.76836111111112
18023588522034221,True,67.84027777777777,115.79051111111109,186.37062222222224,174.27847777777777,186.3721
18039787082679940,True,119.33191111111113,131.254311111111,138.10277777777762,48.567455555555554,140.5331
18005280287573386,True,95.67706944444444,114.84762499999997,130.8058194444444,63.96613888888889,131.89355555555557
18076416343987978,True,64.04026388888886,54.00076388888887,60.85819444444446,102.70181944444444,73.6703888888889
17926416885113286,True,112.13336122733617,124.12211994421205,134.00998605299858,104.30778242677825,150.72359832635982
18200285770330953,True,107.02048611111115,118.33066666666674,138.25930555555547,100.24748611111112,152.1487361111111
18091555880335819,True,58.57537499999999,82.71529166666667,104.32505555555552,144.6938888888889,105.36444444444444
17858982162334892,True,26.052361111111104,36.491125,48.75090277777778,146.8055138888889,49.33258333333333
17939748498161119,True,190.5223833333335,188.9158166666667,212.5034166666665,37.9615,212.6115
18027036620180892,True,73.47910000000007,109.04636666666669,137.86985555555563,128.91332222222223,138.09526666666667
18301382395278460,True,137.26941666666664,128.7188472222222,132.79897222222232,61.154625,149.85555555555555
17998979147927837,True,162.01956944444436,133.58373611111114,111.4535,120.13377777777778,176.78668055555556
18054339574817051,True,90.72915555555558,95.5270999999999,100.81459999999998,76.8658,105.84734444444445
17863890378074865,True,176.23604444444447,177.83772222222206,182.0764777777777,60.061844444444446,195.4839888888889
17883230873965546,True,136.7495972222222,135.94826388888885,130.80063888888898,79.37816666666667,153.08433333333332
18021459995633952,True,125.79206666666656,131.60229999999996,145.9114666666665,83.80137777777777,154.16116666666667
18032840750193999,True,106.6103,106.29358888888898,92.66541111111108,82.00097777777778,121.03788888888889
17913552249214572,True,82.091520223152,94.08119944211988,104.55305439330547,85.97064156206416,107.46640167364016
18074283788203759,True,198.5132083333332,168.4531111111111,156.32561111111102,71.13445833333333,200.65798611111111
17892304470282756,True,123.94941666666668,132.39702777777774,136.65461111111114,50.90595833333333,141.5986111111111
17857150152456821,True,125.98773611111103,155.03188888888886,185.25715277777783,100.27977777777778,186.01844444444444
18029280029589394,True,69.85006666666663,69.92911111111111,50.34374444444446,123.17431111111112,72.63592222222222
18106422328390348,True,80.73597222222219,110.1595416666666,150.9391805555555,129.16005555555554,153.33091666666667
18028288706628848,True,58.81645833333331,65.99249999999999,82.74033333333331,88.24590277777777,83.4954861111111
17928898589969267,True,142.16598611111115,152.7928333333331,153.21869444444422,79.933375,165.20283333333333
18040936891915700,True,167.53611111111113,162.41909999999996,179.94824444444436,61.7064,191.64911111111115
18386437054075882,True,124.98298888888873,145.35107777777765,168.4356555555556,90.06136666666667,172.25743333333332
17998222424240403,True,71.93488888888885,75.3144592592593,73.1398666666667,136.7529925925926,90.55013333333332
17959328882688958,True,87.34266666666666,118.72690000000009,122.47765555555564,109.07695555555556,128.83544444444445
17988896267827891,True,154.93746164574614,189.95500697350064,162.96804741980475,85.04503486750349,192.70725244072528
18023102639180629,True,133.3499444444445,141.10529166666674,133.66626388888884,72.43551388888889,151.40727777777778
18104345192505993,True,52.55511666666667,51.13886666666665,42.83046666666664,146.75478333333334,56.0171
17905472567912708,True,218.21734722222217,211.535986111111,191.51831944444444,53.04423611111111,226.02936111111111
17956844658105977,True,108.56452802359875,129.114395280236,148.0729793510325,99.31165191740412,157.28197640117995
17936158710205643,True,137.2512361111111,189.1730277777777,166.6827638888888,97.5586111111111,198.8938611111111
17848410786675238,True,49.44785185185184,55.41730370370373,63.50414814814815,94.08897777777776,64.44934814814815
18120225103495630,True,34.056666666666665,58.60259722222221,94.35344444444443,165.49411111111112,95.23965277777778
18130599127488574,True,104.82317037037036,98.28983703703705,122.79066666666664,80.04225185185186,126.28277037037036
18101351626400449,True,137.16006973500686,153.36274755927477,160.177419804742,48.477377963737794,165.4963179916318
17991529490478586,True,123.41952000000008,152.99902666666668,181.95140000000004,98.29885333333333,182.81910666666667
18142616413441586,True,145.38309999999996,153.35004444444448,164.2823777777778,58.94455555555555,169.8292
18027515444574139,True,97.14166666666674,110.61243589743592,119.767849002849,65.00039886039886,121.30364672364672
18063243830189421,True,168.343638888889,187.53416666666664,198.96612499999995,47.77740277777778,199.4456111111111
18420256579127666,True,157.67406944444454,130.17643055555556,93.3795416666666,115.77302777777778,171.25594444444445
18139475602370007,True,18.720077777777785,15.171433333333338,12.63853333333333,89.56036666666667,18.95823333333333
17868643845250573,True,157.66186666666667,150.15489999999997,153.69887777777788,47.09806666666667,166.5710777777778
18073472110485985,True,115.84593333333336,147.2603666666666,188.99513333333337,107.41843333333334,189.72716666666668
18468042103045523,True,153.1260111111111,159.62346666666676,160.73398888888892,29.902744444444444,163.4392
18263450005246935,True,103.24986052998617,118.77210599721067,128.48369595536957,83.43266387726639,133.38146443514646
18106414391310011,True,68.733837037037,80.71022222222223,94.45674074074076,97.16494814814814,95.26423703703703
17931517734082224,True,113.88502777777772,122.16947222222224,152.66306944444452,86.924125,158.2730138888889
18249371785302172,True,49.246355555555546,90.00243333333326,139.97348888888882,170.33404444444446,141.0134111111111
18522192862075924,True,118.53309629629634,115.91191111111112,98.98619259259264,75.52725925925925,127.35494814814815
18294744817300191,True,109.15852161785224,119.15966527196652,146.49811715481175,81.87223152022315,148.57305439330543
17883149598213947,True,105.56031944444447,110.2407638888889,113.62120833333336,48.57141666666666,121.09293055555555
18149693389327726,True,50.93056666666666,63.56131111111114,72.61464444444451,130.50566666666666,77.23051111111111
18456596062102223,True,93.36001481481485,100.63607407407407,93.16391111111112,72.60734814814815,103.70991111111113
18040627759640279,True,127.7388293650794,134.8314682539683,120.67119047619036,114.11321428571428,160.94755952380953
17949084737899489,True,170.2693222222223,133.10102222222224,117.6338333333334,94.7992,177.54694444444445
18050894144127197,True,195.13465277777797,193.1257638888892,176.27913888888878,57.55051388888889,202.94766666666663
18116600383357253,True,88.94645746164569,102.5058158995816,129.5979358437936,121.61584379358438,137.1960529986053
18032653445213923,True,104.9138,131.2040666666667,169.10905555555553,118.81574444444443,169.28622222222222
17961246740715461,True,133.03025000000002,137.5940694444444,132.09115277777775,58.97125,149.57484722222222
18062982653676982,True,118.01111111111123,140.8254555555555,178.34146666666663,100.29788888888888,178.89651111111112
17842035402455982,True,68.78614444444443,95.87025555555556,127.34793333333342,146.91544444444443,132.0369
18051696235942897,True,85.81875139353399,102.34000000000002,151.75104793756978,116.52059085841697,152.35284280936455
18011797733618940,True,102.83465,117.16793333333328,134.78901666666678,95.14783333333334,142.70458333333335
18021481082723816,True,111.44005555555547,122.73626388888884,123.42276388888884,51.77444444444444,127.76608333333331
18006575531713910,True,106.17309629629632,112.38521481481484,118.76519999999996,57.251614814814815,125.06647407407408
18007970078238635,True,78.75308148148144,127.41912592592594,118.33197037037044,132.65647407407408,141.46478518518518
18067817431918180,True,61.785666666666685,79.81168055555555,93.49116666666666,100.40079166666666,96.88133333333332
18008194874334791,True,56.01013400335012,57.35460636515917,71.70164154103858,90.80035175879397,73.42549413735344
18010686686732101,True,125.13837499999995,139.33495833333333,174.2200972222222,82.00861111111111,175.8964861111111
17843458428355923,True,94.13603333333327,103.09283333333327,90.7914777777778,91.09725555555556,106.4507
18083158796119465,True,82.16861924686195,93.3248256624826,101.77195258019528,73.66324965132496,104.99963737796374
17871455610086760,True,86.06195000000004,127.78939999999994,174.92650000000015,146.0937,178.48761666666667
17971319141862216,True,103.39769444444444,96.39770833333344,59.6865,157.39031944444446,106.06858333333334
18081368315616805,True,61.75806944444443,86.62683333333331,99.74209722222226,131.62527777777777,102.67976388888889
18118539976425204,True,137.68673611111114,153.33734722222218,159.32694444444445,63.27309722222222,166.371
17904906623982146,True,20.576875,24.97370833333334,35.70468055555559,80.64697222222222,36.013875
18061953713397142,True,27.308726968174195,40.13619765494138,55.23778894472359,139.39234505862646,56.57450586264657
18024355961137897,True,122.13140277777774,134.8185138888889,165.37893055555548,115.96738888888888,181.3421111111111
18037480801746529,True,66.70891857506359,112.80917302798984,102.80403307888042,131.5236386768448,118.37234096692112
18094245089170607,True,156.9845555555556,145.65079166666663,129.9171944444444,83.95715277777778,169.29954166666667
18055004468032331,True,172.72744444444442,169.56830555555564,163.94598611111107,56.25545833333333,185.55031944444443
18071198378407855,True,122.51759336099585,168.78858921161827,204.81136929460573,110.1985753803596,205.16492392807743
17875737168238684,True,119.72290097629003,119.22145048814497,118.13027894002786,76.97267782426778,129.65602510460252
18013548362323811,True,185.42871666666665,199.09900000000007,223.10960000000009,50.372733333333336,223.5541333333333
18095414251770153,True,113.8473888888889,119.3300138888889,126.0838333333333,49.42447222222222,129.37847222222223
18113918296645045,True,123.07327407407408,140.89066666666662,154.0065925925925,90.89142222222222,161.5892
17891871327462740,True,111.25168888888894,134.52312592592594,161.58471111111112,91.36481481481482,163.77826666666667
18067044053658783,True,180.60426666666677,198.807622222222,176.36162222222222,73.56976666666667,209.32876666666667
18046603211117875,True,115.43735555555556,139.61042222222213,193.5855000000001,114.44837777777778,194.05465555555557
18011361809232518,True,99.44251666666668,116.0721,149.07673333333327,98.85276666666668,152.31178333333332
18040130950620720,True,178.3338472222223,139.92761111111113,90.26572222222218,148.9926111111111,191.8382638888889
18117741772355974,True,88.81637499999998,120.36954166666676,137.3083055555556,110.18626388888887,140.30531944444445
17864278995181195,True,72.9644556113903,96.03695142378558,127.54353433835848,134.0252596314908,128.19447236180903
18039640721358697,True,188.0093750000001,157.63866666666672,118.93673611111116,107.03579166666668,198.18266666666668
17887360074376415,True,55.70311018131104,68.59068340306833,89.02503486750352,141.37518828451883,99.1905439330544
17896727642981164,True,109.18517587939697,96.76842546063656,82.35837520938027,103.7880904522613,120.67502512562814
17937481170032304,True,179.0556805555555,174.05193055555551,125.0873750000001,104.69891666666666,190.30501388888888
18007744565255696,True,113.29562064156208,125.1199860529986,128.6917015341702,77.76807531380753,142.25013947001395
17958583101050686,True,79.17980555555555,101.77400000000009,129.6343055555556,104.219,131.8013611111111
17851903506147344,True,134.24800000000005,148.2169861111111,140.8756666666667,75.22444444444444,158.19954166666668
18412678717001090,True,141.3670277777778,141.85422222222218,128.45380555555553,84.681875,154.7025277777778
18116753254677058,True,125.59025000000004,128.69740277777785,138.4744166666666,55.633125,145.12356944444446
18099423919664883,True,146.12069444444444,140.8175138888889,119.44402777777776,78.29108333333333,149.92141666666666
17878036020427050,True,94.55627777777774,117.44570833333331,119.9632222222222,116.87365277777778,136.06397222222222
18020780668996297,True,56.93743333333328,60.65607777777772,83.18076666666667,112.74417777777778,84.24873333333333
17885826222006966,True,152.50840871021768,153.19507537688435,155.22373534338357,30.3093634840871,159.86229480737018
18103881511858480,True,93.03804166666669,99.75961111111108,114.76918055555558,88.8223611111111,118.15131944444444
17919543975331085,True,84.17772222222224,93.29237499999998,106.96675,74.75280555555555,106.96840277777778
18019086995265843,True,92.3639888888888,98.95602222222222,104.1063,73.25965555555555,113.16531111111112
17964796310943705,True,95.73605555555552,128.48144444444443,187.67534722222223,138.15531944444444,187.75616666666667
18066006842418440,True,163.3530694444445,168.29587499999997,184.1801388888889,62.33884722222222,188.3405555555556
18171275953290171,True,168.20286666666655,189.72428888888885,204.87486666666655,68.09525555555555,208.684
18042919319149948,True,95.38188888888892,121.67224999999998,137.8800416666667,99.5406111111111,141.43894444444445
18089462155637086,True,137.27593055555556,117.01740277777785,94.45469444444444,105.62522222222222,141.83179166666667
17942629370811491,True,58.82906666666662,89.50235000000002,114.79919999999991,143.86621666666667,124.11793333333334
18030498389633404,True,98.98942222222225,100.78492222222216,105.82413333333332,68.54444444444445,116.24575555555556
18120606295626740,True,146.70777777777778,143.3345,136.25712499999997,69.03283333333333,153.48616666666666
18371599120198663,True,96.0519166666666,110.55954166666665,120.23169444444446,96.74368055555556,132.08395833333333
18078450001721464,True,123.70325,141.57869999999994,162.7158166666666,75.66336666666666,163.13283333333334
18349160479245627,True,112.55509722222224,163.6892777777777,153.42809722222222,126.2945,173.38918055555555
18425389243002924,True,90.3012648809524,105.69196428571423,83.82575892857143,131.68717261904763,115.35767857142856
18313101991146974,True,122.60581944444442,132.8455138888889,138.23079166666668,85.99170833333334,153.9086111111111
17918753852864061,True,132.89432918395588,143.0276763485477,186.9367496542185,90.95053941908714,187.9807468879668
18039649576636459,True,120.74175000000008,130.32519444444432,138.67866666666666,76.93088888888889,150.345375
18265134592203947,True,167.05294999999998,165.27699999999996,177.84529999999995,50.36366666666667,190.2505
18103233232386287,True,79.169250764526,94.16891437308868,110.63935779816512,78.17386850152906,111.24243119266056
17880726849005233,True,94.73577777777784,116.54397222222222,131.31555555555553,105.58356944444444,135.70030555555556
18021694861990740,True,181.3742833333335,192.1821666666667,219.12541666666667,55.52183333333333,219.28153333333333
18059271016532842,True,133.99822222222227,155.0995000000001,168.0404305555555,68.77119444444445,172.51920833333332
17883986295195301,True,113.50381153305212,137.4426300984529,151.87168776371314,95.77496483825598,158.96818565400844
18237388195284985,True,81.75728888888891,112.6892555555555,105.61700000000012,88.8175,115.62226666666666
18054142507526416,True,154.82208333333332,114.37220833333326,92.06880555555556,122.17373611111113,164.25865277777777
17876238870570632,True,83.11136111111115,92.04079166666664,111.50419444444452,89.83381944444444,114.64440277777778
18060283295341701,True,95.15351388888888,98.76997222222224,107.47508333333332,78.95561111111111,112.45013888888889
18080030075271379,True,118.12028888888882,133.7478444444445,154.42417777777783,69.63028888888888,156.51615555555554
17862425748562711,True,113.95696666666666,129.1163888888889,132.3038666666667,110.43782222222222,158.93248888888888
17880372420417069,True,72.35947777777776,75.0334,155.23729999999998,147.3427,161.59504444444443
18056882207298791,True,178.07561111111093,182.0623,188.7310222222222,32.00682222222222,189.0805
17873576436415313,True,134.36030555555558,123.21113888888898,123.31180555555554,69.66127777777778,144.8921388888889
17876951157262010,True,173.1564861111111,171.1367638888889,167.34479166666668,62.70838888888889,189.73068055555555
18102309640945927,True,184.8867117117117,171.4019519519519,143.2803753753754,88.96160660660661,195.31406906906903
18031731712889114,True,124.20087500000004,140.14937499999994,146.17183333333324,78.5273888888889,157.54754166666666
18084771263575253,True,74.1511527777778,90.36212500000003,93.27954166666662,65.33577777777778,98.86533333333334
17948447279776343,True,78.97616666666664,88.80258888888892,96.21703333333338,79.91856666666666,97.94932222222222
17941740887842092,True,113.93890277777768,130.56218055555553,139.08047222222214,107.70068055555556,153.68930555555556
17887808604471441,True,122.79637500000013,98.3267083333333,66.68713888888888,133.3595138888889,125.33909722222222
17916899765817516,True,152.00734722222217,166.81820833333333,171.4828333333333,59.27002777777778,182.09956944444448
17859782652529796,True,84.07384722222226,82.19754166666668,79.82686111111113,135.2985138888889,104.18426388888888
18052237729745331,True,104.0108888888889,114.77259722222216,130.33154166666674,64.96375,132.31861111111112
18121032892652814,True,83.91215277777778,108.34052777777772,121.153138888889,115.45793055555556,130.6699722222222
17884767270075167,True,134.7832888888889,131.8355407407408,115.43657777777774,74.61118518518518,147.51028148148148
18101326600561234,True,163.49472222222226,174.3072083333333,184.35804166666668,39.15211111111111,188.461625
17871694875088055,True,75.96408333333335,111.0241666666666,125.2481805555555,129.85579166666668,134.17769444444446
17986689953987018,True,32.010825825825826,46.54151651651652,52.5063963963964,93.53154654654656,53.18046546546547
17878981833007291,True,121.38047222222217,152.20808333333335,183.0120555555556,96.01345833333332,184.5523472222222
18330844810201332,True,139.23780000000005,133.68248888888883,127.3809888888889,59.13565555555556,146.8751
17987924162968917,True,82.60177777777776,137.1677083333333,191.69175,150.47965277777777,192.42441666666667
17869595940665415,True,126.51680000000005,86.98573333333334,46.148733333333325,182.12755555555557,127.32352222222222
17842280571197582,True,137.78526388888895,146.76509722222227,146.43529166666664,68.41475,160.2250138888889
18198515362357237,True,104.20402962962964,143.90977777777778,115.9931111111111,104.29238518518518,150.33334814814816
17908020105166787,True,126.50463888888888,128.28811111111116,132.41854166666658,78.13861111111112,148.4260277777778
18062941574056622,True,130.27205555555565,120.43602777777784,113.62170833333336,65.20290277777778,137.63979166666667
17970146438769925,True,75.65648611111108,95.36549999999993,97.81798611111113,85.42448611111111,105.161875
18071774506846707,True,120.42194444444446,148.6175972222222,170.44343055555547,87.51573611111111,174.37088888888889
17874030810332390,True,185.1097361111109,197.4428333333333,222.8919305555554,48.24619444444444,223.72956944444445
18376878565098225,True,146.05606944444443,135.1357916666667,89.62454166666666,136.2762361111111,159.26119444444444
18039848921564063,True,168.7617916666667,170.97937499999995,178.4288888888889,32.41836111111111,182.5426111111111
18278787046216358,True,146.41780000000017,146.74307777777778,148.05324444444443,47.12825555555556,158.564
18109296178680545,True,65.26683333333337,90.53374999999996,120.96029166666668,128.59394444444445,121.47530555555556
17958764096908521,True,130.8398333333333,151.75166666666655,171.44538888888889,80.54115277777778,174.72908333333334
18112831876739777,True,92.59656944444453,104.12786111111105,103.15106944444436,109.06018055555556,126.07952777777778
18076416566047909,True,49.97838888888891,64.88730555555557,77.52536111111114,99.13502777777778,80.08411111111111
18059280775923964,True,90.29162222222222,116.157611111111,110.0954333333334,90.8728,123.34096666666667
18090079693674902,True,102.08726388888888,119.45795833333322,143.18799999999996,93.88494444444444,145.70045833333333
17885893662482864,True,119.50558333333336,146.84795833333345,164.28566666666663,98.37344444444444,170.07630555555556
18071224246927198,True,50.03235555555559,91.95844444444442,109.99130370370362,145.8814962962963,113.2915111111111
18114408355762738,True,182.22571111111117,213.5654888888888,231.72883333333328,60.28084444444445,231.76253333333327
18046386802901438,True,173.04970370370378,158.75672592592582,110.5407703703703,130.47622222222222,191.7317037037037
18527194732072290,True,93.20398611111104,102.73297222222224,83.90929166666675,110.48663888888888,109.04126388888888
17859040080225712,True,64.5413472222222,75.3542777777778,90.14683333333336,132.93631944444445,96.27209722222224
18116830963660957,True,114.38928333333337,112.92893333333332,115.69008333333323,72.63366666666667,131.30185
18046390394002472,True,57.37373611111111,84.19391666666662,124.85669444444436,155.49152777777778,126.10513888888887
18033500270287100,True,116.4284148148148,126.74039999999998,124.49148148148149,88.41995555555556,142.41016296296297
18048755765350259,True,45.111111111111086,61.7400277777778,75.76887499999995,118.64134722222222,77.94584722222223
18007841570711676,True,75.82095833333334,113.78262499999992,126.8889027777778,121.81918055555556,128.1350972222222
18346254979225781,True,19.53916666666665,16.78172222222223,84.94579166666668,214.33369444444443,85.011
17966271287969948,True,93.00280555555554,83.88995833333337,88.6454444444445,103.92441666666669,115.40269444444444
18148771528427978,True,145.86177777777783,143.0526250000001,146.18040277777786,58.165875,161.53444444444443
17940480777014123,True,146.2112730318257,144.05601340033493,143.0634003350084,28.49787269681742,152.58685092127303
18081857162583346,True,111.7727111111112,148.3149925925926,176.6269481481481,123.35842962962964,185.44271111111112
18495765769066741,True,139.4321527777778,149.42686111111115,135.28361111111113,76.28941666666667,158.46470833333333
17869271577665615,True,103.38011111111112,136.6428777777777,129.29361111111095,148.97826666666666,159.5741888888889
17917703208166088,True,195.3367111111112,201.11678518518528,213.1383703703704,33.92654814814815,216.27813333333333
17885427768298763,True,75.48830555555554,71.18630555555549,75.09191666666668,74.01631944444445,87.33129166666667
18096348253855489,True,107.77287499999996,82.11695833333334,81.20126388888887,107.95651388888888,119.56243055555557
18592074511013721,True,145.2050972222222,147.0492777777778,122.44112499999996,104.26813888888888,170.63120833333332
18275353018220753,True,92.34798888888884,103.27491111111112,114.36358888888884,62.128455555555554,115.3060888888889
18098050447418090,True,166.95309999999992,154.15062222222218,128.707288888889,79.75461111111112,173.30757777777777
18027965903549324,True,72.61287500000005,40.53066666666666,49.78095833333337,127.91509722222222,74.584375
17889121452260801,True,82.4504166666667,106.07094444444434,134.8328055555556,124.04679166666666,138.0885
17968862471666499,True,89.32032592592594,100.98863703703717,111.6883407407408,90.61362962962964,119.0561925925926
18076969720822494,True,96.04687413554636,114.43221300138325,137.95893499308437,89.82547717842324,140.5711756569848
18039660986384686,True,90.87983333333334,110.82320000000009,133.87095000000002,105.58183333333334,135.4526
18052734488507853,True,143.78050000000005,136.84598611111113,105.85975000000002,106.65084722222224,163.4977638888889
17860543530086874,True,142.98698611111104,152.3956666666666,150.49593055555545,54.217958333333335,162.53959722222223
18327402115267471,True,87.52159722222224,98.156125,131.24104166666666,119.98488888888888,141.63341666666668
18322098865254322,True,74.04836111111112,99.26395833333338,110.2945277777777,82.26759722222222,113.77786111111112
18117533542659487,True,129.91204166666657,141.62155555555557,129.6885555555556,95.87376388888887,158.62243055555555
18047599000591339,True,138.31406944444447,166.05180555555563,189.39027777777784,89.88926388888889,191.71727777777775
18577060018018451,True,117.0696666666666,122.4310833333333,128.77044444444442,68.2983888888889,139.223875
18074063141202187,True,79.2649111111111,72.09155555555553,62.89338888888895,148.84025555555556,89.96466666666667
18111775351579453,True,86.38143333333333,92.16626666666666,98.67631666666672,77.13738333333333,103.48633333333332
18046334723744948,True,137.27883333333327,150.871263888889,139.41094444444445,72.63813888888889,163.2265138888889
17944413141154194,True,119.83155555555568,141.48394074074076,146.012888888889,73.0298962962963,154.21757037037037
18048397324734626,True,65.86721943048573,83.52396984924626,103.0739698492462,93.44959798994977,103.14474036850922
18031523633797199,True,114.77841666666671,138.34200000000004,175.87734722222245,115.30820833333334,177.76209722222222
17851934400254783,True,85.46810000000004,126.87058888888888,171.09341111111092,138.56623333333334,172.1209888888889
18093942763879889,True,138.60481944444447,154.50431944444446,141.01126388888878,62.28313888888889,164.04270833333334
18388621216144445,True,148.60494444444444,128.1575555555554,105.47679166666668,108.16940277777778,154.22325
17845047657330600,True,149.4728956228956,81.6583164983165,41.861818181818215,216.08949494949496,165.19607744107745
18127096111584503,True,52.36673611111112,71.61250000000004,97.79568055555563,121.80245833333332,97.817125
18046993480929653,True,93.66248888888892,77.85116666666671,67.03095555555555,146.00464444444444,104.54967777777776
18054449984526069,True,72.97383703703694,109.2983111111112,131.30306666666664,126.91244444444445,133.06525925925925
18079434974103676,True,104.79727777777774,111.23104166666668,117.04604166666654,67.77820833333334,124.42723611111111
18024294719381911,True,153.93222222222218,128.49471111111106,103.8774814814816,110.59351111111113,157.832
17857780734604331,True,181.03848611111115,187.45133333333348,192.28836111111107,25.393375,195.01433333333333
18070899526976421,True,81.30183333333329,103.00536666666665,109.72311666666658,121.59828333333331,114.81405
18041301029574510,True,95.81443055555556,151.85873611111109,163.062875,112.0261388888889,164.97877777777776
18048308057166193,True,70.72858333333335,112.04895833333332,140.81930555555542,157.69472222222225,145.61740277777778
18072126752187646,True,129.58438518518528,142.38324444444447,165.37691851851844,87.07931851851852,171.5285037037037
18025926548278713,True,30.902713567839196,73.50224455611391,122.21165829145724,207.71845896147403,126.3633835845896
18089601533507319,True,95.5725587828492,120.1979668049792,155.36109266943268,111.36232365145229,156.12876901798063
18028606133185310,True,110.24070833333332,130.92277777777772,160.01833333333315,94.98165277777778,160.59144444444445
18036859115623877,True,167.13990277777776,172.22151388888895,176.03268055555557,57.745305555555554,191.9272638888889
18113397040689198,True,128.77454901960783,155.96299346405215,210.8511503267973,104.02264052287582,214.04149019607843
18089286358520835,True,113.17640277777777,143.13762499999996,176.72566666666668,106.79134722222224,177.01795833333333
17933548560117829,True,64.15173333333331,72.67525,95.86081666666666,128.89781666666667,103.25628333333331
18356937571130627,True,219.0987437185927,214.96040201005044,233.94651591289775,31.142680067001677,239.09425460636515
17847624306663476,True,81.95266666666669,104.62722962962972,169.67770370370374,144.6590962962963,169.83165925925923
17849748672259020,True,166.64213804713805,181.7754713804713,180.16429292929288,44.22414141414141,187.95478114478115
18051763145178093,True,117.98616666666676,152.67427777777775,179.99809722222207,86.03575,180.68604166666665
18023302373769257,True,121.94172222222224,138.6957361111112,146.08377777777775,98.68602777777778,162.4381111111111
18037976708464085,True,64.97123333333334,88.20863333333335,119.7419,145.86031666666668,121.12235
18118711756659977,True,152.3128750000001,158.61643055555547,169.6259444444445,48.62294444444444,175.492375
18429852916109176,True,56.20699999999998,78.45605555555555,108.6277777777778,149.93909722222222,108.9192361111111
18069518405522809,True,94.14654166666672,110.32448611111111,127.18043055555556,88.6,127.4726388888889
17973096329733946,True,172.95690277777783,174.3333888888889,175.46525000000003,9.714069444444444,176.246125
18076587206451143,True,87.91556005398114,118.958097165992,169.43125506072886,130.06249662618083,169.62967611336032
18093318329232278,True,64.74022222222219,79.99645833333328,105.17108333333334,118.64465277777778,106.04205555555556
17881971036545072,True,54.64557037037037,69.2760148148148,89.9504148148148,102.14851851851851,90.86788148148148
18061679620884265,True,63.602395309882766,80.64102177554433,110.8823618090452,109.76554438860973,111.32715242881072
18072370337113669,True,182.6215555555556,127.43562499999994,163.27570833333328,106.65258333333334,200.24601388888888
18077563835532454,True,158.73493055555562,154.0523055555556,102.97859722222218,146.45429166666668,188.27388888888888
17846324448308153,True,105.13236286919826,131.08524613220823,148.37240506329113,94.68573839662449,152.35386779184248
18356239174135071,True,146.23693055555566,156.8043333333334,161.840125,45.694402777777775,166.75481944444445
17958458510675933,True,150.25035175879412,160.48695142378554,167.35410385259632,57.07932998324958,173.26227805695143
18087984383103254,True,73.46872222222223,68.97606944444445,99.36501388888888,103.94515277777778,99.44627777777778
17977520546990432,True,91.43370833333334,120.50669444444438,147.30890277777775,116.93911111111112,148.2764861111111
18093036589906975,True,103.3283955739972,124.94504840940536,169.69013831258644,110.74289073305673,170.82013831258644
18445309333112861,True,101.96158333333332,110.2504305555556,115.02634722222224,41.32259722222222,117.08309722222222
17864757615406901,True,102.71090277777778,125.36684722222228,128.39038888888885,82.31281944444444,141.04758333333334
18111184012617439,True,145.02734439834032,160.188520055325,173.8798201936376,81.11063623789765,185.5925726141079
18039713189263211,True,117.1454722222222,110.92320833333338,92.49745833333331,95.51708333333332,126.62344444444444
18119607106638077,True,118.7132936507936,145.32222222222222,155.18206349206355,110.60132936507937,172.51150793650794
18079630624755034,True,93.84877777777778,116.35408333333338,154.345638888889,121.037625,157.1578888888889
18008488496250261,True,85.54805555555555,111.12151388888898,142.07266666666672,119.20583333333332,142.10005555555554
18014798774368633,True,90.13568888888894,95.16831111111108,104.24484444444444,71.5193,113.09857777777778
18226531009308792,True,53.52895833333333,84.8634305555556,109.21352777777784,146.51479166666667,109.46794444444444
17961326451088580,True,62.88143654114363,69.55627615062758,87.70988842398883,115.13563458856346,92.33020920502092
18317468215214510,True,189.9982083333332,187.90954166666657,174.1304305555555,73.8969861111111,211.12393055555555
18052977049861025,True,136.84845896147405,117.43242881072015,94.36415410385264,97.31986599664992,144.61860971524288
17863345263220855,True,38.83054444444444,50.900744444444456,63.92087777777776,153.26677777777778,67.73381111111111
18075679190537465,True,78.39680000000003,87.6452888888888,98.40752592592584,77.71988148148148,100.91346666666666
18483253084028000,True,130.8977222222222,137.8754583333333,149.23641666666674,86.94097222222223,163.67893055555555
18386894602091610,True,68.27543055555556,85.93041666666666,125.15331944444428,115.32793055555555,125.98552777777778
18221162245262928,True,139.96128888888884,164.24531111111116,190.5991666666665,82.75897777777777,192.36362222222223
18014722679619942,True,144.9833481481481,95.3170074074074,82.24514074074074,146.92069629629628,152.902
18148456006452045,True,189.37151388888896,181.23716666666647,150.40690277777776,73.93545833333333,199.39375
17958338147659311,True,131.38244556113906,132.1135008375211,134.77326633165825,35.507772194304856,141.26264656616416
17914659666071007,True,143.56474412171502,151.62319502074678,150.5653112033195,129.77954356846473,191.9328630705394
18162399430436454,True,144.4859444444444,149.5198333333333,126.2243666666666,104.76445555555556,171.97271111111112
18141503053452738,True,62.65907872696815,64.46201005025124,71.17703517587941,123.57408710217756,85.64350083752093
17935767135118878,True,101.35871021775542,112.03536013400335,96.70636515912902,72.03514237855947,115.12348408710218
18055476086469815,True,64.81519444444449,91.77783333333332,123.53815277777775,137.86927777777777,126.323375
18075038116933413,True,155.13702777777775,154.78941666666654,144.11826388888895,40.45661111111111,161.1027361111111
18098399020682782,True,168.5111677282379,161.85267515923553,135.13692144373678,94.8184288747346,185.13055201698515
18147530251353918,True,174.4582888888889,183.11288888888896,195.61127777777776,51.12003333333333,202.18984444444445
18437395429065581,True,182.7616250000002,174.96748611111107,154.24055555555563,107.14229166666668,213.2406388888889
18127744756585750,True,147.3752083333333,142.80713888888886,129.7632777777778,75.89,154.8815
18335879728243372,True,141.79102777777788,136.74115277777778,108.85020833333334,129.67804166666667,159.47905555555556
17989401452762996,True,131.9838611111112,142.98008333333334,149.80020833333325,38.36547222222222,150.4519861111111
17895713856112753,True,46.16996632996632,86.16755892255892,126.96902356902363,187.2892760942761,127.24594276094275
18093964834961076,True,147.04398611111102,148.9173055555556,129.82680555555558,61.52016666666667,153.17534722222223
18063578444153024,True,37.75461666666664,70.03503333333335,103.82111666666668,146.01011666666668,103.83095
18166909006330912,True,6.460966666666665,6.458744444444443,6.533044444444443,0.3439444444444444,6.534933333333333
18042512756338593,True,38.62708333333332,43.60003333333335,51.738666666666624,151.40213333333332,61.09783333333333
18100561567816339,True,34.09577777777778,47.004488888888886,62.99499259259261,128.00211851851853,66.3924
18050053589208880,True,195.11374999999995,200.14812500000025,207.23265277777787,24.023958333333333,207.994375
18086711843186714,True,104.59627777777784,104.02519444444457,172.91031944444447,117.38634722222224,176.78584722222223
18100168690788349,True,169.89117037037025,184.40087407407415,186.53768888888905,51.070903703703706,193.2481037037037
18079847465130687,True,138.08632398753906,136.71113707165097,127.68221183800624,34.41372274143302,140.42433021806855
18199806892347573,True,108.84521617852155,141.29806136680608,170.82612273361235,104.43015341701536,172.5752580195258
18123730264529348,True,132.32142222222214,136.6103777777778,137.784588888889,50.74715555555556,148.74683333333334
18272407609236537,True,87.09549999999999,97.91040277777776,107.43175000000004,142.40469444444443,130.57077777777778
18036492748863266,True,48.12219444444441,65.00351388888888,77.46940277777779,111.48522222222222,78.72370833333333
18061930781239087,True,124.06993055555547,126.60715277777771,80.89559722222218,143.1412361111111,147.2731388888889
17865730860536669,True,161.99665277777785,171.3881805555557,174.3439861111111,32.524319444444444,176.94927777777778
18088312157261593,True,95.646625,105.3830555555556,128.3323055555556,88.97765277777778,129.92904166666668
18019527446472955,True,68.54154166666665,90.52751388888898,106.59316666666672,63.903013888888886,108.41213888888888
17926185924197606,True,73.61551388888888,96.6529027777778,140.20912499999997,130.13915277777778,140.6865138888889
18316348036247085,True,70.43748611111114,81.02438888888886,82.31595833333333,64.39193055555556,88.98794444444444
18311591092222013,True,158.6974722222224,160.70024999999998,165.97738888888892,56.593555555555554,180.55363888888888
18157689775447404,True,139.61090452261308,164.107755443886,90.93850921273032,127.93795644891122,171.01212730318258
18102843442586169,True,103.16717037037044,108.57319999999996,132.3972148148148,113.70125925925926,143.2051111111111
18293950228269059,True,101.19341632088523,115.07000000000004,134.74575380359613,76.17334716459197,137.1317842323651
18043090700007183,True,116.97412500000004,124.03819444444444,124.25238888888885,29.4675,128.07781944444446
18081100759807522,True,106.00364999999992,133.83518333333336,154.52775000000003,114.51271666666666,157.18546666666666
17969974596037971,True,103.70366666666668,55.479263888888894,26.49322222222222,180.16754166666664,103.75590277777778
18121932352471863,True,54.55051666666665,82.00041666666662,116.42989999999998,176.00433333333334,119.04198333333332
18117646738633951,True,189.69622222222225,167.3839444444445,113.25461111111112,115.13506944444444,192.6377222222222
17992097054775817,True,53.616111111111096,81.2481388888889,90.70988888888888,121.61113888888887,94.8272638888889
17915566578271315,True,104.87511111111117,101.54223611111108,103.83390277777772,39.38201388888889,112.17298611111111
18098277397679678,True,122.73251111111104,147.3760555555555,149.9419888888889,99.16865555555556,172.7066111111111
18169531489353506,True,131.49420833333332,153.9157222222223,146.28672222222215,50.45104166666667,154.44022222222222
17909049504379319,True,33.96965277777776,52.14862499999997,49.61080555555553,140.7367361111111,54.06305555555556
17961993398856077,True,126.14982222222233,131.48975555555563,103.3917555555557,129.93355555555556,152.74773333333334
18030616436741695,True,164.52751388888885,130.39793055555563,115.24918055555555,108.3488888888889,165.90166666666667
18055760645216146,True,87.56872222222225,91.08472222222215,103.10801388888892,87.57111111111111,116.66244444444445
18073073507256194,True,64.10175555555557,82.58281111111113,100.4891444444445,93.75466666666668,101.32308888888888
18415902499070964,True,152.93810744810744,157.49532356532367,165.11349206349217,56.66799755799756,174.92536019536018
17923210235979400,True,94.11476388888887,117.82268055555554,152.73518055555553,133.81175,156.1622638888889
18179056807294398,True,122.87088333333338,152.26656666666682,156.33721666666668,67.41995,161.96325
17938034841020294,True,206.50529166666684,196.284472222222,170.87858333333324,95.44763888888887,229.84544444444444
18059672176617977,True,190.25462500000003,181.34851388888904,173.21205555555545,32.55098611111111,191.51068055555555
18406373221145872,True,160.1670711297071,180.07587168758718,199.05228730822887,56.43110181311018,199.23534170153417
18106169632651995,True,73.96314074074074,107.07697777777776,168.00232592592582,154.4831851851852,168.92128888888888
17869415709589487,True,67.65146825396829,72.02029761904754,62.14287698412704,77.29496031746032,76.01496031746032
18058741265474966,True,122.83811111111105,127.46056944444445,117.0888472222222,130.78004166666668,151.28630555555554
18088040090255962,True,139.61766666666662,163.51823333333346,146.26746666666662,72.3223,171.20613333333333
18020633738606088,True,80.67810720268017,103.10274706867672,137.55195979899506,112.43887772194304,138.9095309882747
17996930738831237,True,85.58386111111109,76.8061944444444,107.31559722222217,137.19102777777778,120.761
18057925027920490,True,123.94925555555557,141.65606666666676,140.15805555555536,70.69213333333333,150.98173333333332
18000611081625580,True,125.03897222222224,127.11240277777776,132.01020833333334,81.42079166666667,152.50569444444446
17997737747586968,True,117.86652222222224,136.2918222222223,106.94369999999996,128.5080888888889,159.4662888888889
17876084016104467,True,173.1819407407407,181.4658962962964,176.92903703703698,50.79841481481481,190.91752592592596
18008400515665853,True,180.16364306784664,187.69426253687325,206.19508849557508,41.43345132743363,206.92389380530972
17860567647144670,True,19.627499999999987,22.367888888888917,24.69683333333334,148.2733472222222,28.345097222222225
18450856348064545,True,114.95234722222229,141.8951666666666,174.25311111111108,105.40691666666666,176.95577777777777
17905691993987742,True,47.08845833333332,62.363236111111085,69.1365,76.18058333333333,69.28802777777778
17914479086994641,True,133.0589666666666,147.26558888888894,158.91073333333338,67.68295555555555,164.00465555555556
18156457195404044,True,162.86434074074063,142.1292296296296,133.9461777777778,78.02865185185185,172.88294814814816
18029454284582103,True,87.61826666666666,77.3202074074074,73.9426814814815,86.0717037037037,97.69591111111112
18088765846430173,True,125.87849246231148,116.75974874371852,94.06264656616416,102.61879396984924,138.72068676716918
18128611603498715,True,81.58558518518515,122.4222222222222,149.0898074074073,139.05717037037036,156.02305185185185
17925476160053103,True,124.98238888888892,138.975375,154.96141666666662,77.52516666666666,162.14425
18382333813141124,True,137.01988888888894,148.49847222222226,144.61463888888895,47.17827777777778,153.82727777777777
18292649890303748,True,167.40027777777783,172.9632916666666,193.76195833333335,60.07722222222223,200.6492638888889
18099478072524540,True,40.77567407407409,64.58223703703705,75.96357037037032,133.9593037037037,77.94525925925926
18059155984996583,True,106.30515277777778,155.6092083333333,154.30351388888894,101.9498611111111,165.152625
18095479189489690,True,160.30279166666668,155.42762500000012,155.77141666666674,36.15855555555556,167.50390277777777
17871226932396488,True,77.97130555555556,78.90319444444445,101.35820833333337,138.73345833333337,121.79820833333332
18069615694920925,True,53.96201666666671,72.60376666666666,132.46793333333338,159.9258,133.4126
17934404843779815,True,70.35155555555556,68.67847777777773,74.13373333333331,138.69205555555556,98.96947777777778
18002586767583017,True,160.77295555555557,175.59878888888906,216.5606444444445,73.18492222222223,216.75584444444445
17910671343161355,True,129.58438518518528,142.38324444444447,165.37691851851844,87.07931851851852,171.5285037037037
18086368526021665,True,124.79977777777782,106.68083333333328,62.60711111111117,105.89718055555556,126.36648611111112
18100875304788680,True,111.56468148148146,140.6360888888889,119.9650074074074,97.20828148148148,146.9254222222222
18167625994404528,True,91.37659966499164,99.23046901172528,116.17299832495804,53.98788944723618,116.6408877721943
17878426746566274,True,136.81655555555554,135.34205555555556,173.02730555555547,98.13897222222222,182.2945
17962944758643746,True,185.32294814814813,146.9257925925926,98.76151111111106,117.22691851851852,188.94512592592596
18088998845189035,True,85.6734583333333,125.00743055555554,151.29999999999993,128.79315277777778,153.00295833333334
17993292047945528,True,84.13850767085074,100.57761506276152,133.15482566248264,84.97298465829847,134.3942538354254
18062072249392944,True,61.92436111111112,76.96923611111104,101.62649999999998,115.58840277777776,102.90569444444444
17932409133055636,True,164.10531666666674,167.6992666666666,169.44036666666665,37.848,177.92973333333333
17897562597366553,True,51.09455555555554,114.6009027777778,129.82695833333327,167.26591666666667,130.800125
17892420201332290,True,119.58877777777776,114.96445833333333,115.383,55.12908333333333,129.71405555555555
18132614386418378,True,57.63484722222221,93.77023611111112,130.59338888888894,162.93531944444445,134.00156944444444
17893025304310975,True,131.4723055555555,128.80322222222216,104.93763888888888,110.37695833333332,143.0075138888889
18042153776757825,True,175.73452777777774,202.11929166666667,223.86963888888903,59.8635,224.28493055555555
18111792148603138,True,44.76551388888887,83.59262500000004,120.88536111111112,157.4512777777778,120.89945833333331
18076713128175598,True,116.6894861111112,133.30277777777783,140.16683333333333,60.169625,145.67329166666667
18072187273948614,True,110.71400000000014,128.89940740740738,109.27834074074076,117.35868148148148,140.07158518518517
17857101486632432,True,209.75132222222223,199.98822222222216,229.1605888888887,53.37884444444445,231.70816666666667
18054049007134714,True,81.41126388888894,120.19144444444444,137.14763888888876,123.08295833333334,137.336375
17977314137843021,True,232.79937500000008,229.4947348484849,233.10632575757555,17.77166666666667,238.74789772727271
18338585143214068,True,38.24790000000001,48.61855000000003,86.75941666666668,138.22938333333337,87.26195
17938532736016831,True,109.73848888888897,143.84490370370355,147.9332296296296,107.46955555555556,158.4982222222222
18033516977348511,True,112.01275242047026,108.66,110.24724757952978,104.96816044260028,128.76896265560163
18075409384991955,True,183.4710972222224,193.07133333333348,194.3845000000001,64.69845833333333,209.162125
18305256022265448,True,64.53103703703705,95.09404444444442,124.8959555555556,138.40306666666666,124.90746666666666
18094491827132901,True,124.3048194444444,138.90023611111116,148.41987500000002,74.51613888888889,156.34619444444445
18093009323276360,True,143.3454027777778,118.49187499999992,24.02418055555555,220.39995833333333,146.1663472222222
18064601009605428,True,98.93518055555548,118.29991666666665,137.65470833333342,89.64208333333333,142.07202777777778
18085699820026872,True,67.59988888888887,96.73805555555568,120.4742916666667,147.7818888888889,128.32179166666666
18031077185033656,True,63.20624999999995,75.82455555555556,79.65375000000007,116.45676388888889,86.60936111111111
18464676277052477,True,106.93986111111109,120.79005555555558,130.4176944444444,79.04461111111111,139.77679166666667
18002688053591241,True,106.04955555555554,133.05329166666672,138.5287361111111,72.617,143.17029166666666
17927326902129185,True,147.95206666666675,165.4798333333333,176.08311666666654,56.373,177.21683333333334
18079433609059772,True,129.0921999999999,153.73720000000012,160.57131666666655,83.05126666666666,170.86116666666666
18111878845876121,True,132.20391666666666,128.03419444444447,123.04619444444452,36.70447222222222,136.78084722222223
17846298897271565,True,77.86258333333332,80.42426388888886,81.7054722222222,30.70145833333333,84.9281388888889
18322748449270150,True,94.55869047619043,115.71132936507934,122.20329365079375,72.24174603174603,126.5476984126984
18090478492909336,True,145.76672245467233,161.8600418410043,158.42188284518812,94.7687029288703,183.7228451882845
18061563875398210,True,183.0477037037037,152.40222222222224,114.62925925925924,117.42005925925926,189.4374962962963
18096175550049874,True,96.73538888888888,120.93702777777771,153.40930555555548,90.57816666666666,153.42620833333334
17865220770512491,True,60.197522935779766,67.04414373088683,109.17483180428133,143.2365902140673,109.5531498470948
18108788392652233,True,97.17551088777218,110.67502512562814,143.67351758793967,85.71850921273032,144.06557788944724
18089315098657339,True,163.92073611111115,173.98758333333333,172.79880555555556,94.94773611111113,204.13230555555555
18281717458256148,True,78.48536296296297,99.0241777777778,51.65108148148149,156.2580888888889,100.34445925925924
17882681256015130,True,134.5260505529226,124.43401263823073,117.91630331753544,99.02707740916271,155.82894154818325
18037666045756235,True,191.4431666666667,198.7029444444444,198.9220972222223,27.909305555555555,204.1089861111111
18128196034601599,True,68.15857777777781,82.45788888888887,106.03186666666674,121.92952222222222,109.25306666666668
18077476661153868,True,77.5499859943977,105.661162464986,126.99044817927172,106.1679131652661,126.99050420168068
18077097046919239,True,94.4152777777778,131.82949999999997,169.83912500000005,121.57436111111112,170.28606944444445
17968038612043938,True,83.51279999999993,106.119762962963,128.39951111111117,100.66912592592593,130.17466666666667
18049726606766858,True,171.5643194444445,179.4190416666666,186.53202777777776,35.03165277777778,189.06781944444444
18129099346423731,True,132.37549999999996,175.6414777777778,204.4532444444444,96.97947777777776,206.0430888888889
17916443937143053,True,27.853986111111126,31.36531944444445,33.44356944444442,137.76916666666668,34.908541666666665
17921363631117583,True,132.1969185185185,163.029451851852,161.47888888888892,52.58453333333333,163.76128888888888
18072928669625140,True,116.37500837520948,135.52504187604694,152.67433835845893,83.46016750418761,154.4456783919598
18136841839422409,True,83.01245833333334,133.22290277777776,124.6389861111112,132.92181944444445,141.4879861111111
18096629564157730,True,143.43896666666666,144.6636444444444,128.65878888888886,53.14901111111111,146.7146
17916157737157001,True,72.60246231155779,103.84214405360122,127.63731993299832,121.37458961474036,127.87070351758794
18370832437202244,True,144.602125,146.3771805555556,167.84624999999988,66.82179166666667,171.65145833333332
17945786652157283,True,140.45988333333338,129.27788333333342,114.8343166666666,96.1291,152.76015
18107534347658431,True,151.98562814070348,171.24855946398654,171.08077051926304,43.576700167504185,177.47403685092127
17977585799753436,True,139.08434722222225,155.5136111111112,88.34393055555557,135.26723611111112,160.19247222222222
18166005118427067,True,89.68227805695143,87.3055611390285,91.2843048576214,64.63328308207706,98.92011725293132
18009553136774702,True,148.82848611111106,87.02506944444444,61.739069444444425,154.25983333333335,152.17655555555555
18112484164705986,True,47.83541666666668,60.17886111111114,69.6347916666667,112.41129166666668,71.66318055555556
18541086382069515,True,111.4481481481482,135.59333333333336,147.1366518518518,81.89697777777778,150.7081037037037
18137149864502344,True,165.28460740740755,163.31622222222225,189.0221925925925,53.750903703703706,193.27497777777776
17945118896808191,True,144.92120603015087,124.39001675041878,86.08837520938023,148.16346733668342,164.923216080402
18512484790022148,True,141.15305185185176,140.31068148148145,150.05383703703708,61.78588148148148,161.6688888888889
18080499739462399,True,142.83019999999996,134.23888333333335,129.22129999999993,44.95121666666667,147.52343333333334
17939657405871760,True,113.65612500000007,130.2031944444445,149.03125,97.25152777777778,155.39659722222223
17873743842581172,True,153.6409444444443,121.12073611111109,123.7565972222222,100.37461111111112,166.89855555555556
18290199337212250,True,154.55879166666674,166.73706944444447,178.1588472222222,43.83834722222223,180.06366666666668
18148523530323439,True,126.24812500000002,151.35280555555548,176.5241944444444,93.50902777777776,180.11454166666667
18030350390431467,True,132.46648611111112,135.3980000000001,135.93841666666657,35.67140277777778,143.373125
18338769703175722,True,130.8343666666666,133.99007777777774,118.22806666666663,77.03357777777778,144.33684444444444
18093342599236029,True,159.1987916666666,169.0236527777778,185.4870138888888,69.24158333333334,198.3750138888889
17935591181941350,True,122.82426388888894,120.57433333333334,106.81013888888884,127.20327777777776,147.47927777777778
18045058612916813,True,82.01544444444444,46.00637499999998,62.32695833333334,144.741,98.29248611111112
18056593487401213,True,104.83683333333336,116.79411666666672,119.54951666666663,52.252433333333336,123.41485
18060256288977598,True,100.96323611111114,130.46534722222216,171.2835,120.78623611111112,171.56933333333333
17887982406429341,True,75.20144444444443,82.3476944444445,92.41301388888893,69.45148611111111,98.73794444444444
18035270048614724,True,86.78043055555555,101.63990277777776,111.48188888888892,127.51465277777778,126.39680555555556
18067898048059291,True,91.17125864453658,107.64112033195023,127.83349930843704,98.2193499308437,130.36651452282155
17934161391068188,True,152.47484722222225,177.81131944444442,190.5277083333334,62.49555555555556,194.2668888888889
18285238903172337,True,73.88620833333337,105.4540416666667,134.36136111111117,143.88070833333333,136.23397222222223
18101152333815217,True,82.40988888888886,109.59563888888889,139.1676388888889,126.74583333333334,141.41469444444445
17856337014158874,True,125.19147403685096,151.38603015075395,175.99795644891108,95.31365159128978,180.6755443886097
17910828441185686,True,133.222263888889,154.94799999999998,154.73641666666674,82.56544444444444,173.43701388888888
17937556116036545,True,134.06990237099032,104.40860529986053,111.11595536959553,161.3357740585774,156.63327754532776
18038479310098455,True,110.40012222222218,109.55917777777778,105.75258888888884,47.15958888888889,116.6965111111111
18061384796705601,True,115.24802962962968,138.82531851851846,134.13638518518513,94.75377777777778,151.25056296296296
18305408671274173,True,124.56030555555554,136.65187500000005,144.9354444444444,80.72830555555555,158.7642361111111
17953976558961386,True,118.02698333333336,157.29721666666657,194.70565,107.89366666666666,196.04535
18032963417390140,True,115.25761111111107,123.70638888888897,147.72125000000008,111.88905555555556,163.3928611111111
18031246838337316,True,102.66422222222224,120.09149999999993,132.97291666666672,73.1435,135.48640277777778
17952354935945297,True,56.64034074074075,68.9317925925926,59.43020740740742,129.05831111111112,77.63444444444444
18093579665134288,True,142.63297008547016,142.17467948717962,143.53858974358965,56.19995726495726,158.0561965811966
17965138998059734,True,72.22933333333334,86.48912500000002,111.50212500000006,115.25522222222222,118.69841666666666
17866765131478762,True,198.15918333333337,166.48330000000004,150.0965833333334,66.10148333333333,198.17758333333333
18098347451034163,True,110.98540000000004,121.36635,124.54306666666662,49.03418333333333,128.57391666666666
18455434024020465,True,132.28263009845293,135.92194092827006,132.67153305203934,35.330239099859355,139.90867791842476
18118141510589178,True,67.02533333333336,87.2253925925926,97.90514074074072,99.89597037037036,98.45158518518518
17875327485185229,True,125.17675000000013,126.28273611111112,131.8799166666666,91.7574861111111,145.92051388888888
17903104536404121,True,107.2531944444445,131.43294444444436,152.7966250000001,94.17501388888888,153.5137777777778
18056099125809951,True,126.35943333333334,126.7489000000002,128.9706444444446,18.70705555555556,130.59107777777777
17911955730376192,True,173.6295694444445,168.06473611111116,190.09698611111108,64.04218055555556,200.86606944444443
17873080881571231,True,106.2767361111112,127.17577777777772,152.45426388888887,104.03966666666666,158.48375
18050743981808218,True,103.82351617440229,122.1659634317863,127.75191279887488,79.98029535864978,135.30618846694796
17950354931880608,True,126.32698996655522,131.68887402452617,103.65426978818287,129.51325529542922,152.9048829431438
17893539345231082,True,121.55197777777784,91.29531111111108,26.38093333333332,224.47466666666668,148.53508888888888
18115781089515395,True,96.61627777777775,128.13163888888894,148.77369444444437,101.1365,152.26041666666666
18518559271020245,True,78.34260808926085,106.92895397489532,117.22463040446296,105.7408228730823,120.60820083682007
17957221857059967,True,107.41930843706776,110.25235131396956,123.30719225449523,116.162489626556,144.73540802213
18131173732517861,True,106.79878518518515,118.93013333333336,133.0759703703704,68.05605925925926,138.5710962962963
18066191978012369,True,156.6036944444445,161.18693055555542,165.32909722222223,26.950458333333334,168.553
17874038553458461,True,88.91705192629819,98.98738693467338,100.60896147403686,39.43874371859297,102.73005025125627
18078031820383262,True,111.50670833333344,111.8039166666667,126.59620833333332,79.86918055555556,131.84345833333333
17847614421496405,True,117.69469444444444,128.26269444444443,116.3740972222222,87.66919444444444,142.30219444444444
17889346539348044,True,99.84517037037044,111.50751111111114,116.39037037037026,73.74874074074074,119.85023703703703
17888674254342453,True,73.9923055555556,78.6147638888889,86.84659722222226,53.32648611111111,88.12618055555555
17964220595760827,True,148.1647777777778,164.60459722222205,170.8778472222221,68.63044444444445,182.546
18489840556054549,True,79.88307777777776,95.30856666666672,124.2778555555556,91.04176666666666,125.32412222222224
18048283286561305,True,109.75242677824282,110.6388145048815,94.53796373779636,87.26845188284518,124.5679218967922
18194302039353441,True,105.84254166666668,125.78323611111112,164.58769444444442,104.2592638888889,165.00788888888889
18020349272194954,True,118.42436111111112,139.67715277777782,149.23763888888897,72.94216666666667,156.31731944444445
18039990041215413,True,81.75477777777772,119.87474999999992,138.27101388888892,112.05359722222222,143.289
18072163208274826,True,78.33609722222225,108.5458055555555,136.5590555555555,126.2395138888889,143.784375
17877772065053219,True,115.93994047619046,120.70330357142858,90.68705357142854,137.30230654761905,145.09309523809523
18047027236948751,True,195.95905555555555,205.9816527777777,205.37209722222207,29.573833333333333,211.63248611111112
17978986751563102,True,74.21500000000002,84.98398611111114,96.32041666666672,91.16423611111112,100.48723611111112
18159810625436491,True,174.76999999999995,174.5135416666666,225.9676805555554,73.29288888888888,228.30791666666667
18001612802210487,True,159.0433444444444,154.09095555555558,151.24180000000013,69.18331111111111,169.6726
18328624330220927,True,54.95243055555554,81.93636111111111,108.55709722222224,149.36691666666667,108.61870833333332
17971223669874564,True,86.09611111111113,102.55509722222216,126.9637083333334,106.256875,127.949625
18095227480801721,True,59.78166666666668,60.362683333333386,64.31720000000003,133.97408333333334,77.14966666666666
17926395338886576,True,56.087625000000045,95.17366666666676,156.63968055555551,162.37833333333333,156.79655555555556
18072373679276481,True,125.42544444444437,124.19325000000003,120.86170833333335,48.01019444444445,134.02673611111112
18075649777660131,True,89.97065277777772,135.8429027777778,114.08280555555564,111.51602777777778,138.599
18035414083881872,True,84.2759666666667,110.32911111111108,135.59594444444446,118.89773333333332,143.40376666666666
18008212571855831,True,85.71045555555554,97.80455555555564,107.72692222222224,58.852222222222224,109.39481111111112
18086283178802431,True,139.3102177554438,147.33894472361803,151.17318257956447,42.23162479061977,154.6671691792295
18090776962957031,True,129.7047916666667,132.58177777777777,132.3659027777778,60.41709722222223,146.1313888888889
17927146620237091,True,143.4155138888889,168.08486111111108,121.02998611111116,116.88697222222224,179.75736111111112
18002076005803715,True,132.32649999999995,118.19631944444446,87.56870833333332,117.13211111111112,144.6835
17903116329089208,True,169.15326666666684,194.78730000000004,205.7250777777776,59.2032,208.91252222222224
18066179842920117,True,177.67977777777776,162.38186111111125,143.65744444444454,101.81083333333332,196.48708333333332
18105279151676824,True,60.1404333333333,106.76491666666664,150.53774999999996,174.39171666666667,150.63026666666667
18094953217929992,True,68.13251256281411,71.65974874371858,72.57056951423787,52.8933500837521,76.89269681742043
18055503233383880,True,94.4826814814814,107.6206222222222,108.51361481481491,88.37450370370371,120.57896296296296
18026974103203954,True,138.72035000000002,142.6646333333332,161.42786666666655,57.74263333333333,163.34881666666666
18099660764073711,True,114.7652166666667,124.85813333333336,110.49678333333333,55.23258333333333,128.98358333333334
18057049157094637,True,149.0985694444445,190.4571944444444,186.3869305555557,148.44530555555556,233.9501111111111
18189199465369269,True,37.58575000000003,57.69013888888889,82.81505555555555,178.3010138888889,85.240125
18087701522599167,True,77.47953098827472,95.3059966499163,90.7031155778895,82.25244556113903,99.27
18156933259384212,True,60.20404166666667,83.40520833333338,118.7782777777778,130.47581944444445,119.29965277777778
18064424543239194,True,81.68831944444442,117.80954166666666,151.3363055555555,132.0283472222222,153.0522777777778
18036683543479918,True,29.43215000000001,42.511499999999984,62.81001666666665,152.4217,64.86006666666667
18059016412652773,True,156.75041666666658,163.4041666666666,175.64161111111116,52.73668055555556,179.4812777777778
17960935973776732,True,187.43697222222224,160.2407222222221,102.20919444444444,114.82952777777778,188.824125
18242240488286012,True,128.83934722222213,129.89411111111113,128.2796111111111,72.42490277777777,148.3984027777778
18123930541401892,True,98.55345555555552,102.93107777777772,113.70286666666674,81.39994444444444,123.32166666666669
18488836915021389,True,81.57956944444446,98.41249999999992,125.28540277777785,109.97041666666668,125.73979166666666
18098068988062572,True,199.1770833333334,205.15126388888893,219.077625,31.97055555555556,219.11027777777775
18077972966108615,True,131.75970370370368,151.9732592592592,164.6847851851853,82.22158518518519,173.47074074074075
18119197918644995,True,59.8639666666667,77.71899999999994,82.00995000000005,83.83291666666666,84.81848333333333
18263486911289557,True,106.06471666666673,184.5264166666668,175.2589333333333,127.62648333333334,195.541
17963996996846972,True,92.06670833333338,110.20576388888888,149.2210694444444,103.41590277777776,150.90465277777778
18203185024315510,True,168.08868055555558,146.50426388888894,128.4900694444444,87.68631944444445,178.37356944444446
18024349463645731,True,93.34990277777771,125.5719305555556,136.69684722222215,104.68788888888888,142.88095833333333
18250401121273778,True,165.0727777777778,165.7576666666666,166.34579166666677,28.201777777777775,173.20054166666668
18005891063741985,True,134.50264444444446,132.42025555555549,127.4259777777778,90.07648888888887,159.2780888888889
18178650340390307,True,123.84605555555557,125.25476388888876,112.5957638888889,85.01890277777778,138.17205555555554
17845927167494865,True,108.41745833333334,137.8557916666667,165.2615,98.9954861111111,165.2615
18096867883516281,True,117.27865277777774,114.79704166666664,116.79209722222228,61.16723611111111,130.74752777777778
17995937126563321,True,71.84172222222227,111.2292444444444,143.69882222222208,128.8128,143.86388888888888
17921855142005200,True,16.751422222222214,56.525444444444425,120.41866666666664,229.6467111111111,120.42252222222224
18109242487697770,True,109.07384722222228,126.13345833333324,121.12745833333338,97.50347222222224,139.52729166666666
18119279788719292,True,69.05838888888884,112.59472222222222,173.03945833333336,162.64795833333332,173.0481111111111
17922444245904847,True,120.46961111111118,126.72618888888888,142.7863555555555,67.69157777777778,146.379
18075877378674096,True,114.94594744121714,168.92879668049787,207.99128630705408,122.27246196403873,208.81795297372065
18282882097207952,True,118.03149999999992,139.0083555555556,156.89856666666665,81.01781111111111,158.60865555555554
18056083649259015,True,98.12523333333326,139.8974000000001,174.2419000000001,119.91646666666666,175.07855
18088459688179196,True,129.58438518518528,142.38324444444447,165.37691851851844,87.07931851851852,171.5285037037037
18092731214017470,True,112.79145833333338,138.8283472222221,132.18431944444444,131.759375,162.00845833333332
18122823496626604,True,60.34283333333331,49.46031944444441,55.047375,166.36279166666668,79.16725
18114267226627492,True,163.3506388888889,172.4221527777777,181.16368055555543,32.456875,182.61668055555555
18100926530063943,True,69.31395833333337,51.38956944444441,34.677569444444465,172.88505555555557,77.23498611111111
18076437619915187,True,126.0925037037037,136.77346666666668,137.77333333333337,62.18878518518518,150.30502222222222
18143227435445662,True,90.38915277777784,109.78806944444445,124.48091666666672,100.04636111111112,130.82695833333332
17871513168176607,True,136.98480158730166,117.69075396825396,78.81714285714287,129.89029761904763,137.97081349206348
18118888303645445,True,95.81430485762142,92.1050753768844,87.66780569514235,53.41994974874372,105.63358458961474
18308427985149342,True,221.45074999999983,227.34448611111097,246.5218055555556,27.309625,246.5644583333333
18060059555252685,True,149.63429166666668,111.80370833333336,103.78637499999992,89.51645833333333,153.80015277777778
18070957886303837,True,100.75009999999996,133.10957777777773,165.91553333333343,129.78492222222224,167.0750111111111
17894921459970948,True,88.72986666666675,102.66475000000004,157.81138333333328,119.25,159.26706666666666
18073277102246124,True,48.779805555555534,67.2393888888889,81.02984722222226,116.11920833333332,83.39113888888889
18010652489701157,True,217.4207111111109,203.66524444444428,204.02168888888892,36.070655555555554,221.5708555555556
18333050743090602,True,123.05894444444448,156.48197222222225,179.71256944444443,82.22019444444445,181.3202777777778
18346633570244001,True,174.73819444444453,165.13263888888895,143.94708333333332,72.92486111111111,184.5893888888889
17974287680865915,True,101.47681481481482,116.64167407407405,131.78468148148147,97.6311851851852,134.44528888888888
18118193587723480,True,118.70291851851854,114.12103703703708,111.14743703703702,32.43974814814815,121.71475555555556
18042598577012719,True,57.053450586264674,77.2259128978224,100.70747068676714,103.84752093802344,100.86040201005024
18012444383696123,True,73.79336111111117,91.46865277777772,108.67069444444434,121.83075,113.13922222222222
17919507771012201,True,71.17230555555554,86.75841666666672,104.23993055555547,104.99445833333333,107.07251388888888
17853305802638623,True,157.24594444444438,189.85468888888892,222.3301777777777,79.64764444444444,222.3604
18367120459195831,True,128.6536666666666,136.41772222222224,143.83248611111114,48.68472222222222,147.95331944444445
18067971265983989,True,143.83493333333337,152.84226666666677,159.20029629629627,43.85671111111111,165.9156148148148
18100067141063058,True,193.27187777777783,226.891488888889,219.35103333333345,55.37815555555556,233.3771
18084268256060758,True,70.73785185185183,76.21262222222222,124.29238518518518,120.3090074074074,125.33985185185183
18113814118504798,True,102.7788888888888,125.84431944444442,109.76758333333336,137.75048611111112,144.27177777777777
18067275779137948,True,31.87083333333334,100.31934722222223,125.53513888888882,210.4586111111111,134.56329166666666
18476118952048412,True,196.5136666666668,191.58245833333328,186.50334722222223,18.19083333333333,196.9655555555556
18581519545045979,True,88.50760416666662,99.52999999999996,111.80465773809524,75.92697916666667,114.24796130952382
18079525214410645,True,52.052750000000046,65.6883472222222,92.36912499999998,145.93656944444444,101.21127777777778
17878391826435334,True,88.35063888888894,61.68744444444443,20.42376388888888,205.85244444444444,89.37622222222222
18087165334941762,True,145.49816666666663,124.3175666666666,102.28528333333335,110.28941666666668,159.69336666666666
18033097211725174,True,66.83210370370371,93.34740740740745,119.27297777777775,129.70882962962963,120.2361037037037
18034854527708500,True,71.748125,74.7337916666667,74.38904166666673,24.060194444444445,75.85727777777778
18078221662649106,True,87.48838888888895,96.94292222222232,120.63186666666664,111.73555555555556,122.0152
17988649163978106,True,165.94099206349216,179.55579365079342,206.8809126984127,54.19164682539682,207.23751984126983
18084301178524926,True,69.9185481481481,78.4805629629629,93.31260740740738,114.27176296296297,101.4196
17916534489343425,True,112.33567407407412,112.03893333333332,114.91588148148146,58.46288888888889,126.37333333333332
18083538070811095,True,25.65624444444443,43.23994444444445,58.407311111111134,134.2220111111111,58.63251111111112
18012708623358891,True,54.46354444444442,61.27101111111115,69.4888888888889,76.7185,74.0561
18065348416548562,True,74.5289861111111,119.73844444444453,106.34788888888885,114.79625,123.51154166666667
18021981497142689,True,101.43154166666667,121.32444444444448,163.92390277777776,103.11456944444444,164.17783333333333
18034345670008675,True,45.18855555555557,46.880486111111125,88.06995833333335,100.03626388888888,89.46120833333333
17895449025069195,True,109.83012658227852,133.55201125175813,150.56405063291143,76.58282700421941,151.23852320675107
17874112821507359,True,67.22966666666662,82.86248333333332,106.38918333333324,107.31315,106.55921666666669
17884196961255541,True,68.24138075313809,73.94842398884238,115.39504881450478,131.0229288702929,115.42831241283125
18020473739609727,True,74.50854444444448,75.53635555555552,76.1102555555556,113.08295555555556,84.68824444444445
18106261135894806,True,110.08198518518525,128.50783703703698,149.3936,87.15105185185185,150.78402962962963
18109635268720895,True,119.5017294281729,123.586359832636,129.7082984658298,64.05411436541144,137.9563040446304
18252546046258520,True,94.89279166666672,138.5370138888889,156.90201388888892,116.31393055555556,164.06161111111112
18134773891390783,True,114.84434599156114,123.15104078762306,126.94469760900138,91.28935302390998,139.01630098452884
18187704697315983,True,92.60550000000008,97.34822222222223,96.66686111111112,69.40191666666666,110.57251388888888
18061607336528507,True,81.17791666666668,99.17076388888896,125.40162499999995,113.0580138888889,132.60943055555555
18064804571661390,True,82.05837520938022,92.55175879396978,89.59740368509216,81.39725293132328,99.37045226130654
18048208379047071,True,106.77734177215191,116.92711673699014,121.00403656821378,54.99268635724332,124.0071729957806
18011190551666827,True,110.1628451882845,113.51698744769874,133.51599721059972,89.74449093444909,143.94230125523012
17894579790440886,True,111.550562962963,110.83278518518516,110.94746666666671,55.76911111111111,122.4588
18065602330847695,True,40.79362500000002,44.10438888888893,43.62502777777776,140.064,56.885125
17887613904465735,True,146.01930370370366,151.02746666666684,151.3922962962963,9.667333333333334,151.81522962962964
18150839710466964,True,17.103802345058636,35.75668341708541,39.35976549413731,145.20164154103853,43.67735343383585
18142937848500862,True,121.4518106995884,134.86294924554187,160.24082304526752,84.67824417009602,166.0464197530864
18066984377056865,True,127.3118090452262,126.5846733668342,126.97693467336676,67.29847571189279,137.28333333333333
17913976476010109,True,108.39021097046415,133.83182841068918,160.0894233473981,97.08974683544304,162.7584247538678
18253215502262073,True,62.83161111111109,66.90904166666667,64.67312499999998,95.05629166666668,72.8135
18018120803098824,True,174.9543888888889,184.02700000000007,196.12636666666677,40.68042222222222,199.63322222222223
18106739377908108,True,113.9668049792531,138.37366528354076,151.08372060857536,93.96457814661134,151.50702627939145
18583813840030274,True,127.52663888888884,134.33351388888886,143.50152777777774,67.98086111111111,155.60805555555555
17888201145125031,True,61.57805555555555,71.68490277777781,85.98873611111112,102.7778888888889,87.30223611111111
18089207792014065,True,72.04076388888892,91.71559722222209,116.38309722222218,108.442375,119.37041666666669
18266157454243212,True,87.76950000000001,114.51700000000002,128.23578333333342,103.64458333333332,131.68888333333334
18324848350264306,True,75.25702222222222,93.51158888888897,112.79972222222226,98.16864444444444,113.90131111111111
17934832766896488,True,108.87802777777776,112.47811111111112,106.77572222222214,58.288222222222224,121.54291666666668
18109194080499135,True,138.48536666666672,158.28358888888891,173.04224444444446,93.0237,179.88807777777777
18077578028635768,True,217.63101388888896,189.47498611111104,169.02193055555557,75.95831944444444,224.778375
18083590796317184,True,192.59914074074075,201.11537777777767,202.6954222222221,23.67659259259259,205.3192148148148
18124109347607254,True,44.307642642642605,60.30358858858855,54.45840840840842,99.6377927927928,62.09552552552552
18432069469141413,True,53.33995833333336,115.52138888888886,177.46402777777774,176.5028472222222,177.77513888888888
17891655651091992,True,98.3261388888889,99.10943055555552,94.62454166666676,66.697875,110.46636111111113
17910263214053977,True,28.680588888888877,33.53891111111109,50.82101111111112,126.37461111111112,51.35471111111111
18050249893607326,True,55.34873333333334,95.28036666666668,126.64877777777772,131.77575555555555,127.9152
18014167397491766,True,143.54051388888885,167.14984722222215,173.56170833333334,66.67729166666666,178.7120972222222
18204735331342260,True,92.8624592592593,110.66893333333331,172.85878518518516,134.43137777777778,174.18752592592594
17884951113114249,True,129.05778888888898,141.3300666666667,119.35656666666658,96.54105555555556,155.66294444444443
18580688764017130,True,122.88594074074072,119.16284444444447,120.9392,67.1530074074074,136.45645925925925
17912063289366286,True,76.0069166666667,110.8584166666666,164.65595000000002,134.62641666666667,167.932
18071675720351832,True,108.62919444444448,129.08083333333337,135.65119444444449,73.23695833333333,140.03383333333332
18069628769301584,True,61.317422222222206,85.46757037037034,99.89671111111112,153.43451851851853,115.0076888888889
18316700350262010,True,91.8842074074074,119.5076740740741,137.65072592592597,86.86277037037037,138.13456296296297
18049864214522360,True,120.69395833333331,131.26019444444438,132.8749583333333,73.57477777777778,141.78831944444445
17914913396946636,True,24.7341604010025,44.5800626566416,126.80441102756896,215.8036842105263,126.81592731829572
17960740271947156,True,17.07362222222222,21.620566666666665,15.499733333333332,82.44924444444445,21.71141111111111
18040492117808035,True,141.64443055555554,132.4859722222222,136.98068055555555,53.92520833333333,153.4402638888889
18330486154125260,True,91.26973500697348,120.06810320781032,139.2948117154811,112.89847977684798,144.3244351464435
18070568302531884,True,94.40443886097154,127.25227805695144,172.54346733668345,125.88862646566164,172.5702512562814
17953106681731432,True,117.18516666666672,125.57152777777776,129.14880555555544,71.92795833333334,138.6001388888889
18076317013830816,True,156.39350000000005,154.5307777777778,149.5801805555556,107.36318055555556,191.06984722222225
17885556873510312,True,88.29438518518522,117.44533333333334,135.76281481481487,94.67997037037036,136.00511111111112
18329319598143805,True,184.1273166666664,163.0424,146.93746666666658,71.79115,191.60095
18247012546260717,True,84.70372222222225,94.38807777777778,93.0422,82.68241111111111,105.1289
18165013645339391,True,139.5490694444444,142.98386111111117,138.07429166666668,79.94036111111112,162.38180555555556
17942999976174408,True,111.63464444444456,132.98078888888887,145.7422333333332,71.94207777777778,148.20381111111112
18484654963063023,True,114.27677824267784,123.98200836820077,136.1809205020921,65.74541143654115,139.7279218967922
18059014475304897,True,117.83099023709912,124.89983263598334,131.533849372385,87.2997350069735,146.88059972105998
18038373643992507,True,100.24185555555552,122.84250000000014,79.78192222222232,166.1583,147.35393333333334
18314008339280897,True,69.72142378559462,117.20976549413736,131.62167504187607,140.6557621440536,137.7920770519263
18117997024654901,True,145.2023259259259,149.52942222222217,151.1518370370371,69.0906962962963,170.88376296296298
18002575112882935,True,155.0275833333334,136.96079999999998,116.32086666666665,63.81968333333333,157.80611666666667
18126718621598323,True,92.15471111111113,101.40050370370376,115.3806074074073,63.73122962962963,119.5374962962963
18001373087432465,True,186.68625555555545,177.86454444444445,168.40647777777787,65.9031,200.90316666666664
18335880589127931,True,122.3202333333334,108.85218888888886,160.66964444444443,126.53914444444445,176.8836
17936361006196792,True,146.13632222222222,164.78501111111115,176.67061111111116,48.43432222222222,177.23891111111112
18091390414645406,True,88.52179166666673,89.64086111111114,125.61386111111112,105.62152777777776,128.912875
17866852059655932,True,104.8183194444444,109.13234722222214,110.21944444444446,35.412375,111.90868055555556
18020211530049898,True,99.81080555555562,107.34065277777778,112.55030555555552,55.77377777777778,118.28886111111112
18056712397872410,True,55.40863333333335,55.56502222222224,70.24524444444445,133.2517222222222,85.44852222222222
17965751489904536,True,114.7861805555556,84.36959722222215,32.79825,193.63225,128.68204166666666
17853469821659964,True,139.29398518518522,126.61868148148136,118.15365925925931,75.54992592592592,149.04185185185185
18053632799194780,True,83.84373611111113,101.54554166666664,113.35481944444446,106.20195833333334,116.4942361111111
18023004155615859,True,58.98220833333333,66.72175000000001,71.96440277777778,68.27516666666666,78.09983333333334
18051603608309421,True,146.06646666666674,118.45973333333338,127.77071111111113,69.75781111111111,153.85735555555556
18054063526713323,True,42.188222222222215,100.85273611111104,161.47813888888888,200.7362083333333,161.7037777777778
18075970300988018,True,77.02407777777772,175.7400777777778,179.66555555555556,151.2281111111111,185.5545
18047859179753432,True,89.68246666666674,132.59473333333338,140.05599999999993,124.33034444444444,148.78336666666667
18071583722556990,True,9.816637037037044,29.73494814814813,46.75527407407406,197.8520888888889,46.7894962962963
18075729362551425,True,141.9499111111111,139.48213333333325,120.1611111111112,89.98314444444445,160.07175555555557
18024626651347309,True,56.33555555555557,82.40304444444442,116.5354555555555,136.87794444444444,116.74862222222222
18098954929987282,True,103.9094246031746,149.4753174603174,183.20180555555552,117.23545634920634,186.7671428571429
18091959358913635,True,174.49554444444445,162.19897777777777,157.0389666666666,57.14861111111111,186.1458
18136589983474303,True,60.89144444444444,65.77808333333333,86.83726388888891,117.83259722222222,87.78466666666667
17943652823800599,True,197.80577777777785,171.86570833333326,204.098375,70.8921111111111,221.61073611111112
18087667054748871,True,144.22219444444443,173.2026388888889,233.42690277777777,105.425,233.71895833333332
17843406738523041,True,126.65226388888895,147.47793055555547,162.03805555555562,71.47120833333334,164.3721527777778
18185027146331073,True,89.80318055555556,95.04120833333344,106.89527777777782,78.76702777777778,111.39613888888888
17961980912747258,True,46.61700167504192,62.03835845896147,74.79437185929649,85.49829145728643,77.4019095477387
18112661851463407,True,122.06856154910103,132.71203319502072,137.81217150760727,83.63439834024896,153.83510373443983
18432286825039887,True,80.49214444444443,133.11438888888875,180.34121111111108,145.2654222222222,180.89832222222225
17952347324757653,True,90.93366666666677,104.98251388888882,121.10719444444446,84.81416666666667,124.53709722222224
18069474572665389,True,154.73317139001344,169.10825910931172,185.15241565452084,46.36720647773279,186.0837112010796
18075066635223067,True,103.07411111111116,122.3624555555555,129.70224444444443,76.9572,140.0238
18001251248699177,True,90.7541527777778,104.37295833333336,124.83227777777782,86.91701388888889,127.51366666666668
18384378082185718,True,72.14546666666666,109.67854999999996,80.06375000000004,162.20878333333334,123.69158333333333
17884008825490483,True,86.09115277777778,114.50758333333334,129.7948611111111,106.95118055555557,134.09844444444445
18058973708284268,True,75.25527777777783,87.32061111111102,99.35609722222225,84.40163888888888,100.1577638888889
18230465572310792,True,134.049762962963,132.2341185185186,129.7276740740741,47.4532,144.21419259259258
17903471898243019,True,148.98560000000003,153.10552592592597,135.69759999999997,92.58037037037036,174.47838518518518
17874745053091965,True,135.95719999999997,143.59052222222212,150.51327777777766,39.09938888888889,153.65991111111111
18090635477336968,True,98.99826666666672,117.4888148148148,89.16567407407406,137.48164444444444,133.69195555555555
18098554445320681,True,174.2370571827058,150.6340725244073,97.56369595536968,149.57907949790794,196.3621757322176
17932856366823765,True,40.16240277777778,54.345250000000014,65.78970833333337,163.81180555555557,68.35355555555556
18189919645366412,True,90.1255222222222,95.45896666666664,108.01582222222224,76.90692222222222,114.30771111111112
17860859604390357,True,107.1679027777778,130.819375,107.68016666666662,98.79381944444444,136.178125
18062243060698004,True,168.36581111111113,173.09681111111115,173.98888888888908,39.88378888888889,181.1157888888889
17914594598874124,True,150.10025000000005,135.5582083333334,113.64959722222224,110.07875,168.41498611111112
18065904416265386,True,152.92484722222227,137.5419444444445,109.41208333333344,104.58226388888887,158.94791666666666
18096407362916064,True,51.33198611111113,60.44833333333333,81.9694166666667,135.78359722222223,83.02276388888889
18421049188120010,True,177.1997916666666,165.1392222222223,150.9763472222222,66.29761111111111,188.41234722222225
18077147689542404,True,83.12002812939517,95.25322081575244,105.64161744022502,77.56704641350211,112.0306188466948
17983899773770861,True,130.1701125175808,144.03756680731365,149.0802672292546,52.295035161744025,154.74912798874823
17968422104837950,True,101.81126388888876,131.09747222222217,150.54837500000002,96.07170833333332,156.1015138888889
17927224872206457,True,76.58554166666666,88.01449999999998,111.62072222222226,105.23277777777778,114.08958333333334
18338447623233276,True,74.93881944444448,109.08190277777769,113.94970833333332,130.49905555555554,124.26183333333331
18004309601856838,True,144.22966666666665,137.43172222222222,143.7745138888889,55.94627777777778,156.52704166666666
17944549155000356,True,157.21344444444443,180.21417777777785,196.09472222222217,63.02971111111111,196.24024444444444
18027841703137016,True,80.53230125523015,95.46245467224544,105.52308228730827,77.36776847977684,110.6144909344491
17958924905644622,True,204.6573869346734,208.7438693467337,210.53653266331662,38.04619765494137,221.2359798994975
17843660541309289,True,117.5232,152.04964444444448,179.64698888888898,96.70892222222223,181.15434444444443
18005122730520501,True,152.2483666666667,155.13598888888893,123.7371666666667,120.56452222222222,176.9669
17885901780046903,True,90.1316,121.41437777777764,156.22494444444442,118.9071,156.6855888888889
18102469070102214,True,80.87586666666671,99.22974814814819,135.62238518518518,118.87355555555555,138.70514074074075
17866063107501098,True,87.2692916666667,96.33966666666673,150.2950833333333,135.66265277777777,151.54425
18031849919023647,True,164.02932222222222,166.57867777777773,173.68806666666654,56.26063333333333,184.54116666666667
18000617588654975,True,96.54283333333335,114.79866666666665,126.57087500000002,105.31595833333333,135.203
18012522776533924,True,103.2790111111111,125.30988888888892,125.61830000000002,72.11352222222222,132.88833333333332
18062926942908519,True,126.3434861111112,93.83112499999999,51.848736111111094,171.35241666666667,135.7502638888889
18303444934255154,True,113.94138888888901,116.62204166666669,100.99141666666665,121.32391666666666,138.76670833333333
17863052229539491,True,93.30033333333337,60.93037500000001,83.06638888888888,136.12119444444446,109.33911111111111
18433311067041233,True,159.85163333333352,189.20673333333323,221.71165000000002,75.49081666666666,222.48843333333335
18055439111600021,True,73.17761111111106,56.56437499999999,51.95584722222223,171.48390277777779,93.64961111111111
18073426411586823,True,58.52476666666663,84.1654222222222,109.49379999999995,139.43354444444444,111.93683333333334
17889699143912976,True,184.48387777777785,189.08967777777772,192.8035333333333,28.935444444444446,196.53527777777776
18042363284060548,True,154.4807111111112,156.01947777777778,163.28062222222232,55.38437777777778,169.84435555555555
18067238014854681,True,128.1304666666665,135.6610666666667,151.70427777777786,74.74117777777778,157.02012222222223
18022691137845047,True,38.360483333333356,38.5117833333333,47.36923333333337,161.35976666666667,59.64503333333333
18136978000309300,True,89.86563333333334,108.31518333333335,123.84103333333337,98.94178333333333,124.59033333333333
18081911972420917,True,144.58170370370368,145.51311111111104,140.22234074074078,50.29928888888889,151.4187259259259
18341581273150227,True,127.8786111111111,152.6025555555556,236.51109722222222,118.44093055555555,236.5580138888889
17899177797425390,True,157.6176388888889,174.0945416666667,177.754,56.035666666666664,184.68043055555555
18069688771529277,True,151.10411111111108,153.27844444444432,195.78515555555575,71.13487777777777,197.45352222222223
17894673161987386,True,74.2254166666666,80.53751666666675,96.51498333333338,91.33825,99.88261666666666
18037846124014270,True,123.34718055555558,149.48674999999997,170.72123611111112,74.76076388888889,171.16766666666666
17955161325106205,True,187.01570833333318,149.6987500000001,129.30540277777783,115.3193611111111,201.82508333333334
18028411199296792,True,118.67431944444441,138.54087500000009,150.9351944444443,105.18375,168.70394444444443
18047766407409967,True,108.83806944444453,144.477125,179.17238888888897,119.86052777777778,180.2047638888889
18007674098327255,True,99.9464722222222,123.51144444444441,156.96791666666664,104.94322222222222,159.51297222222223
18543340939027601,True,14.55949999999999,35.5071388888889,29.74536111111112,199.22204166666666,40.78826388888889
18076454669635879,True,26.404252400548703,43.47779149519891,71.1483950617284,174.26873799725652,71.16633744855967
17918638800357051,True,104.33406944444437,129.47266666666667,131.8162083333334,81.83318055555556,142.29534722222223
18089823533222590,True,150.07461645746164,145.63340306834024,157.28514644351452,37.62093444909345,162.30266387726638
18082753106617451,True,59.76338888888888,73.26105555555559,103.75086111111108,163.46029166666668,107.12611111111111
17887512198003302,True,57.38636515912896,100.72130653266333,94.61363484087097,128.7035175879397,109.66147403685092
17852675418253856,True,78.74827777777777,131.01911111111107,170.15333333333328,152.04216666666667,170.21447777777777
18045012905154176,True,127.6719444444444,154.8664888888887,125.12505555555556,119.93877777777777,168.3552777777778
18026305430549347,True,108.29395309882746,110.02026800670014,107.00110552763819,66.69132328308207,118.97762144053601
18377454679130507,True,165.31408333333331,141.25802777777784,106.15609722222226,113.00777777777778,173.91370833333335
17863992033177550,True,153.78995555555557,173.4483666666667,185.9011111111111,58.092866666666666,186.7163111111111
18053824225693765,True,57.175633333333316,124.05600000000004,178.63185555555563,180.41854444444445,180.20763333333332
18102679634309247,True,87.44304999999994,94.57618333333336,104.18468333333331,36.26671666666667,105.29448333333333
18064019725790125,True,108.96354253835426,122.61521617852166,139.015620641562,91.70246861924686,148.47492329149233
17990047874750984,True,117.41687500000005,131.7258333333333,149.7947083333334,83.58718055555556,160.07830555555554
18282551404168145,True,99.04102222222224,122.5059111111111,144.44693333333336,103.07903333333333,145.79934444444444
17871961767203412,True,18.493066666666653,46.4600444444445,103.70475555555554,209.99413333333334,103.7842111111111
17872828095424940,True,98.96791147994469,71.88109266943287,80.44915629322263,116.34697095435685,113.7083817427386
17916678330278106,True,65.23781944444443,69.79425000000006,79.30066666666661,42.59170833333334,81.52572222222223
18139804939513105,True,101.53952592592593,115.92622222222225,118.908,91.01845925925926,132.15628148148147
17930164164254279,True,64.49558333333337,75.99904166666664,91.27830555555558,98.46941666666666,92.53025
18406377952067504,True,146.402625,126.5364444444444,103.53465277777777,103.07820833333334,152.25019444444445
18076271083847685,True,76.56054166666667,102.01029166666667,88.83305555555555,124.8277638888889,118.84820833333333
18253936975223067,True,120.5996333333333,155.4250333333333,215.04250000000013,124.63161666666667,215.43656666666666
17866245558430650,True,70.64623611111111,120.72054166666673,170.96234722222232,165.0654861111111,174.03658333333334
17850146853245656,True,56.991236111111114,68.93136111111109,82.92508333333339,99.15755555555556,83.26748611111111
17985475571809358,True,21.104606365159114,39.83894472361807,79.47487437185926,147.0033835845896,79.615594639866
17867960679272135,True,215.65512500000008,211.10111111111107,213.80486111111108,16.58526388888889,217.2632361111111
18040271455835484,True,82.10995833333338,110.3159583333334,134.76570833333332,106.81840277777778,136.184
17884885632025376,True,130.06685555555555,150.43445555555556,142.69656666666674,120.45417777777777,171.9774888888889
18036667024630786,True,29.421155778894487,48.155259631490814,65.00939698492463,194.23524288107203,74.75340033500838
18099570037846785,True,66.88027777777782,95.91962500000005,148.0084583333333,138.85095833333332,148.55083333333334
18053995159595319,True,97.86129166666666,120.26312499999995,138.4233888888889,114.78148611111111,147.81030555555554
18060020108047128,True,179.67445833333346,153.893125,123.91704166666665,88.84063888888889,184.21916666666667
17915430278878639,True,124.07127303182577,136.10597989949744,149.3321775544388,92.62641541038526,158.7102177554439
18397526866070854,True,100.33312222222223,136.66869999999994,172.7208222222222,111.03755555555556,172.74255555555555
17926707911896830,True,156.9049583333332,179.2131944444445,183.00358333333332,72.01684722222222,183.05393055555555
18029355734773058,True,23.412345058626457,32.20931323283085,77.33939698492458,193.92671691792296,78.12445561139029
18006959390232451,True,101.66884722222215,114.4338055555555,126.38416666666662,53.55936111111111,128.576
17943585311931632,True,92.66683333333326,54.515266666666655,36.01787777777775,182.33218888888888,109.94736666666667
17889657771069143,True,85.69223611111109,101.22830555555558,114.57463888888886,76.09890277777778,116.9348611111111
18088289536408649,True,114.9632499999999,138.6608333333334,170.04704999999996,108.48871666666666,172.24003333333334
18219086776280082,True,144.66279166666678,152.2592777777779,173.74340277777765,53.483513888888886,174.3106388888889
17935821228070697,True,132.75094444444449,146.89413888888893,159.25350000000006,69.11365277777777,162.03275
18152975335460124,True,117.22179229480733,139.6402177554439,150.72822445561127,74.58844221105528,152.55904522613065
18059833318549571,True,154.17373611111114,140.1564027777777,128.43445833333334,84.21084722222223,169.7819861111111
18002839451437786,True,206.23014444444436,197.9816666666666,162.09760000000009,76.49613333333333,208.8901111111111
18050056957515187,True,98.22934444444444,99.95511111111117,93.8890111111111,53.84945555555556,102.86926666666666
18085314607548945,True,102.75299999999999,141.38909722222223,203.78405555555557,141.2805277777778,204.06279166666667
17871069045128605,True,120.33611851851849,122.15705185185188,114.40967407407402,90.86137777777778,141.23487407407407
18068304586626726,True,104.21874999999996,110.22294999999995,104.08431666666667,98.1457,124.27665
17998168730214109,True,140.5078333333333,154.49579166666666,171.10065277777784,76.93079166666666,174.5288611111111
18143677093443272,True,99.41163888888887,114.50833333333328,130.93113888888885,112.49701388888889,137.31084722222224
18008972636251029,True,95.65773333333338,101.24428333333331,127.34768333333324,102.93178333333333,128.5795
18346722733131597,True,47.107708333333356,74.28748611111108,99.98748611111114,166.2066111111111,103.694375
17900439387244872,True,70.39972222222221,81.44594444444445,85.27263888888889,87.44884722222223,90.07704166666667
17888362494040897,True,164.86012222222226,181.41544444444452,194.93269999999995,50.641688888888886,196.00396666666666
18041313422378742,True,72.3572222222222,125.39574999999996,163.823875,150.62452777777779,163.82723611111112
17983853021777594,True,133.3019305555556,153.29615277777773,169.14693055555546,92.75340277777778,173.4773888888889
18025085317944138,True,80.99843055555557,114.92220833333336,139.65598611111116,123.78522222222222,142.34930555555556
17978318759766179,True,79.0017222222222,104.29355555555561,127.6723333333334,139.10438888888888,140.12511111111112
17999949422518648,True,212.78349999999998,212.2053333333332,219.58854166666657,31.409708333333334,228.78218055555556
17945647389159498,True,102.42963906581736,105.60433121019108,95.35853503184714,54.329511677282376,111.31014861995753
17886297531494607,True,158.800411111111,136.13016666666675,118.18352222222211,145.43427777777777,193.63856666666666
18018660164565403,True,38.707322222222196,51.142822222222236,70.05351111111115,160.63276666666667,72.51883333333333
18311786728275595,True,155.78184722222235,165.05545833333338,172.5523055555555,44.37283333333333,175.91855555555554
18036959353757117,True,92.40158415841582,112.43325082508258,94.58165016501658,122.81003300330033,122.04239273927392
18012338426436557,True,123.68033333333328,142.5775,148.18441111111125,77.64047777777778,156.3470111111111
17998526411692712,True,88.06972222222228,95.79945555555558,87.87417777777779,145.22317777777778,124.3869
18139850500442325,True,120.59968055555554,133.73206944444436,145.01724999999996,41.89704166666667,145.64541666666668
18059328367509322,True,116.0782147838215,106.64930264993023,104.6800418410042,87.38323570432357,126.23983263598326
18040722730631580,True,123.7748333333333,125.21123611111112,130.3851527777778,47.83690277777778,138.03743055555555
18260700256226635,True,149.56616415410392,140.3620435510886,131.7425963149079,47.59601340033501,152.86864321608041
18005610077886840,True,129.8830555555555,135.03181481481482,146.96942592592595,77.51868518518519,157.52205555555557
18090866600164117,True,100.65628318584075,129.34224188790563,162.19426253687303,104.88563421828908,164.20097345132743
18084618754517224,True,56.58079166666668,81.44984722222217,117.68111111111119,150.2127638888889,119.67643055555556
18023505344646854,True,92.21391111111112,101.12958518518516,103.5485777777778,53.937511111111114,109.56054814814814
18025448440782105,True,69.09261111111105,57.628377777777814,46.123677777777836,142.09426666666667,72.86713333333333
17997128672407155,True,119.49430000000005,119.52457777777784,109.16314444444448,96.97158888888889,138.40116666666665
18042286945770020,True,143.98062222222217,170.53538888888875,212.53557777777772,96.636,214.2289111111111
18289339972188851,True,176.65865277777777,160.5874305555555,121.52379166666674,122.19627777777778,191.4549861111111
18061057906732023,True,168.3287555555555,166.7907111111112,175.577911111111,40.17238888888889,183.83394444444446
18319555048113845,True,149.06983333333338,162.97988888888898,173.97180555555548,71.9225,186.4500138888889
18019211453699548,True,84.34698611111112,81.06873611111118,87.7561527777778,102.36491666666667,104.76529166666667
18318830641190968,True,71.99384722222221,98.32395833333334,132.999375,149.15144444444445,134.0508888888889
18250535986306709,True,106.03555555555546,124.53303333333335,144.57021111111126,96.29047777777778,152.6963
17871607776665535,True,106.62870833333334,89.10144444444445,82.27231944444443,168.12898611111112,137.83206944444444
18061390379144790,True,39.10429166666666,40.77479166666665,67.04754166666663,162.35869444444444,67.53519444444444
17852881089134836,True,73.46831111111109,69.37840000000006,68.61463333333336,89.10386666666666,84.29381111111111
18019230698143299,True,92.35208333333338,118.79362500000002,135.74355555555564,96.1697361111111,138.013125
18040259293650748,True,109.12365159128974,103.16788944723618,98.46050251256288,75.7290284757119,120.02316582914573
18444644785036328,True,157.95364444444442,159.805,152.64852222222217,54.1935,164.32885555555555
18138206107395891,True,162.00826388888888,181.70693055555563,168.44229166666673,70.45208333333333,185.59826388888888
17959874655073166,True,113.72170833333341,125.32040277777773,188.38887500000007,114.85879166666666,188.6519722222222
18420132928121600,True,131.2172361111111,183.64686111111104,193.2642083333333,99.01833333333333,198.6309861111111
18047633647568519,True,61.533499999999975,72.98953333333331,124.5607999999999,122.80136666666667,124.81013333333334
17859572064342932,True,146.90836111111108,157.27002777777787,162.07638888888889,45.42323611111111,167.15116666666665
18051890653625651,True,120.92576666666665,138.41415000000003,121.39025000000001,79.18333333333334,142.86981666666668
17931531198068408,True,113.19738888888888,136.79568055555558,146.70627777777784,83.74220833333334,152.87516666666667
18124899868535807,True,117.7442500000001,132.66413888888886,145.47719444444445,58.726597222222225,145.82208333333332
18009248903250777,True,104.96541038525967,115.11941373534339,119.04639865996653,41.98603015075377,122.55474036850921
17887670004463447,True,122.40580740740744,146.00419259259263,172.09549629629635,86.64844444444445,174.23832592592592
18013639006976495,True,94.29796666666665,114.27350000000001,140.09590000000009,100.07021666666667,143.82721666666666
18029619706935749,True,160.4413777777779,181.24051111111103,196.73967777777779,60.317255555555555,197.7286777777778
17902806506926971,True,116.0782147838215,106.64930264993023,104.6800418410042,87.38323570432357,126.23983263598326
18334749910223119,True,142.89636111111108,150.12002777777766,158.13488888888884,76.68970833333333,173.66697222222223
17942059578193529,True,103.23101388888877,104.47691666666664,118.43062499999999,109.40572222222222,133.54422222222223
18228284905251990,True,80.49127777777768,107.2309722222223,121.62954166666664,152.61073611111112,140.2300972222222
18028937977749818,True,191.77316582914585,193.69626465661668,212.63155778894472,37.14480737018425,213.77520938023451
18340024423169712,True,146.06659722222238,154.02986111111105,158.72581944444443,65.98984722222222,171.53783333333334
18309989845277614,True,175.0036666666666,144.6800694444445,68.03644444444443,168.57359722222222,183.79081944444445
18032455526156498,True,77.61085794655415,102.05863572433199,132.05931082981715,175.35700421940928,158.79495077355836
18019798685211115,True,147.90728033472803,170.74935843793585,170.69827057182698,63.36336122733612,179.52163179916317
17965154943061378,True,71.62685925925922,92.74918518518511,80.6837777777778,47.20463703703704,93.70388148148149
18059389096995288,True,97.72738396624469,114.7963572433192,130.85312236286921,66.66479606188467,131.15616033755273
17925226823766376,True,61.05044444444446,68.80355555555558,70.3491666666667,131.9146111111111,82.12604166666667
18062265284191295,True,64.45488888888889,67.42432592592594,80.02109629629629,105.57051851851851,86.11339259259259
18175728589293699,True,112.40404463040441,125.74666666666667,135.48601115760104,67.75559274755928,140.72500697350068
17987385518426465,True,148.36731944444455,141.8693333333334,129.43777777777774,44.29326388888889,154.7060972222222
18080035135885535,True,104.42898611111107,96.01670833333331,118.8373888888889,107.78330555555556,135.76593055555554
17924004696280468,True,162.28787500000007,182.5652777777779,207.70005555555554,56.651583333333335,209.033
17990881424901395,True,160.16254166666664,147.83559722222228,161.16345833333327,64.32565277777778,176.2553472222222
18027359489704399,True,62.76873333333333,105.62648333333338,127.35676666666669,144.43291666666667,128.31231666666667
18160435801380842,True,97.74989675516218,139.75056047197637,174.70266961651922,130.97,176.78305309734515
18089715011003863,True,185.67550000000017,148.16134722222216,118.39131944444443,99.46318055555555,186.047
18034162744967187,True,100.19943055555554,103.82193055555557,145.62204166666666,96.56191666666666,148.00645833333334
18001781471190529,True,57.74954999999999,73.59073333333332,93.57891666666659,108.17231666666666,96.44853333333333
17976109811799038,True,75.60262500000002,86.55215277777779,93.2599444444445,134.33069444444445,112.12194444444444
18006118460585352,True,132.09929166666672,126.57936111111118,114.483,76.7996388888889,136.62359722222223
18067446838518520,True,145.84353120243517,125.5820395738204,78.97598173515983,145.10197869101978,156.8948097412481
18052181011601350,True,18.778888888888876,23.763670033670028,31.23745791245791,154.79978114478115,31.96996632996633
17935745024698307,True,32.495986111111094,38.86155555555553,111.0649027777779,173.82130555555557,111.286125
18573878800052050,True,172.31307777777778,188.7916555555555,209.40758888888894,51.94381111111111,211.07037777777776
18083834449844789,True,145.46199999999996,129.1411666666666,126.18068055555555,125.01058333333333,174.33825
18043981214763099,True,180.8634027777777,180.88347222222222,186.30934722222213,48.24270833333333,198.87726388888888
17888406567055859,True,94.43573476702512,111.46972520908005,144.71769414575868,100.80091995221028,145.34129032258065
18361508926165236,True,60.71103703703711,79.64097777777783,103.20066666666668,116.92844444444444,103.42131851851852
18116548417357031,True,153.64801666666654,125.16961666666673,215.95488333333336,117.53131666666667,216.43443333333335
17936507870721903,True,127.35604166666661,146.7590555555554,150.54100000000014,60.43038888888889,155.3446111111111
18159769915429165,True,147.02274999999997,121.5784305555556,76.2105972222222,138.734375,153.94795833333333
18042108023780588,True,136.22577777777775,135.2914518518519,135.79874074074067,81.2621925925926,159.06328888888888
17986615739398213,True,82.64002789400277,102.1265969316597,120.77072524407254,97.43002789400279,123.26758716875872
18117370450663442,True,154.56844999999993,144.7055666666666,142.1169,54.107166666666664,162.65518333333333
18108640585372750,True,142.14009722222227,185.7563055555556,226.34330555555553,96.54418055555556,226.34443055555556
17968642514712632,True,109.24404166666672,124.33281944444447,152.15840277777792,109.45820833333333,157.62933333333334
18103927516743701,True,115.9507916666667,181.26122222222227,166.22073611111102,139.92047222222223,192.86806944444444
18094380760852780,True,90.87188888888888,102.64912499999994,118.25524999999993,105.96393055555555,126.8897638888889
18407171233058085,True,116.98412499999996,124.37970833333337,127.42536111111116,34.859541666666665,130.5578888888889
18209431687311442,True,92.41958333333339,121.30751388888892,159.7805833333333,127.05609722222222,161.2726111111111
17879105127550325,True,172.3445925925925,176.65044444444445,165.298637037037,61.57872592592592,191.51197037037036
18127757458588562,True,122.79910000000008,129.03493333333324,141.4223777777777,59.62978888888889,147.00958888888889
18013727978329864,True,76.78144053601346,88.33361809045226,105.23402010050246,93.68380234505862,106.35892797319933
18080216378223027,True,181.35401111111108,178.96138888888905,175.29823333333346,39.34735555555555,189.30414444444443
18047659862758143,True,101.05802575107295,113.19618025751068,123.65515021459228,59.69061516452074,125.9020886981402
18020343461151656,True,123.81762500000009,112.24100000000014,98.50298611111108,63.89854166666667,129.554125
18048526595692862,True,217.01429166666657,217.38854166666664,210.64134722222218,19.392194444444446,221.89291666666668
17902326549010179,True,97.61411111111109,129.83830555555556,157.5479583333333,124.18994444444445,160.37840277777778
17961772286741425,True,157.74178888888875,183.49074444444463,201.1704444444445,68.73338888888888,202.1702
17976894695761238,True,94.76693055555556,121.88469444444445,160.79149999999996,115.96369444444444,161.13002777777777
18335077171174838,True,197.187925925926,184.68232592592582,186.81361481481477,56.81146666666667,213.4349037037037
17904621648221959,True,107.60224561403511,131.0486842105263,123.14254385964908,79.26536842105263,137.76666666666668
18041075405078693,True,104.29513333333333,130.0597666666667,155.65603333333323,104.30415555555555,158.2522111111111
18116188894441383,True,66.27866666666668,103.65125000000008,136.7303333333333,150.33844444444443,136.91825
17916161840920669,True,122.19678333333331,147.12918333333334,155.63741666666655,90.49555,163.3764
18024974936184201,True,60.91358888888888,62.70985555555555,155.66797777777774,169.7824,155.82475555555556
17856597504137758,True,58.64870000000005,70.40548333333336,85.17723333333338,100.86438333333334,86.75735
18110771173750286,True,98.61045833333341,100.98243055555552,104.11783333333338,46.910833333333336,109.47483333333334
18049349252524458,True,53.96281944444444,71.86751388888885,99.17198611111107,133.93259722222223,100.04697222222222
18065154758341928,True,115.24026388888879,152.33388888888894,174.5946666666666,94.62904166666667,175.17698611111112
18264800770173488,True,61.91925555555554,86.14648888888888,110.28613333333337,141.09318888888887,121.83757777777778
17931748368247041,True,93.12263888888886,106.48223611111112,185.26727777777782,145.83979166666666,185.30819444444444
18082229864095799,True,20.242251851851847,36.075348148148166,52.96045925925928,168.49277037037038,53.02697777777778
18142721188309281,True,47.44730000000003,71.28845555555553,94.5365666666667,163.4816111111111,94.57308888888889
18048561794135850,True,169.14301388888896,175.02516666666673,193.2646805555555,35.65945833333333,193.26884722222223
18064463515596432,True,119.09925000000004,151.8062222222223,139.8863055555556,98.82766666666667,160.94788888888888
18063127219851262,True,107.30991561181439,118.37251758087199,143.5939943741209,95.17970464135021,151.18274261603375
18087102566019440,True,31.090014814814822,47.401881481481496,68.84782222222216,133.4614962962963,69.05512592592592
18032207729111611,True,111.91638888888896,132.76386666666667,114.7138888888889,89.46622222222223,142.8017
18320478310156859,True,161.87907172995784,145.11496483825607,122.68416315049221,56.231223628691986,162.51618846694797
18044077694493640,True,172.2851777777777,175.13242222222215,171.63976666666676,39.75877777777778,183.3499
18038962822883622,True,56.53433835845892,70.65117252931323,80.10663316582918,77.43984924623116,80.81170854271357
18091728772474457,True,47.89655555555558,87.39287499999999,130.18830555555544,162.65416666666667,130.3275277777778
18022368064931523,True,84.30394444444454,110.44528888888892,149.3629888888889,106.28662222222222,149.5457111111111
18065431192825201,True,95.63191666666671,98.23423611111109,102.3496944444444,39.240569444444446,107.31556944444445
17939710139914275,True,154.83450000000005,172.8029,182.196611111111,63.50691111111111,190.9655111111111
18056215373192064,True,159.2974583333334,140.57638888888889,143.29506944444438,69.16330555555555,164.79176388888888
18158095963394548,True,160.11354166666663,170.375513888889,166.48313888888882,77.03731944444445,187.5690277777778
17857526769102875,True,144.45524999999992,166.23133333333348,198.64058333333338,83.38091666666666,198.67345833333334
17855169963571495,True,155.29298611111108,162.0232361111111,169.0155972222223,65.660875,179.13769444444443
18050174810715201,True,84.99458333333334,136.14621666666667,122.52946666666665,112.40158333333333,137.49313333333333
17987098352557711,True,134.91162222222226,150.49820000000005,166.90766666666673,63.21725555555555,169.79885555555555
18008406410237970,True,123.86405360134,135.85329983249582,149.8321943048576,66.96314907872697,152.86772194304856
18170402815399429,True,213.6255259259258,213.47259259259266,206.4241185185184,30.681096296296296,220.25505185185185
18041795966723872,True,128.15026666666665,130.50196666666673,129.27033333333335,6.5766333333333336,130.71831666666668
18080203127010694,True,44.07023611111113,47.957805555555495,107.90749999999996,189.0752361111111,107.91786111111111
18047504971621885,True,151.09145833333338,160.08627777777767,164.41079166666663,42.511430555555556,169.86615277777778
17984355233715799,True,79.03942222222227,109.21512222222228,154.90458888888878,130.7120888888889,154.9475111111111
17955786425775584,True,65.50552631578947,75.84805555555558,119.77406432748539,131.48570175438596,122.20021929824561
18042078086523289,True,144.70596666666665,179.05076666666653,210.1582666666667,82.05831666666667,210.18006666666668
18034150814546778,True,173.588736111111,191.06626388888884,206.20931944444425,56.75898611111111,209.41104166666668
17908881720201457,True,153.8431388888889,120.14838888888887,98.20913888888896,118.3488888888889,157.71569444444444
18337072723172355,True,192.32109722222214,176.10990277777782,152.08608333333333,84.51263888888889,204.9828611111111
18250263661212515,True,90.91977777777775,81.91002777777778,76.76018055555554,109.74870833333334,95.77593055555556
17920734210336614,True,83.32831944444443,114.76476388888888,149.90008333333333,118.93244444444444,150.24966666666666
18054501316906982,True,104.30088520055328,135.86627939142463,171.85265560165968,117.34612724757953,174.06110650069155
18078379072615911,True,173.78776388888895,149.28829166666662,123.70279166666668,72.783,174.50706944444445
18057429140118747,True,119.4638194444445,137.07675000000006,140.77605555555562,67.84930555555556,148.62130555555555
18003621665312346,True,66.3213333333333,96.16551666666672,111.46688333333334,128.84813333333332,113.40078333333334
18078425722561084,True,100.13842222222216,119.40083333333338,132.45894444444437,77.18864444444445,135.30896666666666
18064253149944905,True,86.7923611111111,124.89055555555562,165.14605555555548,134.782,168.75841666666668
17876622321200593,True,131.52143055555555,149.9566111111111,166.24688888888886,76.84329166666667,171.72822222222223
18071598473237762,True,92.02227777777776,115.68199999999999,132.56545833333334,74.82013888888889,135.291125
18130886692418512,True,102.85670833333324,107.4495138888889,117.56181944444451,91.98209722222222,130.55718055555556
17884148184127816,True,199.84077777777784,158.12581944444443,122.76101388888891,104.13098611111111,200.26191666666668
17968632077724370,True,138.1435444444445,162.30144444444437,186.19303333333326,70.20987777777778,186.19765555555554
18057156874535457,True,91.65835,111.54771666666667,109.20676666666668,79.11196666666666,119.24896666666666
18062574206678799,True,135.22479944674967,146.38027662517285,155.03413554633477,63.749709543568464,161.3436376210235
18267457489204076,True,122.60316069057114,132.031646746348,142.50581673306766,70.85549800796812,151.00690571049137
18062005274062869,True,178.12452777777787,176.60244444444442,178.93558333333334,35.670319444444445,188.47670833333333
17940488345686524,True,93.96913888888892,95.51331944444433,95.22880555555554,87.016875,104.53851388888889
18051912073623742,True,60.86262222222225,76.04928888888895,99.3687,126.41602222222222,102.6324
18117921919629076,True,143.17812499999997,146.7321111111111,156.56702777777778,63.35784722222222,166.197625
17860968423567509,True,110.65983703703701,123.23537777777774,135.85205925925916,61.15493333333333,139.8004
18060294713061610,True,69.49361227336121,103.63245467224543,139.63786610878657,159.80807531380754,146.97914923291492
18409537939009416,True,38.11303333333335,44.40898888888888,64.67808888888885,141.47013333333334,64.87336666666667
18053720317985713,True,103.97607777777777,137.94331111111111,160.35738888888878,104.68591111111111,161.05054444444445
18015955442405783,True,87.02655555555553,91.86305555555552,87.88068888888898,32.095333333333336,94.36516666666667
17950807626135356,True,160.6852148148149,161.8277185185186,173.9748592592592,85.56357037037037,193.95137777777776
18023223629117616,True,100.67705555555558,110.69302222222233,111.3275,55.661411111111114,114.18367777777777
18249005131217114,True,99.23445930880713,123.00734671125987,150.14032329988862,98.88365663322185,151.2586956521739
18106785106826576,True,112.36801481481484,153.16082962962957,185.64096296296282,125.69248888888889,192.79774814814814
17985004244618541,True,102.6548333333332,135.79273611111117,161.72758333333343,108.24783333333333,161.76879166666666
18349370122192350,True,66.05282222222218,111.2382666666666,153.79257777777786,144.16124444444443,154.3991888888889
18280439170274989,True,131.6635972222222,155.89744444444443,177.20115277777785,139.70327777777777,210.61151388888888
17853786411543335,True,160.9848888888888,176.73694444444453,181.71506944444442,93.10081944444444,198.23752777777779
17917405553805977,True,68.87572864321608,108.22311557788947,144.39185929648247,147.0670351758794,147.1218592964824
17970272357702200,True,73.39631111111112,88.85531111111112,105.55779999999993,93.17113333333333,110.71832222222223
18213637081276421,True,74.08041666666662,99.41828333333329,100.95279999999994,91.38291666666667,105.56456666666666
18004901042109506,True,124.69215555555553,137.49673333333348,131.33610000000004,45.94217777777778,141.01041111111113
18019110281492305,True,163.9734583333333,124.60866666666668,89.31108333333329,120.35105555555556,169.41745833333334
17983720133809230,True,192.8940000000001,172.95340277777774,140.82780555555556,104.47509722222222,209.44219444444445
17936198315871098,True,105.86558368495076,106.49164556962018,112.78953586497894,53.73090014064697,119.43790436005627
18079949776427199,True,96.9061666666667,108.52671666666669,116.33559999999997,77.17395,119.58411666666667
18034550249742817,True,125.24129999999992,155.31554999999992,180.94235000000003,85.94865,180.98976666666667
18104845297654727,True,181.4098194444446,157.01719444444433,146.05811111111112,95.02855555555556,192.88870833333334
18095757752043288,True,208.65583333333325,226.04426388888885,241.31356944444445,39.311861111111114,241.42758333333333
17923627962137441,True,142.65295833333337,154.15340277777764,156.41680555555556,74.64705555555555,167.57434722222223
17907860912898081,True,37.599533333333326,129.23161666666658,194.90106666666668,204.87041666666667,195.19973333333334
18493230412026370,True,111.34572222222218,136.95469444444447,169.51359722222222,117.19483333333334,169.56718055555555
17897173161212680,True,124.70309722222227,116.1679722222221,109.40498611111113,75.43738888888889,132.2546111111111
18135799747428840,True,65.88226388888886,91.62979166666666,97.70568055555559,174.71406944444445,111.52988888888889
17855964249650186,True,115.51777243589744,121.71541666666678,121.72403846153848,28.522483974358973,125.56713141025641
17960349947936512,True,114.90219444444445,112.57130555555553,103.03601388888889,130.75744444444445,138.61323611111112
17866323702422501,True,80.05129707112967,121.53373779637376,177.42949790794992,142.4420920502092,178.0599860529986
17860034838053460,True,96.7042,134.5704333333334,173.8849000000001,128.22734444444444,173.91456666666667
17877829884336461,True,126.71561111111114,156.27234722222218,143.15423611111126,107.30144444444444,169.6238611111111
17914373019346888,True,181.496986111111,181.72525000000007,168.9668472222221,45.55725,191.694
17987586341572776,True,106.19413888888886,119.12505555555559,122.93975000000003,87.65547222222222,133.17368055555556
18031270190608794,True,160.06787499999993,138.76790277777775,112.7407083333333,92.46683333333333,165.14272222222223
18025884107327390,True,108.93704444444455,144.11834444444452,152.91994444444447,101.5543,159.92275555555557
17909519355200452,True,47.10606944444443,62.16270833333336,58.163097222222255,178.93283333333332,75.854
18122997922537333,True,63.22834444444443,84.78475555555553,109.2995888888888,121.3548,109.29983333333334
18078032206695177,True,100.96792222222226,136.03322222222218,147.92961111111114,110.80794444444444,149.6913888888889
18086108977468305,True,89.19858333333337,149.26590277777768,150.71502777777775,135.01256944444444,163.69477777777777
18135564703318884,True,114.40880000000003,136.2264555555556,141.6809888888888,62.68933333333333,142.32006666666666
17882033418517133,True,169.88218055555552,145.0259305555556,121.57418055555557,113.21206944444444,186.75027777777777
17955517685705882,True,58.58591269841265,37.120119047619085,24.88912698412698,143.9099007936508,61.30275793650794
17886153771002743,True,106.38711111111117,117.38270833333327,152.12512500000005,105.12863888888889,154.18138888888888
18027366827349893,True,109.69492222222213,120.54087777777788,176.43653333333333,118.27935555555555,176.9008
17889037580976196,True,81.8562166666667,86.5819333333333,101.44954999999996,117.23286666666667,108.11026666666666
17917655552825216,True,147.9992499999999,159.40768055555554,150.64383333333336,64.73098611111111,172.6357638888889
18021637711977350,True,142.81561666666667,152.86141666666677,157.76236666666662,69.0057,171.57818333333333
18072406424268888,True,117.61675555555564,134.2149333333333,145.09278518518516,74.70416296296297,148.42524444444444
18129016591561568,True,162.49670833333332,188.6627638888889,180.37101388888888,77.02797222222222,199.63594444444445
18305900710095335,True,123.76206666666675,133.76031111111106,155.04010000000025,73.62003333333334,158.2619
18049225168801434,True,173.26182222222226,167.92231111111107,182.35008888888893,55.278533333333336,194.12716666666665
18066046013652726,True,157.47244444444456,147.56405555555554,141.71881944444445,70.217625,172.28322222222224
17886293439386700,True,88.95146443514645,100.92620641562064,121.31242677824268,98.1205020920502,128.63635983263597
18075232907300891,True,90.3124305555555,115.73527777777784,150.2157500000001,122.39491666666666,151.78775
18393143485156267,True,95.0925925925927,103.41284444444427,116.2986666666668,60.00654814814815,119.31394074074075
18135933679526667,True,46.05798611111111,42.42793055555557,44.99723611111109,184.5654722222222,73.9251388888889
18034194988807006,True,102.69424999999995,122.44406944444444,141.80458333333334,100.34622222222222,148.27030555555555
17935675259696364,True,82.11009999999996,97.46815,111.96785000000004,80.31956666666666,115.67101666666667
18104872822370057,True,23.31441666666666,41.618499999999976,62.76760000000002,126.6818,63.461666666666666
18047618614714592,True,70.50897222222224,101.7644027777778,128.82679166666662,119.29791666666667,129.64447222222222
18109200895836984,True,120.24337777777777,139.92093333333324,150.48451851851857,88.99922962962962,159.60557037037037
18137958571425943,True,101.25409722222221,105.17186111111111,120.75413888888885,84.46761111111111,128.74033333333333
18194815330361858,True,182.06028333333333,143.41566666666668,48.63721666666669,189.9207,182.62101666666666
18019848964833056,True,114.95372222222223,121.71781944444443,127.64345833333333,36.61570833333333,129.56001388888888
17941669929172063,True,128.84361227336117,130.2296792189679,137.1022315202231,38.43779637377964,139.22965132496512
18095629934033228,True,70.25000000000004,84.38340277777773,99.32226388888893,117.62179166666667,103.55540277777777
17998242491537171,True,136.9185333333334,166.22773333333345,205.30384444444454,98.04203333333334,205.61083333333335
18046577942207787,True,129.05024999999998,135.929361111111,143.29216666666656,44.49334722222222,146.98516666666666
18286349617227278,True,115.1749666666667,144.24203333333327,134.0188833333332,73.2664,150.9373
18097072847327786,True,167.4461506276149,124.50617852161783,154.5827336122733,100.22041841004184,175.80693165969316
17853273207275250,True,97.44621111111107,120.44885555555564,142.94115555555553,92.97335555555556,144.71975555555557
18088711337000864,True,184.46766666666664,177.05438888888887,168.30981944444432,41.94252777777778,187.10895833333333
18096381986071947,True,120.42837758112094,123.48907079646015,126.5917699115044,104.47119469026549,155.56203539823008
18052747763680040,True,186.4248055555555,169.16061111111108,151.09551388888886,64.8465,190.61891666666668
17846272221508187,True,170.1673472222222,153.21920833333334,130.80350000000004,84.02043055555555,177.0564861111111
17861612511055253,True,119.74606694560666,139.23407252440722,152.69200836820087,73.56927475592748,156.62326359832636
18029173141810250,True,106.06730392156872,118.83460784313732,131.53351307189547,71.4947385620915,132.74289215686275
18096290287726230,True,137.9540972222222,149.582625,150.04623611111114,65.53645833333333,160.3481111111111
18108280774730540,True,67.40230555555556,77.34969444444444,78.98723611111113,121.17043055555555,87.2942361111111
17916035921975507,True,167.47868055555563,192.8655972222222,218.89420833333335,74.70559722222222,218.89493055555556
18053069668566213,True,126.82594142259417,136.388410041841,142.6607810320781,84.60411436541143,156.1060251046025
18170909989329730,True,121.24581944444449,121.35326388888886,117.55537499999998,98.39259722222222,142.3933888888889
17914051971044381,True,99.82800000000003,120.10847777777781,150.72223333333338,103.80077777777778,153.2857111111111
18109519060468882,True,184.84487499999997,179.66229166666665,171.0530277777778,45.81733333333333,195.66555555555556
18161930824390399,True,81.51650000000004,82.59463888888884,87.14133333333331,152.76468055555554,119.96918055555555
18276709633281504,True,96.97781944444448,104.59468055555558,99.7526388888889,101.58172222222223,112.34529166666667
18086675452941545,True,118.59750000000004,124.38370833333333,117.89337499999995,79.83270833333333,137.403375
17885558616197088,True,108.4306444444445,110.72117777777775,113.51440000000005,36.02878888888889,118.00366666666666
17874120816041162,True,147.00795833333328,145.9476805555556,163.28375000000008,65.65133333333333,174.04319444444445
18353559640090576,True,126.34719444444451,138.42099999999996,145.56650000000005,66.42047222222222,153.50420833333334
17945720195730808,True,177.86949999999996,173.20086666666674,152.80660000000015,39.58008888888889,178.65395555555557
18088615534887089,True,133.83047222222226,139.95740277777773,150.21686111111106,46.86398611111111,151.87358333333333
18066568009554867,True,81.47481111111114,98.66237777777782,106.63968888888884,86.97152222222222,110.1168111111111
18014516408458060,True,70.90086666666667,74.22163333333337,72.42788888888896,84.83853333333333,80.03673333333333
18083008562066731,True,102.39405360134006,127.02953098827469,155.54750418760466,99.60663316582915,156.8194974874372
17895288851968207,True,218.5516750418761,214.8792462311556,182.24693467336675,61.220854271356785,223.23003350083752
18001525136615062,True,59.25080971659923,102.78197031039139,148.5161403508771,170.54044534412955,148.56407557354925
18006070145280513,True,81.73443316412857,101.59363790186121,120.92942470389171,86.53959390862944,123.54023688663283
18026917190446753,True,154.7331388888889,162.9491111111111,169.07981944444452,46.99113888888889,178.18476388888888
18575726554028140,True,72.69051388888889,57.88573611111114,40.656513888888895,113.55972222222222,77.87551388888889
18114776506740000,True,125.44566666666658,150.33990277777778,167.85036111111106,109.75006944444445,181.40643055555554
17870860347060415,True,110.97193863319384,119.71935843793584,123.47804741980474,91.63722454672245,138.06905160390517
17941393271919370,True,50.52179999999997,64.0729555555556,83.91563333333326,146.3086111111111,93.30192222222222
18063137261002163,True,157.7751111111111,159.0637916666666,159.99554166666667,54.657444444444444,172.1322638888889
18041987279555289,True,81.01954166666665,65.51054166666667,44.56566666666667,144.64529166666668,82.26172222222222
17919799344111360,True,165.79004166666664,153.3467777777778,127.25376388888886,89.94465277777778,177.84679166666666
18028301879802459,True,92.86423611111103,123.54815277777784,112.33745833333325,98.96141666666666,127.39175
17859141885686059,True,132.41272222222221,125.11236111111108,119.45562500000005,99.4775,154.04931944444445
18092095474900396,True,123.45376388888897,113.32498611111113,112.22149999999996,122.27616666666667,157.3335138888889
18028490507307082,True,117.60381944444438,127.52825,147.1348333333334,69.54570833333334,149.77383333333333
18056838646916534,True,94.56919107391919,95.51499302649927,88.54853556485351,86.92304044630404,102.7155090655509
18027318866154211,True,116.43548148148145,143.87480000000002,156.11395555555555,85.28853333333333,162.03011851851852
18127744501325829,True,84.88490277777781,106.45916666666668,108.62783333333329,107.55176388888889,124.58779166666666
18102860044694913,True,85.70648611111113,94.33009722222224,122.18873611111115,119.18006944444444,128.93755555555555
18109567156895618,True,101.90197777777776,118.82666666666657,129.53129999999996,89.63505555555555,136.5792
18070878164489546,True,68.84275,74.59006944444448,80.21194444444434,91.16440277777778,87.28144444444445
17880796212315091,True,208.10511111111097,187.32404166666663,175.76861111111114,59.80501388888889,214.11781944444445
18072077707463900,True,108.39652777777776,131.00366666666665,154.84912500000013,87.29770833333333,156.38852777777777
18129173716560626,True,92.49190277777775,99.83455555555557,115.99581944444442,78.38070833333333,118.06330555555556
18079958657429737,True,138.60210370370373,145.6478222222222,158.5444148148148,60.279214814814814,165.45425185185186
18112310014633258,True,218.5255369595537,196.0684937238494,211.83552301255227,36.67880055788006,225.63644351464436
18094175951272625,True,50.799833333333304,76.86867777777773,96.39143333333335,135.7482222222222,98.39553333333333
18024501940845548,True,136.97578888888893,142.04212222222222,148.75337777777784,50.1123,153.49096666666668
18001537094407924,True,90.05614444444448,123.81333333333333,156.14769999999984,126.73912222222222,157.40325555555555
17854418889107814,True,69.7428333333333,93.0819333333333,122.24576666666665,106.20818333333334,128.09285
18100857608481610,True,82.65381111111112,129.08844444444446,107.56191111111107,156.25306666666665,141.61067777777777
18081457034037555,True,74.56788888888894,84.05152777777772,68.36187499999993,151.85054166666666,102.80334722222223
18021145640652740,True,167.93837499999984,162.58123611111114,157.12730555555564,51.97398611111111,178.85131944444444
18029467318880475,True,169.95288888888894,192.3730777777778,215.10264444444442,61.56988888888889,215.86998888888888
18097296967835849,True,81.699,91.44211111111115,100.50879166666667,65.88084722222223,102.55458333333333
18046782961610514,True,98.00879166666664,120.20752777777771,144.1118194444445,102.48509722222222,145.900875
17920655463326856,True,123.82863703703711,131.10417777777772,135.01000000000005,65.54207407407408,146.15573333333333
18101137693802952,True,166.13708148148154,186.2750222222222,199.60242962962954,52.6338962962963,200.01382222222222
17870063370045487,True,74.34859722222222,118.51741666666672,177.44697222222214,171.8191527777778,185.88486111111112
18541017796023521,True,61.42486111111107,92.70347222222222,128.80901388888887,124.19826388888889,133.16469444444445
18356919310149642,True,49.56462499999998,76.83462500000005,105.10240277777783,147.56795833333334,109.27570833333333
18016123976486287,True,95.8999166666667,102.50538888888893,108.03261111111115,90.435,121.3656388888889
18061482599169427,True,96.44126388888877,142.4242777777777,179.4456388888888,138.89638888888888,188.2323888888889
18118667104368059,True,184.93349999999992,175.71032222222223,131.93263333333337,117.0927,207.10465555555555
17885501730510455,True,111.71981944444441,109.84549999999992,188.56840277777778,131.27376388888888,192.85505555555557
17910824315918094,True,126.11556666666664,125.95731666666669,118.04568333333334,51.9799,133.82681666666667
17950343418147437,True,179.62004444444437,191.29917037037038,211.1136740740743,45.78324444444444,211.12364444444444
18016986725484551,True,142.78497777777767,142.45105555555563,144.18003333333326,38.59341111111111,149.65025555555556
17903195058363404,True,157.83665277777766,163.63441666666668,176.5052083333334,47.23511111111111,183.11265277777778
18089066684350811,True,172.23048611111108,184.6299999999999,199.79102777777766,40.889402777777775,200.34558333333334
17883777387511926,True,92.49597222222216,114.01705555555546,112.30566666666667,78.23359722222222,121.17020833333333
18110861878835983,True,62.02396666666669,87.7792833333334,95.09864999999998,129.45433333333332,100.26573333333333
17978931458821657,True,173.42870833333333,184.75008333333318,188.76927777777775,50.94716666666667,199.93494444444445
18344015620082457,True,151.2430972222223,173.169,193.12484722222226,65.38919444444444,193.14573611111112
17908152518980284,True,119.84957777777774,128.3347333333334,132.4807222222221,52.91376666666667,137.87896666666666
18413042107112669,True,65.69105555555552,75.30538888888887,102.87859722222223,130.20276388888888,108.70705555555556
18404874550043561,True,115.88786666666667,143.88127777777783,165.86085555555553,106.6716,167.73381111111112
18147715483336424,True,199.03694444444434,211.24342222222214,221.84973333333332,33.02923333333333,222.1469111111111
18094200544459100,True,59.21536111111113,52.59720833333335,54.28806944444446,73.07329166666666,61.58461111111111
17865084873618469,True,105.84108888888886,121.66371111111108,138.97544444444455,88.727,145.17545555555554
18122117782718994,True,81.9183259259259,90.95654814814816,171.66207407407407,157.52601481481483,172.3937037037037
17999978390380416,True,68.44581944444442,80.00156944444439,103.7371805555556,125.92815277777778,106.0855
18083437750693389,True,178.77455555555557,166.83676388888878,155.50072222222218,47.328805555555554,183.0155
17961544277716028,True,53.79483333333333,107.19180000000006,113.85211111111116,191.64525555555556,132.40692222222222
17874480414319909,True,16.817791666666672,51.45416666666664,43.10256944444446,159.7277638888889,58.772819444444444
17906868392959967,True,120.65993055555553,177.99222222222224,201.49151388888885,103.7100138888889,203.35319444444445
17965791773972027,True,138.1172026800671,158.43820770519244,172.59306532663325,68.42611390284758,173.98606365159128
18047729186568131,True,137.91215,132.40373333333338,104.84244999999997,133.1901,161.84435
18051180917005841,True,127.38355555555562,132.48763888888888,135.33576388888895,50.42861111111111,144.07004166666667
18102672124474768,True,91.13134722222223,107.02869444444443,136.79986111111123,115.9276388888889,140.4316388888889
17845302864254254,True,190.076861111111,136.30383333333333,86.39733333333338,189.3113888888889,219.12709722222223
17855689173234473,True,90.2597222222222,130.81001111111118,189.9387888888889,140.55984444444445,190.14842222222222
17968900964543456,True,53.178333333333335,75.9311944444444,73.12376388888892,94.50090277777778,77.640375
18046766954695416,True,68.1268154761905,85.94846726190468,95.7508779761905,100.11214285714286,97.75577380952382
18031138861907337,True,153.1206999999999,139.70692222222212,92.50728888888885,105.19726666666666,159.5554888888889
17904506259061763,True,53.901874999999976,68.71054166666671,81.23836111111116,112.32859722222223,82.58315277777778
18244085941284214,True,110.46458888888893,123.10151111111122,98.86916666666669,117.37932222222223,136.917
17908303017046268,True,80.23559722222224,96.6939027777779,115.94709722222223,108.56244444444444,117.85268055555555
18124900369475839,True,119.08434722222225,130.00837500000006,132.5934166666666,74.63877777777778,144.93952777777778
17908552064899672,True,115.98648888888887,158.76023333333325,184.0044222222223,107.02385555555556,184.00534444444443
17910023132944115,True,25.554316666666658,83.61781666666671,100.45048333333335,208.32396666666668,102.65065
18062268397553120,True,85.86297222222215,101.98097222222216,129.14668055555558,136.06088888888888,144.77255555555556
17873082132204482,True,104.4428973277074,120.49902953586496,120.51860759493671,59.87050632911392,125.17371308016878
18025643155827826,True,115.09033333333328,143.11069999999992,159.07894444444446,86.38586666666667,161.81921111111112
18027393449061553,True,61.64595833333335,70.79872222222217,91.11822222222219,91.77765277777777,94.10880555555555
18076632028490556,True,115.68037656903766,125.30889818688988,129.18648535564841,53.23863319386332,136.21108786610878
17895143274298780,True,116.93881944444439,141.18880555555555,164.24620833333344,97.77154166666666,168.04002777777777
17956780362009365,True,137.85077777777778,134.00794444444452,126.28550000000008,61.218875,148.15906944444444
18068128099726917,True,43.49678966789668,67.26954489544892,81.45453874538752,146.940086100861,84.51367773677737
17995415717927243,True,68.76989629629627,84.23611851851847,107.8531555555556,95.02285925925926,108.1342962962963
17986856681982321,True,74.07381944444448,133.02954166666666,135.73968055555557,136.15219444444443,149.86502777777778
18114083731802091,True,35.89103703703704,78.53293333333332,127.82176296296299,173.34238518518518,128.01025185185185
18055950914618000,True,80.5102649930265,111.30944211994412,151.79796373779632,130.41202231520222,157.6726359832636
18128848879460313,True,148.1385694444445,80.05797222222228,60.993944444444374,168.20094444444445,152.54948611111112
17955263348751155,True,57.591375,71.59768055555556,86.51191666666668,82.03623611111111,87.44315277777778
18012050597160872,True,174.1390333333334,145.12295555555548,69.18823333333326,143.37204444444444,174.68991111111112
18074893756561771,True,106.95157601115758,105.36635983263604,118.75821478382146,90.44044630404463,125.95050209205021
18407699473007398,True,175.9305444444443,185.0381666666667,201.15317777777778,54.430455555555554,204.1118111111111
18029528636025352,True,147.58573221757325,171.71023709902377,180.79762900976291,62.728298465829845,187.9842259414226
18227632528310727,True,131.75365925925922,130.20351111111114,111.75681481481486,87.66902222222222,150.27376296296296
18007022450606011,True,88.59197222222217,70.38273611111111,78.52827777777775,86.61704166666667,97.19505555555556
18248618734287878,True,59.47863333333335,46.469099999999976,43.3978222222222,173.4940222222222,74.71177777777778
17899552508871899,True,234.25987777777763,236.51503333333346,236.0159333333333,16.0046,241.44795555555555
18107571340904651,True,124.50170833333333,137.19077777777784,151.44963888888893,58.45794444444444,153.92227777777777
17848596705266081,True,105.9672888888889,122.57782222222228,172.54900000000004,108.53676666666667,172.69961111111112
18033845342466676,True,180.72758333333337,183.41854166666673,170.11552777777777,59.727444444444444,196.11058333333332
18111098065408284,True,112.85625879043599,146.97732770745424,125.15116736990159,114.93824191279887,155.49165963431787
17897117505038953,True,61.27031111111108,63.572877777777805,79.47030000000002,105.19687777777777,87.7439888888889
18038317783694970,True,126.19711111111111,146.18233333333333,153.2910000000001,63.04698611111111,159.22322222222223
18103059274557561,True,139.59766666666673,139.23524999999992,138.7178888888889,60.58248611111111,152.87308333333334
18089134849589147,True,46.80658333333326,52.616486111111115,74.84791666666665,84.53229166666667,74.90858333333334
18060337604422066,True,83.87376388888889,110.40908333333336,137.7476666666666,115.82313888888889,139.96884722222222
17928845429980362,True,109.2881666666667,72.90118055555557,69.90425000000002,112.7335,113.14684722222222
18052555229660064,True,81.34388888888884,92.65869444444441,92.20827777777778,104.69568055555555,99.82605555555556
17889632064028595,True,51.13529021558873,80.90089552238805,111.11907131011607,140.62701492537315,112.42469320066336
17857302534329653,True,117.32125000000009,102.93765277777783,117.61815277777777,80.99961111111111,137.59656944444444
18074847658794315,True,174.73418055555547,163.82059722222218,163.99277777777766,32.91061111111111,180.3673611111111
17957001464688101,True,27.701401273885367,44.08859872611461,61.3595541401274,146.7047983014862,61.35972399150743
17879791140560495,True,81.08030555555551,100.66016666666665,103.35577777777782,65.45166666666667,105.58233333333334
18091586996168414,True,81.96251322751327,73.51644179894178,128.2823412698412,128.19776455026454,129.46550264550265
17878920276555232,True,182.633611111111,181.43736111111113,150.69466666666662,80.67566666666667,193.0328888888889
18083203291774674,True,160.5473888888889,225.73627777777773,214.19605555555546,85.45854166666666,230.2245
18026357858196187,True,156.57404166666663,115.56223611111113,80.81636111111112,123.41056944444445,157.70065277777778
18031916062879655,True,97.92138888888893,110.6352,124.12390000000009,68.8738,124.29532222222223
18256419055251206,True,85.58729957805909,116.46624472573846,134.15928270042193,121.04862165963432,143.4895077355837
17894693825981663,True,93.84177777777774,99.88627777777775,113.42895833333343,76.63969444444444,121.977
18028643420015701,True,132.95432539682562,142.48454365079365,143.86033730158715,40.38267857142857,149.24315476190475
18024375770270195,True,180.25854444444445,190.38783333333345,210.02691111111108,42.632777777777775,210.2282
18040767796639878,True,84.22852596314911,119.8900167504188,69.34527638190954,142.27931323283082,123.17869346733669
18020238182071585,True,146.59819095477377,137.99907872696824,114.89398659966496,109.1786432160804,166.37331658291458
17980812374480544,True,68.55554166666663,98.61749999999998,127.9690416666667,115.03575,128.3204027777778
18422735035189328,True,160.11041666666662,171.7200694444443,190.4436249999999,54.47113888888889,192.09113888888888
17880583881421104,True,183.63815000000002,158.26225000000008,107.50706666666676,116.45296666666667,188.31485
18035415472641317,True,81.94900000000005,100.18134444444448,119.8557666666667,80.50235555555555,119.99251111111111
17897768570887922,True,167.68283333333338,170.37548611111106,172.00106944444454,23.218375,176.86548611111112
17945950830000462,True,189.67771111111114,161.15755555555558,136.06001111111115,83.4832,193.6616
18103336243433548,True,134.6734555555556,128.4972888888889,118.36113333333337,78.26944444444445,143.37047777777778
18077681930383508,True,140.03965277777777,155.6535694444444,174.7145416666666,69.50902777777777,176.95891666666665
18028242436808377,True,37.72612903225806,51.515655913978534,64.2815698924731,118.22088172043011,66.22443010752689
18071579564359051,True,228.387,213.6053194444444,206.1289166666668,30.935111111111112,228.86158333333333
18369852712129945,True,44.27292084726864,40.530523968784834,47.62562987736898,112.10221850613155,58.57199554069119
18061704893434715,True,103.01323611111114,102.51362499999998,136.70116666666672,104.22286111111111,140.3725
18023625827312866,True,156.9434129692833,146.55119453924908,124.82059158134243,90.74814562002275,170.7491922639363
18133126204539148,True,95.9394583333333,101.81154166666668,116.22606944444446,76.00881944444444,120.84495833333334
18113253556652574,True,122.49861111111112,121.74684722222229,163.2936249999999,72.79970833333333,163.40908333333334
18022581323226181,True,111.32692222222218,134.26506666666674,136.96192222222228,79.05886666666666,145.1295
18002469143209214,True,44.450799999999994,20.729883333333348,131.26983333333328,219.05153333333334,131.67048333333332
17894571597072385,True,171.90137777777778,170.35919999999996,168.07165555555548,64.54323333333333,188.40573333333333
18259530970233025,True,111.64672222222231,131.504388888889,129.93058888888885,73.58046666666667,141.64274444444445
17919792725964864,True,120.31663888888896,138.36363888888891,162.207625,88.440125,166.8758611111111
17986939940796738,True,114.52988148148147,108.99690370370372,126.06466666666671,85.36521481481482,136.49154074074073
18032117731842877,True,71.8629185185185,87.14160000000004,115.75783703703702,127.26802962962962,115.8150074074074
17917264958783710,True,92.55946666666667,119.77237777777778,141.94197777777785,104.68156666666667,143.27457777777778
18011635703173229,True,154.64045555555555,150.17534444444433,143.04655555555559,54.87696666666667,162.2718111111111
18334274422168046,True,135.9659722222222,135.2930694444446,130.57191666666674,41.20290277777778,143.24077777777777
18339492028180470,True,98.97672222222222,124.66935555555561,137.81148888888882,80.91323333333334,140.98756666666668
17917213053319120,True,137.41898611111117,157.56081944444443,176.2424722222222,68.66779166666667,176.90105555555556
18070374773676323,True,100.79228730822868,91.57497907949788,81.55435146443514,75.14203626220363,110.79587168758717
17846750430213792,True,96.16881666666664,78.49208333333333,71.32211666666664,124.26131666666667,116.55513333333333
17925101346002426,True,135.7301527777777,156.9729027777777,172.1449722222222,72.13145833333333,172.31708333333333
18385045447132177,True,75.77991666666667,91.6230694444444,101.59890277777774,107.55813888888889,109.22401388888889
18034728569287564,True,159.73613888888883,159.8802083333334,130.34241666666668,93.60669444444444,175.16827777777777
18095649445867897,True,145.11486111111105,166.03529166666672,165.05845833333336,94.96551388888889,187.96755555555555
18072498370822497,True,134.0941666666667,143.96900000000005,141.23147222222224,49.652097222222224,151.56570833333333
18051138220496470,True,125.17693165969318,141.696680613668,157.1214783821478,69.49517433751744,161.71850767085076
18069376454441454,True,101.73931944444449,122.86358333333341,145.91745833333334,103.66048611111111,150.87648611111112
18403668250148646,True,62.48674074074077,80.03426666666668,112.21724444444456,124.05687407407407,113.61337777777777
18126141019379404,True,135.6682137834036,140.92734177215183,139.58070323488047,38.23376933895921,146.5508016877637
18074479672501580,True,177.60422222222218,152.99822222222218,118.38736666666674,86.57803333333334,181.42302222222222
18072407327640101,True,201.65874999999997,204.04041666666663,198.30120833333342,39.56293055555555,213.67805555555555
17907030339396935,True,83.27195555555554,100.20157037037032,133.6348592592593,107.7965037037037,135.92114074074075
18044549504258668,True,147.79069444444434,157.84377777777777,151.39281944444454,69.66186111111111,172.77116666666666
18075341528449823,True,209.66979999999975,217.97557777777774,231.1897555555555,29.182266666666667,231.26728888888888
18020832248316853,True,54.62166666666668,76.94592222222222,92.13360000000004,129.4233888888889,94.3420111111111
17992430360617158,True,126.38718592964824,133.55743718592964,137.0365326633166,28.835577889447237,138.62643216080403
17846666445372441,True,123.28014064697618,137.15073136427569,153.5667088607595,70.98762306610408,158.20195499296764
17931887804797011,True,48.89435000000004,84.96435000000001,114.04228333333334,167.71638333333334,114.21793333333333
17978526962674924,True,158.47470833333335,178.88686111111113,196.28150000000008,70.12695833333333,198.5655138888889
18023501555133896,True,129.7056783919598,136.10400335008376,141.54569514237872,45.62750418760469,146.28844221105527
18276516910161848,True,137.5128333333333,153.16737777777772,169.60408888888887,72.01521111111111,174.13003333333333
18407870329068274,True,127.58988888888892,153.62887777777783,172.25844444444448,87.52117777777778,178.81654444444445
18447123721100221,True,159.23281944444437,145.7821250000001,111.92863888888887,99.53408333333333,165.07229166666667
18069352484349511,True,142.97756944444444,148.57119444444444,158.19261111111118,43.56916666666667,159.9422638888889
18057842402018604,True,48.942550000000004,60.262133333333296,83.11906666666675,106.64481666666667,83.55605
18095673598396956,True,204.23240277777793,199.76994444444452,172.8649166666667,64.556375,216.66141666666667
18407415448041496,True,87.60347222222218,102.09841666666664,128.3219305555556,104.74036111111111,132.81345833333333
18040276384869658,True,144.61068055555555,124.02941666666666,112.72497222222218,107.966125,162.02280555555555
18078562739434394,True,141.37661111111117,142.68434722222213,142.78268055555566,38.98054166666667,149.85340277777777
18054445741784695,True,107.44922222222223,108.02084722222214,120.65413888888885,89.15095833333334,137.23083333333332
18351600343238313,True,141.44884999999994,152.80833333333328,159.19411666666687,43.11448333333333,162.7236
18032837350770559,True,128.1020502092051,151.7052161785216,169.56033472803324,80.51181311018131,175.63259414225942
18129977494414215,True,82.76097222222226,70.21340277777774,107.15759722222221,87.5898888888889,107.21729166666667
18024243845029519,True,108.3566933333334,128.76326666666674,165.15483999999992,94.07401333333334,166.46958666666666
17971053332704814,True,116.19798611111112,124.33373611111112,131.21040277777772,57.004222222222225,137.00870833333335
18024534686442639,True,106.33416666666663,148.08355555555545,175.682638888889,121.0706111111111,176.3357638888889
18039563615078389,True,144.07773558368484,143.527876230661,128.40939521800283,60.294824191279886,153.84548523206752
18441290959025769,True,72.52058333333333,78.2155277777778,76.87170833333332,65.54709722222222,82.337
17997351611355388,True,88.63201388888885,102.16236111111111,110.53711111111106,142.06480555555555,137.39894444444445
18020138447608503,True,145.89937777777766,151.87816666666677,163.68037777777772,66.17578888888889,174.04123333333334
18106178879301325,True,89.27695833333337,114.87215277777777,142.01916666666668,115.19890277777777,144.62052777777777
18097184032611362,True,103.28879166666664,157.85566666666665,158.29736111111106,102.95770833333333,170.11143055555556
18422253412035046,True,89.77420940170938,126.32408119658129,115.47670940170936,114.03722222222223,132.71923076923076
17928895334770733,True,136.29689883913767,128.86993366500835,110.91140961857378,106.3111608623549,152.12958540630183
17946033599999548,True,124.08114074074076,141.0378518518518,133.52816296296294,96.95914074074074,156.14394074074073
17953665345116191,True,84.29579166666672,154.08736111111097,151.66966666666676,164.99616666666665,174.12734722222223
18079815305252543,True,200.52911111111104,219.8993888888889,193.57764444444456,79.63542222222222,238.78617777777777
17999348525381055,True,141.26614444444442,134.1904666666665,98.80604444444445,124.80511111111112,151.80832222222222
18048271423595636,True,85.23817294281726,101.29478382147836,110.82916317991635,70.40432357043235,112.60138075313807
18028439171469423,True,71.84981944444446,104.81405555555556,125.51105555555566,117.50872222222222,130.86745833333333
18055988441092661,True,195.95155555555553,197.1173333333333,205.1819166666666,35.19419444444444,209.58184722222222
18064537658690938,True,97.83826388888889,109.41501388888894,118.67222222222217,73.89704166666667,127.6035
17929531838885010,True,91.44589958158998,105.78722454672248,125.69390516039053,92.30538354253835,128.31355648535566
17879288631535917,True,192.1499664991625,195.92075376884426,196.81864321608037,20.164773869346735,201.02951423785595
17970187803022131,True,92.57846774193553,108.37829301075271,130.86073924731195,113.54579301075269,132.3309811827957
17870802612592047,True,132.07018055555545,156.02840277777767,172.48976388888894,72.55352777777777,174.80469444444444
18089172073752697,True,148.7498611111111,150.3332083333332,156.40838888888882,36.855513888888886,163.36920833333335
18045703354654935,True,107.43366666666667,126.72366666666663,158.35370000000006,98.6505,160.59923333333333
18091861747874220,True,84.23220833333335,100.83888888888886,129.43206944444435,121.39358333333334,132.19756944444444
18066973513858378,True,82.3304166666666,91.26120833333329,105.01209722222215,103.18118055555556,110.33273611111112
17877589574963658,True,21.720681481481478,54.25801481481483,90.61604444444444,193.8317037037037,90.62918518518518
18185396362339737,True,58.45658333333334,107.19580555555561,139.53668055555556,161.48355555555557,143.70284722222223
17882383794482758,True,170.7772666666666,144.94766666666666,127.8461333333332,85.64065,176.52416666666667
17921558186906240,True,99.08428172942824,115.99206415620652,129.2221617852163,88.16695955369596,135.05716875871687
18031379639330041,True,64.25368888888889,84.35831111111114,108.99606666666664,122.39608888888888,109.02493333333334
17867400975511411,True,75.20749999999998,112.24925000000006,107.31893055555562,113.379625,120.96631944444445
18030743311943485,True,153.8553333333334,158.7986250000001,138.5496666666667,78.83568055555556,167.89293055555555
18106767295774846,True,103.91313888888887,96.43954166666667,108.32536111111114,83.86204166666667,116.92369444444445
18334641802174075,True,120.00084722222216,145.87940277777787,151.42818055555546,85.42811111111111,158.06244444444445
18419016655038129,True,93.18829999999997,91.00748888888891,99.83134444444443,88.26338888888888,113.99944444444445
18118993915430206,True,114.25798611111114,129.0925694444444,152.1502222222223,79.518625,155.06444444444443
18057847409154798,True,170.2506666666668,184.29163888888877,198.67595833333328,62.25706944444445,205.94201388888888
17864351223225769,True,86.83793333333331,93.38455555555552,113.33631111111104,99.07166666666667,118.55726666666666
18056370751972320,True,55.41401388888887,71.45236111111107,94.18797222222224,151.74941666666666,94.44397222222223
18082565359914598,True,177.88458333333327,198.15828333333337,212.40520000000004,53.4027,214.76205
17994694859940831,True,115.82096296296301,103.55017777777772,93.4502074074074,50.03093333333333,117.12672592592592
17880031647414364,True,100.29716666666666,108.19579999999995,114.72948333333323,57.019983333333336,117.69671666666666
18088660084982048,True,131.97465277777778,185.48537500000012,211.74699999999993,109.19711111111111,211.74725
17890977270017781,True,59.51938888888887,70.71026388888885,80.46526388888886,120.79425,86.21484722222222
18024704456494190,True,90.73256296296292,108.06838518518522,135.06838518518526,100.86703703703704,138.76712592592594
18076617290040092,True,119.5504444444444,124.40055555555554,110.93363888888891,114.78870833333333,146.0126527777778
17953727891956294,True,197.1745746164574,191.16864714086486,181.9471827057182,44.33637377963738,206.01467224546724
18050826454528597,True,197.20838888888875,198.7534722222222,199.26616666666666,42.561347222222224,212.6288888888889
17972470475949931,True,139.13701388888902,112.43788888888888,166.16526388888894,153.41234722222222,188.7157638888889
17852745084178475,True,100.63073611111109,101.75881944444443,94.56695833333337,106.13677777777778,121.00595833333334
18081225598612710,True,114.18847222222232,118.36209722222225,135.19623611111103,82.34738888888889,142.84822222222223
17964906185610226,True,141.44584722222223,165.04161111111108,195.83159722222223,89.37097222222222,201.49729166666665
17995416260422078,True,136.4497989949748,131.49591289782245,125.73229480737025,43.02026800670017,141.14443886097152
18169517377370614,True,64.10091666666669,92.12618055555556,123.30530555555545,123.99169444444445,125.728125
18540129556009309,True,112.17415277777778,119.76950000000006,123.16831944444434,80.15275,140.6808611111111
17945015963674589,True,76.99045833333336,90.64981944444452,114.78833333333333,155.03819444444446,131.613875
17869557057066712,True,131.68641541038528,174.51777219430477,153.57227805695135,94.121189279732,179.6905025125628
18024014558138346,True,160.44379999999992,169.30623333333344,157.88217777777783,93.89862222222222,192.0134888888889
17876807967047527,True,77.808125,105.07412499999994,119.4594583333333,113.13147222222223,124.44718055555556
18017351426604674,True,52.38768333333332,72.59758333333335,101.87778333333327,131.14001666666667,102.2077
18127112938416091,True,41.30374999999999,76.67368055555559,104.55384722222222,180.29215277777777,104.74830555555556
17938328634207241,True,96.78056296296293,135.24352592592595,135.81487407407414,97.78762962962963,145.4113925925926
18042950459397910,True,79.76933609958506,95.94626556016598,108.71984785615489,111.37136929460581,113.78958506224066
17907776607201233,True,177.14748611111096,197.98759722222218,211.89240277777768,59.541472222222225,216.22002777777777
18246047383266633,True,80.24415555555562,86.91036666666662,92.59735555555561,52.11527777777778,95.66727777777778
18044257525701935,True,95.01715481171541,111.55520223152018,123.29235704323564,84.43728033472803,126.67887029288703
17999003483748803,True,108.73398611111115,116.6272777777778,119.61229166666661,74.62180555555555,131.70330555555554
18109574569854602,True,103.06531944444447,105.29958333333333,93.71427777777781,89.27072222222222,118.79868055555555
17943803381815049,True,80.47718592964824,104.31897822445558,105.01269681742049,130.72120603015077,121.69386934673366
18142431634314979,True,191.91843055555555,194.05633333333333,188.5721666666667,55.07948611111111,209.24027777777778
17888056782035690,True,111.55743055555558,148.47731944444456,138.23220833333332,96.50305555555556,153.0245277777778
18074185934226259,True,61.763041666666695,72.76022222222225,111.49222222222222,154.25359722222223,121.25147222222222
18041253974768145,True,72.26640277777781,82.3280555555555,92.83104166666664,76.3927361111111,93.7095
18040334402521728,True,140.64084722222225,143.21058333333337,155.36901388888887,64.57204166666666,158.7762361111111
17893643903956113,True,90.11319444444445,99.69829166666675,134.73120833333323,125.84322222222222,138.32922222222223
17966155694546680,True,102.8763150492264,134.52945147679327,154.5004078762306,103.28244725738396,166.32444444444445
18128689690336114,True,194.3374666666666,196.7347333333331,193.16556666666665,24.696233333333332,200.44673333333333
18289377604236632,True,51.549033333333334,87.53469999999999,138.30806666666658,174.8242,138.40976666666666
18028986509233082,True,112.4130098452884,135.83656821378344,156.46450070323488,81.91555555555556,157.9639381153305
18108803080886973,True,195.30456944444438,160.3102361111112,96.15947222222222,131.52001388888888,199.31706944444446
18063665084227433,True,93.12051388888882,128.89531944444454,156.95218055555563,111.76347222222222,157.52155555555555
18105738931407286,True,179.14394444444443,167.6781666666667,157.45483333333343,53.71179166666667,185.76547222222223
17975812745655763,True,42.207347222222225,49.5998888888889,60.88566666666671,75.15416666666667,63.00416666666667
18336542092138186,True,84.88833333333329,111.7652,150.45245555555556,120.79574444444444,150.73638888888888
18058531435734423,True,199.95074444444427,201.1345111111111,204.04908888888886,43.73821111111111,213.1852888888889
17978117780945754,True,156.2297777777779,138.11336111111117,127.38531944444452,114.0693611111111,180.21766666666667
17916939059823258,True,41.88251111111111,71.27957777777776,65.87848888888888,133.3755,77.67807777777777
18073807892473223,True,73.53627777777787,101.15048611111105,123.52106944444445,123.011125,123.67154166666667
17886689510977489,True,93.07576388888886,110.367625,116.87775,56.90375,117.94518055555555
17928506492940903,True,132.86520833333336,153.65230555555556,180.6486944444445,79.04579166666667,181.8803472222222
17894486940002297,True,58.13453333333329,82.7583666666667,92.7191444444445,91.68957777777777,97.60096666666666
18026639105363417,True,167.33851388888883,161.0842222222222,130.43384722222217,96.22252777777778,187.22452777777778
18137881471388143,True,116.96922222222231,148.39724999999999,168.1806666666666,84.80879166666666,169.55894444444445
18096615617102545,True,70.73191666666668,77.15999999999991,60.66937499999999,104.69231944444445,79.56847222222223
17872040193171675,True,147.52770833333338,143.10295833333333,145.46411111111112,59.332458333333335,150.06775
18337943662172998,True,53.39816872427984,112.2230452674897,141.45905349794248,123.42146090534979,141.91751028806584
18055751110807881,True,60.718411111111045,110.49833333333326,163.95632222222227,169.25446666666667,165.43104444444444
18415718377036456,True,63.55383333333336,73.55493055555553,85.59409722222219,65.61483333333334,86.24376388888889
18223800277268385,True,116.98412499999996,124.37970833333337,127.42536111111116,34.859541666666665,130.5578888888889
17998200353542265,True,115.18023611111111,135.14030555555553,154.36313888888895,74.54980555555555,156.92322222222222
17903136783242745,True,121.47634722222223,123.54166666666669,132.32844444444444,50.89669444444444,139.14466666666667
18494174146002900,True,143.96915277777782,143.23916666666665,146.3701527777777,76.16940277777778,165.36086111111112
18053708596538743,True,115.1789166666666,113.13179166666664,112.93412499999998,86.34419444444444,135.0487777777778
18039784934565484,True,49.71843750000003,53.17255952380956,60.298586309523785,110.27438988095238,61.79319940476191
18070650310885125,True,134.9962638888889,70.05401388888883,50.95216666666663,174.39875,138.58415277777777
18042582085996400,True,101.2549583333333,121.44787500000002,132.37338888888885,90.94236111111111,142.1664027777778
18174145348394400,True,142.61616666666663,144.29090277777783,146.35691666666662,25.234208333333335,150.5497777777778
18129174886422334,True,79.87737499999997,71.34530555555556,58.02406944444442,129.38745833333334,89.65731944444444
17883260943399332,True,97.17545185185186,109.40408888888888,121.84816296296287,65.86505185185185,123.47422222222222
17949650021747701,True,68.35915277777775,67.32211111111114,81.07402777777773,101.97056944444445,88.78404166666667
17969194730899781,True,156.810736111111,153.39554166666665,133.70163888888877,75.56483333333334,167.998875
18029556950348179,True,146.87528832630085,139.54630098452884,124.11686357243315,78.4054711673699,156.42323488045008
18315265162276789,True,65.58729166666666,94.10800000000002,127.08484722222215,124.57011111111112,127.10375
17960409551634768,True,129.85035555555555,148.52674444444438,169.90135555555554,73.09425555555555,171.6839
18043794277664747,True,173.45861666666661,192.14818333333335,211.22928333333326,50.752966666666666,211.57856666666666
18003409739908848,True,173.78671691792275,147.13690117252926,151.09742043551086,50.54840871021776,175.15959798994976
17930806101000597,True,123.4640416666667,142.27402777777766,150.68766666666673,77.45291666666667,160.35534722222224
18006243635907372,True,127.43127777777782,127.15362500000012,147.03672222222218,85.16756944444444,160.69880555555557
18100075936807246,True,67.63194444444447,64.09452777777774,116.04130555555558,125.941375,117.44633333333333
18026495003446907,True,108.46872222222228,57.063305555555566,71.59505555555555,152.81908333333334,113.89091666666667
18057703883213431,True,64.40637377963738,54.35994421199441,61.04230125523013,104.06283124128312,73.83139470013947
18036152519300360,True,139.28345833333339,166.58930555555546,206.73166666666668,97.52298611111111,206.8179027777778
18028311554099776,True,79.15370990237095,111.73945606694564,134.46054393305437,131.0365690376569,140.0784379358438
17923361484303088,True,110.62022222222217,126.99655555555563,148.71652777777783,90.677625,148.81938888888888
17867427405016066,True,174.72619999999995,177.14196666666658,191.2087444444445,36.227755555555554,193.8481888888889
18067552751006892,True,158.74433333333334,162.36030555555556,157.69962500000008,63.002027777777776,176.73068055555555
17993997446789477,True,181.3752499999999,179.07725000000013,180.89918055555557,49.69047222222222,197.94998611111112
18094918463469449,True,69.17531851851852,126.44245925925928,100.72571851851852,151.6802074074074,127.47247407407407
18350651812228944,True,60.821375000000025,61.53090277777776,87.87004166666674,100.12625,88.91580555555555
18045522505680365,True,106.70899999999993,128.37155555555557,125.69393055555547,78.87119444444444,132.5778611111111
18059641706314212,True,83.49380555555555,113.9793333333333,120.08963888888891,117.77845833333333,132.45515277777778
17904485061402535,True,95.14362962962963,163.2102074074075,125.783437037037,133.1401185185185,163.41256296296297
18046531654608119,True,118.21643055555552,127.48640277777776,133.17338888888887,58.34741666666667,140.434375
17983571120665036,True,90.59479166666664,120.81961111111112,144.76373611111117,140.88315277777778,158.12398611111112
18018398807148641,True,178.46618857901714,188.16361221779545,185.09081009296145,64.24665338645418,206.1580743691899
18035211515409044,True,61.87990277777778,64.63544444444443,81.03033333333333,130.07604166666667,95.3015
18038466793641847,True,130.06625000000005,126.41313888888892,125.1680138888889,80.22075,142.71681944444444
18116185180671429,True,101.83074999999995,124.56319444444452,151.75738888888884,121.39380555555556,162.09606944444445
18042393227649175,True,118.5515416666667,144.46625,150.0614305555556,74.08348611111111,155.26547222222223
18095290811270546,True,76.80740294511381,101.43033467202144,132.7224096385542,123.56571619812584,132.82354752342704
17876654235440716,True,108.56212499999995,118.55387499999998,136.02520833333332,75.28691666666667,136.4355972222222
17922791940279046,True,152.84471666666676,87.67711666666669,71.4249166666667,148.73885,152.93961666666667
18496639303031588,True,138.06297222222216,155.40059722222205,173.2491805555556,77.26809722222222,179.92434722222222
18067011089198754,True,117.64075000000007,115.06244444444442,120.64512500000008,65.09313888888889,133.782125
18045495076592014,True,108.61284518828448,120.4399163179916,131.32232914923293,66.98099023709902,136.8639330543933
18111948331332745,True,156.00898888888872,155.89127777777784,157.0175,38.85503333333333,166.95085555555556
18342170146081511,True,98.37249999999995,121.32803333333335,128.9867833333333,70.13293333333333,132.63733333333334
18044341922520459,True,116.02990277777768,124.50327777777781,129.03873611111118,81.78734722222222,141.58266666666665
18161468893376709,True,174.17422222222226,178.35248611111106,181.88676388888882,51.438875,192.8653611111111
17909220926958599,True,45.48321111111113,61.62064444444445,86.04209999999999,171.88615555555555,86.77433333333333
18286718401204867,True,94.39331944444444,114.68494444444441,117.40390277777773,104.24809722222223,126.43006944444444
17903266640933141,True,176.20477777777793,168.38683333333344,172.0677222222224,79.66941666666666,200.25858333333332
18057901535123033,True,128.38448611111102,162.4344583333333,184.97988888888898,88.85466666666666,188.449375
17872699434501345,True,88.57741666666665,107.72418055555552,146.4960277777778,122.50343055555555,148.4215
18038389687708376,True,116.65185929648246,119.22609715242885,159.03006700167492,95.73013400335009,160.66738693467337
18032350366813184,True,157.5459463986597,104.48227805695139,66.70686767169177,147.99323283082077,160.35683417085428
17874383328306136,True,87.02802777777778,126.40173611111103,184.7728888888887,141.33575,184.87615277777778
18170541085342088,True,141.66397222222216,141.34313888888894,149.79693055555563,58.52175,158.54936111111112
18069952330924022,True,123.25838888888892,137.36837500000001,150.4904027777778,63.349111111111114,151.61093055555557
17989615280446665,True,131.92694444444447,158.52841111111113,198.7880111111111,95.31102222222222,198.89526666666666
18089737621987966,True,152.52072026800667,154.00775544388605,165.50874371859294,35.40574539363484,171.01388609715244
18429731665047063,True,129.0640694444444,145.95491666666666,159.03098611111108,82.70611111111111,159.531625
18081636176604530,True,101.77268055555558,121.27701388888885,135.29149999999996,95.56313888888889,140.34669444444444
17993845265679534,True,125.95611666666672,120.92106666666662,128.58504999999994,44.28418333333333,135.78508333333335
18001679075864477,True,73.13529166666667,68.41074999999998,60.95930555555553,150.6197222222222,95.20033333333333
17895548241278853,True,123.12133333333333,147.12869444444445,160.85383333333326,78.91558333333333,162.91294444444443
18015416669264792,True,98.52366666666666,132.79401666666672,183.78396666666686,128.19133333333335,184.28471666666667
18083944786636577,True,136.4564453665284,114.90381742738592,74.0931811894882,126.43099585062241,149.0404979253112
18000625244639920,True,134.98767407407408,152.95477037037037,160.4506074074074,61.760725925925925,164.98374814814815
18117060124633097,True,117.34329166666667,131.11645833333338,138.876,77.2617638888889,149.26415277777778
18126244885582859,True,136.96637377963745,147.07161785216178,147.79029288702918,41.054881450488146,150.39620641562064
18345517213166163,True,192.7152500000001,197.97561111111108,213.14405555555555,45.22340277777778,217.60579166666668
18228050092267416,True,23.527650000000005,49.14291666666668,83.49594999999997,188.92956666666666,83.50698333333334
18066781199449041,True,111.0672083333334,124.96741666666671,138.95868055555556,73.84386111111111,143.9543888888889
18089447626512031,True,163.44802777777784,129.53512500000005,114.17031944444447,108.80020833333333,164.63033333333334
17846165469680111,True,105.01469444444449,127.33606944444436,143.4308611111111,85.55301388888888,146.66645833333334
18070258652276059,True,127.23522962962966,152.71014814814814,151.6208444444445,90.01614814814815,169.65708148148147
17979725876526311,True,127.68834722222226,131.6875416666666,130.71091666666663,22.689416666666666,134.09108333333333
18382876780111321,True,143.6252,138.81262222222213,158.39046666666664,73.95646666666667,169.6003
17911959419876854,True,168.27729166666657,181.38330555555538,191.81194444444446,55.34645833333333,200.45468055555557
18243479893302065,True,132.90784444444444,152.25914444444447,165.05747777777776,62.58595555555556,168.46513333333334
18108123061376504,True,146.45388888888886,159.3535978835978,153.67427248677242,68.1025,171.47345238095238
18218987035286339,True,162.31199999999998,161.64336666666657,176.17229999999998,45.65411111111111,176.52844444444443
17856041064182298,True,99.10592964824119,126.91380234505864,162.31881072026812,113.43462311557789,166.34646566164153
17908918023010212,True,99.01365555555559,111.6219000000001,134.64114444444434,101.91756666666667,135.15453333333335
18060728267273072,True,135.74304044630404,146.84244072524407,155.99052998605296,65.19718270571828,162.52670850767086
18205584160327571,True,153.72278333333344,131.1913499999999,117.23034999999996,91.81368333333333,162.22346666666667
17849205699444156,True,137.93075000000002,139.24845000000002,140.17009999999996,61.377916666666664,156.7391
18027994432825363,True,182.73500837520942,161.09527638190966,113.14629815745388,122.67849246231155,195.93254606365159
18027051910965313,True,111.01193055555557,107.62144444444445,112.08011111111112,78.61243055555556,130.57591666666667
18258175081235366,True,111.37697222222225,166.45759722222238,190.22654166666658,125.8635,190.27198611111112
18058450487174835,True,127.05840277777787,142.8288888888888,158.83156944444437,51.794513888888886,161.5691111111111
17871299232316761,True,186.16278888888877,197.9473666666666,212.18501111111112,41.620266666666666,212.4969
18044534794560346,True,40.833833333333345,36.04981666666669,107.10281666666666,188.56573333333333,107.53578333333333
18043030973175433,True,113.63153333333348,111.77480000000006,95.39754444444435,68.47792222222222,117.02531111111111
18313227358189259,True,74.29722222222222,37.636680555555586,28.019402777777774,193.22504166666667,80.10561111111112
17842939398467560,True,119.11249999999997,125.6470833333333,141.5852638888888,88.62922222222223,156.57241666666667
18134337013539785,True,103.48547777777776,110.97586666666665,118.61959999999996,49.63313333333333,121.64773333333333
17972651603512621,True,142.57451882845183,149.02306834030685,156.02605299860545,27.63741980474198,156.5597629009763
18342226273107842,True,53.00896666666664,95.88881666666661,93.71861666666663,121.62685,101.18251666666667
18017031164109927,True,37.47647777777777,88.29043333333344,134.74222222222224,200.00404444444445,134.7472111111111
18071612321065522,True,8.785097222222225,11.37502777777778,22.49647222222222,134.7338611111111,25.250819444444446
17991636218578531,True,166.47237499999997,170.38838888888895,170.84738888888896,21.479930555555555,173.39369444444444
18410523196023278,True,117.35031746031746,120.76589285714283,118.5820039682539,29.277579365079365,123.5091865079365
17947347278983404,True,85.53123953098826,90.35043551088778,87.32400335008374,66.88190954773869,95.08968174204355
18025019156623974,True,112.51117037037031,118.81045925925926,130.33028148148148,58.43943703703704,133.33025185185184
18007718849206365,True,92.79473773265649,95.47505922165816,99.16622673434857,35.33964467005076,101.93549915397631
18077268680560886,True,73.36090277777777,68.44162500000002,60.990805555555575,152.4981388888889,95.77098611111111
18066894376508187,True,180.75509999999994,168.22558333333333,115.84260000000002,101.07931666666667,185.08655
18068449556511886,True,134.25518055555554,131.49302777777785,130.50175000000004,67.69833333333334,149.921625
18307803319179065,True,213.38295833333348,203.35698611111113,227.33106944444444,36.52265277777778,231.81641666666667
18036259583145304,True,61.1630888888889,79.16670000000009,118.69797777777768,145.16576666666666,119.45345555555555
17911411346897278,True,112.64522613065327,131.56304857621444,144.69968174204357,64.5372864321608,147.55164154103852
18077839522462781,True,56.56734999999998,74.46928333333335,90.99818333333336,116.88165,94.01943333333334
18011536943741964,True,103.30700000000009,114.6712777777778,128.02966666666669,61.237125,133.6304027777778
17927097525086253,True,96.94346215781002,108.7884057971015,102.88520128824477,61.40351046698873,115.07694041867956
18088167740523441,True,123.349,143.3938194444445,170.3370972222222,80.64118055555555,171.18479166666665
17846892135126174,True,141.79702222222227,149.08211111111112,160.79434444444456,35.560833333333335,161.60987777777777
18064444058136236,True,134.11690277777777,144.95825000000008,141.0602916666667,59.81081944444445,151.38616666666667
18063870407293944,True,228.70143055555556,226.5444027777777,240.72041666666667,18.695138888888888,240.84295833333334
18014350145317877,True,69.12445833333337,103.46540277777785,148.63355555555563,159.7637638888889,153.2097777777778
18320498956090526,True,40.9574337517434,50.6879218967922,50.642119944212,155.24965132496513,63.022454672245466
17846172747194087,True,48.73277777777778,48.53112222222224,142.57810000000003,202.8069,142.75765555555554
17963438084697554,True,125.42215277777782,118.1114583333333,135.0277361111112,110.90272222222222,157.70958333333334
18062277311109149,True,105.4592629815745,122.37698492462307,143.44095477386935,100.14167504187604,149.07591289782243
18035059636879772,True,100.35370184254607,119.04790619765498,153.4192462311558,108.68676716917923,154.5063986599665
17939534330790896,True,94.25584722222219,115.5438194444445,121.36376388888884,80.37947222222222,127.96193055555555
18029775152229375,True,80.97441666666661,115.15231944444443,100.21547222222223,126.23783333333333,122.08759722222223
17861237646495546,True,85.74148611111109,118.96451388888886,112.81133333333331,105.80505555555555,124.00120833333334
18050391941469318,True,88.51761111111108,89.53193055555555,157.78972222222214,136.757625,158.11718055555556
18048658559087891,True,157.15965555555547,155.08974444444448,167.79126666666667,40.97654444444444,174.14285555555554
18050465008829020,True,169.9016666666666,159.11902777777792,134.27868055555547,71.01998611111111,172.2223888888889
18300065554229641,True,35.5765416666667,41.63806944444443,69.52990277777782,171.67284722222223,69.66786111111111
17985485957973457,True,136.50400000000008,119.3032148148148,105.74592592592592,81.34074074074074,142.64314074074073
17999307674214726,True,175.51662500000006,166.12709722222218,145.7605416666667,57.339166666666664,177.47043055555557
18146805901363937,True,106.97498611111115,120.11477777777776,126.53595833333335,53.99304166666667,127.71393055555555
18101110760304823,True,103.40294444444443,126.77519444444452,118.34627777777784,86.6162361111111,134.79247222222222
17956051157698633,True,121.59647222222222,132.3635972222223,141.64855555555556,57.92290277777778,145.74963888888888
18051044723140635,True,81.33749999999996,109.54488888888885,104.84242222222223,121.23966666666666,118.64126666666667
18034062781750162,True,185.4531777777777,187.2086444444444,189.34129999999993,22.974511111111113,194.36407777777777
18079700090574948,True,69.55072222222219,126.60237499999995,97.09918055555559,124.059375,127.84094444444445
17869051635297441,True,188.95118055555562,132.8618472222222,92.91256944444447,158.261875,203.06704166666665
17924952222267728,True,132.53241481481479,143.42663703703704,148.18694814814813,47.047644444444444,149.27866666666668
18294345034089047,True,125.93365277777781,140.09691666666666,152.47458333333344,75.74275,159.47340277777778
18089780911402216,True,127.87864444444436,130.81002222222224,156.3826777777778,73.15426666666667,160.9154
18064115753345307,True,93.72848082595868,108.91542772861354,129.23918879056046,121.73424778761061,138.5258407079646
18072659842540448,True,129.0610416666667,140.7392222222222,132.75944444444437,74.47236111111111,146.7950972222222
18006333881157494,True,79.47586111111112,117.44872222222223,164.17176388888893,140.46093055555556,164.18976388888888
18284277259080705,True,101.05048865619544,130.59666666666672,128.9087609075043,74.82715532286213,136.67808027923212
17953693707128312,True,137.17263703703702,157.04071111111105,140.8997185185185,114.31866666666667,181.11253333333335
17989214609953265,True,190.4969166666667,185.15155555555557,161.6275277777778,67.25572222222222,199.62425
17868382533416700,True,95.89572222222235,82.13584722222227,76.52772222222224,104.72472222222223,103.9432361111111
17899565085391060,True,110.03976296296301,117.51623703703713,125.90954074074081,57.91371851851852,128.26816296296298
18057419378484311,True,50.78486725663716,76.50202064896757,75.94196165191747,112.36989675516224,85.23249262536874
18067097731844550,True,144.1882777777779,161.07054166666668,162.33350000000007,53.2875,169.64554166666667
18020291228473698,True,115.42455555555549,125.84612500000006,128.8391527777778,72.90152777777777,138.52256944444446
18029771429493833,True,106.67991111111111,148.95716666666655,143.68507777777788,94.2328,152.61201111111112
17853663609149802,True,68.92205000000003,88.69015000000003,102.24628333333328,108.41948333333333,105.88901666666666
18440862874031879,True,141.5333037037036,135.87788148148152,118.90610370370361,67.27668148148148,147.14574814814816
17892614835147830,True,123.05083333333347,126.01379166666665,124.19726388888893,37.98430555555556,132.66705555555555
18100317616437544,True,160.00122222222225,166.89093333333327,187.9981777777776,58.60917777777778,192.64303333333334
17895629027992716,True,105.61818055555554,116.72852777777777,124.17795833333334,61.06758333333333,128.96131944444446
18085910947415020,True,118.92570432357047,133.22294281729427,140.20550906555093,63.21896792189679,144.67087866108787
18010055774459920,True,165.30648888888882,164.51747777777777,163.58879999999996,44.54026666666667,180.7441
18151005706445730,True,130.95054166666668,142.3907083333334,147.30401388888893,60.48908333333333,154.6256527777778
18071159381346400,True,19.480027777777774,35.43972222222224,76.61216666666664,201.77351388888889,76.82815277777777
18331389676217945,True,133.0390166666666,129.1898333333334,140.64936666666677,46.259166666666665,142.95948333333334
18436177696063787,True,86.90243333333326,83.78955555555558,80.24491111111114,80.31764444444444,96.23434444444445
18056347513605354,True,123.62058333333334,125.63062500000001,126.97616666666669,56.45791666666667,134.04520833333333
18054626341845637,True,100.20394444444443,111.76206944444449,133.63568055555558,111.35111111111111,139.64147222222223
18215794222316912,True,176.97418055555548,148.34943055555553,151.49329166666672,83.40072222222223,188.87179166666667
17854415700628286,True,144.2756388888889,132.68025000000003,115.81520833333342,80.20416666666667,153.2910138888889
18301317382200195,True,190.83831111111112,213.86220000000014,229.06863333333328,53.205733333333335,230.90005555555555
18038608594633858,True,83.15611666666669,81.79079999999998,120.72768333333329,130.93781666666666,120.8025
17978757440644017,True,29.471638888888904,63.264888888888876,83.88773611111118,153.06458333333333,84.27415277777777
17968368473650033,True,121.40847222222219,137.70845833333334,94.99662500000001,117.40306944444444,141.8968888888889
18070815481724252,True,93.17455696202528,119.40476793248952,144.58132208157528,108.91417721518987,145.14440225035162
17890755971917166,True,158.1108710217755,172.42564489112223,169.82536013400335,48.544103852596315,182.37308207705192
17881670481068268,True,135.2635777777778,135.91366666666664,102.7040333333333,114.46888888888888,158.79257777777778
18021894314084313,True,183.75486111111107,187.48009722222216,193.35391666666666,41.112833333333334,199.6265138888889
17899564515410289,True,108.72419444444442,118.03025000000004,135.71366666666665,71.7220138888889,138.47979166666667
18033976483791988,True,92.68865277777773,109.91369444444446,121.27358333333329,84.8146111111111,125.79558333333334
18066485716661875,True,181.6987638888888,184.15083333333322,188.7524305555555,26.250902777777778,192.03898611111111
18412988074017542,True,161.4783472222223,199.22323611111105,222.43719444444466,75.46956944444445,223.83940277777776
18118196389596065,True,74.80669444444445,97.3836944444445,122.21372222222216,96.53381944444445,122.4935
18031491419282200,True,80.7330499999999,98.95088333333328,120.5955833333333,111.00701666666667,123.81088333333334
17998088474306729,True,89.77420940170938,126.32408119658129,115.47670940170936,114.03722222222223,132.71923076923076
18057788275892640,True,100.75664444444449,118.17075555555552,132.3016888888889,73.1433888888889,135.1830111111111
18066624085573402,True,119.36605925925929,132.6964296296296,138.48048888888883,53.32608888888889,141.5408
18495894220003847,True,169.50893055555545,162.6220555555555,140.0658888888889,69.05826388888889,171.93363888888888
17934707090964383,True,111.0372444444444,116.02385185185184,129.8890370370371,89.20306666666667,137.43564444444445
17879855066963378,True,157.74837777777765,136.38452222222213,131.8757555555557,87.3441111111111,170.20811111111112
18030805480797795,True,66.6994888888889,85.32658888888892,104.68621111111115,118.97925555555555,110.23603333333334
18105142984491360,True,147.86951388888895,154.24572222222207,163.8376666666666,55.904069444444445,168.51943055555554
18111055921494972,True,192.4484305555554,180.06348611111102,162.4880555555556,57.898125,200.3112638888889
18012834017268284,True,62.379472222222226,112.26697222222218,166.174375,175.533,169.08995833333333
18151737151364249,True,131.1583825597749,149.73746835443038,154.61576652601974,66.09554149085794,164.85116736990156
17909806220892686,True,196.8350222222221,197.09307777777772,202.34877777777785,25.339033333333333,209.17118888888888
18088634443944242,True,134.22712500000006,150.3534305555555,187.4695277777777,85.30456944444444,191.582625
18063972712446711,True,170.77416666666667,118.2435,70.61895833333332,146.58997222222223,171.49870833333333
17955964283746066,True,160.83479061976553,176.31144053601327,171.87142378559474,49.13986599664992,181.09180904522614
17872924440583376,True,116.5031944444443,139.25322222222226,182.27787500000008,99.77244444444445,182.97334722222223
18071721376587043,True,126.11567777777778,129.26318888888892,127.40637777777776,68.50556666666667,142.0246
17936260475734273,True,232.65551515151523,232.05857575757594,232.31883333333352,11.419530303030303,236.75042424242423
17870761773050169,True,157.5459463986597,104.48227805695139,66.70686767169177,147.99323283082077,160.35683417085428
18308797099216054,True,225.47347222222217,222.20100000000002,195.83251388888897,51.753277777777775,234.4692777777778
18039841013162111,True,138.21122222222218,149.79384722222218,178.91243055555566,71.3061388888889,179.65704166666666
18322969600189352,True,113.0715777777778,120.8617333333333,129.2941111111111,57.586777777777776,133.74635555555557
17945977335153078,True,181.99838888888888,188.69006944444442,183.10358333333323,46.90102777777778,196.74997222222223
17904526853989529,True,73.24881241565451,102.3307827260459,96.30029689608644,107.31580296896087,108.40350877192982
18026706641591238,True,205.43968055555553,200.49305555555566,197.33691666666678,20.284444444444443,207.57681944444445
17891335419330880,True,24.150083333333324,47.23271666666664,71.8547166666667,158.08455,71.89605
17966835710790327,True,88.81812222222227,96.29551111111104,97.84703333333336,57.06042222222222,103.75711111111112
18101475298728345,True,71.32581944444442,96.34188888888887,96.61898611111107,107.47634722222222,102.93105555555556
18365419366146253,True,116.09143055555555,105.04487500000002,120.44066666666663,74.84395833333333,134.20690277777777
18074447891252714,True,104.69330383480825,130.82382005899703,146.84380530973445,99.01883480825958,149.97300884955752
17905112270859001,True,106.6907361111112,114.41998611111109,122.6320694444445,51.76675,127.06483333333334
17980650383750531,True,72.44331111111119,38.833844444444445,35.93387777777779,159.92576666666668,75.43297777777778
17902487433090244,True,42.98669444444444,55.783,104.3120000000001,180.27718055555556,104.68101388888888
17873120199468272,True,107.15226388888883,120.47659722222221,142.53448611111108,91.64075,150.98668055555555
17904681291244850,True,124.98177126917717,117.87695955369598,106.35456066945612,62.0910460251046,134.22019525801952
18055422623190853,True,147.81429166666666,164.541625,181.97443055555564,64.20922222222222,187.09240277777778
18072663997639389,True,122.34105555555557,149.89775555555562,168.86659999999983,92.26945555555555,175.63545555555555
18072938749696454,True,146.4375833333334,149.99183333333337,140.59804166666675,63.149569444444445,164.45751388888888
18050526742664706,True,174.83661111111107,191.69831111111114,209.4043999999999,54.80967777777778,211.9459222222222
17876338044023470,True,125.23031944444439,137.19502777777774,159.20931944444436,86.48186111111112,164.89516666666665
18071187194663914,True,123.4458999999999,145.99239999999998,166.75138333333325,80.79285,171.68348333333333
18039065852380653,True,72.31352413019076,99.16839506172838,128.18332210998886,122.11687991021324,130.0232884399551
17947620971805666,True,103.11083333333336,112.02873611111113,126.01162499999994,80.36594444444444,134.1173611111111
18039771043789580,True,115.41552777777783,102.51561111111116,104.52033333333333,88.34343055555556,130.88538888888888
18402324895134199,True,102.13993055555558,110.98829166666663,129.2840416666666,89.45480555555555,133.58030555555555
18252656008209916,True,114.62023648648646,114.65827702702703,116.65799549549548,95.59027027027027,132.9218355855856
18132102442329887,True,113.96988391376452,129.73897180762847,142.215008291874,72.67320066334992,147.50092868988392
18399142090199616,True,138.0480833333333,137.5866666666666,148.4925277777778,48.83645833333333,155.72859722222222
17872082667204049,True,70.73768479776845,101.74027894002788,133.73662482566246,143.81615062761506,133.9071548117155
17916908421027027,True,105.3475694444444,126.41388888888898,142.78320833333328,82.45270833333333,145.0751388888889
18316735741259991,True,80.33366666666664,111.44984444444447,150.07158888888893,126.5594888888889,150.2041888888889
18001346612202556,True,124.95952777777778,163.67804166666673,204.50901388888911,113.94030555555555,204.62770833333335
18033995215702994,True,104.15216666666663,114.1171,116.90051666666663,56.943733333333334,122.09905
18348025927208742,True,114.44108148148135,152.18401481481487,190.48223703703684,121.06023703703704,190.90068148148148
17891576766147235,True,112.70197222222224,143.18361111111108,163.74773611111124,98.23941666666667,168.997625
17858628066079704,True,135.30811715481173,143.2554393305439,153.89800557880048,85.57065550906555,165.532050209205
18040637251766616,True,34.707755644090305,103.04920318725102,174.00759628154057,208.35196547144756,174.01806108897742
17937213467728642,True,171.9972916666667,149.42293055555558,123.84509722222214,86.70047222222222,180.61990277777778
18272048041251395,True,178.8900557880056,144.613110181311,104.94280334728029,116.67372384937238,186.70927475592748
17849600469397922,True,115.63013888888892,137.94280555555557,154.96787500000002,85.81261111111111,158.45981944444443
17952116723907661,True,154.04518828451876,151.3882566248257,136.60069735006974,70.8426080892608,169.61258019525803
17853182715112529,True,117.08472222222218,155.22769444444435,177.52738888888885,113.31118055555555,185.70843055555557
17894978400225914,True,83.61779166666665,91.83623611111109,74.45281944444442,86.73630555555556,93.7478888888889
18063048928842882,True,57.38074309978772,62.33866242038223,79.92458598726112,132.81893842887473,93.8856263269639
18281685913090627,True,116.0782147838215,106.64930264993023,104.6800418410042,87.38323570432357,126.23983263598326
17997969695309001,True,94.3092777777777,113.87909722222226,139.76222222222225,108.14990277777778,143.97016666666667
17880818592350800,True,142.2755,124.05894444444442,114.0682916666665,129.38347222222222,167.45693055555554
17846364141147787,True,229.08881666666667,223.3636666666667,212.2721166666666,27.112833333333334,230.8418
18101424835345457,True,136.99068888888888,141.06779999999992,133.94093333333322,36.72756666666667,143.74427777777777
18304533379149333,True,58.03776666666666,94.46056666666662,99.18838333333335,143.40513333333334,105.55321666666667
17872957299058029,True,132.4270013947002,138.14559274755928,144.02216178521616,70.7510739191074,157.36168758716875
18325541206300401,True,46.95887500000001,65.22851388888893,75.47730555555557,109.915125,77.75706944444444
18058370674857704,True,96.50040277777781,124.56447222222224,160.1939861111111,115.17340277777778,161.43993055555555
18413140570180454,True,70.81581944444444,64.13559722222217,108.91451388888882,160.08366666666666,109.9942638888889
18118717150399994,True,147.0484555555556,140.0841444444444,149.91172222222212,67.36362222222222,162.7223888888889
18421090036013436,True,70.14458888888885,97.22381111111117,109.37128888888878,142.5586111111111,124.40672222222223
17978664758843860,True,175.6294833333334,173.29008333333326,184.1100833333334,46.29516666666667,196.40726666666666
18051391439039661,True,34.05383333333332,30.73401666666664,126.61245,220.0741,126.82131666666666
18181211866331374,True,54.751444444444466,61.96206944444445,70.15508333333332,81.46701388888889,74.79822222222222
17854082007483981,True,160.55556944444442,146.46952777777778,120.82708333333339,71.435,163.724625
18011552969437577,True,132.02371111111097,144.77130000000002,169.2765777777777,81.5085888888889,173.48353333333333
18244421842284943,True,175.60462222222216,146.50323333333333,119.25799999999998,86.0355,178.41591111111111
18058258181078641,True,81.93618055555558,73.6977916666667,79.95165277777781,96.50719444444445,95.88420833333333
18327189112211818,True,145.69069444444452,137.15466666666677,107.13240277777783,140.43704166666666,176.75731944444445
17948968514780303,True,122.03173333333335,116.23059999999991,134.30254444444446,82.19274444444444,140.9614222222222
18071196818136660,True,122.89688888888888,153.8449583333334,177.82847222222227,92.67529166666667,178.1412777777778
18085983245050170,True,45.54452777777776,61.83450000000001,91.5206527777778,143.4903888888889,91.64244444444445
18451037071019996,True,145.57922644163153,159.65704641350206,132.43980309423353,97.3635864978903,172.60881856540084
17924121675076775,True,190.2958611111111,195.23795833333335,182.98098611111115,52.77126388888889,205.0764861111111
18033848761884230,True,68.36853333333333,107.41375000000004,134.8836333333332,162.12566666666666,134.92755
18011037644483060,True,127.08704166666666,138.92106944444444,131.4102361111111,48.08009722222222,144.79195833333333
18067437157537266,True,84.66677777777775,97.91491666666664,109.185236111111,69.8938888888889,110.64218055555556
18125928340514718,True,138.4812638888888,151.80072222222222,164.5041527777777,64.709125,167.84181944444444
17885688423496937,True,200.77756666666664,212.41326666666674,219.5970166666667,33.12393333333333,224.09251666666665
18031496291769487,True,34.75926388888888,38.493763888888886,100.7993055555556,206.9560972222222,100.92215277777778
18052562809679563,True,146.77251111111119,145.77699999999996,133.3677999999999,74.67842222222222,161.7616
18043274969060606,True,139.22039999999998,148.04076666666666,163.2988111111111,52.65186666666666,164.84935555555555
18041919289634549,True,94.02099601593622,114.09030544488715,138.00815405046495,99.66709163346613,142.1306374501992
18445689901045401,True,100.78051111111118,112.34121111111112,116.42993333333332,92.28948888888888,127.2854
18393631675078940,True,99.70258333333335,117.96868333333335,153.09716666666665,111.07221666666666,155.15388333333334
18089279732259909,True,124.72662222222219,153.98102222222224,148.28546666666665,84.00094814814815,164.78475555555556
17967556358739398,True,75.70190954773872,85.26765494137355,71.68398659966503,105.98172529313233,93.62973199329983
18263496307224604,True,77.68490039840637,88.25120849933602,108.50399734395755,92.00051792828685,113.51498007968128
17992456025947940,True,120.66201481481477,122.52106666666664,127.66845925925928,36.31065185185185,130.10454814814815
18075678365001099,True,60.98545327754531,87.14578800557874,96.82096234309635,106.55357043235705,99.15348675034868
18001593782387562,True,122.08533333333331,132.42752777777778,164.15961111111122,96.72513888888889,166.54765277777778
18136977193344926,True,185.09793055555562,179.66324999999995,162.94783333333325,89.11958333333334,210.25351388888888
17968342025734835,True,123.40586111111098,150.70726388888886,186.46766666666662,92.17481944444444,186.46769444444445
17932382616182576,True,122.59108333333334,132.9158333333332,166.8483611111111,86.82501388888889,169.640125
17863156023034816,True,154.1144053601341,150.6560636515913,111.55797319933001,129.0630988274707,173.9122445561139
17872052106476718,True,170.14934722222222,142.55218055555557,161.15648611111115,62.65777777777778,176.54822222222222
18402992146123102,True,156.8461388888889,149.90027777777772,154.23212500000002,52.45773611111111,166.41370833333335
17936330294924061,True,163.4671250000001,177.00788888888889,183.53093055555567,53.39475,185.72452777777778
18061928255419876,True,169.35940277777792,180.15540277777788,183.04102777777774,33.46613888888889,185.70538888888888
18005347517362895,True,89.81787500000003,101.2663055555556,129.9740694444444,113.05848611111111,136.971375
17861441136050209,True,156.68778333333327,160.96811666666665,156.99955000000008,44.40441666666667,169.31418333333335
18036994438708412,True,125.48842546063658,140.43380234505858,148.64396984924628,63.27175879396985,156.0787604690117
18066715012448234,True,195.98701666666656,201.87018333333327,228.56761666666662,43.59531666666667,228.67773333333332
18023642395879395,True,164.5131444444443,158.94606666666672,134.2211,73.78765555555556,171.29184444444445
18045061139240897,True,53.341013888888874,96.81290277777775,138.7672916666667,160.340875,138.78109722222223
17903735639977646,True,193.53782222222222,207.75076666666666,190.7880222222222,49.5205,211.5085
18121410613717307,True,155.8127916666666,165.00106944444443,188.17436111111127,67.609,190.97790277777779
18032724341095836,True,98.55186666666665,129.04807407407398,160.79361481481487,111.6027111111111,164.11906666666667
18011252927407187,True,49.075155555555554,61.76657777777778,56.16146666666668,57.94757037037037,66.07628148148149
17914728215973413,True,109.30263888888886,127.7206944444444,134.53393055555551,76.31972222222223,139.27108333333334
17988409913371277,True,156.85145833333334,175.54259722222224,196.0683750000001,58.37209722222222,196.13820833333332
18102471946371276,True,153.50326388888888,159.55075,164.716125,35.674930555555555,168.79836111111112
18005867774270093,True,98.97019444444446,134.7934166666667,151.35237499999997,140.37047222222222,167.07368055555557
17896042307917349,True,143.85649916247908,175.36035175879385,158.52197654941375,72.03169179229481,179.5159798994975
18011675567176829,True,145.14017214397495,141.19241001564933,138.12821596244132,78.87552425665102,157.69902973395932
17935602981006696,True,149.8615416666666,188.74762499999989,210.02587499999987,83.0219861111111,211.83641666666668
18078255476118610,True,52.025900000000014,77.8447,108.79804999999998,142.49365,109.1835
18024825023494583,True,38.648088888888864,43.575755555555595,57.65538888888887,102.3293,58.16036666666667
18095307784959186,True,20.192416666666688,51.88145000000003,90.19685,217.08913333333334,90.20661666666666
18027045610766832,True,175.44980000000007,162.72418888888888,162.2420222222223,70.71504444444444,190.98332222222223
17992334732502809,True,192.8974888888888,200.89736666666664,205.98475555555538,33.64907777777778,208.5123111111111
17987781893639556,True,160.0438194444444,157.30318055555566,155.4067083333333,42.40873611111111,167.57891666666666
18073373344474752,True,115.13444444444443,135.81109722222226,149.62625000000008,80.45848611111111,150.35905555555556
18057110392662759,True,43.848791666666656,57.88850000000001,90.27548611111105,157.73266666666666,91.13345833333334
17875853475372994,True,78.57737500000002,86.98823611111112,70.91773611111108,144.5485138888889,103.89711111111112
18513005551069326,True,71.04455555555556,81.01095833333333,86.22711111111106,50.23169444444444,88.21752777777778
18018823007045205,True,111.85676429567643,108.49043235704328,99.05747559274758,106.9676429567643,122.9452580195258
18101032129406647,True,126.02549999999998,157.65093333333337,177.69067777777786,83.41154444444444,180.10462222222222
17872421016580688,True,69.41410370370372,76.02640000000002,83.90620740740735,125.88245925925926,91.51484444444445
17957334263918156,True,132.07133333333329,128.84445925925922,139.90760000000014,94.24192592592593,160.51334814814814
18251133994234523,True,194.73542222222207,199.64182222222234,200.75138888888887,16.485411111111112,202.2425888888889
17975488832620311,True,83.97933333333337,124.74031944444447,167.79497222222224,141.3678888888889,168.11904166666667
18042678685780556,True,139.63778888888893,155.87233333333322,164.71562222222212,57.880522222222226,165.5010111111111
18044592077304086,True,124.96472222222229,132.45277777777787,142.81394444444453,46.14705555555555,144.29958888888888
18023715676950936,True,35.74272222222222,27.26168055555556,136.20137499999998,208.19747222222222,136.27927777777776
17932502786800155,True,25.299416666666676,31.634222222222245,29.28623611111109,84.8445,33.33775
18101145284505320,True,173.61365925925926,142.99394074074064,106.3967111111111,102.7788,178.61016296296296
17985272648704132,True,121.57192222222217,133.80373333333324,173.95553333333328,106.84388888888888,175.6110888888889
18095856571908788,True,156.3750833333333,162.84313888888906,173.2973749999999,43.68245833333334,176.536
17959584197849411,True,52.77409722222221,103.5667916666666,161.72604166666662,183.50993055555554,161.76222222222222
18132656824530850,True,49.667837037037025,44.08080000000001,48.233822222222244,73.52373333333334,55.462074074074074
18169640467395394,True,151.50274999999993,165.36743333333337,185.1219166666666,51.31693333333333,185.30361666666667
18054403388209913,True,110.81861111111107,98.65033333333335,93.74684722222217,120.06076388888889,127.59765277777778
17903545689244804,True,216.05404166666662,175.62791666666664,141.611125,93.51577777777777,216.42643055555556
18065610802446742,True,96.62951423785599,95.89611390284755,101.15996649916252,72.20050251256282,115.35338358458961
18011652476416665,True,32.691825795644895,68.87341708542718,111.54943048576216,199.45515912897824,111.92236180904523
18012872591021446,True,132.76571111111107,143.81974444444447,162.24552222222212,51.89194444444445,162.4999777777778
18198752188308466,True,85.76644351464435,106.5250348675035,138.66390516039047,119.2960390516039,140.84691771269178
18016483295022875,True,163.1657,151.37638333333337,121.01115000000007,85.7358,165.68418333333332
18106220381510159,True,114.19098611111112,134.98152777777779,149.54238888888878,105.24309722222222,158.89422222222223
18032143142596512,True,120.44659722222221,132.03426388888892,146.27138888888896,74.62018055555555,154.325375
17984746682851692,True,107.99176388888888,128.0589166666666,143.40473611111113,82.00452777777778,144.62998611111112
17966648262058197,True,139.85765925925926,135.79662222222217,123.04659259259259,93.55394074074074,160.72423703703703
18028138762948886,True,138.34430485762152,152.08958123953107,163.0233835845895,71.58482412060302,170.1597822445561
18059000465465165,True,146.00843055555563,119.67293055555554,106.55890277777772,84.87104166666667,153.36505555555556
17922571434326688,True,186.65390277777757,171.89838888888886,228.61873611111102,68.41386111111112,229.04244444444444
18146273893312416,True,110.09281944444439,112.52324999999992,107.76400000000004,73.01465277777778,123.36338888888889
17917409910082116,True,86.30197222222215,116.68104166666672,175.614888888889,139.88294444444443,175.96593055555556
18005773460889041,True,86.71007407407409,107.77450370370367,119.83727407407412,85.95573333333333,127.20937777777777
18464073814096433,True,49.88249262536878,78.33162241887905,92.80676991150446,153.60370206489677,101.39185840707965
18315557950280321,True,183.53608888888886,157.76091851851854,122.00327407407408,87.60391111111112,184.99245925925925
17897575475932055,True,75.93124444444447,100.55857777777778,117.36852222222221,126.5798,121.46777777777778
17920801917280468,True,144.42001388888897,146.46383333333333,156.58902777777783,57.089305555555555,163.68390277777777
18012608326973173,True,170.2410555555555,179.93604444444458,204.48291111111104,51.22707777777778,205.14947777777778
18045153349619043,True,152.55808888888896,166.25998888888873,203.8004333333334,77.27594444444445,204.18894444444445
18064004023602526,True,154.19315277777775,150.3805138888889,104.61202777777775,109.46776388888888,168.3428888888889
18084718246862389,True,153.66381944444433,84.8539861111112,86.04155555555558,152.6944861111111,165.80506944444446
17990034689358173,True,166.35388888888892,160.05745833333341,150.6990555555556,53.21226388888889,173.02280555555555
17920651539331289,True,132.56952592592592,139.78272592592606,167.5887851851852,72.68442962962963,170.23170370370372
17860866402519478,True,109.19519444444447,107.98574999999998,96.4611527777778,102.90676388888889,126.66955555555556
18250625113273401,True,162.2815138888888,163.0756666666666,175.50995833333337,56.27084722222222,186.88297222222224
18114378013517965,True,34.09747222222222,48.82841666666665,134.3695833333334,203.16140277777777,134.37452777777779
18063524281716593,True,60.50388888888893,81.36547777777781,92.15997777777777,144.56661111111111,100.19787777777778
18074105120651801,True,99.78701388888884,159.34127777777786,238.32651388888888,149.72645833333334,240.80591666666666
18095002444910796,True,101.39659722222223,124.53072222222222,156.82188888888888,106.23,159.0791111111111
17960875665031122,True,112.39036111111115,139.84158333333335,165.0410555555556,86.91502777777778,165.71130555555555
17950870118689061,True,35.69718888888887,89.72411111111109,139.43024444444438,193.8199888888889,141.79154444444444
18069823676175330,True,125.75338888888888,131.91041666666675,128.60043055555556,75.97759722222222,141.60595833333332
18041609291784989,True,76.11452777777781,89.64494444444443,101.17590277777772,113.16979166666667,113.25393055555556
18033692338721290,True,105.42238333333336,121.62381666666661,148.57573333333335,84.26236666666667,149.40286666666665
17888088780122022,True,94.02004166666674,69.90661111111116,77.61800000000002,145.77094444444444,114.95598611111112
18099371662951987,True,126.76682962962963,152.08848888888883,166.2654666666666,67.12974814814815,166.30583703703704
18031332961836262,True,97.25525000000009,112.28941666666671,129.26361111111112,132.29647222222223,149.89334722222222
17929946063908376,True,122.94171111111115,147.43944444444446,176.10370000000015,103.12832222222222,176.2274888888889
17901021915425056,True,222.04269629629633,177.0417481481482,129.35133333333334,107.84552592592593,222.18022222222223
17862626070329433,True,27.194000000000013,74.06387499999995,128.75170833333334,211.98125,129.26669444444445
18035305948935377,True,122.25567777777775,132.67605555555565,146.17997777777788,69.7496,147.59352222222222
18089273141243996,True,127.27898611111114,120.81825000000003,102.33359722222212,104.82111111111111,139.009875
17863308342096893,True,69.1332222222222,101.9799888888889,148.8193222222223,149.9831,149.00938888888888
18061713496616820,True,125.7605833333334,144.11954166666672,155.06212499999998,67.43541666666667,159.35063888888888
17859149187545644,True,55.29719444444444,86.09352777777781,97.90181944444446,130.960875,101.14179166666666
17942616237135591,True,72.28497222222222,91.02263888888886,114.7778194444444,113.31081944444445,118.59634722222222
18002841179812542,True,135.29394190871375,88.91869986168739,37.52154910096821,183.44990318118948,138.80015214384508
18038163703684619,True,99.98854166666665,121.80058333333326,135.52829166666663,89.49256944444444,138.24441666666667
18017919929194057,True,109.69948333333332,120.2116833333334,128.18229999999997,67.09803333333333,133.24028333333334
17859477900140601,True,80.37940277777778,103.58252777777778,122.53490277777772,167.09758333333335,149.3607638888889
17865600771067384,True,53.178333333333335,75.9311944444444,73.12376388888892,94.50090277777778,77.640375
17895544353219571,True,80.74841666666659,80.97769444444444,75.96851388888892,130.78679166666666,92.04566666666666
17949717645132701,True,73.32109722222224,68.34654166666665,61.16313888888889,150.30484722222224,95.41509722222222
17966254673681990,True,58.223694444444455,72.3329027777777,80.96933333333337,71.19419444444445,81.81516666666667
18584000215020224,True,126.05558333333347,151.67551388888893,199.73858333333325,102.95334722222222,200.98619444444444
17915174970170791,True,134.46987499999992,139.5384722222222,171.01490277777776,78.88047222222222,174.42029166666666
17997012635614567,True,170.8374583333334,176.2866805555555,180.62205555555562,58.48123611111111,186.98668055555555
18043500034693588,True,185.814625,136.683125,64.4299861111111,163.91004166666667,189.11918055555554
18039284423575922,True,74.98551388888886,82.61705555555554,102.2863333333333,111.4263888888889,108.91148611111112
17950618346667537,True,156.94676388888885,109.3971527777778,53.63693055555553,172.43777777777777,161.94148611111112
18010657463807879,True,35.39989999999999,61.63225,86.4096333333334,172.56925,86.47691666666667
17972637704813795,True,61.84791666666668,94.83966666666664,124.41736111111112,140.4692777777778,127.25531944444444
17985578189398103,True,173.67442119944235,181.66806136680603,187.71246861924695,27.23423988842399,188.67174337517434
18085475144164476,True,116.7292916666667,128.52712499999998,146.7525416666667,80.91623611111112,149.02370833333333
17847777420243177,True,100.24192468619246,120.69923291492327,122.19502092050207,86.19955369595537,129.37694560669456
18383689912083028,True,36.617007407407385,83.37791111111116,104.08957037037038,186.56148148148148,108.75434074074074
18111363175828846,True,77.18726388888889,67.74280555555559,70.44045833333338,91.995,89.1733888888889
18348748246179690,True,110.39421111111112,115.14382222222225,145.08521111111128,79.03647777777778,149.52825555555555
18016297415130893,True,85.9280138888889,84.07606944444441,114.4250138888889,147.6317361111111,129.16390277777776
18148494277489790,True,122.3158962962963,118.21466666666664,119.5223851851852,59.86354074074074,133.1145925925926
18469299625019154,True,137.0500555555556,137.0017499999999,115.54805555555556,88.21368055555556,148.09119444444445
18046993327825965,True,92.30486666666665,112.81121111111113,138.9493555555555,103.13202222222222,141.16701111111112
17978262068727964,True,128.63181944444452,145.71926388888883,162.44225000000006,77.52572222222223,163.9518888888889
17978002163680411,True,129.16217573221752,120.06775453277541,104.52043235704325,81.92026499302649,132.98198047419805
17976261305569851,True,168.41739259259265,192.41108148148152,140.45235555555553,126.47146666666667,209.86573333333334
18352561546208077,True,144.16354166666665,105.75130555555555,57.917236111111116,158.60244444444444,144.45086111111112
18308981107135760,True,38.08614444444443,27.055011111111103,26.198155555555562,159.9882111111111,50.31455555555556
18028358497753117,True,101.76738333333333,132.13063333333326,130.13773333333324,75.77618333333334,138.5167
18052368358576159,True,43.5989111111111,53.511255555555586,99.4177,145.72234444444445,100.38966666666667
18071476774420707,True,72.90556666666664,98.18666666666672,118.41778333333326,100.35033333333334,120.1128
18143659786494565,True,39.19427777777776,63.76895833333335,99.42559722222217,145.6081111111111,99.67805555555556
18004853702522343,True,142.28547777777783,127.51113333333335,128.16723333333334,84.15254444444444,161.2924888888889
18045598553525429,True,174.9381666666667,182.52499999999992,200.0918055555556,43.869375,202.96656944444445
17897422179429254,True,86.40665277777784,68.94581944444442,53.482000000000035,174.06755555555554,106.68376388888889
18573527695056045,True,157.19454166666674,127.36499999999985,174.32733333333329,100.56327777777778,181.06595833333333
17887857894336102,True,139.69652777777773,153.44302777777787,138.05643055555552,64.02175,161.38495833333334
17976109028644187,True,118.11936111111115,129.92316666666667,130.15841666666665,69.96231944444445,142.70031944444443
17943486261096586,True,107.01851851851862,114.33801481481484,126.30285925925931,66.64309629629629,130.47746666666666
17919111959817633,True,142.99321111111115,184.46627777777766,211.75123333333343,87.721,211.75123333333335
17878286274575577,True,164.4915833333335,167.60586111111115,187.23783333333324,35.07947222222222,187.39766666666668
18026398748356885,True,135.13581944444445,127.3587777777778,163.36256944444446,62.70272222222222,164.09934722222224
18046349756174746,True,67.57151388888889,132.50675,92.08274999999999,132.35361111111112,133.201375
18024359759095796,True,65.35174444444439,71.4413,141.85574444444453,165.8284888888889,142.866
18105718930409597,True,82.26570833333332,50.38775000000007,25.839763888888886,175.24466666666666,83.39901388888889
18056676394559840,True,75.16507777777782,101.40259999999998,156.6265222222223,144.66526666666667,156.76246666666665
18077502629036902,True,128.09820833333328,135.86873611111102,145.8805972222222,49.472458333333336,148.4440138888889
18388826170095007,True,150.43462500000004,161.8349583333333,195.26255555555562,68.89052777777778,195.43872222222222
17854445202096994,True,87.57969316596927,106.77065550906555,107.66408647140867,89.78136680613667,115.0207810320781
18312583810193288,True,92.70756944444436,124.85641666666675,141.099611111111,139.9851111111111,159.76958333333334
17900348796178450,True,112.06412499999988,110.59194444444441,74.32370833333331,161.26243055555557,142.94454166666668
18035063989865069,True,128.24244444444452,144.72108333333327,166.29463888888887,73.54219444444445,168.005375
17843019228295225,True,163.98273611111128,180.73224999999994,157.19941666666662,73.16929166666667,184.14568055555554
17985827957504910,True,135.99608040201002,148.80862646566163,158.67350083752095,82.62546063651591,174.37452261306532
18334943740103562,True,135.597511111111,161.44829999999993,184.71227777777793,85.0535111111111,185.76978888888888
18079107818403306,True,93.1004027777778,85.30338888888893,106.09397222222219,76.63544444444445,110.78738888888888
18114952858621788,True,51.13087102177555,68.29251256281412,89.87643216080397,134.17554438860972,92.22450586264657
17914194873312900,True,165.57691771269168,163.32983263598337,148.33940027893993,75.2142119944212,181.4210878661088
18027988268292408,True,134.45275555555557,147.9988148148148,160.82598518518526,57.8644,163.61666666666667
18049622171611003,True,146.85291666666666,172.1328750000001,182.35002777777774,66.315625,188.6995
17957836391682004,True,139.04695833333335,155.3409722222222,158.85563888888882,79.77513888888889,174.5041388888889
18072784763380469,True,25.906622222222214,43.400444444444446,62.810251851851845,173.1445037037037,66.80337777777778
17984909921394763,True,91.05631133671741,116.6446869712351,147.33502538071068,99.80822335025381,149.03504230118443
18035571410695456,True,114.90025,130.29254166666666,150.1914166666669,74.59566666666667,152.6846111111111
18079627534701944,True,92.48998333333337,119.84433333333337,149.6569166666667,114.95248333333333,150.90073333333333
18022594939949559,True,133.29495833333337,134.519125,134.0224861111111,83.87879166666667,157.62783333333334
18033463241670141,True,125.23163888888895,101.5393611111111,84.18962500000002,140.36488888888888,143.19316666666666
18057623470545060,True,93.57421111111113,112.71114444444443,117.95436666666669,65.93526666666666,122.93945555555555
18417088231021690,True,110.10728333333333,104.20379999999999,89.56230000000001,74.15901666666667,118.82923333333333
17963985746847373,True,72.49737777777779,90.31548148148148,117.26225185185189,143.51271111111112,130.3454074074074
18092983088116852,True,109.42496263079227,87.08763826606874,56.56228699551573,123.73991031390135,115.4840807174888
17898512001232203,True,104.25898611111114,121.39358333333338,139.80783333333335,80.55116666666666,142.36265277777778
18062989289316791,True,136.55220833333334,151.00813888888902,158.62961111111116,54.78304166666667,164.35791666666665
18097373563823837,True,130.3394027777778,169.09081944444426,205.22348611111107,105.01959722222222,205.39711111111112
18427622032024121,True,154.78226388888888,177.99769444444442,184.2985138888888,68.04530555555556,193.3184861111111
18062172101319617,True,114.34091666666673,118.71997222222227,122.15531944444439,39.84706944444444,126.3711388888889
17851969959530104,True,100.79669444444438,113.86843055555552,114.44856944444442,70.04515277777777,121.04595833333333
18052976392605819,True,72.3068611111111,103.37006944444448,130.40520833333323,128.79975,139.30281944444445
18030901388047426,True,74.35633333333338,107.20778888888891,133.24527777777772,144.02516666666668,135.2131
18131598160383333,True,35.528319444444456,61.96713888888892,91.26983333333335,193.323,96.80029166666667
17959074566803964,True,44.63937499999999,82.26604166666661,99.61308333333336,188.45169444444446,113.77595833333334
18070730375647538,True,98.61805925925925,104.02348148148154,102.79694814814815,60.00946666666667,112.39388148148149
18105015640370692,True,125.59849537037027,122.99009259259256,108.6098726851852,101.59079861111111,145.72251157407408
18091424231237136,True,154.63893333333337,171.26247407407405,210.19721481481474,76.87897777777778,210.75263703703703
18045860749618473,True,117.57681666666669,125.5069666666667,148.43951666666658,86.77198333333334,152.8256
18084559292061342,True,154.1060833333334,169.60525,131.4921388888889,66.64505555555556,170.97356944444445
17884101015241358,True,97.92994444444442,126.14458333333326,113.1465972222222,82.36465277777778,130.275125
18046309301000324,True,139.01541111111115,156.4354111111111,165.84555555555553,70.26425555555555,175.22344444444445
18007054328263828,True,102.10566666666665,116.3327444444445,110.59222222222229,65.1067,124.18841111111111
18048844549796553,True,86.01756680731367,124.91977496483825,147.74528832630108,122.95011251758088,152.72620253164558
18049077316965035,True,101.53580195258023,114.39246861924698,129.05748953974896,76.94334728033473,129.9626778242678
17852322834128503,True,155.276822222222,161.10506666666654,175.6829111111111,46.77872222222222,180.75137777777778
17919202512317227,True,143.10184722222218,158.14073611111124,173.1674861111111,83.66795833333333,178.71295833333335
18063883708507734,True,170.00772222222224,188.5678888888889,193.86555555555552,51.06140277777778,198.91005555555554
18009909914093061,True,188.3319111111112,198.76750000000004,199.12192222222208,33.33958888888889,207.95125555555555
18052740818160322,True,194.20573611111112,198.00122222222217,185.00147222222216,47.125680555555554,204.397125
18077844796431788,True,113.51079999999999,130.25689999999994,148.97585555555557,78.33578888888889,150.30353333333332
17975382422531646,True,86.01579166666667,119.04811111111117,127.7184722222223,137.23723611111112,140.7913472222222
18370987180131087,True,169.75615277777777,167.13905555555556,163.28876388888892,43.75875,179.81408333333334
18164058850422938,True,37.566814814814805,23.230755555555547,47.44668148148149,152.70142222222222,55.10282962962963
18065144540380921,True,140.86499259259253,140.31927407407412,134.28085925925933,78.65281481481482,163.4653925925926
18034551478944424,True,180.20423167848713,183.6593853427895,181.55113475177308,36.16925531914894,194.11050827423168
18322533931141941,True,191.89269999999985,199.5133666666666,200.47100000000006,41.187533333333334,209.36208888888888
18055789939506068,True,116.80638888888886,126.05368888888887,139.8916555555555,62.350788888888886,141.10777777777778
17847493143696783,True,154.8344148148148,142.63656296296293,109.75241481481478,138.04517037037036,182.9406074074074
18074697977082752,True,141.42866666666666,153.49601388888894,160.501611111111,54.02820833333333,165.74393055555555
17857156185257129,True,92.54247191011244,123.77378277153564,141.29828963795248,99.3552684144819,147.85880149812735
18246635170305193,True,36.44783333333332,50.75006944444443,80.22616666666664,156.1262361111111,81.42436111111111
18091812697906361,True,138.07118333333338,132.73268333333328,139.06283333333337,61.61826666666666,154.3903
17997511847760744,True,28.932611111111093,61.641749999999966,68.5064722222222,160.75641666666667,70.30897222222222
18090748669634754,True,46.450069444444445,57.18391666666667,104.9486944444445,161.78094444444446,105.86619444444445
18000062927445052,True,151.80833333333342,149.74311666666662,139.4246666666667,47.9538,160.6259
17989264340562537,True,139.8282083333333,147.76588888888898,154.85411111111117,54.743138888888886,161.27818055555556
17872024344188818,True,145.0914888888889,141.61934444444444,134.6775222222221,65.72773333333333,154.32803333333334
17999833586368406,True,160.76504166666658,178.4395972222222,174.3504305555556,63.62990277777778,185.42541666666668
18075784484364043,True,222.73391666666674,226.35212499999977,232.76986111111137,20.643944444444443,236.19544444444443
18063065906586433,True,90.11237500000003,113.00616666666664,125.81874999999998,76.99068055555556,128.59543055555557
18074383148242381,True,235.10367407407404,207.4741925925926,199.97954074074067,45.456296296296294,237.6065037037037
17887663695241868,True,64.25237499999997,91.59466666666657,117.52687499999999,121.54819444444445,117.52979166666667
18254793811144614,True,120.16204166666672,170.94013888888892,204.66406944444438,114.62505555555556,206.57991666666666
18051208580268774,True,103.17313807531377,108.61920502092048,117.43076708507671,53.35163179916318,120.45601115760111
18080102644562825,True,98.98593333333329,92.50835555555551,83.5189888888889,147.78562222222223,125.10654444444444
18220309327261056,True,159.46470833333328,163.28527777777768,170.8195,51.08563888888889,180.30905555555555
17866374036416490,True,126.56104166666658,149.01268055555553,163.753125,90.33702777777778,165.20827777777777
18307246930179363,True,176.7298,190.4969888888889,201.949,46.92146666666667,204.54697777777778
17864475198672269,True,114.75839999999992,129.61819999999992,132.85683333333336,68.56483333333334,140.73843333333335
17933915147800292,True,137.44170833333322,137.5820416666667,125.11356944444434,63.67351388888889,139.52118055555556
17860217211095239,True,125.30688981868896,138.2267085076709,142.84397489539745,57.08276150627615,151.4608228730823
18176043805394302,True,66.08522321428573,102.20293154761902,132.40251488095248,141.2865476190476,137.55
18013788491217364,True,202.4518000000001,210.54983333333345,213.23717777777784,18.784,215.10124444444443
17961784011003961,True,73.83831944444448,90.30630555555558,114.51309722222229,116.25333333333333,119.40851388888889
18033407296893526,True,73.49073333333332,90.44328888888883,113.04675555555552,142.21946666666668,121.12754444444444
17933063075747418,True,191.00864444444437,180.39891111111106,149.60983333333334,117.02208888888889,218.64493333333334
17997159644342364,True,128.31533333333337,159.93906944444447,183.76006944444438,83.02730555555556,184.30572222222222
17875361544171041,True,135.5509888888889,132.61413333333326,139.18270000000007,58.1333,150.73173333333332
17974374833955453,True,78.46801388888896,95.36923611111114,106.1680694444444,80.80481944444445,112.38444444444444
18024108604971191,True,107.2184333333334,120.02201666666666,140.36463333333336,87.85918333333333,143.48671666666667
18051467366020479,True,197.26313888888885,179.39663888888902,179.29520833333345,52.88130555555556,204.68527777777777
18073472327322125,True,138.77174603174598,142.93506349206365,148.03996825396825,61.28634920634921,154.60439682539683
18098167891463617,True,77.60371308016877,91.42226441631507,101.94731364275665,85.15419127988748,104.69286919831224
18414698326107678,True,114.92825000000006,149.69147222222225,170.4684166666666,89.97572222222222,173.7625138888889
18479218657009544,True,121.46432222222218,141.57076666666669,162.99708888888884,79.58276666666667,163.8178
18017048078267928,True,103.35637777777781,97.16061111111111,125.3281888888889,105.5543,135.47992222222223
17928743310034059,True,134.5400277777778,142.16409722222227,159.37518055555554,61.923611111111114,162.28459722222223
18104695093633659,True,139.25237499999994,155.47836111111113,178.66655555555562,74.535625,181.20647222222223
18026948426425597,True,74.52058333333333,113.40384722222224,201.5816805555555,172.85133333333334,202.59756944444445
18438144475108213,True,114.81078726968175,125.03701842546057,117.10155778894467,82.20214405360134,131.76408710217754
18058311226538978,True,100.30480000000003,98.79434444444446,99.7720666666666,56.14048888888889,109.99572222222223
17867692449252407,True,38.320099999999954,75.85129999999998,95.80192222222222,176.42218888888888,99.40262222222222
18010761119385619,True,116.45881111111106,136.49579999999986,186.2919444444445,115.16945555555556,186.84043333333332
18136696459443519,True,145.00693055555564,139.83626388888888,122.88363888888895,66.47161111111112,152.933875
18016395449270089,True,52.93027777777773,80.34963333333334,109.94671111111114,158.73913333333334,111.51084444444444
18340698721113758,True,100.91661666666666,115.98981666666668,121.738,96.87175,132.89793333333333
17863848675257132,True,113.21345555555558,140.54380000000006,148.86165555555544,86.58472222222223,152.38095555555554
18008780609424381,True,83.35952222222217,119.79722222222226,154.8346222222222,139.81774444444446,156.59245555555555
18325671931150346,True,201.93319268635733,185.35427566807317,153.66558368495078,66.95669479606188,209.38974683544305
18382926076072629,True,89.1423711340206,111.98591065292094,131.01030927835058,105.84982817869415,133.66127147766323
18070800508490871,True,69.14679166666666,70.68945833333328,82.39213888888887,153.4464861111111,101.44341666666666
18550188688056520,True,160.27959722222224,162.14368055555548,171.23936111111098,48.08540277777778,178.72255555555554
18099070531384775,True,168.23638888888894,172.71138888888902,167.3949666666667,42.1175,177.44227777777778
17926341804255997,True,139.54354166666675,156.53772222222207,177.35969444444447,71.52934722222223,179.4824722222222
18101851906792489,True,71.4026388888889,69.91204166666664,80.5200138888889,52.49868055555555,84.13594444444445
18068059597892538,True,169.9529676511955,157.44914205344594,144.77863572433193,53.82970464135021,176.00568213783404
18016917698658817,True,112.84398333333338,138.94666666666663,177.47655000000012,112.84578333333333,181.1399
18060105692047657,True,80.1116666666666,98.64979166666664,117.96376388888886,108.34704166666667,121.79994444444445
18057853507570654,True,154.2547999999999,156.71313333333342,170.24636666666655,38.41063333333334,174.69516666666667
18096906184561998,True,69.5054722222222,84.74261111111113,104.76722222222222,99.57368055555555,106.58136111111111
18065370340814785,True,81.75291666666669,99.24716666666663,114.80338333333333,98.44405,118.43483333333333
18170482789328147,True,165.35881944444452,166.12622222222214,158.73540277777775,50.67777777777778,178.43391666666668
17971991219917696,True,134.17777777777786,39.53718055555555,29.73909722222222,225.21029166666668,148.14033333333333
18042085124077687,True,110.69647222222216,114.31288888888889,104.20515277777787,85.81902777777778,125.02801388888889
18282976906266118,True,133.7235833333333,144.2427916666666,157.17862499999995,71.30383333333333,158.6892638888889
18039118922592577,True,59.15454444444444,96.72068888888884,128.3510222222222,166.02707777777778,131.68252222222222
18038490053587841,True,167.02113888888883,163.57754166666663,150.52918055555554,97.78229166666667,196.476
17893478981995415,True,199.04760469011734,200.46932998324957,183.87979899497483,57.00658291457287,211.68973199329983
18079715911394029,True,74.32145833333335,114.13940277777776,155.99865277777783,157.95334722222222,156.10163888888889
17849693922151334,True,91.81358888888894,125.99924444444446,166.80577777777788,129.28392222222223,166.89496666666668
18190580758318900,True,167.0133888888889,187.0868333333334,195.2936805555556,48.964958333333335,198.25119444444445
18048447644062861,True,166.03206944444452,178.41894444444432,179.7744722222221,48.050125,184.89751388888888
18158144113404808,True,45.96479351032447,70.10907079646017,93.83033923303833,137.58069321533924,98.1752802359882
18045159824365326,True,98.60161111111107,101.44720833333331,145.73245833333328,104.89380555555556,146.28286111111112
18058395896514027,True,128.72316582914567,130.0959296482412,134.64675041876052,118.60608040201005,168.546013400335
17860758168566418,True,190.3887387387388,189.05108108108107,134.4687687687687,105.06531531531532,202.59357357357356
17894638965444013,True,155.3697333333333,174.78607407407418,189.65839999999994,48.303555555555555,189.7238962962963
18026055431254886,True,59.836677777777815,76.56646666666671,99.4287555555556,123.1692,99.60215555555556
18017844665632411,True,52.00347777777779,71.43176666666666,116.15882222222208,132.51376666666667,116.30447777777778
18073769131650896,True,96.2908666666666,115.7607666666667,137.6926777777777,85.51517777777778,138.8983
18017476253162776,True,107.87887407407406,136.0518666666666,157.85194074074067,104.67244444444445,161.67724444444445
18058268494580150,True,173.68185185185177,135.34816296296302,95.62702222222222,116.90725925925926,174.31405925925927
17993496143669173,True,139.83861111111116,153.36908333333324,170.43937500000013,75.3056111111111,177.38888888888889
18431001364137332,True,149.76986666666662,148.63832592592598,129.47238518518532,56.937096296296296,152.2565185185185
18388318498084210,True,39.69220000000001,81.18825000000002,104.38885000000003,180.78525,107.7558
18295450054087116,True,121.68584589614744,136.9827470686767,164.60745393634832,76.40244556113903,164.6843216080402
17998447544394742,True,62.3457666666667,75.32162222222226,94.04138888888895,139.59516666666667,104.21036666666667
17890679361232882,True,156.93598611111105,167.6755694444443,170.17749999999992,48.38120833333333,176.41484722222222
18110504534308005,True,61.11512500000002,87.95349999999999,107.82294444444442,120.31677777777777,109.866
17994432314948770,True,92.96058333333339,115.72580555555561,135.62626388888899,114.37447222222222,136.07091666666668
18036659828232681,True,62.61591666666664,66.42666666666666,144.84401388888895,186.46840277777778,145.67994444444443
18069732500090690,True,105.04719444444451,129.37416666666672,155.97180555555553,104.35731944444444,156.28068055555556
18027826963815065,True,122.55391959799005,147.1166331658291,158.84944723618096,77.93529313232831,161.17013400335009
18018326708212294,True,159.38739999999996,155.91973333333337,153.79167777777786,31.0817,165.3746
17857594866399074,True,130.64753768844224,167.51715242881076,211.41259631490806,105.96842546063651,213.59624790619765
18234491008252712,True,129.7056783919598,136.10400335008376,141.54569514237872,45.62750418760469,146.28844221105527
17858606913129695,True,157.8518707482992,171.31001700680275,188.61408163265327,48.60812925170068,188.63908163265307
18099120196710106,True,76.74134722222226,82.73565277777776,88.39605555555548,45.45845833333333,90.6247361111111
17851138302544424,True,85.90903765690372,109.9214086471409,124.5153277545328,91.02633193863319,125.93211994421199
17889902709021938,True,56.467066666666675,51.90804444444445,52.527611111111085,65.51057777777778,61.61628888888889
18072957937875595,True,36.60130555555554,54.54731944444439,77.97275000000005,136.90358333333333,78.41331944444444
18410337262018273,True,158.76332222222217,161.80944444444435,169.5530777777778,44.98523333333333,177.21831111111112
18088979737808394,True,100.37650000000005,107.85968055555549,102.36741666666667,76.75381944444445,115.93638888888889
17895864936235470,True,110.86418055555552,129.7921388888889,138.75866666666676,75.71305555555556,142.81658333333334
17963260469799748,True,113.84274444444445,111.78893333333336,134.7425666666667,105.26461111111111,149.84204444444444
17962402292853381,True,101.86822222222222,116.70698611111122,146.98949999999988,102.55480555555556,154.83526388888887
17883166545486648,True,183.79897822445565,202.61261306532668,212.13495812395314,48.61879396984924,213.610418760469
18054755153318976,True,174.1266111111112,179.9486666666667,179.36051388888887,41.268625,190.43365277777778
18099758119821379,True,78.57963888888884,89.03072222222225,95.52608333333329,81.58544444444445,103.3681111111111
18057806122879982,True,110.22697609001408,120.50929676511954,123.63407876230661,66.55649789029536,131.18834036568214
17997017831554460,True,128.61546265328872,157.6954626532888,181.4308361204013,88.7783166109253,183.1704347826087
17936103701796691,True,98.51956944444449,90.89409722222226,70.79408333333329,102.21683333333333,108.07975
17843055015624208,True,89.32688888888889,55.22226388888888,39.829083333333344,161.74345833333334,93.07295833333333
18113219992553368,True,107.21913528591355,116.42022315202227,127.57274755927469,98.5063179916318,132.03718270571827
18095756867132425,True,142.60423611111113,144.79520833333333,175.57198611111107,79.57518055555556,179.44986111111112
17847996588494192,True,85.70830555555558,106.58868055555556,84.84695833333333,135.07055555555556,114.48134722222223
17854941846687392,True,189.3454305555555,160.71241666666674,144.27769444444448,63.01080555555556,191.29318055555555
18081523364414516,True,94.19994444444445,133.35603333333333,176.29493333333323,125.00568888888888,176.34774444444446
18006320939392060,True,187.94964444444457,138.99589999999992,98.5673666666666,152.68767777777776,204.3792
18099238141812689,True,32.686562962962974,40.74740740740743,58.368607407407396,153.51146666666668,61.43842962962963
17991788372882192,True,55.56366666666669,49.69168055555558,49.09677777777782,176.94427777777778,79.37327777777777
17849861619416758,True,134.00819444444448,153.69865277777774,170.02681944444456,66.32445833333334,172.5636388888889
17939724428784906,True,133.7794700139469,159.75841004184102,182.0965271966527,89.8176290097629,190.28347280334728
18006183632210573,True,163.0692916666667,172.4561388888888,177.51227777777774,52.02458333333333,185.42130555555556
18125474749451228,True,132.4920277777777,145.93544444444439,161.70850000000007,60.65125,163.28493055555555
17994888263567695,True,147.12007777777777,137.23399999999995,109.30187777777778,122.77608888888889,169.8124777777778
18345751489210305,True,143.24936666666665,147.50022222222225,155.8914777777777,59.04792222222222,161.89997777777776
18090158374425428,True,67.80718888888886,95.2474777777778,139.57502222222234,159.44896666666668,139.5781111111111
18478064665054921,True,82.21470013947004,95.9030822873082,104.2489539748954,96.91909344490935,112.59909344490934
18274429501277841,True,99.08116666666669,113.96388888888886,97.92486111111113,96.08905555555556,117.13277777777778
18092698124067222,True,197.41251388888867,191.69673611111114,216.1672916666666,41.615,217.04369444444444
17951612882876436,True,136.76962222222224,135.98291111111115,126.27211111111116,80.07207777777778,153.40212222222223
18150154444426886,True,173.19822222222226,171.68768055555557,165.46649999999994,48.46831944444445,184.68481944444446
17876256093038172,True,162.70194444444448,149.22041666666667,119.80795833333319,83.9035,168.29890277777778
18037647934768871,True,195.4417222222222,191.1715111111111,143.23407777777777,98.73613333333333,205.7209777777778
17886824423979670,True,107.09620000000001,107.98244444444443,100.69108888888888,141.9978111111111,135.0391888888889
18088657664357448,True,73.00026388888887,99.91141666666664,108.00275000000002,109.75679166666667,109.15330555555556
18123576358613463,True,131.6371805555555,187.03793055555573,193.50816666666668,128.24518055555555,216.51433333333333
18105335584901304,True,124.19146666666666,134.75014814814816,137.19599999999994,47.19642962962963,139.3331851851852
18334345795211198,True,142.7354027777778,132.97837500000006,143.85899999999992,72.74940277777777,164.0716111111111
18094514921328085,True,94.43431944444445,110.86808333333332,128.06058333333343,98.98884722222222,134.4265
18314573374095708,True,107.28538888888889,130.3768222222223,164.3179111111112,96.9302111111111,164.73292222222221
18416885554026121,True,108.16723618090455,119.38879396984922,119.86587939698494,47.85011725293133,124.97556113902847
17939750354728555,True,155.10571111111108,173.06840000000008,177.98622222222215,47.9738,184.22513333333333
18024833771371965,True,65.41672240802679,89.35835005574131,133.07510590858408,138.9745596432553,133.29992196209588
18433258075015129,True,71.5080416666667,87.06338888888892,111.71659722222216,102.10775,111.768375
17851230003401701,True,65.33733333333332,79.31862500000004,85.60055555555552,76.08904166666666,87.64051388888889
18082635862711432,True,125.63525000000003,125.58015277777771,130.83479166666658,69.3434861111111,147.202
18049502894124277,True,60.74386612021861,117.57706284153,175.06413934426226,179.25887978142077,175.0731830601093
18011492501194097,True,136.1270555555556,148.59220833333336,154.3518472222222,53.169333333333334,159.542
17874426384508646,True,124.25734814814817,133.71045925925927,153.9463555555556,67.83238518518519,157.20785185185184
17879963015964875,True,197.85306666666676,197.61658888888903,195.7389444444444,34.305366666666664,208.90155555555555
18092735404855470,True,135.45670833333335,146.30515277777783,162.26419444444454,53.407555555555554,162.768125
18347227756122834,True,31.03308228730824,49.59750348675038,59.98962343096233,150.34517433751742,61.93755927475593
18056858119509832,True,199.3874777777779,191.34962222222228,189.5969444444445,27.697044444444444,204.37715555555556
18165040348402678,True,174.7029722222222,177.59412500000002,179.29684722222206,23.23402777777778,185.42130555555556
18263326129263847,True,139.3510277777778,140.90423611111106,130.54566666666668,88.183625,158.38895833333333
18221432485315724,True,59.00392592592595,89.36829629629625,110.39306666666671,143.62327407407406,110.88512592592592
17883211784934956,True,157.66751388888892,107.37405555555554,56.394277777777795,156.97384722222222,160.46854166666665
18047962805296803,True,69.89168055555561,81.4619583333333,99.33672222222228,88.16491666666667,99.38869444444444
18116070097369075,True,81.0725222222222,109.3783888888889,143.77045555555551,117.8972111111111,143.77113333333332
18345233788120080,True,176.5978750000002,178.5658194444445,191.2794444444444,36.28231944444445,197.24380555555555
18070183826523670,True,112.16316666666656,127.17629166666666,143.8556527777777,80.18959722222222,143.94883333333334
17990261165781192,True,104.07275000000006,110.68981944444445,122.92366666666668,57.28966666666667,125.24938888888889
18070822156581728,True,151.64222222222222,161.62765555555558,173.6929444444444,62.90652222222222,182.96238888888888
18015315908193288,True,169.67266666666663,159.78940277777775,150.97709722222228,87.73131944444444,190.11327777777777
17867934975198127,True,127.51315277777768,120.25723611111115,124.65548611111109,86.8845,146.29843055555557
18000570599373508,True,78.6986666666668,82.23014999999998,121.26396666666672,119.4082,121.3693
18072836008482223,True,122.97380555555561,127.53611111111114,121.07393055555555,93.90208333333334,147.8256111111111
18367953298204148,True,196.00493055555566,192.3202916666666,175.81095833333347,70.77038888888889,213.1195
18432810541055918,True,159.10155778894486,184.10408710217754,187.21005025125626,68.9328810720268,198.57425460636517
18020242667317023,True,136.807336683417,154.8781072026801,112.5331155778894,122.46554438860971,166.06604690117254
17969870402608315,True,143.76036666666658,150.34287777777772,124.83627777777777,77.27477777777777,164.04188888888888
17899916571411099,True,179.08888333333337,195.60631666666671,210.0653000000001,46.75391666666667,212.95506666666665
18074269738911546,True,169.5942777777777,148.06626388888898,120.55363888888884,75.20847222222223,172.5482638888889
17862055080151348,True,78.78923611111114,98.75655555555562,113.5087222222222,96.30245833333333,115.29618055555555
18021517397817336,True,169.46302222222226,159.20077037037038,160.02112592592593,74.79579259259259,178.93066666666667
17916237824950882,True,77.54373333333328,103.82265555555558,160.56367777777774,157.4179,160.564
17989504073967679,True,60.30377777777778,76.32159722222217,108.56145833333335,90.56791666666666,109.20051388888889
18088479217984630,True,103.19807407407406,83.90746666666662,69.60911111111119,107.54087407407407,110.12465185185185
18001272800163032,True,187.96493333333353,195.86177777777783,186.58853333333334,47.6791,203.3128111111111
18029488034280587,True,101.9572361111111,119.69981944444447,135.87859722222223,94.19426388888888,138.4957361111111
18018817760113486,True,53.453188888888924,61.61123333333332,66.83477777777783,99.57767777777778,73.77406666666667
18051185984390335,True,181.1102370990236,194.45397489539758,210.9430264993027,42.48765690376569,212.51875871687588
18425502709011055,True,89.17484722222223,106.06802777777776,123.17519444444451,111.08065277777777,128.29452777777777
18061253162465066,True,115.657875,143.99787499999988,184.06626388888898,99.692125,184.20016666666666
18005864129155444,True,51.59946398659969,94.19604690117254,135.32778894472366,171.83061976549413,137.98793969849245
18461137165076708,True,49.928638888888855,52.90098611111111,55.186833333333325,112.989875,64.76998611111111
17955408314944214,True,94.40675000000005,70.13134722222227,77.94680555555558,146.55969444444443,115.59636111111111
17849141463675547,True,75.88214783821475,125.52444909344484,194.53324965132504,144.21376569037656,194.627949790795
18455986972006693,True,180.82130555555554,193.8073888888888,193.97897222222224,38.294125,198.9969027777778
17938395282152406,True,138.1798333333334,140.6669166666667,142.33724999999995,58.39340277777778,150.86172222222223
18004885268580130,True,172.18460636515894,177.03113902847576,192.32802345058627,42.19618090452261,192.4400837520938
18082452746095509,True,219.2254253835427,212.28824267782423,202.00767085076697,33.36887029288703,225.61543933054392
18063270865809549,True,53.56476666666668,81.43653333333337,108.71464444444449,159.74328888888888,111.41577777777778
18055885915851721,True,89.18673611111102,98.0147083333334,130.2856249999999,76.32009722222222,131.54209722222222
18105695452798938,True,176.3335000000001,161.6295694444444,158.15555555555557,59.996180555555554,188.5578888888889
17886212520033713,True,53.63488333333333,98.63079999999995,109.70401666666672,172.40608333333333,119.34673333333333
18077682410476443,True,157.36937499999996,132.80934722222216,94.52993055555554,100.53261111111111,160.44248611111112
17846908095188997,True,160.5550888888888,177.8528555555555,165.51101111111123,64.54016666666666,189.83324444444443
18089240543217521,True,112.75499999999998,126.62802222222223,142.5707333333333,81.13354444444444,149.29902222222222
18360171247181668,True,149.69211111111116,166.11230555555557,168.62998611111107,52.905625,174.27166666666668
18023801969428386,True,182.30098611111114,185.37431944444447,186.40369444444443,28.807875,194.74838888888888
17888826036091415,True,153.246288888889,153.74886666666683,158.83775555555565,66.91013333333333,171.4970888888889
18086419183543209,True,131.4360277777778,113.52250000000004,88.63045833333334,108.757375,140.2722361111111
18570103213060228,True,80.82687499999994,105.59726388888882,126.8696388888889,84.72238888888889,128.2409027777778
18056391347004493,True,160.12220833333333,161.90465277777776,171.21061111111112,47.62983333333333,178.361
17862784443235338,True,152.87413333333336,148.13418888888881,154.6181888888887,42.923877777777776,163.2625888888889
17857360668104023,True,145.21613888888885,152.74786111111115,187.25316666666657,62.201388888888886,187.25318055555556
18131023840486401,True,181.8585555555556,179.83036111111107,175.52519444444454,41.927791666666664,193.97159722222221
18072266597611901,True,67.19269444444448,68.59683333333335,111.07729166666668,99.16511111111112,112.88319444444444
17843146608144011,True,173.06777286135693,176.43147492625366,179.32309734513268,28.244026548672565,185.30674041297934
18109381168663916,True,41.25026388888891,41.34358333333332,38.67983333333335,72.394125,48.33647222222222
17908851806985469,True,117.56850000000006,137.39039999999986,182.30983333333324,106.36054444444444,183.91557777777777
17993774825870919,True,172.91090277777784,170.97988888888884,167.1463333333333,62.871,189.4813472222222
18042722764631102,True,155.89634794156703,149.4225099601592,143.05775564409032,51.54049136786188,168.21200531208498
18349076884097533,True,153.79145833333328,158.2704861111112,150.43097222222227,65.20769444444444,161.88304166666666
17892195270333536,True,158.2247111111112,185.16356666666684,195.30201111111117,48.1183,195.59622222222222
18038291668915051,True,49.29642222222225,74.09506666666668,101.46807777777778,160.55925555555555,102.30386666666666
18189875473368553,True,162.41495833333335,147.40588888888888,132.02072222222222,116.42238888888889,182.1972638888889
18073791290316551,True,169.12569940476195,130.76296130952386,82.41159226190474,137.9452976190476,175.47755952380953
18087785536674574,True,86.34311111111106,106.08438888888885,132.55744444444434,121.03495833333334,135.91054166666666
18026556026371732,True,148.8046444444444,146.46218888888893,139.70048888888886,72.2815,161.66591111111111
18389475910083997,True,73.5481388888889,86.69879166666668,94.18425000000002,53.672958333333334,96.3596388888889
17884653210475842,True,40.921244444444454,57.25114074074073,69.96534814814817,119.94201481481481,71.54774814814814
18367855981207548,True,104.25652777777782,124.84077777777776,150.2954444444446,95.59958333333333,152.1894027777778
17875461984221702,True,195.25140277777763,192.35399999999993,177.70583333333335,46.41913888888889,200.01093055555555
17950855409647204,True,59.64919444444445,84.08644444444445,122.77118055555549,179.42394444444443,139.8018888888889
18308794693133629,True,91.8360694444444,123.63297222222221,163.26156944444446,132.18005555555555,163.41545833333333
18108375202845617,True,39.04626666666666,57.224281481481505,72.7838222222222,153.04124444444443,75.34105185185186
18305828212158793,True,125.46484444444447,149.5423666666666,143.85807777777774,73.14067777777778,155.64973333333333
18105353257719264,True,82.8338833333333,100.82115000000003,95.1335166666667,69.62056666666666,103.10638333333333
18099517210519692,True,69.84102777777775,78.95869444444452,103.58830555555555,94.5453888888889,105.83129166666667
18047563721700599,True,134.46672222222222,136.27959722222232,124.38911111111113,103.063375,157.1198611111111
18024826360905606,True,125.19880555555548,131.3918611111111,132.82718055555554,48.96381944444445,139.03555555555556
18042549563214671,True,197.34342222222213,209.53231111111103,219.05096666666674,38.495133333333335,224.97813333333335
18154884250420120,True,117.68809734513275,150.94998525073746,190.04806784660775,105.30831858407079,190.44892330383482
18043951819730025,True,135.192730318258,131.21182579564476,120.9984087102177,84.97906197654942,152.04963149078728
17916447195344027,True,159.57387499999996,161.36533333333335,151.20469444444444,48.55276388888889,170.42425
18097642255730009,True,106.96681944444444,111.57556944444443,114.54493055555548,56.20794444444444,124.03086111111111
18021312677074715,True,70.91954166666666,81.71537500000002,143.6181805555556,180.2212638888889,143.73081944444445
18036384476622088,True,107.11020833333332,93.62380555555549,67.76876388888887,138.44072222222223,114.95518055555556
18078961645735674,True,79.28283333333333,93.85691666666672,109.45131944444441,69.27345833333334,111.45143055555556
18026145865768235,True,112.32995535714278,120.6162797619049,127.5215773809525,67.93869047619047,131.4688392857143
18110378716864723,True,114.99251111111114,124.41253333333331,130.52785555555556,35.318844444444444,131.67492222222222
18055905700998006,True,128.53831944444445,147.29947222222214,157.20845833333345,86.16277777777778,169.8116388888889
18033755678520824,True,166.60372222222227,178.5446805555557,199.53613888888884,58.708486111111114,204.490875
18035843647716379,True,150.91384444444446,167.98593333333332,172.99358888888895,66.96957777777777,187.2395111111111
18089198333586189,True,86.92220833333337,113.41595833333335,143.0871388888888,107.76891666666667,143.62504166666668
18041062532597283,True,119.24713888888895,127.76191666666666,137.4832222222222,49.646277777777776,141.37259722222223
18168409870412861,True,203.4385676037482,200.09156626506027,209.88519410977247,50.70258366800535,227.0411780455154
17973387872933640,True,96.39086666666658,114.95068333333334,125.49661666666663,70.077,128.56198333333333
18346193848235798,True,156.15744444444454,149.2254583333333,130.64655555555552,97.44495833333333,177.38966666666667
18092926834411023,True,181.14471726190496,129.54193452380946,79.59160714285711,144.5781845238095,182.393125
17880499338019500,True,101.15855457227136,116.6978908554573,141.61399705014747,117.05334808259587,148.45823008849558
17853012882135256,True,37.62266331658291,70.88261306532671,75.40299832495815,142.69301507537688,79.08020100502513
17949774054085697,True,42.55913528591353,32.7678661087866,51.55962343096232,139.76451882845188,65.81246861924686
17915182847873478,True,150.99495833333347,169.82930555555558,163.9348888888889,76.09218055555556,182.59054166666667
17995512179585475,True,140.9335845896147,134.59103852596328,131.96914572864313,47.99358458961474,146.12298157453935
17844863514370744,True,92.46598888888893,123.16445555555566,160.44133333333335,119.281,162.32985555555555
17993360264675812,True,91.11775919732442,106.8864882943144,131.0670791527314,92.64567447045708,133.51832775919732
17867428641091277,True,149.85645833333336,134.29034226190478,112.62443452380947,92.02394345238095,157.92497023809523
17860691856130637,True,99.65027777777782,140.27921111111107,180.11622222222232,132.22255555555554,180.145
18002492135357775,True,79.69606944444443,110.27223611111108,150.79152777777773,157.88452777777778,167.28843055555555
17903657373132069,True,158.95788888888893,182.68969444444448,201.52844444444443,76.31709722222222,204.78497222222222
18044247664889920,True,113.83852222222214,123.8859333333333,139.98407777777774,82.37616666666666,140.92617777777778
18021789134530189,True,172.11441666666678,191.24969444444437,177.85165277777784,59.48840277777778,198.243375
18063219250557282,True,94.54643122676576,128.77171003717473,117.98323420074344,105.63408921933086,135.43914498141265
18082075244517161,True,98.84731666666671,121.38491666666658,140.90721666666659,90.05143333333334,141.69166666666666
18033696938099296,True,121.84146666666662,148.194725925926,132.62191111111102,84.64668148148148,154.6406814814815
17934144123050413,True,123.12090370370368,119.62853333333332,113.5190074074074,92.05986666666666,145.2773925925926
17878179333079450,True,52.232716666666676,94.43585,94.9359333333334,155.67983333333333,109.91833333333334
18056519126596448,True,164.97248611111115,165.80713888888883,189.51383333333325,47.80481944444445,191.4942638888889
18065135545923348,True,203.8324999999999,198.9640694444445,214.85184722222226,30.92084722222222,218.58405555555555
18067068556893830,True,150.63263888888886,160.30569444444436,161.05470833333322,56.715833333333336,173.20390277777778
18030336314195182,True,62.27544444444443,66.75731944444445,78.89105555555552,105.84488888888889,83.1504861111111
17926806017836817,True,82.54681944444444,104.90448611111108,133.21391666666673,113.70322222222222,133.517125
18115319272533241,True,144.66312499999998,159.12872222222217,169.84494444444445,47.59386111111111,170.26220833333332
18382077625156208,True,207.06843055555552,216.0116805555555,220.14777777777778,26.063125,222.59884722222222
18361351849132980,True,129.12797222222224,119.43544444444446,117.82344444444448,80.25143055555556,139.72620833333335
18372430558150844,True,152.22527196652717,157.27329149232915,153.75716875871692,62.86110181311018,170.51202231520224
17961128807931754,True,82.14406944444438,66.28194444444449,56.597152777777794,103.88063888888888,86.96397222222222
18026525305883826,True,127.78867777777775,146.40431111111107,167.48438888888882,84.68094444444445,171.678
18230639917310689,True,126.89248611111114,116.96945833333338,81.37763888888888,98.56305555555555,132.9345
18007351175905128,True,150.4889166666666,138.1661666666666,88.13140277777782,141.28229166666668,164.92141666666666
18137145406346478,True,46.665666666666674,46.76276666666665,113.5516333333333,193.56952222222222,113.97263333333333
18088252750729283,True,174.68713888888885,197.49225000000004,187.0247083333333,59.842013888888886,202.2553472222222
18008762096775086,True,127.90211111111117,113.09187499999994,112.196,120.84548611111111,147.54033333333334
18033608990473352,True,55.76615555555557,59.95993333333333,68.80453333333335,90.45521111111111,71.07753333333334
18010584692047552,True,101.16865996649918,120.063500837521,139.45735343383583,83.10820770519263,143.26018425460637
18038899840812825,True,148.70827777777782,169.7815444444444,175.34087777777762,76.924,190.73538888888888
18322804276269582,True,76.82149232914925,111.18895397489544,149.46262203626222,139.4495118549512,151.95411436541144
18060060506688987,True,120.55447777777779,135.8632111111111,150.08198888888876,67.00667777777778,154.35215555555556
18022654886653382,True,41.6826074074074,62.98499259259259,66.96592592592592,99.94405925925926,69.6901037037037
17878192533249432,True,177.14508888888892,166.28595555555546,177.37208888888884,30.284644444444446,185.93037777777778
17992122056865033,True,22.304304857621435,41.69460636515916,78.97376884422107,195.82968174204356,78.98030150753769
18004179335912137,True,122.30289782244552,115.3868341708543,117.34653266331658,65.4759296482412,134.85785594639867
18084539116766613,True,97.73240277777774,112.26375000000002,139.67940277777785,89.90102777777778,140.91469444444445
17957902703898473,True,125.55681742043552,132.47388609715247,130.31298157453935,24.710519262981574,132.48293132328308
17910539736085205,True,156.51958333333332,165.21111111111114,189.33595833333348,63.33422222222222,190.10266666666666
18365344351139960,True,44.786125000000006,58.37108333333332,88.89200000000007,145.8861388888889,89.974625
18044908163298459,True,103.99131851851847,112.76684444444444,170.20567407407412,132.86422222222222,170.73025185185185
18125867512353270,True,127.4590138888889,145.3601250000001,171.51605555555545,86.80281944444444,173.18225
18029053399864945,True,166.64562222222222,164.5356333333332,148.79214444444455,97.21753333333334,194.34957777777777
17868877113401971,True,147.75645833333328,146.29976388888892,155.25977777777774,31.430333333333333,158.68998611111112
17976228488855016,True,53.740986111111056,65.92315277777777,82.31588888888886,91.16688888888889,86.83811111111112
17924825736076690,True,86.18023611111113,104.46723611111113,106.08113888888889,104.29475,117.11963888888889
18013348376068379,True,158.09362499999992,168.00687499999987,174.6004444444445,47.278416666666665,179.11166666666668
18120017311471813,True,40.99048814504881,35.38891213389123,32.590850767085065,93.13117154811715,47.85281729428173
18086663014957398,True,148.57531944444437,147.560111111111,119.80965277777777,84.90033333333334,159.1241388888889
18029030608950599,True,87.31023333333329,95.94889999999995,102.17749999999998,63.824533333333335,104.44225
17987022875620951,True,98.48148888888886,111.67201111111106,140.9448444444445,77.09024444444445,142.5706
17965338260634582,True,153.29316666666665,149.12875555555559,135.39612222222226,65.3409,163.0641
18000367757849280,True,182.50081944444452,187.09944444444443,197.63795833333333,33.92369444444444,198.42772222222223
17994324014896256,True,135.99351388888877,141.61863888888885,153.13348611111115,43.14595833333333,154.44745833333334
18231745672303322,True,66.31217777777779,91.7585666666667,137.1888777777778,140.06874444444443,137.36981111111112
18183136114321905,True,156.27840277777787,183.05645833333327,221.6156666666666,78.62769444444444,221.9796388888889
18014092283380669,True,96.39599999999999,107.4528888888889,122.42234722222229,90.21909722222222,128.93158333333332
18121329286627296,True,186.59765690376568,186.6656066945607,185.1772384937238,33.38912133891213,195.71083682008367
18022208206959891,True,220.1525333333333,222.2317111111113,222.72056666666677,26.383533333333332,229.3229
18080904328569451,True,147.94311111111114,175.68683333333334,210.60880555555553,83.79070833333333,210.87679166666666
17844345999381511,True,96.31121111111113,105.33648888888894,105.8561444444445,94.81026666666666,124.48336666666667
18022953557052221,True,105.44228419654716,54.01484727755642,71.94581673306779,170.19853917662684,132.44549800796813
18098686196278195,True,89.33205555555558,118.09912499999999,142.52097222222224,119.17233333333333,147.44841666666667
17958289073619201,True,68.29373611111113,61.70452777777778,62.146486111111095,133.08043055555555,84.61556944444445
18034237094140637,True,85.29237500000002,143.97622222222225,126.67845833333334,117.57638888888889,145.882625
18210701842312914,True,100.41743055555551,132.37720833333339,153.13973611111115,100.61576388888889,153.47226388888888
18019419152226388,True,116.47748888888889,126.49566666666665,115.20615555555563,66.83813333333333,132.84205555555556
17938245660038950,True,76.02816296296297,117.7432444444445,127.60573333333332,142.22345185185185,134.73731851851852
18375151021128155,True,77.22258888888895,87.42775555555556,77.03726666666667,109.17903333333334,99.39178888888888
18376912387204222,True,116.99029166666656,137.27093055555557,154.26298611111125,80.36919444444445,158.75861111111112
18099885173097613,True,105.59944674965425,76.93430152143844,173.81414937759337,146.12918395573996,173.94222683264178
17998567880522318,True,27.73991111111113,47.20749999999999,68.02256666666673,99.71768888888889,69.07381111111111
17974194119554721,True,66.35156666666667,76.5146666666667,96.99954444444437,121.52202222222222,99.52558888888889
18536852617044261,True,76.69688888888895,48.751763888888846,29.39245833333333,205.30522222222223,86.83373611111111
17850819264161658,True,181.7922333333334,193.45583333333323,205.28437777777773,41.23327777777778,207.65524444444443
18093009890088043,True,116.4003333333333,131.11965277777776,127.46312500000005,91.2515,140.00793055555556
18028437997901580,True,98.98669456066948,111.56041841004185,116.60882845188284,45.51111576011158,117.28702928870293
18317124907163074,True,191.1051666666667,143.24686666666673,76.89770000000006,165.24495555555555,203.50285555555556
17863109055402493,True,133.46493055555558,144.83295833333335,152.1263194444445,96.77191666666667,165.54072222222223
18024786950355496,True,144.61916666666664,125.42543055555558,117.80115277777779,87.44391666666667,154.25386111111112
18347915341300197,True,145.51195833333333,150.01420833333339,151.33247222222204,48.49208333333333,161.64229166666667
18109882615464610,True,108.69175000000004,92.6811388888889,78.95511111111114,150.48218055555554,125.23426388888889
17899945982927840,True,128.98777777777772,136.502375,137.30850000000004,75.36936111111112,153.58593055555556
17878020917981531,True,99.40355000000001,100.95430000000003,97.57795000000002,87.33991666666667,118.41261666666666
18060440440503240,True,69.165,92.76530000000004,115.18905555555551,86.97227777777778,116.98666666666666
18083018522097826,True,109.14540277777782,131.7696944444444,133.37927777777773,67.85540277777778,139.69720833333332
18036292994056439,True,132.6339888888889,155.41767777777775,156.79702222222238,82.32362222222223,171.61457777777778
17905852704050279,True,148.92672222222217,165.5424888888888,225.10899999999998,100.47125555555556,225.27493333333334
18000530111865659,True,187.40387777777767,193.47457777777768,181.5666888888889,56.76992222222222,205.37827777777778
18031883698848056,True,229.34784722222224,211.01716666666658,221.96043055555566,31.928708333333333,234.50566666666666
18160526266423339,True,91.35825,135.55461111111111,166.00998611111115,125.09552777777778,166.31620833333332
18211769155302671,True,110.02986111111112,116.63759722222218,118.41290277777783,103.36851388888888,132.76580555555554
18464273224065782,True,13.837569444444439,25.243722222222218,37.92326388888888,176.8201388888889,38.421597222222225
18426917809103459,True,109.6121111111111,109.2613333333333,89.28488888888889,141.2177638888889,133.1617777777778
18091796255518075,True,123.06045833333334,141.46766666666664,169.98624999999984,101.15744444444445,175.86725
18127467304401664,True,85.88196905766529,103.1666104078762,119.07805907172991,91.91603375527426,120.95293952180027
17918687738914379,True,52.31756944444446,51.496680555555564,166.46658333333338,192.59075,166.63504166666667
18083738077695294,True,134.88723611111106,143.8168055555555,153.82402777777784,43.67180555555556,156.910375
18343573942101471,True,146.84309722222218,144.58119444444446,143.1578194444444,66.31716666666667,165.45540277777778
18042742757563070,True,67.02002962962962,107.30922962962967,101.27456296296295,133.3604,117.42041481481482
18093384869136909,True,189.46327777777762,190.5976805555556,198.00387499999994,38.14483333333333,205.7625138888889
17989156214470722,True,149.03673333333333,135.29586666666677,101.03897777777775,105.1810111111111,156.62623333333335
18063579409781695,True,134.76205925925922,144.17355555555554,152.7098814814814,67.33322962962963,158.28653333333332
17928188966937785,True,24.126166666666673,35.84273333333336,73.70962222222218,160.3457,78.89592222222223
18066931789495910,True,150.79030000000003,154.5098166666666,171.6908166666667,58.88653333333333,175.5105
17983782806868737,True,154.21743375174336,148.84914923291498,135.87909344490936,88.52072524407252,168.75778242677825
18017193560647285,True,79.78700000000005,103.66680555555556,120.84087500000001,91.53065277777777,121.20445833333333
18354708673117325,True,142.82280000000006,110.25365555555555,83.91528888888885,122.18237777777777,156.43765555555555
18083342720253349,True,69.46709722222222,75.74520833333334,85.08712499999997,57.361,86.30972222222222
18013872368085452,True,77.53630555555554,88.07697222222231,98.92723611111116,86.98097222222222,103.19654166666666
17993662817573045,True,110.85241666666667,123.04990277777779,137.66212500000003,76.29626388888889,142.23866666666666
18266533300172399,True,119.3325,158.520638888889,118.92687500000004,119.43943055555556,164.37543055555557
18368592820206318,True,185.27527777777777,193.398986111111,195.87366666666668,24.312638888888888,198.538625
18055392373489823,True,29.572160804020083,40.38820770519265,70.11175879396983,148.5574204355109,70.9758458961474
18002426600350469,True,93.66094444444441,116.85862499999999,135.37459722222232,112.39176388888889,140.26434722222223
18032906168472600,True,24.09433333333335,32.62549999999996,53.744450000000015,95.88335,54.1012
17923016267896810,True,209.50274999999996,213.33365277777776,212.44272222222216,14.141097222222223,214.582625
17865249234613769,True,80.47760000000004,79.33597037037035,76.17214814814817,28.821437037037036,83.37481481481481
18037470248518310,True,26.777513888888905,49.632694444444446,83.07630555555554,184.54706944444445,83.45727777777778
17923026969319688,True,115.23547222222231,169.87343055555536,193.20224999999996,113.81290277777778,194.79516666666666
18156036145456300,True,79.12681481481481,113.94727407407403,148.20439999999994,127.83044444444444,148.58216296296297
18040753612701448,True,125.99979166666662,142.59263888888887,158.26768055555553,98.60654166666667,172.860875
18021707213294277,True,181.8276888888889,188.00691111111112,207.13845555555557,45.20675555555555,209.36792222222223
18150768520431733,True,124.8943472222223,131.4425972222222,172.4556388888889,94.66034722222223,174.86656944444445
18094841683444460,True,143.11234722222227,152.3401666666666,160.75343055555547,43.43040277777778,165.13234722222222
17984024372866117,True,171.500625,172.81933333333336,181.73976388888892,38.16436111111111,184.97516666666667
18047602612617593,True,75.93444444444444,104.30252777777784,129.3775138888888,120.21343055555556,130.70829166666667
18014546239991510,True,183.18537500000002,136.85322222222223,83.4357638888889,136.11668055555555,183.24552777777777
17884099353163742,True,152.8172222222222,132.90808888888887,66.9250888888889,179.3961,183.89344444444444
17892516452976006,True,64.45406944444447,73.47504166666673,104.47570833333339,156.602625,112.90429166666667
18023242724593605,True,82.94402250351615,106.32264416315043,130.60991561181433,89.30822784810127,131.6915611814346
17921733357297820,True,208.74861111111107,195.56766666666678,159.3088055555555,89.2370138888889,223.93
17880227346512731,True,140.01955555555557,134.49256944444446,136.83848611111114,48.45268055555555,147.49604166666666
17968340447619466,True,151.0412888888889,171.1600444444446,180.91848888888887,52.517096296296295,182.71477037037036
18324952792203560,True,146.4233055555557,139.62370833333338,108.10458333333335,95.71827777777777,148.06193055555556
18005580008910335,True,202.7654444444444,207.14762500000018,203.58505555555564,26.655319444444444,213.40502777777778
18020591600478811,True,70.96506944444442,117.73312500000003,111.28476388888885,131.014375,120.98641666666667
18098411702060057,True,75.49268055555557,79.23963888888885,90.49933333333333,71.86716666666666,92.13351388888888
18078116935435138,True,156.51284444444445,159.08311111111118,161.65415555555558,28.496166666666667,166.16861111111112
18055864498876924,True,161.80666666666656,145.2144666666666,147.4976333333334,70.80643333333333,171.73912222222222
18082205051004374,True,93.34613333333343,112.87529999999997,139.14223333333337,106.27905,140.94495
17895801135438806,True,94.43080000000005,110.43992222222221,115.18413333333342,95.84687777777778,121.6185111111111
18092464618911937,True,197.16234722222225,176.8154027777778,136.72559722222223,91.62215277777777,198.38441666666668
17926973741969738,True,41.28069444444444,49.837222222222245,57.53354166666665,98.90069444444444,64.34818055555556
17913029357930646,True,110.2200972222223,120.3468888888889,123.1164305555555,43.833625,127.66429166666667
17968211276717524,True,88.10806020066894,67.93596432552953,77.06027870680042,156.54927536231884,116.74982162764772
17988726056348218,True,68.59416666666665,82.31418055555555,107.84520833333335,161.16754166666666,126.11605555555556
18002300342302737,True,154.26836666666674,163.50469999999993,173.9564333333334,57.99018888888889,180.45823333333334
18036933596777415,True,147.26138888888883,170.24244444444452,190.28822222222217,84.62861111111111,191.93245833333333
18133502008404494,True,70.04185495118551,96.58115760111569,113.5646722454673,114.90669456066945,114.02662482566248
18033873400779872,True,78.10729166666668,106.18581944444445,145.39613888888894,159.7229722222222,145.4086111111111
18117865510520141,True,171.08259414225935,171.93410041841,170.95322175732224,43.215509065550904,184.26305439330545
18358983211121678,True,104.27384722222224,104.33493055555554,98.16745833333329,67.01406944444444,114.21336111111111
17896937876977717,True,179.07470000000015,184.72827777777772,190.75285555555544,30.342455555555556,194.96412222222222
18372535495192398,True,185.26115277777768,193.3960972222223,186.82625000000016,48.31725,203.45522222222223
17888907687191630,True,33.62605555555559,64.78387500000001,122.55398611111107,200.74525,122.58013888888888
17905245536968853,True,118.19593055555553,139.4401944444444,157.94083333333344,120.71793055555555,170.58793055555554
17958287538086956,True,97.4530074074074,134.9819555555556,145.71678518518522,133.24674074074073,164.0024148148148
17992060985650717,True,157.70080555555566,175.13009722222216,199.9068194444444,57.30486111111111,201.17294444444445
18456455509004760,True,143.61758087201127,152.24590717299577,144.4464697609001,75.57995780590717,162.19857946554148
18583571620024580,True,54.470916666666646,66.71721666666662,79.7194666666666,74.46791666666667,81.36121666666666
18011002265362883,True,51.522680555555546,79.79129166666671,123.24697222222227,174.17145833333333,123.28965277777777
18168107563343008,True,172.56615277777775,137.8692777777777,110.64177777777769,114.62793055555555,181.59509722222222
18065634272359799,True,91.44217573221758,108.12376569037656,139.8677963737796,99.76567642956765,140.73581589958158
17996280857767057,True,65.91641666666668,84.82108333333335,95.3830555555556,122.85590277777777,100.80119444444445
17862548868080871,True,146.68314159292024,121.24606194690256,113.4345722713865,120.80622418879057,173.56930678466077
18378364699103951,True,131.5493444444443,154.0082555555555,167.43181111111107,63.32741111111111,170.40306666666666
17975226941732262,True,160.33608089260804,186.7813110181313,208.07695955369587,67.94695955369596,208.71256624825662
18273201235232133,True,80.79229166666664,85.42202777777773,90.60116666666664,51.31447222222222,92.347125
18027253556658248,True,199.80761111111096,205.35834722222222,214.81806944444455,27.799958333333333,216.85904166666666
17960862824769164,True,100.34173611111109,107.32083333333328,118.12298611111109,96.23320833333334,131.5038888888889
18148151665427904,True,54.39845833333332,111.15470833333329,82.75452777777771,163.77672222222222,114.86804166666667
18020366353968754,True,184.63162500000013,151.54019444444447,129.23861111111117,95.416875,192.11158333333333
18324843289137967,True,28.71653266331659,47.229983249581224,99.6044556113903,167.7984422110553,99.62162479061976
17872605792226989,True,77.07993333333333,82.61003333333332,73.52963333333331,113.12184444444445,86.33351111111111
17870541624595565,True,191.4617037037036,194.70186666666675,197.706962962963,11.331525925925925,198.16884444444443
17935744481831447,True,148.84872222222236,150.4463472222223,107.96923611111109,112.19348611111111,166.28404166666667
17890337732988270,True,90.19844352617086,106.90954545454548,109.66960055096415,80.74444903581268,115.16798898071626
17887797837495402,True,81.0019583333333,95.34580555555553,102.30898611111117,79.68944444444445,107.46465277777777
18311443738122292,True,96.78423611111114,113.58204166666665,122.69581944444447,109.39383333333333,134.141125
18060733814339199,True,150.4403472222222,135.19220833333327,112.59450000000007,105.09238888888889,158.53697222222223
18040658834283275,True,152.09544444444444,161.62520833333332,109.73437499999997,123.08588888888889,178.53898611111111
18019567694038686,True,66.53856666666664,113.06541666666666,184.0944833333334,166.96648333333334,184.89646666666667
18351960277229590,True,139.58951388888892,145.84784722222216,146.64719444444435,57.24261111111111,159.39704166666667
17944119858173288,True,20.206814814814845,26.204933333333354,27.987481481481453,74.8346962962963,33.165614814814816
17919459092877501,True,84.92568,116.79626666666664,127.96066666666661,108.86284,130.56290666666666
17915779854111402,True,135.68081944444444,150.69155555555554,169.14706944444433,71.66566666666667,170.30294444444445
17922140055170810,True,89.99051388888886,108.25220833333333,113.70534722222231,91.01159722222222,118.93380555555555
18025517851868412,True,120.26541666666665,132.69620833333335,143.66311111111102,61.767208333333336,146.5096111111111
17900365791178978,True,111.84280000000004,119.94914999999992,125.6065333333333,67.79835,132.00825
18042578563755575,True,81.79205555555554,105.42662499999993,116.15043055555556,101.66245833333333,119.20261111111111
18014510870264985,True,141.8579722222223,145.09380555555558,143.8786805555556,20.900972222222222,148.13801388888888
18304032190178973,True,53.178333333333335,75.9311944444444,73.12376388888892,94.50090277777778,77.640375
18191459341292548,True,165.41983333333334,177.13820833333338,180.3010000000001,43.45130555555556,183.76883333333333
18083106476020826,True,59.14672222222226,78.96377777777779,83.64251388888891,139.28858333333332,90.21641666666666
17896712154107225,True,82.13802777777775,88.66002777777773,117.36933333333339,88.86938888888889,119.28633333333333
18041747561535383,True,93.88961111111111,147.35119444444442,199.50763888888878,140.39131944444443,199.642125
17854103487137742,True,131.82851111111114,156.8018333333334,178.44694444444448,76.27404444444444,182.25993333333332
17927004402099415,True,117.1016917922948,126.40445561139015,123.33649916247904,93.23608040201005,142.31090452261307
18094483853155721,True,79.93957037037036,83.83493333333331,89.38711111111114,68.71285925925926,95.57275555555556
18483470785079744,True,92.95645833333333,101.21277777777776,121.86633333333333,65.01768055555556,125.69275
18030705118821744,True,136.00000000000003,151.45380234505856,164.26338358458966,44.34594639865997,166.50060301507537
18099142505071571,True,170.1115833333334,151.20554166666676,121.6978472222223,84.81841666666666,173.25833333333333
18073886801309550,True,107.30902777777779,138.33006944444438,143.94123611111095,116.47658333333334,157.14802777777777
18092519044893641,True,141.98936296296304,165.3572,197.29866666666652,95.28248888888889,197.33645925925927
17852368404645417,True,44.73195979899494,65.46530988274704,85.12713567839201,150.59142378559463,86.3228810720268
18112832773787285,True,147.18119444444451,158.62051388888884,159.08265277777784,57.513777777777776,167.52705555555556
18045089864278682,True,156.86852777777779,175.65749999999989,209.16620833333315,83.54109722222222,210.09629166666667
18185540032290482,True,158.122005312085,143.91017264276226,124.84723771580347,66.59733067729084,159.95035856573705
18456657514105920,True,153.02895833333343,170.46524999999994,199.45077777777786,65.15605555555555,199.45166666666665
17863931970239339,True,68.93055555555549,74.9266388888889,83.58812499999992,66.52277777777778,83.72829166666666
18085724495607340,True,47.438487282463186,85.96445783132533,132.44325301204825,148.18994645247656,132.475702811245
17885855103502546,True,113.75959722222221,122.81386111111108,168.2739861111109,118.3644861111111,179.48156944444443
17908467993193383,True,125.64863319386332,141.1397071129707,153.13535564853552,60.090906555090655,154.7981589958159
18110370796891342,True,51.16744444444448,109.20269444444439,89.7318055555556,159.83175,110.86663888888889
17912920598909463,True,99.81845045045044,117.19281081081081,128.14088288288295,88.95108108108109,130.63037837837837
17896917501289489,True,159.63121715076068,152.82071922544935,143.2714107883818,55.35423236514523,167.64827109266943
18065143261553784,True,158.85318888888884,159.7322777777779,163.96242222222233,48.5721,176.12407777777779
18094547189469200,True,143.0257037037037,150.5232148148148,152.15047407407408,53.484,161.91211851851853
18179732233308959,True,143.86203333333333,138.6420555555555,158.91200000000003,74.66132222222222,170.20995555555555
17906978078866149,True,144.32565277777772,158.64826388888883,169.81666666666666,58.316625,170.34030555555555
18269728795257040,True,117.4335416666667,122.21688888888889,121.28236111111119,65.21401388888889,129.35808333333333
18087406774430264,True,83.11351111111111,116.0846370370371,127.67186666666676,115.03322962962963,132.72567407407408
17845913136215252,True,90.05666666666669,90.16704444444441,87.66305555555562,93.70437777777778,103.8813
17934781343821476,True,125.16098888888892,138.4854777777777,149.23917777777768,59.508744444444446,153.93724444444445
18053975245574157,True,147.4506388888889,158.9954305555556,163.41504166666664,95.60238888888888,187.2126111111111
18465371302019547,True,93.86126388888891,111.3263472222222,123.27805555555558,94.62738888888889,131.78829166666668
17862819228561184,True,40.3686,72.72579999999996,118.77001666666666,194.63013333333333,118.95738333333334
17903867148237716,True,156.95294444444443,159.39652777777775,153.73173611111108,40.74926388888889,165.99879166666668
17928510893860388,True,196.77723333333327,205.7003111111113,223.27215555555557,37.042922222222224,223.59893333333332
18012740177484182,True,62.81093749999997,86.15607142857147,102.36508928571429,141.42693452380954,112.25974702380952
17895340517954335,True,152.59719444444448,163.7684027777778,176.58801388888898,57.17861111111111,178.60133333333334
18147844390408833,True,154.52251388888888,159.79594444444456,162.90305555555554,88.07473611111111,187.53709722222223
18085347086077848,True,104.59271386430684,126.1718879056047,150.5408554572271,103.5475958702065,152.13997050147492
17931043430924680,True,145.52048611111113,147.71841666666666,150.38645833333328,39.14773611111111,159.12905555555557
18083603318096079,True,136.22122278056958,133.30932998324954,126.25343383584588,93.80762144053601,153.98624790619766
18097300753472236,True,37.83610878661088,64.0483124128313,98.86853556485349,168.86400278940027,98.98284518828451
18021589331052396,True,132.19922948073707,94.13959798994966,65.69,158.07837520938023,138.57835845896147
17998749065804443,True,188.99780555555543,193.436,189.59805555555565,46.64505555555556,205.1243611111111
18084586879532506,True,30.57158333333331,56.33233333333334,92.22620000000002,188.4202,92.98345
18047287708938402,True,72.08568213783408,96.29918424753865,104.64855133614628,119.22383966244726,117.15825597749648
18116796322739749,True,94.69051603905156,97.39818688981877,117.17838214783826,63.47389121338912,121.41570432357044
18023743232036138,True,58.44137500000003,63.51325,68.1569583333333,53.1175,68.58891666666666
17907115932053513,True,106.46644444444443,125.01506944444442,148.48662499999998,80.22081944444444,149.62547222222221
18074841025689648,True,81.37183333333329,104.42195833333332,185.05240277777776,155.66095833333333,185.4032222222222
18079530191533686,True,116.46256666666666,122.34283333333327,158.05096666666645,111.90016666666666,163.30886666666666
17969636198583057,True,85.77798666666662,69.19814666666666,99.53113333333332,100.05542666666666,114.27602666666667
18099230482820994,True,127.91780740740734,133.2908592592593,125.9541925925927,79.62786666666666,147.19693333333333
18110436904608304,True,196.31693055555564,202.06243055555566,196.27854166666685,53.36438888888889,213.19009722222222
18015378538963441,True,71.0857066666666,73.61662666666668,126.43806666666664,159.34144,126.66514666666667
18024466567934982,True,111.18674999999998,113.87163333333332,105.27161666666666,108.2885,134.85798333333332
18102765085762281,True,128.23457777777773,92.3213333333334,101.33281481481487,143.65675555555555,152.9493185185185
18057002047780068,True,123.40905555555551,145.77184444444455,116.29951111111103,119.97584444444445,166.2430222222222
18092199811427084,True,94.62875,102.14929166666663,113.34655555555554,64.16840277777777,117.13401388888889
18275136460260923,True,118.61836111111114,137.97727777777783,152.0331666666667,64.62045833333333,153.849
18040953581544404,True,127.52626388888886,133.72218055555552,144.61768055555564,56.750638888888886,151.65427777777776
18053809417979467,True,63.795680555555556,57.42106944444448,60.17374999999999,108.70986111111111,75.66030555555555
17918795181341860,True,77.68576011157603,94.0229846582985,104.50386331938638,91.83016736401673,106.64556485355648
18070284740435488,True,86.41228148148153,101.00943703703702,105.88771851851854,86.7561037037037,109.86788148148148
17856991419171391,True,59.33470833333334,104.70441666666667,115.81762499999992,155.25166666666667,120.17765277777778
18329833555136141,True,140.36229166666655,152.4797777777777,154.7338750000001,57.93340277777778,163.09
17907080156825976,True,112.86068888888886,118.39316666666663,134.0721777777778,64.04882222222223,138.84076666666667
18534014227031470,True,92.15155555555563,107.04277777777776,124.83233333333331,73.98776388888889,128.80156944444445
18543551263069756,True,74.99852777777775,76.2690416666667,78.9903472222222,79.78568055555556,89.0765
17859547932631438,True,44.225319444444445,73.73768055555557,72.5128055555556,144.66441666666665,78.83543055555556
18021931654919639,True,159.25569999999996,180.4944888888889,176.26845555555533,50.810322222222226,190.22725555555556
18303729679281518,True,123.85691666666666,123.57591666666664,120.80344444444448,47.69509722222222,133.7723472222222
18001378526732317,True,134.56439999999992,132.40882222222228,143.36771111111096,89.95717777777777,159.12776666666667
17918052875935539,True,113.18840000000004,120.61131111111116,124.97554444444454,48.00915555555556,128.50545555555556
17978480330718167,True,67.22012222222222,90.95331111111108,119.97977777777781,139.79735555555555,123.72952222222223
18019065265962579,True,139.02345833333328,147.94869444444444,171.11956944444435,63.24776388888889,173.1772361111111
18540388198067757,True,62.92879999999999,57.635999999999996,59.76954444444443,112.84966666666666,77.11365555555555
18034237282895028,True,145.98927407407413,144.27503703703707,119.23419259259254,113.08571851851852,170.1206962962963
17866429917078797,True,39.00583001328022,86.32859229747673,133.01691899070394,182.86802124833997,133.10025232403717
18094333552602971,True,158.63883333333328,160.9039027777778,166.54858333333337,56.67834722222222,180.48855555555556
18116155582656254,True,142.57965132496514,134.99847977684803,136.69535564853553,79.40775453277546,160.42665271966527
18044307046625285,True,160.51455000000013,142.97753333333333,138.35053333333335,41.7814,161.0805
18042281465675175,True,212.66715277777783,212.7028888888889,221.36475000000004,27.232194444444445,227.4663611111111
18075344959490054,True,139.66299999999993,109.37841666666674,73.22458333333331,141.38268055555557,144.51566666666668
17922170240888627,True,78.28929166666671,123.45177777777783,161.91288888888886,150.0871111111111,164.593625
18083065763088703,True,149.59490277777778,146.619013888889,142.7465833333333,60.34348611111111,158.121875
18317292439270441,True,113.24194444444443,127.28180555555547,129.20048611111113,50.94376388888889,131.23016666666666
17883368754482472,True,104.86204166666673,100.81049999999996,85.18713888888884,153.81465277777778,126.04104166666667
18091716199899098,True,162.29058333333327,167.1002638888889,166.63091666666662,32.88922222222222,171.98841666666667
17866754274053635,True,80.3939861111111,95.99195833333336,108.20565277777776,79.83095833333333,108.21440277777778
18061529984487938,True,145.60513888888883,161.43881944444448,165.70106944444444,52.35541666666666,172.6786111111111
18097591624839900,True,75.67604166666665,72.36404166666671,71.0569722222222,81.7352361111111,88.40791666666667
18412961002021638,True,143.18002222222225,168.93749999999986,157.280111111111,53.62115555555555,170.99792222222223
18041969629689875,True,100.30604999999997,111.44094999999999,117.7045999999999,66.32126666666667,124.31726666666667
18009168746152142,True,54.905166666666624,77.63143055555558,120.82050000000004,128.11065277777777,120.89754166666667
18088075183756795,True,175.78308333333325,154.06684722222215,136.0252638888889,103.40675,194.28865277777777
17982294308822617,True,119.6137361111112,126.58105555555558,124.76316666666662,77.44215277777778,142.25730555555555
18044288218647294,True,173.22865000000007,173.81116666666674,226.33716666666666,73.2136,226.34036666666665
18273356542217321,True,54.95994444444444,55.43662499999995,66.4984166666667,88.925875,73.65355555555556
17938135268936393,True,61.62890295358653,86.5903516174402,109.33178621659626,125.31689170182841,111.66042194092827
18142252117314467,True,80.31348408710213,120.24053601340032,156.17055276381916,130.96849246231156,156.76790619765495
18084600358813347,True,91.07231666666665,129.9744666666667,139.1867666666666,108.40908333333333,145.594
18055452688610062,True,144.36688888888884,156.30125000000007,154.19980555555554,81.07490277777778,176.68643055555555
17899072761063388,True,98.19160337552738,114.45984528832629,117.89946554149084,86.8725035161744,128.6789170182841
18168322123412366,True,56.55750000000002,70.19906944444448,91.22840277777782,72.20729166666666,93.77954166666666
17891322957254866,True,153.43834722222226,166.7730833333334,162.56723611111116,66.30668055555556,176.4233888888889
18053767696567261,True,119.99345555555558,138.46906666666678,168.8483888888889,88.30812222222222,168.88637777777777
18050783320600296,True,151.36609999999993,168.60913333333363,186.29217777777788,63.486155555555555,186.53778888888888
18452634838067010,True,95.18563888888886,79.58644444444444,79.70063888888886,125.08427777777777,111.89206944444445
18056702548525358,True,64.86106944444447,81.2069583333333,93.68523611111114,107.55268055555555,95.65011111111112
18051741839196868,True,106.38952777777769,110.51083333333334,112.00869444444446,55.244458333333334,116.91615277777778
18248032462258854,True,109.74535555555553,136.94817777777772,101.7543,126.67904444444444,147.10914444444444
18058626109874741,True,115.46415620641557,115.0506136680614,163.8890516039052,94.22192468619247,166.36168758716875
18015653774271608,True,191.58927777777785,165.7064888888889,121.51231111111107,119.26978888888888,205.43138888888888
18179517613391621,True,206.49964444444439,151.47178888888888,155.83973333333333,88.69045555555556,211.8682
18048089765052738,True,110.55772222222215,125.55324999999998,130.78320833333333,86.855375,148.26255555555556
18360105733230345,True,56.3337813620072,83.95340501792116,105.21439068100361,139.40627240143368,108.9811111111111
18036037402903478,True,179.08946666666674,167.5467888888889,133.9811222222222,91.00461111111112,200.42803333333333
18029422261802134,True,19.55533333333334,38.64733333333334,82.1377916666667,215.10256944444444,82.22075
18105503965518139,True,113.17627777777788,120.44383333333336,123.42665277777773,71.42545833333334,135.35670833333333
17844086082185864,True,178.7868666666667,185.50666666666646,176.47164444444442,29.033533333333335,186.14211111111112
17931428310250931,True,151.89220740740743,143.10586666666666,144.70321481481466,76.46257777777778,173.1416
18154600753348954,True,161.81818055555564,172.5498749999999,176.68218055555553,39.38247222222222,185.3322638888889
18054415814323642,True,105.6899833333334,101.50678333333337,126.06166666666654,74.32505,128.70056666666667
18082693147432556,True,139.75355000000002,129.14136666666647,136.4524666666666,50.613283333333335,148.45766666666665
18028442836969392,True,104.33602222222217,133.9491000000001,161.18634444444444,116.41158888888889,165.63133333333334
18079124795047066,True,158.559736111111,150.76395833333345,125.03762500000009,74.37344444444444,166.08640277777778
18094532704746518,True,103.62553695955356,148.43626220362628,182.20602510460253,121.87433751743376,182.62479776847977
18020752600946654,True,78.87675555555558,126.62198888888878,166.98368888888896,147.56915555555557,167.15443333333334
18032849545758220,True,32.89127927927925,37.075549549549514,45.75025225225223,106.43902702702702,49.47207207207207
18038278165866323,True,168.27369999999996,186.89369999999994,204.9170000000001,55.28751111111111,205.0890777777778
17869419552312733,True,137.58768055555558,148.688,156.78536111111117,57.594319444444444,159.79883333333333
18265669234289263,True,38.06564444444444,94.14788148148149,125.00139259259267,190.01845925925926,127.67115555555556
18057498739584186,True,210.65008375209376,183.0306700167504,154.6638023450586,82.22810720268006,213.54804020100502
18043373207476921,True,97.95643333333328,123.40509999999995,148.9451166666667,103.19661666666667,149.56833333333333
17875757148583856,True,88.9664,114.9843259259259,116.40733333333324,73.05093333333333,120.99188148148149
17970128420699368,True,115.53736111111111,148.43636111111127,167.9694305555556,98.47741666666667,170.01997222222224
17975115002705652,True,109.86608333333338,151.9071111111112,179.78270833333337,112.6817638888889,183.41641666666666
17939186355057429,True,103.44279166666668,128.9981944444445,157.54745833333328,85.76352777777778,157.56813888888888
18075875866946983,True,174.21744444444442,172.48808333333324,179.69600000000005,51.90261111111111,190.0197222222222
18029640092098401,True,170.19387500000005,174.88341666666668,184.5746111111111,30.505791666666667,184.69509722222222
17977506656598197,True,151.3643472222222,144.46954166666674,133.68661111111118,63.99245833333333,162.54127777777776
18031326770466755,True,99.1658194444445,109.64274999999996,119.7732916666667,59.198055555555555,124.91216666666666
18205219822316946,True,81.18662499999996,75.49216666666666,79.7456944444444,133.27879166666668,102.30548611111111
17845454901173712,True,57.38096666666663,74.48904999999995,92.28961666666662,93.68695,92.63025
17908495530205151,True,160.08681944444453,148.3290555555555,135.20848611111114,91.52697222222223,169.1903888888889
18261310513227271,True,118.76545555555558,128.34251111111115,138.8090555555555,67.22397777777778,146.42533333333333
18436022134047128,True,149.39170833333338,148.0765277777777,136.75372222222228,41.215125,152.11991666666665
17980730069799157,True,112.56963737796364,88.45564853556489,69.40160390516037,136.8912831241283,124.10857740585774
18023454728560582,True,97.74172222222224,74.31691666666664,110.73602777777775,155.8886388888889,128.30751388888888
18359350135226769,True,76.0910972222222,98.79106944444446,165.85734722222233,154.83906944444445,166.5684861111111
18125717629480677,True,120.97077051926293,132.71341708542712,163.1431155778894,90.521608040201,169.47654941373534
18148607527415342,True,158.03527313266446,115.87742474916381,94.38643255295426,120.5170568561873,165.5758193979933
18006602489767286,True,22.984458333333315,26.853458333333325,28.488416666666673,117.00141666666667,31.6705
18309952030270668,True,65.74528591352859,51.311087866108785,48.89682008368203,116.5857740585774,75.73160390516038
18055423301347779,True,174.68977777777783,136.91743055555563,89.38416666666669,126.92154166666667,179.5488611111111
18010808393822636,True,88.86514074074078,129.00322962962963,169.6168,132.95247407407408,171.40696296296295
18078775724398935,True,140.12619444444442,139.16327777777784,124.49236111111112,43.826388888888886,143.07931944444445
18077304739918123,True,153.42988888888894,157.49926388888886,156.6920277777778,60.71809722222222,171.62186111111112
17926050966037782,True,113.17140000000005,144.08763333333343,176.8725,99.82795555555556,178.0634777777778
18094341647501620,True,146.474875,171.14480555555554,192.36422222222234,83.81168055555555,198.86395833333333
18401163034145406,True,67.24368055555557,71.15245833333337,121.03475,153.15945833333333,127.36398611111112
18039808397133254,True,76.89721393034824,105.36389718076288,107.47033167495852,122.69782752902155,129.4534328358209
18019081283667173,True,115.01123611111115,127.97454166666671,139.3311527777778,70.80688888888889,145.9076388888889
18141483901502383,True,115.92587499999996,118.74890277777769,147.16837499999994,59.81019444444444,149.124375
17954091752902615,True,109.77477777777776,130.80948611111106,150.1143888888888,82.79033333333334,151.4981527777778
18174109495343624,True,122.41420740740747,169.80484444444446,201.7677777777779,114.54463703703703,207.8444
18045359902697430,True,166.6251388888889,167.6213333333333,166.15662499999996,45.369708333333335,176.86880555555555
18074474180488844,True,124.13419444444452,131.93240277777775,143.53616666666665,57.57402777777778,148.14070833333332
18026010599370379,True,142.4864305555556,148.76498611111103,133.6739861111112,47.63459722222222,150.53219444444446
18077399480170456,True,96.10055555555557,130.97581944444445,137.30018055555556,92.17459722222222,143.06933333333333
17942838510195355,True,45.16653333333335,62.734833333333334,81.80893333333333,133.65286666666665,84.75268333333334
18015709109442298,True,176.94720268006705,184.8160971524287,170.41897822445566,82.02876046901173,201.62894472361808
18350603362201754,True,84.4966944444444,106.61274999999999,153.82970833333323,129.05831944444444,155.25201388888888
18123215101493622,True,97.46497222222224,138.98158333333333,127.82205555555552,106.89194444444445,144.66502777777777
17903809023269857,True,153.22218055555558,190.71444444444438,202.94654166666658,78.91525,209.6282361111111
18053221847300672,True,69.31648241206028,73.5147906197655,93.77048576214408,103.014405360134,96.02492462311558
17975937563817723,True,139.68513888888896,150.00083333333336,201.59358333333336,104.45606944444444,216.79170833333333
18023368730555976,True,147.41644444444438,157.47254166666656,170.2534027777779,88.27858333333333,186.55495833333333
18029073218665531,True,95.15666666666665,74.99080221300139,91.07712309820194,124.98273858921162,112.49080221300139
18115756225560049,True,118.26081944444446,156.45718055555565,192.36647222222228,106.99995833333334,192.5695
17980655279846311,True,128.5305670816043,142.57593360995867,141.6993499308437,44.098160442600275,148.1885062240664
18027840493951496,True,135.6503831417625,154.39026819923382,140.6063026819924,73.77070881226054,160.7623563218391
17902586060937182,True,35.47397037037037,76.36205925925924,102.49152592592594,145.93682962962964,102.5918962962963
17987456285478004,True,98.25347222222227,113.3651527777777,125.7718055555556,81.31806944444445,131.22734722222222
17896129032293167,True,155.599625,161.24108333333322,150.07388888888877,84.15023611111111,179.4874027777778
18060610796221883,True,57.54831944444445,59.968250000000005,73.23808333333338,98.73181944444444,77.513125
17846246067274292,True,118.72023611111103,132.00670833333342,188.92452777777783,127.206125,199.0103611111111
18114701326704009,True,100.15906746031744,121.55632936507934,147.6325,98.13769841269841,147.64301587301588
17928586242250442,True,81.4474518518519,105.84294814814825,106.33508148148147,108.80635555555556,117.51142222222222
18319473184212923,True,106.89862222222224,124.96447407407409,100.28026666666668,84.91266666666667,129.76487407407407
18054318947361101,True,92.29448611111114,100.91079166666667,104.99097222222228,66.78363888888889,109.79833333333333
18385514359137157,True,58.41609722222222,103.25354166666665,138.68445833333334,159.03995833333335,141.4188888888889
17960068413042423,True,58.45919999999996,67.99093333333332,71.5042518518519,68.16822222222223,75.4641037037037
18101792176780533,True,112.1105333333334,149.5638166666665,164.8462666666667,104.4932,174.20556666666667
18057425554644251,True,132.5827833333332,155.07639999999992,175.1122666666667,76.2904,175.28316666666666
17958688158098455,True,166.95227777777774,192.65087777777765,223.16038888888895,75.53331111111112,223.17027777777778
17905835217174949,True,188.23876388888885,204.12326388888883,190.20863888888883,63.52101388888889,217.0173472222222
17911477392348312,True,40.77616296296296,80.00842962962969,114.97004444444444,168.78662222222223,115.00783703703704
18130149103440259,True,136.3406527777778,153.82477777777768,182.647638888889,78.34131944444445,184.57266666666666
17844611394221959,True,84.42665277777779,111.66024999999998,144.88598611111107,142.751,144.95440277777777
18120235822559224,True,105.69307053941922,114.7655463347165,118.76565698478565,82.30972337482712,127.88948824343015
17924565872891658,True,81.61830357142856,80.93672619047626,83.43997023809519,77.0832738095238,96.17184523809524
18068120462122014,True,154.15445833333325,162.29526388888877,168.66595833333335,78.48406944444444,187.43972222222223
18078936454540335,True,98.62798994974874,118.12296482412053,149.67979899497485,116.43802345058627,157.3443216080402
17984250713902563,True,38.743625,49.27815277777779,61.50206944444444,118.26344444444445,62.454430555555554
17882502858172639,True,66.92391666666664,77.47898611111115,98.5019305555556,109.9405,101.69483333333334
18037930487025013,True,80.18263333333341,81.54484999999997,81.7666333333333,86.28878333333333,98.22511666666666
18081150793729359,True,100.7696388888889,124.25548611111108,133.1060833333334,89.06645833333333,139.36575
18068470763533992,True,138.84615277777783,137.0985138888889,118.01852777777779,63.41865277777778,146.2482222222222
18099046361052977,True,130.0733888888888,132.0949444444444,125.51559722222224,100.306125,152.72190277777779
17985597002961544,True,59.91375375375371,118.32561561561556,147.4448498498499,183.8615915915916,147.45015015015014
18066631049437492,True,69.8439888888889,83.59975555555556,95.90759999999997,90.03414444444445,97.55624444444445
18291690364201376,True,28.924888888888898,39.248555555555555,69.37584444444447,167.1810888888889,69.40743333333333
18137747623516825,True,39.33811111111109,51.63704166666668,58.564416666666645,143.10063888888888,61.270069444444445
18120666769628274,True,73.28156944444444,93.42668055555558,109.88929166666668,111.29818055555556,114.77179166666667
18120806140646164,True,48.297249999999984,96.47198611111112,123.84654166666671,156.26941666666667,128.90691666666666
17891382525180542,True,121.60261111111112,128.96654166666664,142.77025000000003,52.01291666666667,145.99084722222221
18076600250399397,True,150.83320833333346,179.25419444444435,208.05030555555578,77.01438888888889,208.46258333333333
17967833865032426,True,198.99318055555548,211.83498611111105,221.78294444444458,35.86640277777778,222.92344444444444
18095416151009745,True,71.02827777777779,99.41197222222218,162.55348611111108,156.20415277777778,162.62706944444443
18063303961666288,True,75.85681944444448,82.54818055555559,105.29009722222223,111.34279166666667,111.65744444444445
18283644073265440,True,56.717400000000026,69.09015000000005,85.42288333333335,102.2256,87.26235
18089814637975848,True,140.02673640167373,142.11133891213385,140.81516039051607,46.968856345885634,152.95637377963737
18019245668531401,True,144.6604577464789,116.5783333333332,87.16143192488258,135.1449765258216,161.84080985915492
18088269134254576,True,117.40581944444443,135.26719444444433,143.6752222222222,81.61009722222222,145.90194444444444
18052190122862534,True,106.90774444444446,123.92741111111103,136.78247777777776,81.5796,147.38874444444446
17886832407060473,True,44.80554444444444,91.85407777777772,136.2999888888887,165.2802111111111,136.33223333333333
18103110455309997,True,152.9624305555556,162.10705555555563,141.48565277777777,81.20815277777778,177.30856944444446
18056095226065374,True,14.737819444444437,23.41459722222221,87.67987499999997,226.9308611111111,87.79081944444444
18059958962135069,True,85.18466666666666,117.93261666666663,157.70428333333334,133.9528,158.01645
17969294537718706,True,101.66037499999995,122.76902777777777,152.48480555555562,109.74320833333333,155.8659027777778
18391921522134097,True,91.00179999999995,99.43983333333333,113.31230000000005,78.203,116.7738
17921072946126944,True,104.48537499999999,126.23002777777778,116.72854166666667,81.10777777777778,130.84886111111112
18014762843842393,True,134.58699999999996,115.86323611111109,88.43295833333335,115.89897222222223,146.22079166666666
18026643428358552,True,83.86861003861003,119.24924066924065,147.8232432432432,119.68014157014157,148.98791505791505
18100291484508891,True,168.80838888888897,155.1707638888891,130.65669444444444,95.39752777777778,175.4247777777778
18106204957600909,True,123.02819444444445,127.29906944444444,120.39005555555552,57.24543055555556,136.47077777777778
17989467764974122,True,56.06645833333333,103.88644444444449,127.08536111111111,205.5498472222222,152.88856944444444
17843722464686189,True,187.67748333333338,189.06598333333326,191.84971666666672,12.435433333333334,193.17326666666668
17879564088467382,True,71.35928888888888,91.4893037037037,91.9647851851851,72.92557037037037,94.62631111111111
17851202496622349,True,139.6999583333333,125.36558333333329,107.44748611111112,66.56956944444444,143.01909722222223
18094247729131374,True,138.92572864321622,44.25740368509215,9.720167504187604,243.81450586264657,138.92948073701842
18058455901751383,True,149.7878194444444,157.30202777777785,166.9559583333332,54.69855555555556,169.60970833333334
18035179210923349,True,160.79479999999995,179.32387777777774,214.93656666666675,66.74602222222222,214.93884444444444
18040345514602488,True,72.18354166666671,88.78248611111114,112.17716666666655,105.40566666666666,112.92654166666667
17858710209427995,True,161.39899999999997,137.82549999999998,123.29397222222225,102.32369444444444,173.37706944444443
18168399280365464,True,173.1294814814815,180.48466666666658,172.1010814814814,46.69442962962963,188.14974814814815
18382312951199915,True,164.38575221238943,181.63379056047194,193.37589970501475,46.55892330383481,194.7615634218289
17867256915599738,True,164.85977777777768,159.07618055555545,149.64366666666666,59.283055555555556,176.37604166666668
18100821586815653,True,114.72163888888886,127.11345833333336,140.98456944444445,54.15997222222222,141.25272222222222
17967228167762193,True,126.97088777219427,145.24658291457303,152.04661641541034,65.70805695142379,158.55113902847572
17945110301966903,True,149.4482222222222,165.0270694444443,164.83651388888885,77.1385138888889,180.2982638888889
18082775104971440,True,100.96986111111111,123.24261111111106,138.88094444444442,78.14958333333334,141.60558333333333
17920413279127991,True,125.83020833333326,99.3574305555556,71.63483333333329,118.67454166666667,128.60676388888888
18047036231232133,True,106.7562638888889,126.3095972222222,149.02738888888885,99.51368055555555,154.58869444444446
18388917427120311,True,74.41381944444447,104.7693472222222,143.48508333333334,126.70880555555556,143.75797222222224
17988792353793157,True,64.97729999999996,80.76503333333329,127.04614999999998,136.74023333333332,129.44285
18075394409005766,True,48.83557522123895,49.942064896755156,115.79019174041309,143.10533923303834,117.60942477876107
18334180684222092,True,94.04348675034868,86.98608089260807,81.73331938633198,82.86567642956764,104.31418410041842
18118246306658539,True,103.22603905160396,125.79205020920504,138.84110181311013,100.14635983263598,144.81175732217574
17903390172201606,True,195.92132231404958,201.44758953168036,221.0015702479338,53.257920110192835,223.74011019283748
17923022982023306,True,88.11312500000005,114.98405555555559,133.45929166666667,104.03058333333334,134.153875
18188026585345793,True,137.53909722222213,117.99013888888892,82.13461111111107,124.56605555555555,139.98629166666666
18091499495095846,True,53.776903703703745,61.38447407407407,71.20317037037037,85.01678518518519,72.51894814814816
18081262175381415,True,61.96665277777778,88.07834722222225,115.05386111111108,158.50733333333332,127.13776388888888
18001869047229627,True,125.8472666666667,150.75266666666676,174.82154999999995,92.42895,179.22413333333333
18114951460688164,True,197.09752592592588,189.936311111111,184.81717037037046,34.48179259259259,201.96906666666666
17925285522290493,True,192.9118472222223,178.97762500000002,131.86340277777776,119.74270833333334,213.1508611111111
18110732626482351,True,153.53164999999996,168.98261666666667,191.97594999999995,73.02716666666667,194.71936666666667
17921119659016078,True,129.80030555555555,120.37458333333329,70.8806388888889,147.03243055555555,138.923375
18121408513734877,True,144.86373511904765,159.70659226190477,178.4065178571429,66.39797619047619,182.79901785714284
18048110785749481,True,118.80959553695955,136.53774058577406,138.99046025104596,101.61350069735008,155.45454672245467
18458361850020566,True,212.573611111111,227.8998555555555,209.3787333333334,29.4715,227.97588888888887
17918453700083854,True,130.45109722222216,144.61177777777777,136.45263888888894,48.31545833333333,149.33131944444443
18061810205470379,True,121.02848333333328,138.42850000000007,157.1662000000001,81.4263,163.97216666666668
18446204356002260,True,97.90881111111115,118.21073333333331,137.89756666666662,91.89498888888889,138.19965555555555
18073602781756877,True,59.80491666666668,97.98768055555556,102.05047222222223,101.72565277777778,104.86166666666666
18047468125787529,True,48.93581666666665,85.52406666666671,113.22314999999998,157.49938333333333,113.22433333333333
17970072443881480,True,68.47306666666664,89.63354999999994,91.53626666666668,83.55766666666666,94.87083333333334
18010917059397063,True,28.51914999999999,112.84604999999998,173.28321666666665,214.00091666666665,173.30443333333332
18095625620042559,True,29.623366666666662,49.36103333333333,71.41853333333339,158.9301,71.81611666666667
17990949938581241,True,65.86120603015078,76.60145728643211,101.62497487437179,140.59482412060302,104.46554438860971
18105396682704553,True,46.29903333333335,48.148033333333316,59.10899999999999,143.20771666666667,69.98565
17910297363163847,True,167.12961272475798,156.7955048409405,121.67629322268328,113.59023513139695,187.33076071922545
18388881496123862,True,27.726633165829128,36.31269681742044,48.880787269681754,107.48388609715244,50.573869346733666
18267603088235729,True,150.0776444444445,146.07892222222236,119.21780000000004,113.65878888888889,169.75712222222222
18004954844911210,True,71.79304166666674,113.6275694444444,143.14280555555558,127.67156944444444,144.1074722222222
18046295750566396,True,83.50086111111105,87.71727777777772,92.42811111111119,45.621402777777774,94.55484722222222
18024104327010350,True,48.525483333333305,69.15236666666667,103.03811666666665,149.57826666666668,103.04088333333333
17913532166898664,True,122.91162499999999,137.6701111111111,148.53398611111112,74.71111111111111,156.64920833333332
18091802251582730,True,124.80491666666663,119.44877777777779,113.28936111111112,101.39943055555555,141.07404166666666
17990155103902712,True,130.05204702627935,127.45262793914247,153.36804979253105,69.71344398340248,156.81899031811895
18001490159807181,True,176.5795297372061,152.51164591977863,130.55235131396944,91.46295988934993,184.33110650069156
18028522208414521,True,119.3417222222222,116.96737500000002,123.49237499999998,122.87863888888889,154.18454166666666
17965468121900150,True,69.24301388888891,92.39586111111116,110.7198472222222,117.9426388888889,111.65101388888888
17983944215745885,True,162.32288888888888,130.72525555555555,108.17534444444443,133.6794,183.2909
18075895268210440,True,166.6775034867501,164.14510460251054,173.06124128312416,19.100083682008368,175.28189679218968
17975566424982492,True,200.87156944444436,190.27766666666653,157.25402777777782,71.28077777777777,209.216375
18248793394301209,True,111.87648333333343,81.29390000000006,37.78915,144.48388333333332,114.25133333333333
17952382148899858,True,136.49461111111106,155.01601388888886,133.71713888888883,62.01676388888889,157.33327777777777
17969005895885901,True,167.4082333333334,175.36164999999983,168.81789999999998,38.686083333333336,180.65643333333333
17862282771136041,True,125.19147403685095,151.38603015075395,175.99795644891108,95.31365159128978,180.67554438860972
18067866608548787,True,142.84970833333324,149.07913888888888,167.90498611111124,61.33269444444444,172.8728888888889
18445784944077448,True,120.24413333333325,139.44279999999995,150.88811851851852,72.74722962962963,153.64882962962963
18003125711712176,True,148.93830555555562,153.163486111111,117.58020833333333,105.54981944444444,165.88780555555556
17877055629242312,True,105.2827777777778,125.49883333333337,153.85015277777777,95.64984722222222,153.99597222222224
18111192106450040,True,175.2771527777778,155.35166666666672,130.2221805555555,108.28865277777778,194.10354166666667
18032247173412778,True,102.578,117.821375,138.92048611111125,98.06734722222222,146.871375
18100458364427394,True,103.33196666666667,107.54186666666676,110.7104833333333,20.296716666666665,111.47251666666666
17919864177104028,True,77.72687499999998,81.20818055555551,105.66336111111106,95.94156944444444,109.40780555555556
18337074730173788,True,46.72934722222224,78.39459722222219,70.05311111111106,141.486375,79.99061111111111
18101619790522112,True,113.6545746164575,104.90143654114371,85.47340306834032,141.39073919107392,130.19011157601116
18282513310231736,True,95.62276666666659,113.80959999999996,109.33739999999993,86.7304,119.32956666666666
18106961653917785,True,150.84331851851857,138.5630074074074,115.85505185185191,75.0745925925926,155.77413333333334
17931891252038724,True,131.43589629629628,143.61262222222229,142.93068148148149,58.82974814814815,151.55484444444446
18027247310346788,True,176.23885000000004,150.2862166666667,116.86193333333341,92.41945,182.1051
18150218554364265,True,130.71147679324898,154.208523206751,175.28032348804476,69.66002812939522,176.0556540084388
17999564396359774,True,151.70065476190473,145.05226190476188,146.13180555555564,51.24583333333333,161.48746031746032
18414957220127953,True,129.58438518518528,142.38324444444447,165.37691851851844,87.07931851851852,171.5285037037037
18162613777393658,True,42.97061111111115,55.41915277777776,69.57143055555554,133.69761111111112,69.70220833333333
18056308583401893,True,123.95587499999996,137.68168055555554,153.13304166666668,68.033625,155.5785138888889
18077566303972745,True,89.71240277777773,104.03383333333333,121.28006944444442,79.39002777777777,124.21623611111112
18112456774587388,True,164.43919999999997,148.60657777777777,130.83738888888882,78.73074444444444,176.6217
17884967472078668,True,40.78089225589225,94.30873737373734,105.45265993265994,171.29964646464646,107.74311447811448
17902701552060624,True,126.30279731993296,136.49703517587938,151.48698492462304,82.6450418760469,159.20130653266332
18554648623054965,True,66.03330543933052,51.11686192468621,49.04032078103208,117.81221757322176,76.07620641562065
18091209262443118,True,92.7886166666666,122.34373333333349,113.94409999999996,112.32806666666667,133.81098333333333
17916548724125231,True,92.1384027777778,118.90291666666661,150.5494999999999,114.68738888888889,152.51461111111112
18388935118098492,True,93.8054444444444,94.4277444444444,140.16657777777775,114.50508888888889,140.16703333333334
18249632245248745,True,91.69177215189879,154.256005625879,204.85537271448672,145.26554149085794,207.36427566807313
18099999922740341,True,137.85268055555557,125.58502777777773,113.08276388888878,106.55409722222223,151.27394444444445
18036520603905199,True,140.06316582914585,163.60701842546052,188.14847571189281,76.30628140703517,190.96430485762144
18154496893458497,True,149.76834722222216,155.12454166666666,168.34308333333334,68.05398611111112,181.17527777777778
17898724464426199,True,59.45274261603376,64.51900843881859,76.53265822784815,102.29757383966245,81.69170886075949
18038656883767949,True,141.44561111111108,152.70922222222222,202.18555555555557,95.42047222222222,202.68470833333333
18331470427228812,True,119.30001394700137,142.72520223152029,155.68248256624832,88.07852161785216,162.27323570432358
17921040090223665,True,138.00352777777783,156.62608333333327,199.48319444444442,91.42730555555555,200.75625
17851422735655905,True,169.06701388888888,120.73605555555568,94.37993055555563,136.6586111111111,173.2361388888889
18044356702914938,True,152.65510101010096,141.63883838383856,122.82260942760942,60.335151515151516,155.82299663299662
17912175909186058,True,156.86854166666666,134.9113333333333,111.45851388888892,112.11130555555556,164.51708333333335
17861692476543918,True,52.03500740740742,83.86533333333333,132.10463703703712,188.7265925925926,136.35811851851852
17894763654444992,True,52.09927973199327,75.37758793969849,91.9945728643217,137.16319932998326,95.32371859296482
17856078441249564,True,162.04499999999996,168.37575,172.78570833333322,34.99151388888889,176.60538888888888
17961054842941270,True,120.33157676348551,130.60941908713687,112.89260027662522,88.91680497925311,139.1025449515906
18466615213012221,True,153.89644444444454,136.44270833333331,134.9513611111111,65.519875,158.0017638888889
18078998878475551,True,105.24398611111108,116.07409722222226,125.912125,100.87468055555556,133.1178888888889
18094237145159540,True,125.42755555555566,146.2531250000001,157.54286111111105,83.66579166666666,166.861
18059079194238654,True,45.80300884955749,59.448318584070755,84.04321533923306,144.55458702064897,84.37057522123894
18095774815486880,True,103.21932226832637,138.9244121715077,151.78109266943304,112.37265560165974,161.15715076071922
17998020359866894,True,192.58890277777772,167.2305138888888,167.78380555555552,65.56351388888889,203.37158333333332
17928860310257246,True,159.79351111111106,148.96754074074076,139.75946666666667,36.928370370370374,162.21465185185184
18039032315379157,True,167.20926388888887,169.64377777777776,161.8179305555556,63.351847222222226,186.2844861111111
17873297406261746,True,36.629699999999985,43.0921833333333,79.63929999999999,169.79033333333334,79.93696666666666
18092186626899789,True,48.536162962962955,63.10348148148148,76.7856888888889,141.42592592592592,77.96318518518518
18053641940269979,True,201.66180555555556,187.9795833333334,145.99387500000003,83.03763888888889,206.3939861111111
18149207986376352,True,132.52240277777776,136.8823055555557,138.02954166666666,28.03977777777778,141.38669444444446
18105940453613827,True,50.41784444444447,81.72950000000009,123.5516,167.84156666666667,123.85827777777777
18245045614287765,True,138.58047222222214,153.44608333333343,173.68262500000006,78.3585,181.10297222222223
18064864474890369,True,45.56059722222224,49.44684722222223,100.35426388888897,152.01847222222221,101.31484722222223
17851314993649506,True,108.37453333333332,146.05828333333326,181.95674999999997,125.24128333333333,182.07406666666665
17881012833509006,True,125.21183333333325,161.16080000000008,198.08188333333342,97.33983333333333,198.0832
18055428809553746,True,204.97568055555573,200.51576388888876,217.78254166666662,24.04486111111111,218.39380555555556
18199993639311506,True,162.3670555555556,125.31484722222227,101.03391666666657,122.59211111111111,166.5103611111111
18357391732226501,True,124.16922222222219,123.5789583333333,108.8433472222222,73.205875,137.2898888888889
17899134471299528,True,66.63615062761508,67.76245467224551,72.8001813110181,82.97804741980474,82.27963737796374
18379723816196847,True,124.421375,103.55370833333333,115.62536111111112,66.20754166666667,134.22509722222222
18046557563760148,True,108.83677777777778,129.4625277777778,144.23606944444452,72.15484722222222,146.49013888888888
18449488075112270,True,139.30020920502096,200.2448953974895,160.018340306834,80.30382147838215,200.97468619246862
18369677245166363,True,145.10956448911216,156.22634840871027,159.9349078726968,36.7120770519263,161.3399162479062
17960223026989407,True,114.55195833333337,100.41597222222224,73.91261111111112,112.43333333333334,123.85041666666666
17987956328869210,True,62.289499999999975,90.19988888888885,133.5801111111111,153.5637361111111,135.05644444444445
18278536615267638,True,148.9681527777778,149.31340277777778,153.52563888888895,36.143625,156.30990277777778
18130107832408291,True,114.08129166666659,141.21329166666658,149.60140277777768,77.37986111111111,153.5764027777778
18073893920210013,True,84.12130370370366,100.48199999999997,111.03965925925925,94.38441481481482,117.05168888888889
18061245059182006,True,155.37151666666665,171.67178333333322,187.43385,55.2456,189.6492
18094565677889672,True,158.81881944444442,163.0085416666666,170.40993055555546,28.17451388888889,171.64381944444443
18098345330024026,True,127.05314444444443,154.21095555555573,185.23368888888888,95.1717,185.5096
17877282165577657,True,57.25999999999996,92.36602777777783,100.50083333333332,155.71830555555556,107.10669444444444
18050294846612615,True,64.1195972222222,58.97099999999999,42.647513888888874,159.60615277777777,74.44958333333334
18026071925133714,True,125.53719444444451,149.05966666666666,164.17494444444446,79.02715277777777,165.88729166666667
17850903651487404,True,197.7545416666666,167.84041666666664,101.82123611111109,133.51733333333334,203.68872222222222
18032350700090848,True,143.93021666666664,157.2605166666665,159.16095000000007,68.189,172.05323333333334
18068778514662254,True,192.093111111111,176.27433333333343,136.09868888888897,93.40795555555556,201.91576666666666
17929201563267966,True,24.34845188284518,32.38285913528592,43.54644351464432,122.74757322175732,44.069149232914924
18060750197559256,True,99.68926388888892,131.17224999999996,178.0579166666667,120.96791666666667,178.079875
18078138892936636,True,86.19344444444442,121.07469444444449,144.064125,119.56865277777777,146.55197222222222
17962549310675791,True,84.94478849407781,100.8757021996616,123.30896785109988,104.04438240270727,126.8878510998308
17865705210360914,True,119.71471666666662,145.1681166666666,177.2866833333333,102.44833333333334,177.30873333333332
18051465440375826,True,118.77471408647146,142.3360251046025,160.82417015341704,70.19714086471409,161.48464435146442
17891902758160170,True,60.48736666666664,89.65847777777782,123.15625555555548,128.8022,123.29256666666667
17979302186931595,True,116.33643055555564,154.16273611111112,183.7419861111112,85.99208333333333,185.76458333333332
18101436202611605,True,121.3904426002766,132.7397510373445,168.33329183955726,96.98190871369295,174.94867219917012
17842543386456535,True,123.95241111111102,150.79347777777784,116.46059999999996,128.49625555555556,165.7283111111111
18081059611890144,True,80.36251851851854,113.26693333333333,162.36785185185184,151.52826666666667,162.37312592592593
17920012437052401,True,100.33213888888879,114.28680555555557,133.34929166666666,108.94708333333334,142.25754166666667
17871079941204209,True,121.85510000000002,142.5300499999999,208.54944999999995,112.8048,208.96141666666668
17996161373954632,True,152.10948333333337,164.5887166666668,181.63771666666668,51.58996666666667,182.41171666666668
18070577266521833,True,153.65137499999997,176.17463888888884,182.49356944444438,92.3951388888889,203.1825
18055038359019869,True,90.33181944444439,81.09213888888887,98.46924999999997,154.32005555555557,131.3113611111111
18086433208617399,True,136.9869222222221,107.19739999999996,67.64789999999998,162.59016666666668,149.59578888888888
18032111042565012,True,130.2610972222222,130.28038888888887,142.74098611111106,66.36041666666667,157.07459722222222
17982351191691177,True,114.7305481481481,138.66598518518524,168.0497925925925,113.28237037037037,178.99567407407406
18085375595364715,True,241.30715277777787,227.72168055555557,221.08384722222235,32.920097222222225,243.80805555555557
18023135132209940,True,118.75521481481476,130.10730370370376,139.55570370370364,75.11253333333333,147.86512592592592
17954307902988964,True,80.17141666666664,73.18547222222216,61.67479166666666,110.21097222222222,85.11295833333334
18098422012633777,True,182.92242881072013,193.4447068676718,219.79281407035174,51.215628140703515,222.38319932998326
18141641158465006,True,115.50655555555558,150.20419444444443,168.4482361111112,100.43804166666666,170.0324861111111
18057977290661103,True,123.96634840871019,148.406013400335,151.44539363484077,78.45438860971524,160.1609715242881
18062151335618512,True,29.011055555555547,56.40218055555559,96.17576388888887,189.52690277777776,96.27215277777778
17967074283023568,True,127.77651515151511,150.15449035812676,145.42455922865022,65.22429752066115,161.22019283746556
18029549828552243,True,85.8629166666666,119.95348611111118,141.7487916666667,104.94445833333333,143.2661388888889
17871832491327405,True,143.80867777777783,167.77805555555562,127.24131111111119,129.10313333333335,180.95386666666667
18069397229148453,True,76.98795833333335,75.15750000000003,68.52106944444444,59.790597222222225,80.61348611111111
17879967582183802,True,34.32956944444446,101.55901388888888,63.91780555555556,175.8936111111111,104.23468055555556
17961564785841372,True,92.41181944444445,113.46770833333333,132.31188888888886,109.15613888888889,132.41598611111112
18070641203636134,True,178.5098611111111,188.24361111111097,197.93919444444447,39.96908333333333,200.4285138888889
18123186853719237,True,183.27785594639866,163.18894472361802,167.86110552763807,47.104706867671695,188.38844221105526
18169810075403471,True,155.62184722222221,171.83006944444438,185.11022222222223,54.359972222222225,186.81490277777777
17953451267771263,True,97.08094999999999,105.14560000000009,109.99956666666668,63.227533333333334,118.16891666666666
18005199677513532,True,150.0092333333334,183.61003333333335,163.90301666666682,103.17736666666667,198.51881666666668
18292729627168983,True,113.06134999999995,143.11430000000007,171.06966666666665,103.70566666666667,174.7871
18011925695257329,True,90.19106666666671,140.0058333333333,178.93616666666665,135.08353333333332,178.97824444444444
18127399561442145,True,151.82569444444457,150.67577777777782,124.18820833333338,99.46023611111112,172.10980555555557
18114206461703340,True,118.56438888888896,125.27306944444446,137.51081944444448,62.20684722222222,141.4052638888889
17888117970311286,True,113.98354166666668,135.13422222222215,172.4350555555557,100.674375,173.012625
17941614335728870,True,87.7324166666667,104.7223833333333,111.07735000000001,95.00088333333333,117.24616666666667
18073184683826651,True,192.6270833333335,176.94084722222223,113.11423611111113,124.01041666666667,210.39045833333333
18057931076201599,True,71.85759722222222,101.3217083333334,127.23172222222222,124.09988888888888,130.96397222222222
18099553625091095,True,162.87402777777777,164.64559722222216,158.86015277777778,36.89998611111111,168.82141666666666
18088849337602522,True,105.03591666666664,131.0720416666666,164.19251388888878,115.55547222222222,166.06090277777778
18010061027593627,True,184.55741666666665,190.10486111111115,185.26938888888887,48.27425,197.53744444444445
18117623818659171,True,84.40711111111106,86.07929166666663,66.13543055555556,96.66369444444445,96.97738888888888
18060082396713444,True,24.51247222222222,34.96427777777775,45.43333333333332,199.92872222222223,57.936930555555556
17965718147907930,True,50.74037500000005,56.33975000000007,44.655458333333364,155.525125,67.67138888888888
18145481758417667,True,49.64651666666666,75.91215000000007,110.38809999999998,152.0933,114.45771666666667
18306058681091280,True,135.5950627615062,146.92610878661088,151.93040446304033,44.32244072524407,157.16375174337517
18104364706931316,True,149.6007905982906,155.83138888888894,156.4663034188035,27.823696581196582,161.10459401709403
17870580177315465,True,130.34729166666665,137.8199444444444,143.23794444444437,100.01481944444444,168.07115277777777
18056246422951256,True,152.1106833333334,169.80091666666672,185.77433333333346,52.6468,187.47516666666667
18314522737208118,True,162.59198611111108,129.67106944444444,114.79913888888882,107.88341666666666,164.61005555555556
18100653313996901,True,116.21180555555561,108.221507936508,104.30115079365075,111.87636904761905,137.36390873015873
18009571913229712,True,43.69683417085428,72.06065326633163,100.89132328308209,131.1552596314908,100.89187604690117
18109794493461620,True,60.86849578820697,74.10423586040913,106.52297232250301,118.96507821901324,107.08932611311673
18044784944379708,True,91.3990972222222,109.3178472222222,122.15524999999998,94.11951388888889,124.11411111111111
17943939197985807,True,108.11494137353438,111.13819095477382,114.02726968174204,87.65056951423786,129.27442211055276
17850772482660930,True,189.52051388888898,178.05820833333323,165.4984027777778,47.786097222222224,192.61918055555554
17869532073134417,True,129.35346666666672,136.9670000000001,157.9351833333333,62.005266666666664,163.3185
17888456178424953,True,26.26697777777776,37.98125925925924,65.09875555555557,152.30042962962963,66.36697777777778
18450101200073613,True,113.83286111111114,87.7368888888889,80.31959722222224,144.6040972222222,135.33513888888888
18092160817470712,True,91.27484722222226,107.26291666666657,119.29474999999994,73.79313888888889,121.22886111111112
18001748090769675,True,160.8056777777777,159.2756666666666,150.45492222222225,18.79422222222222,161.45765555555556
18093707762056655,True,99.99886111111114,87.58531944444437,64.27413888888888,146.9573472222222,103.46168055555556
18106536853846327,True,199.33898611111107,191.4845555555556,153.0023472222221,75.61181944444445,207.63570833333333
17928130863026373,True,104.25538888888883,125.26729166666655,125.78163888888884,111.34433333333334,144.41944444444445
18008289962799654,True,149.5141805555556,142.77834722222215,139.606125,75.06380555555556,165.5167361111111
17940770711948295,True,72.60597777777784,105.3392888888889,134.5459555555556,92.54436666666666,134.5778222222222
17850531282575434,True,131.9325,161.22223611111116,180.43561111111111,90.05708333333334,182.57666666666665
17914652319159343,True,144.41608333333332,164.10861111111114,154.03484722222228,45.68304166666667,167.11406944444445
18135266581362658,True,94.71585555555558,124.04057777777776,142.03473333333338,100.2131888888889,145.81052222222223
17997468812557102,True,81.55685555555556,105.21467777777774,131.8376,96.15465555555555,133.00314444444444
17965351892765243,True,108.23222222222226,115.06222222222222,108.80818055555568,48.474402777777776,117.88191666666667
18098101073472518,True,73.39970000000002,94.86278333333334,146.8997999999998,116.87866666666666,147.30895
17868296457666840,True,191.86411111111116,188.1738194444444,194.3329027777778,51.094388888888886,210.86719444444444
18063583723579875,True,137.52967777777772,131.37921111111106,87.27842222222219,132.9953111111111,152.95531111111111
18044976155030350,True,129.30875621890556,120.51487562189055,99.01409618573798,97.4119071310116,138.04051409618575
18062653537958087,True,102.34793055555558,106.58265277777774,181.7734861111112,125.58518055555555,186.93866666666668
18092237726013764,True,94.5790166666667,101.17575000000005,121.48811666666666,119.24406666666667,135.35991666666666
18053049581686854,True,129.58438518518528,142.38324444444447,165.37691851851844,87.07931851851852,171.5285037037037
18042177454735998,True,116.33564489112223,134.57874371859296,174.84177554438855,117.60115577889447,187.04837520938023
18331751746234641,True,117.03603244837767,137.19454277286135,158.5741887905603,84.67594395280236,159.32278761061946
18100022065849048,True,115.29663877266383,130.85037656903762,147.73203626220362,77.7984379358438,152.65981868898186
18134341009319777,True,172.47253333333347,144.6834888888889,115.8390666666667,97.76332222222223,176.72066666666666
18004437617833535,True,97.2281805555556,124.6209305555555,137.35933333333335,114.64527777777778,153.3356388888889
17998162472847446,True,97.92552592592595,118.91019259259264,137.44912592592587,88.77859259259259,138.04634074074073
17885479503487429,True,225.53618055555546,210.59687499999998,187.40329166666655,61.86241666666667,233.04038888888888
18100486666966495,True,183.84711111111133,188.21330555555537,193.33875000000006,27.028916666666667,195.59509722222222
18197520502351229,True,43.878972222222224,45.10994444444443,51.72836111111112,186.76352777777777,76.04513888888889
18126225634482312,True,69.52383333333333,79.48770833333329,86.48322222222224,76.52591666666666,91.21659722222222
17899500186317311,True,199.4151407407409,189.88434074074078,212.6996444444444,51.35262222222222,224.89219259259258
17874138447508933,True,64.02845039018948,70.52053511705682,106.87273132664441,106.92868450390189,107.06785953177257
18102497386685801,True,173.1355833333334,183.92593055555562,202.43111111111114,47.94938888888889,203.00259722222222
18325289938210239,True,33.95974206349207,39.57402777777778,44.874087301587316,88.30617063492063,48.75781746031746
17943014492980499,True,97.26650370370368,107.99717037037041,109.98900740740737,40.477333333333334,111.8821037037037
18066224234555386,True,60.04243055555552,78.0339166666667,75.63543055555553,85.33654166666666,81.67109722222222
17941662591137506,True,130.6259166666667,137.03613888888881,167.82077777777766,93.04877777777777,172.80029166666668
17879046387418463,True,58.52108333333332,76.23075,89.97647222222226,98.46344444444445,92.84729166666666
18527609749002144,True,159.49055555555566,145.48376388888892,123.11488888888888,95.4175,176.42327777777777
18106772146500393,True,85.82382165605092,106.85912951167731,123.38259023354559,108.28492569002123,124.81044585987262
18089609065892584,True,133.18643055555555,132.30486111111102,109.82159722222225,56.83316666666666,137.08241666666666
17933663255990347,True,48.215033333333416,53.4025444444444,67.91110000000005,70.44271111111111,69.5471
18097334458844695,True,74.4071527777778,84.86862499999997,98.05830555555555,81.94606944444445,98.09229166666667
18101976070945204,True,144.42348333333337,152.09759999999997,149.98041666666666,48.09921666666666,160.85626666666667
18035990183566086,True,129.58438518518528,142.38324444444447,165.37691851851844,87.07931851851852,171.5285037037037
17880402267216457,True,140.5411111111111,148.78818888888875,150.40500000000006,77.95366666666666,165.67548888888888
17937724169963121,True,114.58944444444445,133.17336111111115,155.13613888888895,78.56405555555556,156.6753611111111
18078767881618638,True,153.39831944444447,179.51623611111106,186.4346527777777,58.29013888888889,191.64025
18088825345778023,True,61.936236111111135,105.95606944444448,92.90994444444443,104.01229166666667,107.10015277777778
18025444523386131,True,159.39207070707073,128.10520202020197,93.56052188552181,112.90153198653199,162.9277946127946
18355663789163857,True,75.16237499999998,100.29726388888888,138.42552777777775,120.65543055555555,138.433375
18036339632470928,True,161.3107555555556,159.47965925925936,150.6174666666667,79.93367407407408,177.19512592592594
18085511542468008,True,40.95749999999998,52.13402777777779,94.41677777777778,154.66747222222222,94.63758333333334
17915340323987431,True,130.3513222222221,158.89427777777777,186.78719999999998,95.5513888888889,186.78804444444444
17875821003585294,True,162.60559274755929,204.7751046025106,220.09221757322186,72.14415620641562,221.11779637377964
18041770288804522,True,98.0868666666666,86.88479999999996,74.86085555555555,84.83233333333334,103.84804444444444
18085596520821367,True,166.85622222222224,134.05506944444448,78.07373611111107,146.49556944444444,183.102
18059341808345314,True,88.50294444444444,64.87073611111114,50.41575,153.0872222222222,103.15686111111111
18264205585295447,True,114.97948611111109,132.70565277777783,152.22191666666657,87.64436111111111,156.52125
18083930320478319,True,123.34613888888892,124.32327777777786,103.73536111111106,88.985,138.44355555555555
18077245792791467,True,175.54634722222218,153.1731527777778,132.63448611111107,73.51720833333333,175.9196388888889
18053127050602488,True,177.00005555555546,193.63787499999992,203.91175000000004,65.49765277777777,213.85547222222223
18100201666806383,True,87.9365833333334,115.72973333333337,146.29296666666667,121.35966666666667,149.65098333333333
18018143189622777,True,162.49106666666665,144.51588888888884,128.93615555555556,59.72716666666667,164.32164444444444
18060656593799511,True,140.57049999999998,147.68378333333328,153.40918333333343,37.07018333333333,157.4349
18050706196803744,True,44.17255555555559,58.08690277777773,89.96219444444448,154.42479166666666,90.88452777777778
18115074442794958,True,179.63006666666675,161.3673777777777,95.86124444444448,129.8116,184.98904444444443
18080891687486085,True,101.12729166666672,122.75562500000004,114.98754166666667,198.17983333333333,172.75854166666667
18053852024202004,True,160.0177222222221,153.57668055555553,133.7974027777776,76.78618055555556,169.20019444444443
18119257207722976,True,150.90409722222213,161.60972222222216,162.1433472222224,59.970708333333334,173.39669444444445
18139636954455215,True,82.24059259259255,98.56274074074064,106.25023703703707,119.31242962962963,116.6257037037037
18104636044892143,True,63.25062500000003,99.7880694444444,136.48363888888883,155.48640277777778,140.03231944444445
18139907470442909,True,58.56490277777777,111.99562500000002,90.99634722222225,131.44958333333332,116.45422222222223
18452616610096745,True,57.77775000000005,76.53405555555561,96.8277222222222,115.402375,97.05793055555556
18058761076926292,True,150.713888888889,122.04523611111114,66.13229166666665,150.65015277777778,154.914625
18099286172037835,True,106.79613095238088,118.14711309523805,129.8043898809524,80.1893005952381,135.56174107142857
18004514327589876,True,40.058402777777744,49.65837500000002,63.907055555555566,145.62105555555556,67.26752777777777
18041818577305944,True,153.62439999999995,144.29379999999986,113.09881666666661,111.50805,169.00596666666667
18072077903265704,True,155.5165694444444,140.71606944444449,117.98690277777771,96.9175,169.33026388888888
18003714761903979,True,33.766222222222204,49.60198611111109,69.33018055555557,154.51145833333334,70.95898611111112
18025927811754281,True,28.681194444444444,64.502875,49.3983472222222,164.35427777777778,68.01775
18070000228619290,True,134.7705277777778,157.25795833333328,172.52276388888887,80.03326388888888,173.5154861111111
18216476122295544,True,99.24472222222224,117.77872222222221,95.91945833333331,123.61433333333333,127.23138888888889
17955921663021142,True,97.74913888888885,126.29675,154.93769444444433,115.322625,158.8691388888889
18056769926331455,True,153.98744444444438,128.89181944444445,102.46225,117.05025,162.20669444444445
18069965740908284,True,103.02023611111109,105.92569444444442,144.3894027777778,104.41808333333333,150.117
18348000241148013,True,141.16270833333328,148.87708333333342,140.68180555555563,75.64001388888889,164.29206944444445
17865584073560357,True,74.92312500000004,107.37633333333333,95.28212500000004,100.83681944444444,109.19370833333333
18106652989673249,True,168.92252222222223,152.98286666666675,99.60833333333329,122.70852222222223,173.5139
17899004442206762,True,83.70777219430487,130.71750418760456,157.78710217755435,130.36261306532663,158.11730318257958
18380909455093879,True,172.2211805555554,183.7067916666665,192.93741666666682,33.58390277777778,194.01058333333333
18071280524260594,True,68.27337499999999,105.86045833333336,145.92834722222224,143.56234722222223,146.8551527777778
18064260860172484,True,98.01494444444442,121.69536111111111,156.61790277777772,110.55730555555556,161.2788888888889
18048564158628816,True,145.96448611111106,148.5901111111111,130.83906944444448,50.70375,151.1471388888889
18045216250828973,True,198.92288888888888,199.90425000000002,172.1725416666667,62.15570833333334,206.04854166666667
17882993481115433,True,119.73016750418753,90.21212730318261,90.53592964824122,111.49899497487438,129.27463986599665
18084390278270031,True,223.61327777777768,180.58812500000005,129.17305555555555,107.82073611111112,223.74173611111112
17932287920906877,True,91.7582888888888,112.5184333333333,136.03601111111112,106.79618888888889,140.75353333333334
18099591329076971,True,59.29955555555554,72.63687500000002,95.73162499999997,111.27920833333333,96.50648611111112
18051238529202842,True,77.08244444444445,93.15705555555557,113.14098611111109,130.30609722222223,122.35308333333333
18071535103982780,True,158.4555833333334,144.07622222222213,134.8293055555555,87.1571111111111,177.69583333333333
18431421121108446,True,64.57812499999999,65.47344444444445,69.3895416666667,105.36427777777777,82.592875
18377177224085397,True,112.73250370370371,154.2091851851852,169.66488888888892,109.12496296296297,179.32856296296296
18062346452183812,True,105.63536111111112,138.66541666666666,161.8767222222222,97.9222361111111,162.80534722222222
18346976371211823,True,91.54651666666669,102.00466666666665,104.12794999999998,53.28543333333333,109.48816666666667
18032752586427396,True,134.84373611111116,154.23884722222218,165.51918055555555,82.14591666666666,177.8515
18382269301194523,True,25.482175732217552,35.831589958159,52.71305439330545,152.7623849372385,54.66916317991632
17958964071098345,True,121.35743718592964,153.85867671691787,148.638743718593,80.85195979899497,160.71608040201005
18043588786851248,True,65.3171859296482,84.13423785594637,137.141541038526,145.0408040201005,137.28103852596314
18055150598713407,True,54.01725925925925,64.12466666666668,74.68434074074071,141.09282962962962,86.46816296296296
18044848301455690,True,192.60034722222233,176.9381111111112,113.14740277777778,123.959375,210.3623472222222
17975794265757798,True,40.76143055555556,49.96093055555558,60.0486111111111,173.7080138888889,62.94956944444444
18048467825407312,True,94.20685840707965,129.15106194690262,149.665,119.27997050147492,152.2532743362832
18266374708172000,True,116.35565277777779,123.30302777777783,117.61434722222221,88.39198611111111,137.0654722222222
18102033415585931,True,134.40602777777775,148.98441666666662,147.09601388888893,85.78115277777778,163.91255555555554
17969008616889480,True,78.75905555555556,127.85834722222224,156.68361111111116,133.98848611111111,159.56494444444445
17966455962034236,True,164.96876388888893,157.6821944444445,124.36961111111104,79.42358333333334,167.79684722222223
17966734835852557,True,192.1027916666666,191.00973611111107,181.64570833333335,30.872708333333332,197.70925
18417540070096541,True,68.58306944444448,82.37361111111106,98.84074999999999,104.08013888888888,101.14695833333333
17863147572242142,True,76.21887499999998,94.32298611111104,102.7160972222222,109.16929166666667,110.97284722222223
18028499528559802,True,152.79961111111106,156.32619444444447,155.58880555555564,74.12561111111111,173.34043055555554
18085832534356064,True,137.6260694444444,160.94045833333342,179.16819444444445,69.22769444444444,179.16822222222223
18101724091718671,True,96.6005416666667,100.83193055555553,112.01568055555555,80.4036111111111,124.25280555555555
18014297165542804,True,151.97880555555557,152.43715277777784,151.89088888888892,57.57868055555556,164.53390277777777
18091385651019966,True,114.6595694444445,115.03888888888885,92.95173611111119,123.58395833333333,138.66404166666666
17937788417959079,True,191.04312499999997,167.78733333333327,147.6907361111112,89.56197222222222,201.70716666666667
18060094528983805,True,50.77577889447233,62.7167336683417,76.77018425460636,119.9610217755444,86.38708542713567
18086475662226564,True,146.9978,162.60895555555555,199.46026666666666,82.00563333333334,201.64575555555555
17949071636796171,True,55.87125555555556,88.14863333333338,112.76124444444446,140.78085555555555,115.94206666666666
17921538557925844,True,59.547587939698445,89.17056951423791,113.26963149078719,137.9966164154104,114.26881072026801
18378290674137822,True,152.29975000000002,190.16302777777773,190.9929166666666,81.91605555555556,207.27265277777778
17850656037450810,True,82.2022361111111,111.47527777777783,120.59013888888892,75.14706944444444,123.63156944444444
18051321769842697,True,43.31594999999996,78.42516666666674,117.5115666666667,171.64745,117.96143333333333
18095470084896911,True,43.873777777777796,68.65305185185188,89.34511111111111,103.38081481481481,89.98838518518518
18319665088254403,True,89.6758577405857,109.25273361227342,129.47131101813116,82.18945606694561,129.49006973500698
18117762190645577,True,119.03050000000009,122.58820833333333,124.23741666666676,33.04658333333333,127.32790277777778
18543804727058343,True,75.95116666666677,73.05334722222221,70.45270833333338,58.520041666666664,83.72334722222222
18064277074654522,True,136.8697777777778,129.3776111111111,128.17248611111114,57.21629166666666,148.41508333333334
17849488941201614,True,127.80874074074079,147.31133333333324,128.74028148148153,92.56903703703703,156.15874074074074
17924190285037254,True,162.0762499999999,168.73258333333325,174.6702638888888,28.61745833333333,177.30629166666668
18032854306878862,True,68.69956666666666,118.40478333333333,146.91641666666666,152.53623333333334,147.46995
18005017103446775,True,87.08101010101008,121.18016835016853,130.19084175084183,116.9150505050505,132.938367003367
17845946715222320,True,125.19147403685095,151.38603015075395,175.99795644891108,95.31365159128978,180.67554438860972
17940388971136256,True,88.90711111111115,76.45620833333334,72.65730555555551,115.46138888888889,108.27127777777778
17943761469000065,True,91.85454166666663,113.07163888888888,132.39336111111106,99.90115277777778,137.67108333333334
18076211366158528,True,48.910977777777724,60.258755555555545,82.47343333333332,108.25983333333333,82.55924444444445
18127931230563213,True,132.44131944444445,119.62836111111116,105.62237499999998,81.56944444444444,141.34493055555555
18044584753845163,True,40.312814070351784,76.30090452261311,132.5232495812395,188.18715242881072,136.91740368509213
17971983665975825,True,123.71537500000001,143.8635972222222,159.98304166666676,65.08631944444444,161.81731944444445
18062079565722155,True,91.6436111111111,98.16742222222219,99.1946777777778,49.12998888888889,104.3805
18053175113471495,True,94.63730555555559,80.72104166666666,95.47888888888885,76.96890277777777,106.45879166666667
18450540472009419,True,114.86393055555554,85.73838888888892,88.12815277777774,109.92270833333333,124.92130555555555
18048127442333679,True,83.59158333333333,93.7731944444445,105.9691666666667,64.16095833333334,109.00863888888888
17842078992566957,True,123.87185495118553,146.08186889818697,171.83400278940024,77.19739191073919,172.0307810320781
18077148097858384,True,51.855597222222194,65.71180555555557,97.97606944444443,156.50456944444446,101.2502638888889
18547918342066376,True,108.2722315202232,158.16058577405846,201.32470013946988,127.87629009762901,202.13486750348676
17933867541022442,True,83.28627777777776,72.69508333333334,58.704874999999994,107.18075,88.912625
18267846466279022,True,163.57481605351177,187.51329988851722,96.05243032329984,155.81520624303232,197.1311928651059
18072215404541397,True,150.89822222222236,158.05898611111118,148.98254166666675,34.308347222222224,158.7415
18104834575497035,True,86.32208852005535,103.19242047026279,125.05413554633462,107.64185338865836,127.24546334716459
18042408881151463,True,157.80127777777778,116.35147777777766,95.09924444444444,119.1768,165.2288
17962392504014738,True,85.45258333333342,100.15858333333333,117.25948611111114,94.03809722222222,122.21769444444445
18058310816540190,True,163.75744444444442,156.8138472222222,142.8879166666667,74.00483333333334,174.15683333333334
18040203608208714,True,74.54919444444445,96.39348611111112,104.67455555555559,94.46351388888888,107.30901388888888
17885826642374926,True,139.2517704011065,139.79894882434309,140.32297372060853,75.06767634854772,158.5429875518672
18049187651496377,True,133.29706944444447,139.32627777777776,144.1162777777777,31.63340277777778,144.67119444444444
18018894254535978,True,110.32663888888887,116.52251388888884,127.75651388888879,85.64729166666666,140.7166388888889
18113160379623612,True,140.66454166666662,151.88576388888882,175.3215277777779,65.39177777777778,177.44783333333334
17894854596434488,True,128.47106944444448,143.99662499999985,162.24673611111106,64.46630555555555,164.67340277777777
18366537985154058,True,116.00044247787616,136.33687315634214,185.04914454277275,114.3108407079646,185.48834808259588
18121924519376999,True,124.17454444444449,146.63764444444448,153.93523333333331,104.5599,175.6892777777778
17879885396984699,True,163.31151351351352,171.91895495495493,179.00145945945943,43.2589009009009,183.53396396396397
17855940489157116,True,145.5059583333333,125.69343055555555,125.56690277777778,83.72248611111111,153.8076111111111
18034433768467155,True,93.56456944444443,108.57247222222217,101.52248611111109,76.08259722222222,115.00333333333333
18043000220516620,True,203.8902666666668,219.57391111111107,210.6373555555556,39.213588888888886,226.1669777777778
17848122699324499,True,92.61796666666666,97.58650000000006,85.53569999999998,80.10073333333334,107.31184444444445
18054426974385220,True,142.9681805555556,148.46869444444442,155.77255555555567,59.26804166666667,163.15070833333334
18095840840106073,True,45.76050000000001,70.76636111111108,102.02450000000002,144.37441666666666,102.08565277777778
18551601148033136,True,119.38508333333328,103.07981944444447,100.25731944444436,109.78180555555555,134.387375
18138928687486507,True,195.62704444444444,208.43379999999993,221.98751111111113,40.52927777777778,222.70138888888889
18091805696178007,True,107.57936296296293,122.09888888888888,153.67238518518525,87.64681481481482,157.17791111111111
18121950571360300,True,51.035805555555584,68.79615277777779,87.59168055555553,114.72005555555556,88.23609722222223
18094642574169437,True,167.51274074074072,170.4611111111111,171.51786666666672,36.001348148148146,179.04525925925927
18406701568179138,True,82.11256281407034,141.6826800670016,129.57460636515904,126.18892797319933,146.62889447236182
18075881347655590,True,29.66351388888888,50.81638888888887,74.87993055555557,159.91994444444444,77.83093055555555
18019221128786965,True,58.185736111111126,60.50311111111112,62.49065277777781,84.19369444444445,69.99436111111112
17872696521219705,True,72.78435555555558,109.57059999999996,142.20162222222217,152.275,150.72136666666665
17959813679940015,True,60.298930555555565,66.38890277777777,62.3652361111111,65.69481944444445,70.25155555555556
18141528910431814,True,131.72809722222223,136.66401388888883,111.59640277777777,122.10956944444445,155.88438888888888
18051185741102690,True,73.48883333333335,94.72819444444453,122.73884722222229,116.45015277777777,122.80423611111111
17967228828024030,True,115.39647222222219,116.82301388888894,125.3640416666667,49.47329166666667,130.21094444444444
17908337556205490,True,81.98301388888892,89.90984722222221,91.12198611111113,61.94248611111111,94.95288888888889
17863768080617386,True,175.26970370370384,155.53684444444445,170.36053333333334,71.75802962962963,190.49025185185184
18063871991598284,True,128.62454814814814,141.56571851851848,136.01439999999997,41.36342222222222,144.25063703703702
18321246691270140,True,69.41389121338915,81.9275313807531,105.8632217573222,130.0815620641562,110.23569037656904
18104459629924535,True,155.05237499999993,161.83745833333327,181.17255555555542,57.95627777777778,186.18179166666667
18110676535406142,True,104.59584722222222,109.5002222222222,114.82448611111117,30.04538888888889,116.54634722222222
18494600035044472,True,14.309333333333335,30.67491666666667,60.43826388888892,196.91259722222222,60.44627777777778
18039535379733301,True,111.52559722222217,151.1245694444444,185.74105555555568,120.581875,191.52304166666667
17882378898065807,True,176.0500000000001,149.21591111111104,101.07408888888887,110.5648,181.20244444444444
17937369516103745,True,125.35501388888886,144.54888888888885,173.0103888888889,73.26965277777778,173.03027777777777
18386411284183679,True,137.1610416666666,157.22022222222216,176.1200416666666,69.07725,176.82586111111112
17878537098217108,True,115.27708160442602,133.02426002766254,127.27979253112028,73.28427385892117,142.0099723374827
17984311955838368,True,28.434930555555542,51.79348611111115,79.31527777777777,176.462375,79.328875
18071903846546430,True,52.481347222222226,92.19577777777778,127.61149999999998,162.4333472222222,128.27838888888888
18098695777702416,True,180.84729166666656,161.21827777777779,103.84299999999995,130.45979166666666,194.628625
18102091508290471,True,109.74831944444446,120.57615277777768,134.5016944444443,74.05247222222222,137.72156944444444
18041293709597906,True,70.9511527777778,107.6627916666666,143.81026388888887,143.51369444444444,144.33466666666666
18166532230415786,True,157.9059444444444,160.1990972222223,178.46495833333339,47.62544444444445,182.83872222222223
18006453347344643,True,153.00108888888883,154.47498888888876,128.99038888888884,113.98314444444445,175.02962222222223
17866979538525528,True,59.28788148148151,75.02682962962967,95.70740740740752,124.88094814814815,102.40588148148149
17999120423919986,True,140.59036111111115,143.5562361111111,131.89052777777772,117.06768055555555,168.306125
17938247037196490,True,153.5255555555555,132.1772444444444,99.18346666666666,122.92373333333333,167.21402962962964
18011994947701646,True,138.3473777777777,140.57370000000006,93.53361111111109,156.05294444444445,171.21804444444444
17890930110122537,True,106.15991666666673,108.66284722222231,115.67152777777775,93.67258333333334,131.57116666666667
17914814300979278,True,200.9793333333335,178.18042222222218,165.7119666666666,49.26965555555556,203.40055555555554
18048627844671106,True,146.8956166666666,117.9165833333333,82.31291666666667,126.45515,147.10836666666665
18053516455924476,True,138.2497083333333,118.69531944444444,96.52254166666665,95.20341666666667,145.535875
18087395815758092,True,111.72452777777782,119.09818055555556,129.89534722222223,104.14,146.65073611111112
17999826110572966,True,142.89936111111112,111.88637500000002,117.75197222222216,112.576125,150.68544444444444
18065142286623691,True,135.09629815745404,159.00371859296476,173.96219430485763,68.88174204355109,175.9350418760469
17956409681947753,True,166.44311111111116,184.31240277777778,194.12658333333337,64.77640277777778,202.2132638888889
18037150997625357,True,120.59393939393941,111.28011784511779,97.4363973063973,81.01080808080808,128.83422558922558
18089628245002196,True,55.79319444444443,59.301125000000006,72.97904166666666,88.95745833333334,74.78772222222223
18099526733477906,True,204.97521111111092,169.35668888888884,127.31754444444438,105.71774444444445,211.59102222222222
17936785820932254,True,72.24387500000002,97.2088472222222,110.8367638888889,121.43390277777777,115.47940277777778
17857700682529698,True,139.97934722222215,142.63548611111113,146.0631805555555,96.04691666666666,170.2511111111111
18290659783220116,True,57.703188888888945,71.0183666666666,89.72847777777777,120.85684444444445,90.9422111111111
18166461016332483,True,84.58122222222222,106.77019444444441,130.54320833333335,108.45379166666666,131.01809722222222
17965635965768038,True,182.57155,154.28666666666672,114.39548333333335,100.193,187.42161666666667
17920405127830934,True,122.36973199329987,141.94415410385264,171.44725293132328,84.70180904522613,171.44743718592966
17961736688916004,True,120.82611111111109,134.6645222222222,137.58643333333333,92.74247777777778,156.82417777777778
18005561222353744,True,142.64841666666663,160.71806944444432,164.64968055555553,87.49215277777778,182.28995833333335
17863316172227551,True,188.1850694444445,172.01045833333333,147.03824999999998,64.78738888888888,193.0466111111111
18007021574339270,True,91.89623115577885,125.21812395309888,140.04561139028482,108.91422110552764,148.5681742043551
18043072783779688,True,57.65171111111113,74.70939999999999,90.98838888888893,89.33027777777778,91.35276666666667
18101973649465227,True,92.30863333333332,102.54113333333335,105.4216111111111,62.55908888888889,111.34183333333333
18440576626056645,True,159.91995833333334,163.55487499999998,162.1132916666668,63.929541666666665,182.70893055555555
18064869662330330,True,106.94261904761905,130.21418154761906,124.32928571428579,79.35050595238096,136.63206845238096
18365443747190201,True,130.27198611111103,160.33294444444445,175.90102777777787,82.01025,177.13881944444444
18235331476278730,True,34.44355108877723,54.04815745393637,76.74510887772198,159.83293132328308,76.79907872696818
18047769554739496,True,159.64586666666662,167.20404444444443,155.72164444444456,34.05177777777778,168.54505185185184
18066893581784105,True,154.77929166666664,168.98719444444436,158.65569444444438,33.01108333333333,169.70320833333332
18392263426121435,True,143.60066666666665,149.80380555555544,149.99140277777798,70.81240277777778,166.74211111111111
18370143796183624,True,86.13687499999999,76.31393055555553,80.86280555555555,98.469875,99.96619444444444
18151552021430475,True,57.451111111111146,100.28855555555558,156.62255555555555,176.40661111111112,157.07754166666666
17961943040840748,True,72.43306666666663,95.05093333333336,139.51456666666658,123.94845,141.12425
18353111338129529,True,152.90401111111103,177.4833666666667,194.10455555555563,65.52855555555556,194.90741111111112
18064387142691526,True,62.20708888888894,55.356888888888896,43.60918888888889,119.18732222222222,68.02122222222222
18044628244992581,True,164.9776333333334,176.73976666666658,197.49948333333347,51.1428,198.88121666666666
18309393160255541,True,86.99493055555554,94.9916666666667,109.12533333333334,63.236125,110.43733333333333
18077395933506936,True,48.52695000000001,62.41316666666673,93.95741666666672,136.57191666666668,94.8941
18035449297789910,True,132.13386666666665,173.95083333333318,92.23039999999999,141.8537888888889,175.33966666666666
18061666499497056,True,219.10221105527643,214.9590452261305,233.95542713567838,31.165527638190955,239.10636515912898
18005076755816279,True,117.22436111111102,50.06986111111109,44.20523611111115,175.358875,118.93730555555555
18001643069872782,True,183.82369595536957,188.0562622036263,138.45472803347278,86.44786610878661,196.7957740585774
18032667689772114,True,88.86691666666665,111.01425000000003,130.2400416666666,88.90877777777777,130.986875
18041501524841301,True,91.59193055555559,52.5066527777778,69.98087499999998,155.92097222222222,94.38261111111112
18085430582502225,True,61.58641666666663,95.9999,138.6311333333333,144.19195,139.31326666666666
18072135428257731,True,70.81623611111111,107.17006944444448,153.95231944444447,155.53398611111112,154.044
17907738150082089,True,113.44677777777783,131.02587777777777,138.92615555555554,66.70936666666667,142.60164444444445
18473996950022546,True,137.5650000000001,100.44773333333337,104.6100166666667,110.51441666666666,141.11036666666666
17901292104098318,True,95.51222222222219,115.40597222222219,143.5038194444445,108.32297222222222,145.34154166666667
17948532300130625,True,135.9672638888889,150.47970833333338,160.66625000000005,61.98561111111111,162.64170833333333
18086753531211922,True,94.34372222222223,152.67054166666665,156.23009722222224,120.61525,164.50643055555557
18033347060388948,True,147.5219444444445,159.3896527777778,172.33609722222224,46.67802777777778,174.49422222222222
18064270558550099,True,173.95126666666673,151.75570000000002,128.81158333333332,73.8531,179.02435
18108351571718809,True,120.86416666666668,142.99918055555563,159.09176388888892,71.15465277777778,159.52661111111112
17878668486180377,True,131.31333333333333,174.0478666666666,161.60245000000006,79.0011,176.27698333333333
18091698977468189,True,76.52676388888885,109.01759722222224,161.0146111111111,137.84483333333333,161.283
18129856126390806,True,50.75513333333334,34.264183333333335,17.37784999999999,174.75718333333333,50.769733333333335
17965826570665423,True,103.74152777777778,116.63450000000002,143.36802777777766,78.02369444444444,143.56140277777777
18013265726390901,True,91.74719999999998,128.7875,184.04976666666659,132.30152222222222,185.12273333333334
17850593871688352,True,109.04291839557405,125.7828492392807,151.8555878284924,81.27250345781466,153.76060857538036
18059105597154688,True,143.6351111111111,149.47808888888892,133.12032592592593,45.88674074074074,151.09146666666666
18034055438183775,True,151.56698611111113,172.87318055555568,171.04713888888892,67.53215277777778,184.14808333333335
17861065761343131,True,120.70733333333334,138.69555555555547,137.208125,52.91793055555556,143.7600138888889
18060239483110949,True,70.69249999999998,111.87574999999995,129.73929166666662,139.45095833333335,137.38881944444444
18051607258680697,True,52.84178333333334,98.64536666666665,109.97929999999995,174.64128333333332,119.74873333333333
17918792637224829,True,73.90395833333338,116.94004166666664,103.62483333333326,116.63684722222222,120.73338888888888
18093274985024030,True,198.75090277777772,165.45315277777775,123.61326388888892,109.45973611111111,202.43755555555555
18112250635538571,True,69.45356944444443,122.59704166666668,178.96341666666677,171.24654166666667,179.29120833333334
17950627193803289,True,92.5091166666667,128.44644999999997,132.5587166666667,149.25136666666666,153.01356666666666
18067944071597576,True,196.3886527777777,202.08723611111105,208.63405555555565,70.84873611111111,229.33780555555555
18061655734958079,True,88.67023611111108,113.29880555555549,146.17868055555556,118.06269444444445,146.42255555555556
18041102765540907,True,148.82466666666662,166.3930694444444,176.18895833333346,57.603458333333336,182.83272222222223
18031314970945097,True,102.44506666666658,124.52961666666657,125.05333333333328,112.85953333333333,142.78968333333333
17905525295880076,True,180.84841666666657,181.25165277777782,185.17476388888878,20.494875,187.79466666666667
18124281253570994,True,146.7406944444446,159.15708333333336,165.8309444444445,40.510444444444445,166.86894444444445
17869462164600829,True,129.7764444444446,138.98997222222226,162.53970833333327,76.91811111111112,163.99894444444445
17888615355073247,True,164.30230555555562,129.64518055555556,95.73202777777777,154.76327777777777,184.47531944444444
18099075652765478,True,114.83050000000004,128.82065277777778,135.94477777777777,52.23436111111111,138.72444444444446
18084534229674831,True,148.51906944444445,158.89662500000006,172.7873333333334,31.840069444444445,173.09116666666668
18027781712074493,True,150.98451388888873,153.58338888888886,143.59394444444445,53.56720833333333,164.86456944444444
17961098819989448,True,66.81911111111111,76.08924999999995,100.4562777777778,98.44683333333333,102.83493055555556
18074011855577187,True,168.4325555555554,154.4958222222223,140.04916666666668,67.33297777777777,179.50525555555555
17847074142566051,True,90.67956944444443,105.73618055555562,124.91363888888893,119.80920833333333,135.51901388888888
17900412840177662,True,99.66161111111107,121.67730555555559,147.32406944444458,93.69791666666667,147.68966666666665
18049823707859816,True,108.43855555555561,107.16094444444448,107.95118888888885,44.625077777777776,116.43963333333333
18070447733286016,True,162.54894444444443,164.36559722222225,180.8289861111112,59.91348611111111,188.59944444444446
18466134040068565,True,108.29575,118.19746666666661,97.3312,86.03426666666667,124.83805
18031762910625602,True,124.30786666666664,135.07346666666663,165.46050000000014,106.44503333333333,180.07671666666667
18103198333701780,True,79.20408888888888,80.51405925925928,101.78712592592592,77.57992592592592,103.9808
17979560009893149,True,225.83161111111113,205.37311111111106,172.95829166666667,63.966875,226.86930555555554
18045338281793543,True,150.81869047619048,158.2871626984127,168.04775793650788,37.77926587301587,170.43396825396826
18035602439077686,True,154.64952222222226,129.82891111111104,116.49058888888891,66.89364444444445,159.1333
18004248845909362,True,195.30536111111107,188.97495833333326,190.97980555555554,36.32598611111111,205.68583333333333
18058750939563225,True,141.42331658291448,177.07631490787267,173.69827470686755,72.42345058626465,182.0431825795645
17993285786783388,True,173.53311111111123,170.54607777777778,172.70401111111104,13.867177777777778,177.2523
17886441531511395,True,120.85093749999993,122.67284226190466,122.42976190476189,66.21523809523809,138.6763244047619
18095539061469092,True,150.29765277777784,162.8079444444443,128.6026944444445,103.7767361111111,177.85355555555554
17996276219567976,True,163.65805555555556,166.44501111111114,219.00006666666667,72.6733,220.07485555555556
18054049141619128,True,99.6319932998324,100.89440536013407,97.72822445561144,89.52703517587939,119.06435510887772
18263033179273015,True,99.95637777777777,131.8979111111111,159.2161888888889,107.95127777777778,160.51675555555556
17973126194818738,True,158.4337555555556,155.88917777777783,113.98653333333333,127.8584,178.89672222222222
18142048363476034,True,174.34348408710218,166.93023450586273,135.81031825795654,81.32934673366834,186.53145728643216
18100778383919096,True,111.78402777777771,156.80749999999995,112.42519444444437,139.26913888888888,158.78943055555555
17886144476947909,True,129.89591666666664,140.61004166666666,169.1032638888889,71.67869444444445,173.63820833333332
18064151063285260,True,61.102416666666706,71.12854166666664,84.69569444444443,132.0107361111111,87.64747222222222
17847344397648408,True,155.4510972222223,160.1848472222223,168.85048611111102,44.354375,175.80379166666665
17914714926324682,True,125.97981944444449,152.64316666666664,173.05497222222218,93.258625,178.88566666666668
18068662285985336,True,151.752388888889,154.2447222222222,152.01536111111108,38.96636111111111,162.32466666666667
17971047785831251,True,73.91074074074074,101.094237037037,124.75364444444449,104.13,126.65454814814815
18043154873290500,True,100.64077777777774,111.85905555555556,137.4015333333334,112.92994444444444,142.13526666666667
17962953777102114,True,169.15029166666656,180.54333333333327,188.44159722222213,55.06348611111111,196.69669444444443
17983009787990795,True,110.77582222222223,125.54198518518515,209.0884296296297,136.2610222222222,211.23256296296296
17917204194151171,True,85.34698611111116,93.8447361111111,108.05962499999995,72.18630555555555,111.38781944444445
18033330623607739,True,143.7657361111111,126.8875555555556,116.79852777777774,78.84941666666667,151.58675
18018960533035199,True,139.71914572864318,145.52428810720275,125.04144053601343,67.86619765494137,150.28400335008376
18083673799891563,True,96.17955555555551,128.878875,149.41233333333327,101.98166666666667,152.22984722222222
18425329195043423,True,130.02759036144576,161.60724899598387,180.5595582329319,75.4741967871486,180.8823092369478
18044425439503045,True,31.359041666666656,42.51170833333333,68.1694722222222,142.32559722222223,68.20168055555555
17907564045383383,True,140.1459240924093,145.65917491749175,186.53531353135313,74.66199669966997,186.5826897689769
18021508679811308,True,81.51316666666669,96.19559722222219,88.12538888888888,88.36009722222222,102.56268055555556
17869412892089465,True,106.23422110552761,116.78366834170856,104.55814070351761,57.806482412060305,121.2911055276382
18459106525005919,True,103.15252777777779,115.57459722222224,170.31302777777765,119.16763888888889,170.79619444444444
17867332344309311,True,200.5099163179916,190.52945606694573,170.5731380753138,51.9721059972106,203.4718549511855
18109820878675854,True,76.76554166666664,82.46806944444441,82.64972222222222,49.95166666666667,86.98320833333334
18307899106240843,True,54.520763888888915,87.08220833333327,114.30155555555558,154.84416666666667,114.30227777777777
18355020637229064,True,50.607930555555555,98.51684722222225,78.92326388888891,171.88231944444445,103.55159722222223
18084776798215765,True,69.27596666666666,96.44125000000004,127.19051666666671,126.51903333333334,127.38275
18120800161554288,True,153.15304166666647,153.81068055555554,148.32304166666663,54.247527777777776,167.25629166666667
18294520987164392,True,102.50395833333332,125.1300833333333,137.76854166666664,78.88893055555556,141.46840277777778
17955008868105548,True,187.52405555555566,200.79567777777763,226.49847777777802,52.424144444444444,226.5871111111111
18208446913330899,True,43.5297361111111,83.30045833333328,127.84462500000001,178.4289861111111,127.90798611111111
18061259306014439,True,169.12488888888882,169.3358194444445,151.6779583333333,99.83690277777778,196.55336111111112
18271491151242834,True,131.64197777777775,116.4554333333333,100.3248888888889,120.15048888888889,148.72123333333334
18059176808439331,True,143.68545185185184,163.62962962962976,163.7932740740741,57.53765925925926,172.69416296296296
17893754595285899,True,155.29620740740737,167.647362962963,164.33214814814806,46.42613333333333,176.00312592592593
17977640213728898,True,41.68415857605175,53.82373786407768,55.5947087378641,153.6446925566343,67.6334142394822
18005906192594259,True,64.94227777777778,97.10584722222225,102.25477777777783,110.77083333333333,108.89306944444445
17855906940456275,True,48.43959999999999,69.92911111111101,104.10496296296299,154.38354074074073,104.29857777777778
18115622350707503,True,100.49337499999997,115.85511111111101,130.83401388888882,87.01647222222222,134.09747222222222
18098388790440932,True,132.39440000000002,145.92819999999986,166.2573333333332,65.50135,167.50013333333334
18115259377410457,True,84.57191666666667,112.57430000000001,119.39331666666679,105.8718,123.33811666666666
18008845349553452,True,184.36162500000003,176.6964722222222,183.7460972222223,51.884541666666664,202.36183333333332
18018108005563452,True,83.40519444444455,113.97997222222222,100.61525000000005,86.60554166666667,118.87656944444444
18156283366436440,True,162.86118518518532,162.52856296296295,177.0272740740742,100.00801481481481,213.1761925925926
18001380758651714,True,99.00213333333325,102.36915555555557,92.47786666666666,52.607955555555556,103.57614814814815
17988935840560094,True,103.19785150078991,88.98952606635075,83.75657187993684,108.05325434439179,110.49946287519747
17992969784800920,True,205.1178888888889,212.96595833333336,218.1445694444445,24.50027777777778,220.887875
18408642622113962,True,82.8767166666667,100.19118333333329,159.46311666666656,139.12323333333333,160.71725
17875744332297493,True,210.30338888888886,214.41775,228.18538888888898,28.845097222222222,231.31622222222222
18101015092941872,True,99.38922222222227,115.52393055555557,136.41875000000007,79.51533333333333,136.81761111111112
18032215814013505,True,155.34847571189286,149.13619765494138,149.85912897822453,90.96410385259631,183.00383584589613
17938928591915113,True,150.7748611111111,168.9926805555556,176.8291527777778,82.9768611111111,191.3732777777778
18136974799512846,True,72.69171111111106,100.56477777777778,141.83468888888885,132.845,142.7565888888889
18131405710405514,True,160.04260740740747,114.82478518518522,89.99785185185186,114.47594074074074,164.34487407407408
18023247779615280,True,155.99519999999995,181.4622444444445,186.32117777777788,70.58335555555556,196.66126666666668
18102082828847228,True,135.36685925925926,145.02420740740737,132.61099259259257,31.24394074074074,145.30297777777778
17966877158852133,True,148.0325972222222,156.06386111111098,172.0044305555555,59.31880555555556,179.83780555555555
18469968382051339,True,44.7168833333333,57.642216666666634,95.64188333333325,154.3153,96.09523333333334
18122547943562974,True,69.96965277777778,67.33804166666663,69.62373611111111,152.41181944444443,93.54691666666666
18082539596519412,True,68.69897222222222,81.77784722222218,99.17195833333332,95.04230555555556,99.96255555555555
18075781817084425,True,69.02222222222223,81.55147222222222,78.27393055555557,76.29323611111111,86.54934722222222
17994865271473265,True,139.51273031825795,166.0639865996649,190.882378559464,87.20812395309883,195.10606365159128
18459872992062363,True,102.5741805555555,125.35026388888895,149.06674999999996,111.13484722222222,149.07986111111111
18291188758080398,True,35.014810996563575,43.37726804123711,53.09609965635738,85.6101030927835,54.81747422680412
18557708281020813,True,170.32099999999997,166.51568333333336,153.57561666666663,55.799283333333335,181.39495
18062635249933651,True,183.14751388888894,147.05073611111112,112.53141666666673,97.84925,183.42658333333333
18047973872287545,True,103.16422222222225,117.10281944444442,126.73212499999997,112.99280555555555,134.5382361111111
17891402220311395,True,116.21207407407414,139.38291851851852,147.0149037037037,74.36216296296297,151.37810370370372
18200245573342411,True,107.61040277777778,136.02127777777775,152.63008333333326,100.54248611111112,156.82983333333334
18056417228228037,True,78.4284722222223,107.82465277777779,150.70379166666672,144.41709722222222,151.9331388888889
18160372015380554,True,122.34118888888894,147.68744444444442,140.75913333333332,98.2678,161.0632222222222
18131608576381925,True,105.74268888888888,111.21944444444438,129.52848888888894,75.88764444444445,134.48986666666667
17985668150809785,True,139.2219851851852,105.28862222222219,136.4525037037037,142.58038518518518,172.61718518518518
17954453645797176,True,135.76959722222225,156.3509305555556,156.14390277777778,69.08472222222223,166.32458333333332
18103631416380671,True,172.57938988095248,130.52343749999994,67.96818452380951,162.79102678571428,173.97839285714286
18349641013094011,True,143.9483888888889,154.95708333333337,135.6427222222222,111.56954166666667,179.56470833333333
18363292846110014,True,96.0206111111111,123.59947222222219,145.88608333333332,119.25569444444444,152.0102222222222
18237317989291570,True,124.59701388888894,122.35605555555551,92.98363888888888,100.30025,133.516875
18099401974540260,True,46.58336666666665,83.53289999999998,83.08853333333334,155.53673333333333,96.70483333333334
18455147251104321,True,107.36340740740744,120.85814814814826,133.22736296296296,96.1526962962963,144.02638518518518
17857955529255735,True,120.50480555555554,139.96808333333334,153.80913888888895,55.53926388888889,155.00306944444444
18081814046461214,True,109.87294444444447,122.79308333333334,110.98347222222226,111.34520833333333,135.5860277777778
17971392068826581,True,90.41549095607236,127.2108914728682,156.92012919896635,125.68894056847546,162.10315245478037
17877421050355646,True,49.466555555555516,82.15222222222219,158.35597222222225,157.16602777777777,158.3702638888889
17897729394335081,True,85.13516666666659,97.93537499999996,105.65812499999994,78.951625,108.63668055555556
17969863530045303,True,58.26426666666665,87.47534814814817,99.64358518518517,119.6157925925926,103.45662222222222
17986246490808937,True,109.48657777777767,109.46391111111113,113.6405111111111,69.17983333333333,125.05646666666667
18008538653707700,True,169.87210000000005,187.96688888888883,196.3798333333333,50.63518888888889,200.68957777777777
17857063140651796,True,104.7879861111111,137.06329166666663,124.21630555555556,106.31120833333334,149.12119444444446
18101308393753343,True,88.55586111111116,96.83608333333332,98.46987499999997,73.6965,105.64809722222222
17992145366902677,True,91.84654166666668,119.04945833333335,140.67318055555555,113.70469444444444,141.81331944444443
18032099566777254,True,154.86161111111102,155.71444444444455,156.7080222222223,37.03075555555556,165.90372222222223
18059099279466665,True,151.37843749999996,170.9213839285714,197.0674107142857,71.4493005952381,198.23629464285713
18334470991214809,True,116.63793055555556,143.74516666666662,183.02011111111113,98.10681944444444,183.81904166666666
17990503547494698,True,40.7821222222222,93.79441111111105,142.20485555555544,196.74916666666667,142.21716666666666
18117473788659075,True,63.21973199329978,71.03614740368504,76.224338358459,41.83209380234506,77.0163986599665
18076550765634243,True,132.37400000000002,152.40930555555556,197.58295833333324,92.25497222222222,197.76791666666668
17861120517628771,True,120.03602777777773,132.12063888888892,114.81447222222215,69.18834722222222,138.36218055555557
18041511241704004,True,148.2724288107203,174.5057788944723,210.20053601340047,85.87247906197655,210.20268006700167
18366510481147033,True,102.20716666666665,114.07311666666673,130.74416666666667,58.211983333333336,131.12535
18011670194601127,True,118.25911371237454,140.41170568561873,166.34354793756953,76.61008918617614,167.9022435897436
18141123772466299,True,124.4867222222223,154.15566666666663,186.41594444444442,90.57613888888889,186.68138888888888
17910392316023134,True,59.690444444444395,72.9372361111111,86.06540277777775,118.37676388888889,89.76273611111111
17948262645109733,True,83.26777777777775,119.0559027777778,151.69872222222224,136.55001388888888,158.17420833333333
18141176329466256,True,142.89040277777778,152.093,165.16665277777787,44.497166666666665,167.43191666666667
17861327646472367,True,130.50481944444445,147.60393055555548,160.63584722222222,62.46461111111111,163.04591666666667
18093336422037770,True,117.69277777777779,124.72738888888884,160.36413888888882,93.94370833333333,168.5233888888889
17885402631167744,True,95.0219833333333,101.59548333333335,102.35205000000003,45.91563333333333,106.5207
18037688590985164,True,172.91684444444462,190.4286555555554,207.56253333333333,56.5491,208.8965
17921821772917558,True,108.38738888888886,135.3852777777778,138.43241666666665,79.31311111111111,144.96783333333335
18016071227818765,True,103.70092669432921,110.60755186721993,146.1141908713693,99.54939142461964,152.44856154910096
17862384615240120,True,190.48397777777774,153.31005555555566,91.13956666666657,135.85512222222223,190.9987
18060964931151524,True,61.026472222222246,84.77587499999991,125.29313888888895,148.01477777777777,126.52702777777777
18023503223620002,True,83.34801666666662,101.20073333333339,123.33173333333339,108.92778333333334,126.73816666666667
18033611827951094,True,184.93755443886093,177.69678391959795,175.07098827470682,25.014137353433835,187.57793969849246
17887746402474285,True,49.24824999999996,82.59100000000004,113.38580555555555,148.16430555555556,113.41034722222223
18052339738659996,True,210.93419444444433,167.65080555555556,135.4857916666667,96.46040277777777,211.88330555555555
17909210259216851,True,62.598499999999994,50.54390000000001,52.65459999999998,81.83376666666666,65.56606666666667
18296814187224683,True,190.41299999999995,194.49320833333323,196.83619444444446,15.002333333333333,199.25090277777778
18055238458699726,True,58.83285000000001,84.39025000000005,124.87271666666672,178.4332,133.42968333333334
18077307817813301,True,115.28473611111109,137.0592916666666,158.2641666666668,85.70227777777778,159.70197222222222
18359222725199321,True,79.01580555555556,73.49431944444449,64.22995833333336,141.76630555555556,94.72184722222222
18072549116274814,True,95.20170153417013,123.42665271966533,155.5792329149233,102.2576429567643,157.77963737796375
18053342261618248,True,71.4047916666667,78.15816666666667,70.67215277777775,94.38852777777778,87.59479166666667
18001717055573437,True,78.95658333333343,89.10780000000001,105.31315,99.37035,111.43883333333333
17968115840826611,True,99.39654166666664,106.60444444444447,94.39298611111116,80.66898611111111,109.48859722222223
18050349298854974,True,131.51358888888885,132.51016666666683,133.567,59.49896666666667,147.29274444444445
17919240389995571,True,122.65932998324958,131.90832495812398,129.10147403685093,49.36308207705193,139.24336683417084
18019585352181044,True,145.53598333333332,144.8138833333334,143.07249999999996,30.447383333333335,151.9898
17948458677118034,True,106.71638888888893,115.57311111111106,118.12706944444442,76.46951388888888,130.47893055555556
18064227845697991,True,42.787805555555536,71.2074861111111,98.84993055555552,154.9146388888889,103.25105555555555
18079785920360409,True,119.03086111111115,158.83673611111115,185.44652777777762,115.59993055555556,191.24041666666668
17872492965483884,True,136.24855555555553,147.35324999999997,156.6638333333334,61.089847222222225,160.46566666666666
18142771567334391,True,76.48384722222224,107.88829166666669,127.50393055555556,171.6613888888889,143.80743055555556
18276757831171495,True,136.1673611111111,133.70311111111116,139.63994444444452,87.26841666666667,156.68706944444443
18085049590741077,True,41.35604166666668,70.51481944444446,109.01720833333334,178.40170833333335,109.04890277777778
17873135106167362,True,117.25148611111119,144.69869444444447,84.18416666666664,141.47654166666666,153.06304166666666
18131271748450881,True,99.41615277777778,119.42236111111114,148.3590694444445,93.17713888888889,150.29763888888888
18577213666010063,True,139.59315555555554,128.77106666666663,137.32789629629636,50.7916,148.72044444444444
18056310407355613,True,132.11505555555547,131.47819444444445,127.28533333333327,64.049625,144.3287777777778
18054203495040657,True,53.81910096818808,43.9541078838174,59.31515905947444,154.06715076071922,70.34604426002767
17920426205990568,True,188.11850000000007,184.2669583333334,169.24295833333326,33.67226388888889,188.71701388888889
17907287526224095,True,67.30234309623432,100.06241283124133,170.42711297071142,162.495760111576,170.5526359832636
17893281939261043,True,59.44704999999999,86.33020000000003,101.86936666666669,136.69661666666667,106.08335
17954809253635628,True,138.3461904761904,116.08273809523811,93.51583333333329,93.74180555555556,139.75559523809522
17971774565742507,True,95.87191111111117,94.37482222222228,93.77220000000003,52.593666666666664,104.24456666666667
18034678523406624,True,102.91156944444444,118.10106944444442,139.28748611111124,97.56190277777777,147.03805555555556
18047580947643784,True,61.52131944444445,68.27927777777778,73.09701388888888,91.82344444444445,82.51247222222223
18022844399083463,True,129.43207407407408,130.37669629629622,122.42731851851849,51.63327407407407,138.89958518518517
18092845376137474,True,110.90188888888893,125.70038888888892,150.5335694444444,74.3674861111111,151.9676388888889
18450056470025604,True,119.38060000000004,127.56958333333343,145.17301666666674,68.37661666666666,148.52118333333334
18046248655734714,True,150.1453266331658,160.50197654941383,167.321742043551,57.29139028475712,173.26589614740368
17986571777574333,True,158.43725555555554,147.99504444444452,128.99641111111117,87.24151111111111,171.1847
17947144850793804,True,129.0362666666667,132.0396222222223,138.3928555555557,50.29313333333333,146.52005555555556
18034240408970173,True,180.12386666666654,140.72231111111108,109.7434555555556,121.35322222222223,184.05804444444445
17885964176964196,True,60.49621666666661,79.01703333333336,100.97324999999994,98.94896666666666,101.16718333333333
17980352048702509,True,115.12791666666668,128.4275694444445,140.7641527777777,57.10036111111111,141.16252777777777
18083810366620932,True,82.00124444444444,102.414,114.98417777777775,94.51548148148149,118.48074074074074
17880526752535411,True,149.1444444444445,166.78293333333332,167.10887407407412,82.41133333333333,181.83331851851852
18078656947640066,True,80.11369444444445,101.27997222222218,135.1829722222223,112.54306944444444,135.45830555555557
17911188309321774,True,181.04837500000002,148.09756944444447,99.99852777777768,110.34454166666667,182.79216666666667
18067345285559049,True,195.24984722222226,174.93224999999998,151.24058333333332,68.76545833333333,195.41873611111112
17930612504836439,True,162.24979933110376,182.6998662207357,207.4111148272018,73.48140468227425,210.12232998885173
18084819364733956,True,17.619472222222228,32.767888888888905,58.96440277777778,175.39276388888888,58.975569444444446
18019508267323385,True,75.24743055555554,90.17470833333331,108.57995833333345,95.97529166666666,110.25551388888888
17957779334773507,True,87.20150753768837,124.77758793969852,169.5763316582914,128.7790619765494,170.98319932998325
17883673167480140,True,103.5708333333333,89.40622222222221,85.04272222222225,66.93944444444445,107.05256944444444
18075432323215854,True,130.1879861111111,153.91400000000002,174.50934722222215,92.20095833333333,181.5835277777778
18029921948790412,True,207.18862500000017,198.69520833333345,183.31395833333343,32.77520833333333,207.67666666666668
18247819378291504,True,140.88587500000003,130.7993333333334,113.19240277777782,85.58444444444444,151.0878888888889
18055546961449469,True,129.58438518518528,142.38324444444447,165.37691851851844,87.07931851851852,171.5285037037037
18003441947809925,True,89.31963126843657,71.9478466076696,146.8843805309734,161.8107227138643,146.99753687315635
18335008912246645,True,157.15362500000006,144.93536111111115,131.72975000000002,94.01669444444444,173.10734722222222
18113229784680242,True,129.60231944444433,146.50212500000006,168.8234444444444,72.109,171.44293055555556
18091162243785034,True,43.927229629629615,72.77170370370371,146.36068148148158,188.6290074074074,146.3606814814815
17935303392092330,True,131.3802777777777,111.22723611111108,79.32234722222215,129.34304166666666,139.94455555555555
18041810522418802,True,111.40672222222217,106.11461111111105,135.71316666666678,115.57354166666667,153.95091666666667
18089324014939549,True,68.91162500000003,89.70700000000002,123.03187499999994,150.97691666666665,133.09641666666667
18328888942121270,True,133.92475000000007,162.26029166666655,176.3989583333333,102.10518055555555,190.4218888888889
18084467762368968,True,72.09154166666667,96.13931944444445,107.70884722222222,105.82177777777778,109.26779166666667
17872163967112004,True,136.59970000000007,145.77332222222222,159.52107777777772,49.40597777777778,162.44455555555555
18033303683727496,True,71.42548611111107,90.89386111111106,121.62263888888883,135.1902638888889,127.31979166666666
17864068215565492,True,73.84647222222226,87.18826388888883,98.69248611111108,109.49088888888889,110.37706944444444
17938535520081481,True,171.29802777777795,179.66454166666654,205.11761111111116,54.990125,207.61652777777778
18048316325307650,True,108.9681527777778,134.73459722222222,161.75026388888884,99.89505555555556,162.7577777777778
18047531360072044,True,137.00593055555558,145.23801388888893,134.91973611111112,37.402277777777776,146.93730555555555
17875701585513922,True,107.88940000000001,128.38474999999983,178.08585000000005,114.09933333333333,179.5429
17947843400881208,True,107.83794444444442,123.93990277777772,120.38073611111113,73.7063888888889,131.94266666666667
18014774567204974,True,111.93180000000001,133.52281666666673,148.6222166666666,99.04841666666667,157.39815
18059985739496946,True,146.25365277777777,161.80368055555547,178.0517777777779,69.21120833333333,181.03180555555556
18211517194316757,True,80.80531944444446,87.02008333333333,98.34654166666668,115.31452777777778,102.75577777777778
17919738744060415,True,96.60683333333336,111.68066666666662,133.84884722222222,96.30929166666667,134.80686111111112
17942876541079406,True,127.29556944444441,120.26662500000003,125.61909722222217,52.31293055555555,136.89026388888888
18070364468032240,True,57.22208472686736,99.25787068004455,142.2940691192865,161.67722408026756,143.12585284280937
17980701812931084,True,64.54463888888888,96.74666666666668,136.8017638888888,150.83384722222223,139.07570833333332
18095200820471974,True,83.4934305555555,99.24827777777779,113.27686111111106,61.38502777777778,114.68827777777778
18053197318765324,True,137.6014111111111,156.55174444444447,180.01578888888892,74.58931111111112,180.06605555555555
18085024048551474,True,185.7995,199.31727777777778,213.47784444444454,44.555188888888885,215.08994444444446
17880802683191035,True,157.03683333333325,77.45447222222224,39.56274999999997,197.17501388888888,158.57011111111112
18070547851698859,True,106.15056944444451,138.83077777777785,150.747375,94.57919444444444,153.78058333333334
18036805666931257,True,65.22659722222221,68.13847222222216,71.65893055555559,28.58036111111111,72.44475
18387138955185582,True,115.58695833333337,129.25883333333329,141.74038888888893,66.61470833333334,143.5762222222222
18541741777022842,True,102.7895138888888,76.39838888888893,72.85702777777784,64.07152777777777,102.852625
18331071943192199,True,108.46106944444442,125.29818055555549,137.21694444444452,60.51248611111111,137.86130555555556
18072523214454867,True,209.54588888888892,173.97661111111105,153.75488888888893,85.45958333333333,214.25358333333332
18098100409547064,True,139.9322638888889,156.78484722222225,161.16533333333336,44.11884722222222,164.21743055555555
17861452155447200,True,138.18384722222223,131.9326944444445,131.5064444444444,73.35718055555556,152.18004166666665
18304445281169921,True,166.3425416666666,149.3933055555555,136.65822222222224,82.55830555555555,170.29808333333332
17951776358733239,True,31.852256097560968,52.85172764227644,76.32418699186992,168.98532520325205,76.3269918699187
18016868192685421,True,165.38677777777784,173.85256944444453,177.0151805555555,31.57627777777778,181.38083333333333
18094372934139548,True,123.42182705718274,88.23524407252445,81.55665271966521,171.7991910739191,137.48581589958158
17957620211728552,True,139.32284722222218,156.7406805555556,153.34047222222225,63.10729166666667,160.79438888888888
17964373601872506,True,146.5994166666667,170.69030555555548,189.87041666666667,74.46648611111111,191.96476388888888
17899346301153668,True,153.34115277777764,131.53106944444443,111.54718055555557,109.0015,158.633625
18053418373896572,True,187.36820000000012,145.16072222222223,79.47416666666665,146.66222222222223,191.14994444444446
18045739670756305,True,123.22283333333333,145.43713888888888,172.40272222222222,97.510375,173.43855555555555
18367903486095446,True,126.88802777777778,105.63888888888889,98.65449999999996,73.64309722222222,127.131
18530380402041235,True,158.33455555555557,167.8591388888889,191.14231944444458,61.026125,193.58954166666666
18109386136605326,True,180.47822222222217,183.8402814814814,169.6661037037036,25.611303703703705,184.11644444444445
18073802570309053,True,165.02239999999995,196.81953333333325,215.34794999999988,62.81773333333334,216.17778333333334
18323129929161133,True,52.96944444444441,88.32901111111111,123.14536666666667,159.72851111111112,125.79733333333333
17888538948384203,True,156.7346527777777,128.48375000000001,86.1936944444444,109.79052777777778,159.0137638888889
17972735825745572,True,131.42687327823683,146.32801652892564,158.48920110192847,79.29990358126722,168.05807162534435
17918130846144576,True,98.10934722222223,108.94547222222226,95.11336111111115,90.37827777777778,117.17369444444445
18109328095642826,True,116.2689400278941,115.50447698744776,113.83344490934445,62.934811715481175,129.15545327754532
18522272098075825,True,109.38450370370366,106.69499259259261,118.12122962962961,57.64954074074074,123.95125925925926
17871917148257122,True,201.6565555555556,196.86045833333338,182.99419444444442,33.277055555555556,205.14319444444445
18154983472430776,True,182.2584583333333,192.48779166666674,194.8936944444444,43.03684722222222,202.41779166666666
18050822738417580,True,69.79147382920114,103.4666253443526,140.46179063360887,140.5609641873278,140.67643250688704
17974607021912771,True,112.16723611111112,110.88008333333327,118.05351388888884,37.34773611111111,120.64498611111111
18088620340891665,True,128.09643055555557,143.82490277777777,175.61787499999988,104.29859722222223,183.4057361111111
18576196489048901,True,107.85538720538716,134.83784511784506,142.85257014590346,73.69280583613917,147.8697194163861
18029258596901754,True,150.75347222222217,148.38863888888883,137.47015277777777,41.42172222222222,152.28843055555555
18357121081159983,True,167.51418055555558,140.93388888888893,114.31736111111111,98.22795833333333,173.72725
18151726399481528,True,181.1002666666666,193.34966666666662,213.9980777777778,43.946666666666665,214.89697777777778
18348749044206613,True,160.4950416666667,199.59515277777794,207.5704444444444,65.89366666666666,209.03525
18120003310448259,True,185.33581944444438,158.00152777777768,147.29409722222218,68.65406944444445,190.297875
17854407444364873,True,122.10705192629818,143.82536013400338,164.58716917922962,82.8188944723618,164.78671691792294
18108767323803663,True,140.2001666666667,131.8873194444444,117.02308333333336,57.23959722222222,146.6475
17906628108030299,True,139.4205138888888,126.67616666666662,116.71705555555563,71.72641666666667,145.5193888888889
18166007005377565,True,149.54621666666668,165.2932666666666,186.51173333333318,75.45028333333333,195.66643333333334
17891384955450680,True,34.70277777777775,50.61092222222224,73.89005555555555,156.35243333333332,76.13647777777778
18095648620585994,True,96.9711805555556,112.66451388888889,127.6071527777778,93.95936111111111,134.25004166666668
17926167414198043,True,100.64059259259254,112.71785185185185,114.89294814814829,76.7310962962963,123.86731851851852
17921472399183760,True,166.93880555555555,175.18684722222213,178.11487499999996,43.19036111111111,183.8786111111111
18022295315645824,True,131.47786666666673,153.27124444444445,159.6619407407408,98.39865185185185,170.81063703703703
18069527794618717,True,49.79552763819096,92.06070351758791,141.6212897822446,175.23589614740368,142.51073701842546
17924399342991930,True,81.39305555555556,124.89405555555555,153.40827777777787,148.5548611111111,155.43179166666667
18069549893219463,True,69.33636111111112,96.3095833333334,116.74783333333328,97.56929166666667,117.90551388888889
18087637565494889,True,148.30879166666662,133.1807638888889,116.70876388888888,83.91125,156.09327777777779
18205906177328121,True,92.39130853994489,89.29195592286503,89.13750688705234,60.06619834710744,99.13870523415979
18137109775326420,True,199.00970000000012,209.87838888888882,207.59927777777773,17.32468888888889,210.28625555555556
18054577481397183,True,133.31490277777792,138.91429166666666,147.8652916666667,62.92872222222222,157.86304166666667
18078281050888750,True,133.875020746888,115.51556016597517,99.13742738589221,103.73515905947441,140.56420470262793
18078562757434942,True,107.22366071428574,83.61105654761904,82.38464285714284,148.03659226190476,125.63244047619048
18106595503554675,True,92.44376388888894,76.76590277777774,46.74798611111111,189.74494444444446,97.02047222222222
18068073622940394,True,81.10794642857144,106.20815476190475,122.76391369047623,113.41136904761905,130.17642857142857
17951822228704767,True,115.07776666666668,137.32651111111102,153.50039999999998,77.23096666666666,154.2139
18096694630964688,True,62.09362499999999,115.06409722222224,160.2032916666666,130.68906944444444,160.27883333333332
18246965956281296,True,145.85281944444435,159.84261111111127,169.27054166666676,45.087916666666665,170.51631944444443
18088966106099482,True,52.238430555555574,57.52318055555551,63.834972222222255,98.05826388888889,68.46708333333333
17930492630865353,True,113.6868222222221,120.82891111111105,127.93287777777783,48.49882222222222,129.1765888888889
17996597300672621,True,138.96285,146.85374999999993,158.40326666666667,54.57358333333333,159.5153
18113276083508650,True,116.17455555555549,140.58831944444452,145.7745277777778,123.73319444444445,172.66343055555555
18404565589123466,True,65.74528591352859,51.311087866108785,48.89682008368203,116.5857740585774,75.73160390516038
18097035799569015,True,102.83106944444438,128.48773611111102,162.55968055555564,128.59733333333332,170.50565277777778
18344126302133210,True,140.92834722222224,154.4234305555556,160.69012500000002,53.69252777777778,164.4909722222222
18003367718847990,True,112.19874444444456,128.43744444444445,114.26051111111114,86.06783333333334,139.60594444444445
18023219123251838,True,173.73104166666678,181.4925694444445,188.08493055555564,40.07309722222222,190.4917638888889
18151574416366809,True,98.13677777777782,129.3846666666667,143.41254166666656,90.929625,145.27718055555556
18058507049546429,True,90.28305439330545,78.65444909344491,76.15036262203627,118.88949790794979,103.157350069735
17994758396949512,True,62.27575075075072,81.70445945945944,103.54729729729728,115.31283783783783,105.41785285285285
18001650233383193,True,127.52988148148152,152.54017777777773,124.46490370370365,113.54887407407408,171.24293333333333
18071464667265441,True,107.30245833333336,132.89976388888888,147.51206944444442,93.03344444444444,157.94261111111112
18167718835313589,True,50.24926298157453,87.79319932998328,125.16847571189278,168.9840703517588,126.85854271356784
18170365771331529,True,90.24461111111114,121.79395555555548,154.8288999999999,114.79502222222222,155.80776666666668
18086007272108960,True,60.23081944444441,79.90194444444441,93.05416666666673,114.04076388888889,93.19051388888889
18074807563678526,True,146.29255555555545,163.8008888888889,202.22702777777775,70.45411111111112,203.00220833333333
18368262043163186,True,147.90450000000007,141.02909722222213,128.74034722222234,58.473486111111114,156.4766527777778
18020770703530038,True,193.99554444444456,199.61256666666677,213.8800222222224,36.17962222222222,216.41037777777777
18096367970099676,True,204.71830555555547,210.4851666666667,207.58125000000013,24.697180555555555,217.003125
18070924982524127,True,135.60461111111115,147.14366666666672,158.93984722222226,55.36804166666667,160.482
18090243833468424,True,133.56398888888882,164.52846666666665,188.2031777777777,89.3928,191.10402222222223
18099607639588087,True,94.31719444444451,122.24811111111113,137.73393055555556,100.94934722222222,144.69986111111112
18005755361724127,True,94.95756944444445,115.59249999999996,117.2880694444445,56.57769444444445,120.40456944444445
17933658779951374,True,90.8451805555556,86.16584722222223,70.09786111111113,141.55856944444446,113.07693055555555
18082428266579907,True,121.97574444444443,141.85612222222224,138.7914333333335,64.99235555555556,149.72755555555557
17979159251680882,True,150.73215277777788,142.5614583333333,126.04730555555551,64.67394444444444,158.0058611111111
18064600513612709,True,81.17953333333335,122.40508888888903,116.13711111111111,121.53796666666666,128.68
18305690605273463,True,146.10294444444446,165.21681944444438,178.56995833333337,87.15511111111111,192.48829166666667
18048590801096241,True,106.78154166666666,122.71345833333335,161.07179166666674,101.47493055555556,161.08695833333334
18152901148346014,True,134.59761111111115,153.50305555555568,187.7019777777778,82.52637777777778,187.87802222222223
18334455493212876,True,74.25615702479341,133.46962809917352,174.62836088154268,148.9185123966942,174.89955922865013
17919903615014144,True,92.51130555555555,83.65348611111109,60.97011111111109,117.20029166666667,103.89538888888889
18054151981590478,True,160.85105555555558,169.76816666666667,177.1832638888889,48.98359722222222,184.24881944444445
18056044321690121,True,42.55733333333333,72.86706666666669,94.61149999999999,149.36733333333333,95.58176666666667
17952075450066748,True,50.53878333333336,56.515466666666725,55.94241666666669,119.9413,68.21586666666667
18020279999657236,True,169.70852303523048,170.49188346883474,189.1391734417344,27.202953929539294,189.45249322493225
18106643797702384,True,98.75720268006704,127.69264656616421,164.09963149078732,136.23443886097152,178.0105527638191
18104785492742264,True,140.74976388888896,161.75916666666666,193.418986111111,90.64945833333333,195.18455555555556
18049782413228495,True,86.63526388888896,96.2434166666666,121.70033333333336,140.61777777777777,139.98108333333334
18044937419608453,True,149.71179166666667,127.99858333333341,108.66756944444442,103.17579166666667,161.67206944444445
18111745366736039,True,146.05008333333328,156.7956805555555,144.50011111111112,76.05279166666666,170.2999722222222
17914537497166162,True,128.67241666666666,147.01230555555549,164.32250000000008,69.21927777777778,164.67694444444444
17942449841719829,True,83.87700167504185,119.66654941373538,120.31038525963153,99.9966499162479,127.08458961474037
17910426084102182,True,90.57154910096816,105.41543568464736,136.4808990318119,105.7121715076072,138.5708713692946
18100821694810778,True,122.04111576011151,129.21666666666664,127.72506276150628,44.502036262203625,132.4421478382148
18031386644371240,True,119.89293154761896,152.12044642857163,151.05077380952383,65.34428571428572,153.6622619047619
18070423207958664,True,78.49030555555558,114.60727777777768,159.12936111111102,136.04572222222222,162.7420138888889
18024226277700830,True,90.36219444444444,132.37484722222223,141.4809861111111,101.67281944444444,144.97725
18030232139119643,True,142.28944444444454,151.0820138888889,142.4368611111111,31.120722222222224,152.4835
18029715650390138,True,105.6651944444444,109.97670833333322,113.69920833333329,81.9029861111111,124.57720833333333
18145189777427204,True,115.0076805555556,119.48118055555558,128.03406944444438,34.74630555555556,129.14466666666667
18537213625071731,True,148.9516805555556,124.52863888888888,106.77343055555556,112.25984722222222,161.06206944444443
17936600973113593,True,75.20731944444445,104.10868055555554,134.6406805555556,121.45872222222222,134.75779166666666
17886312015471885,True,87.82690277777778,101.0583055555556,137.83174999999991,150.32043055555556,144.90518055555555
18095758336887670,True,108.88127777777775,144.18040277777774,156.20255555555565,93.72977777777778,159.14944444444444
18345845917227152,True,143.85402489626554,150.58821576763484,159.0593222683265,65.47668049792532,169.84510373443985
18036348839554234,True,130.91087797619053,168.85339285714275,207.57406249999994,97.14016369047619,208.2153125
18522258964020211,True,90.46669444444433,73.26088888888889,89.53256944444443,127.85333333333334,108.64173611111111
17997171374723058,True,44.97877777777778,87.28743055555559,126.95572222222229,186.48222222222222,127.157375
18100965610961815,True,97.06662499999999,122.40076388888885,148.6005694444445,115.12227777777778,151.2442638888889
17926696416139645,True,142.64295555555563,140.89265555555562,135.54272222222212,97.28343333333333,170.94946666666667
17948557412874796,True,200.0778111111112,205.49562222222207,189.98993333333328,47.76454444444445,213.25903333333332
18098078008823474,True,97.53210370370373,104.49948148148147,121.0316296296296,62.56696296296296,123.17893333333333
18131794822556261,True,152.31944211994414,158.2162203626221,154.37326359832628,26.12818688981869,159.26850767085077
17894740710048141,True,150.60413333333327,145.15936666666667,138.6518999999999,57.99825,159.2214
17882485767517519,True,32.237499999999976,58.23493055555558,82.50861111111114,151.43816666666666,85.02669444444444
17941259676152849,True,56.99675,75.14627777777774,107.80733333333337,116.38919444444444,107.83723611111111
17934561533857145,True,86.95663888888889,72.41204166666668,99.22372222222222,128.90281944444445,117.93456944444445
18062522048402664,True,206.65988333333343,209.84431666666657,207.86391666666668,19.48415,214.91023333333334
18091151890821467,True,72.0042211055276,81.77825795644893,93.65551088777225,119.43601340033501,95.45067001675042
18123889846352915,True,39.62851405622494,47.39202811244979,53.14222891566263,91.49518072289156,54.88074297188755
17954040390065066,True,47.16016666666666,55.370500000000035,63.32809722222224,91.33566666666667,68.89701388888889
17921091663124180,True,191.73458333333323,187.800263888889,173.3906250000001,57.68152777777778,203.3977361111111
18132573193543017,True,37.53133333333333,53.11038333333332,65.1473,125.11318333333334,65.63185
18098899270724342,True,181.40394444444442,193.23122222222224,182.0363888888888,26.70651388888889,193.66456944444445
18181816723341240,True,83.47154166666665,102.9149166666667,116.47336111111115,79.42531944444444,118.65981944444444
18075898934192837,True,117.91874074074073,166.7591703703703,218.29425185185167,115.16045925925926,220.25385185185186
18078424520627190,True,175.45625592417053,181.62549763033175,197.50508688783583,33.41093206951027,198.10938388625593
18114736627440968,True,133.34526388888878,149.18501388888882,148.06490277777775,40.12229166666667,152.35843055555554
18460463896102846,True,59.14031944444446,78.86184722222224,105.87856944444434,139.08420833333332,106.567375
18023518715754346,True,184.22437500000004,133.2196666666668,91.1381944444444,132.440375,185.34105555555556
18089368072871608,True,108.06151388888894,128.6206666666666,157.6183055555556,103.72866666666667,161.36388888888888
18419506666191904,True,57.10681944444448,89.69254166666664,126.70183333333338,165.1676388888889,128.2593611111111
18073132649640900,True,122.67062500000003,106.77893055555556,101.54350000000005,101.05847222222222,140.31716666666668
18223219657312381,True,52.566305555555566,70.50377777777773,88.51708333333333,217.91006944444445,123.62669444444444
17845977573352911,True,57.79763333333336,64.28750000000001,81.92789999999995,113.26966666666667,87.02905555555556
18037492664195623,True,83.25071111111112,118.14373333333339,162.24127777777775,131.9774,162.33926666666667
17984481572586842,True,31.824899999999992,71.85199999999993,93.73611666666662,180.97243333333333,93.84805
18106318792851189,True,76.64311111111117,100.84954166666672,115.97330555555553,91.81498611111111,117.85884722222222
18061447564901474,True,143.47854166666667,155.32716666666676,155.14116666666663,39.80986111111111,160.90184722222222
18078334514627907,True,47.994083333333336,54.69193055555557,61.32144444444442,110.40079166666666,67.28822222222222
17923619703266549,True,131.45322222222222,129.14347222222213,123.39484722222214,41.09934722222222,137.05968055555556
17995464011590688,True,232.86828888888894,221.9558222222222,226.988077777778,14.929788888888888,233.20653333333334
18119921179638448,True,113.49780000000001,129.8952222222222,194.63475555555564,117.22077777777778,194.7411888888889
18074729264199810,True,201.91158518518517,181.01774814814812,158.29760000000007,70.66084444444445,208.4924888888889
18098000128791016,True,64.23886111111115,93.89612499999997,121.57943055555556,145.24144444444445,121.71359722222222
18035904935400099,True,62.0107333333333,82.97868333333338,100.42400000000005,122.4359,104.00188333333334
18047101351779820,True,142.7679999999999,143.40552222222226,143.37186666666665,81.48377777777777,169.37983333333332
18098696266560110,True,160.54994444444455,144.08026388888888,122.38111111111112,85.08225,166.66109722222222
17902738164154794,True,179.49155555555558,177.1870666666666,182.9393111111111,98.56274444444445,217.20645555555555
18031624823055826,True,144.82611607142852,149.1511607142857,166.6844494047619,59.6446875,173.02556547619048
17960635997848534,True,67.97565555555556,71.0842222222222,76.36497777777777,119.89524444444444,87.57656666666666
18267164824231764,True,162.5296333333334,157.13241111111108,134.9672777777779,104.67202222222222,186.1655
18036895526541120,True,112.59345833333326,132.1330833333333,134.7859861111111,77.212125,145.69933333333333
18038279750254232,True,135.3732777777778,165.92370833333325,199.67405555555567,99.49480555555556,203.29444444444445
18118650484534794,True,36.63701388888891,99.12955555555554,138.5329305555556,196.61216666666667,139.503125
17980300157704659,True,139.5354583333333,150.55497222222212,154.30338888888892,48.33572222222222,159.9271527777778
18072071689749819,True,103.40668055555552,106.68302777777777,82.30674999999998,77.19275,113.06005555555555
17853780828651613,True,169.38453333333328,175.58435555555556,171.92534814814815,70.73912592592593,197.98355555555557
18348378238215443,True,183.09583333333342,175.29995833333342,164.84097222222206,41.18318055555556,188.85684722222223
18059048249492299,True,108.09390277777771,121.84047222222226,143.85927777777772,86.78105555555555,146.03030555555554
18101661706849977,True,124.25933333333326,139.03674999999996,166.7294722222221,82.87990277777777,167.73401388888888
18012656216535492,True,158.14784722222214,163.46229166666663,162.60530555555562,32.37773611111111,170.21605555555556
17921134608293230,True,131.32772393538914,144.02102790014683,158.06030837004408,56.08550660792952,159.49444933920705
18110537854381656,True,135.6503831417625,154.39026819923382,140.6063026819924,73.77070881226054,160.7623563218391
18412412674182030,True,140.7953111111111,159.25716666666656,173.72790000000006,56.509544444444444,174.00001111111112
17977439054977980,True,50.665188888888906,89.4940777777779,149.13258888888902,186.03695555555555,149.13576666666665
17892607944261130,True,90.06530555555557,125.30990277777792,137.4446805555555,126.72063888888889,145.85891666666666
18090802567614127,True,118.20347222222226,132.66591666666665,150.70962500000005,72.34022222222222,154.17175
18432972886099255,True,158.66205555555558,151.0635833333335,148.01401388888888,71.18261111111111,173.72330555555556
18077584610551196,True,61.96923611111111,66.22390277777778,73.54380555555554,89.23475,75.96738888888889
18103409479468499,True,139.19022222222225,117.97889999999997,88.9835666666666,158.2113,159.6334
18189734704312072,True,62.720416666666665,71.45977777777775,77.87841666666662,86.702625,83.44369444444445
18168161311343630,True,124.31498611111111,154.19687500000003,185.96093055555556,90.55083333333333,186.232375
17842683516319253,True,69.05646666666661,96.51963333333335,122.11714999999997,122.79473333333334,123.72435
18386957461157830,True,127.36399999999999,127.1463749999999,131.25716666666662,105.88256944444444,161.21493055555555
18093154865149452,True,35.06939259259257,59.71896296296297,69.01986666666666,103.72776296296297,70.54681481481481
18094481980428693,True,145.19268888888894,143.9797111111112,122.82767777777767,100.1528111111111,163.43486666666666
18579590014009200,True,189.74175000000005,178.7224444444445,158.15938888888883,89.34941666666667,211.26681944444445
18129184153354667,True,28.665849999999985,26.007500000000004,33.956616666666655,140.68831666666668,48.54123333333333
18539031700036398,True,108.13620833333334,123.22122222222217,94.21222222222227,112.56497222222222,138.91905555555556
18066927275225377,True,127.61537499999999,140.9246805555557,144.70056944444437,81.47269444444444,156.61908333333332
18025916390563958,True,126.56380555555546,156.07345833333326,178.51390277777784,95.81429166666666,179.88993055555557
18157267003384811,True,58.27837500000001,61.43490277777781,151.3685833333333,174.1945,151.38220833333332
17912262668974058,True,70.91675555555555,70.68776666666666,45.07701111111113,194.18245555555555,87.07554444444445
18061548455066435,True,110.73576388888895,137.0002638888888,136.51036111111105,65.66133333333333,140.99240277777778
18032726126791997,True,143.60055555555556,145.89561111111104,148.7117222222223,15.29851388888889,148.80504166666665
18091456411867986,True,67.98451388888891,93.17865277777773,105.44433333333338,110.79577777777777,107.3169861111111
18145939630397439,True,139.93354166666674,149.29826388888893,165.4156388888888,69.06251388888889,166.26781944444446
18050205451692240,True,120.18886666666666,112.36348333333332,94.01896666666657,101.19791666666667,133.36855
18024709429938753,True,97.80392419175028,124.35292084726879,141.69791527313274,131.72863991081383,159.28335562987738
18543343711025949,True,88.95416666666664,118.70365277777776,98.28795833333338,76.13065277777778,120.54890277777778
17916937368006044,True,138.16298611111114,142.57261111111117,148.31936111111108,40.35872222222222,150.66108333333332
18288665959172357,True,57.64624444444447,82.13951111111106,129.29182222222212,152.8892,129.44791111111113
17908750665123448,True,85.65118888888888,93.08252222222218,84.27872222222227,123.69631111111111,112.93013333333333
18268633144241908,True,69.97943055555555,87.59154166666667,111.46115277777784,118.08813888888889,111.67020833333333
17876936841554062,True,96.88288107202676,97.5456281407035,97.7641708542714,5.099748743718593,98.17227805695143
18212612500316458,True,154.17618257261418,150.10688796680486,141.56016597510362,70.1953112033195,165.01533886583678
18106858100508200,True,163.44833333333332,189.91112500000003,217.85512499999987,71.36725,218.90702777777778
18009400361604730,True,33.188444444444436,38.77520833333334,46.65115277777776,90.944375,47.98775
18576311359062354,True,206.75699999999998,225.91597222222202,218.07683333333347,43.36877777777778,229.02470833333334
18081225626411990,True,91.03901388888886,112.1494583333333,135.79336111111118,101.53530555555555,138.94743055555554
18025535312804151,True,145.49583333333342,143.9363333333333,146.01291666666665,76.35963333333333,167.30005
17976775208852703,True,136.77874074074066,171.2987851851852,198.83,94.15361481481482,199.78407407407408
18110710531783363,True,66.53198611111112,96.5898888888889,127.5579722222222,140.76225,127.57163888888888
18208380313307717,True,106.37238888888886,127.01143055555556,151.67099999999996,102.451125,161.05454166666667
17900899368407307,True,86.22520648967546,86.60185840707972,88.21941002949852,34.89092920353982,93.4233185840708
18050279335726884,True,123.42204444444445,142.23629999999991,153.6246333333335,57.71532222222222,154.02555555555554
17988186416578948,True,117.9995416666666,143.5325277777778,138.9668333333334,89.41429166666667,155.24716666666666
18071203544057933,True,146.46887500000003,162.50656944444464,169.2820694444444,45.57859722222222,171.04633333333334
18257116045261020,True,155.64271356783908,161.18465661641534,162.3651256281407,23.524036850921274,163.7520770519263
18019452749216618,True,89.42241481481483,117.65291851851849,120.95804444444438,96.54551111111111,127.65346666666667
18092789888016739,True,142.7707777777778,164.40636111111115,146.58786111111104,80.95144444444445,174.00677777777778
18110184829691706,True,117.01035555555565,130.88934814814812,120.64047407407396,56.8657037037037,133.7076888888889
18059502233445107,True,178.39053333333356,145.30490000000003,127.63535555555563,74.61798888888889,178.57725555555555
18087844487194428,True,141.95482962962964,202.4198666666664,205.02205925925912,97.63278518518518,215.8001037037037
18096971051327083,True,162.29651452282158,159.70139695712322,161.10222683264166,28.762724757952974,169.52951590594745
18003947654187779,True,112.78306666666664,143.01259999999996,171.12278333333333,105.0814,175.0174
17918110830267832,True,175.71108333333325,177.25555555555545,182.37605555555552,27.251875,184.46476388888888
18030014839990883,True,68.25360134003347,74.36333333333327,79.6070184254607,40.21341708542714,79.93311557788945
18055082702377112,True,59.680763888888855,102.41997222222221,141.6781944444444,159.64681944444445,141.67856944444443
18032957222375243,True,37.13461111111111,129.46069444444439,171.12176388888886,209.4798888888889,180.75043055555557
18030873449095358,True,67.94095477386934,47.0475711892797,52.66758793969847,163.4887772194305,82.57149078726968
18048768599091080,True,77.09319444444439,130.88420833333342,161.69562499999998,147.03261111111112,162.15320833333334
18130647928522453,True,48.27851666666668,63.35556666666668,85.83681666666668,121.82936666666667,88.64991666666667
18025459289162263,True,104.30269999999994,136.2034666666667,167.2621444444445,122.11536666666667,172.76235555555556
18025186019633224,True,21.620962962962967,31.345318518518543,46.20075555555558,64.42091851851852,46.224014814814815
18074601794369008,True,126.844,128.48359999999997,130.85023333333325,87.68486666666666,154.9781
17907277425079903,True,134.78644444444438,169.49099999999999,197.3995000000001,91.05663888888888,197.44004166666667
18076669985628596,True,74.08377777777781,97.35920000000002,118.37597037037044,124.13087407407407,118.96946666666666
17980297460581376,True,141.90901172529317,170.9543216080403,179.7794639865996,83.02098827470687,190.53638190954774
18104234321492679,True,69.21972222222222,71.51863888888887,67.66437499999998,98.704875,85.34179166666667
18050151506209380,True,84.78622222222221,123.85638888888887,89.25506944444446,117.39795833333334,126.03670833333334
17927513373137455,True,127.91019345238091,84.39815476190482,59.68816964285713,125.47334821428572,129.15903273809525
18310582387145320,True,31.956400000000013,59.93924999999998,85.07300000000002,166.23436666666666,85.68553333333334
17988612584654510,True,96.5081666666667,111.37011111111113,123.25375000000001,82.90254166666666,126.77352777777777
18219483274285334,True,128.01771851851854,131.8860296296297,123.69417777777781,68.71454814814815,144.91866666666667
18060222475641153,True,73.1481222222222,97.86290000000001,142.33797777777767,139.66996666666665,142.58466666666666
18127445086508963,True,125.03583333333333,134.04363333333333,136.65126666666657,43.43608888888889,139.36522222222223
17947261803131403,True,80.18586111111108,136.37343055555553,152.20451388888878,132.39798611111112,156.8775
17896431219285278,True,115.74129166666663,145.33331944444447,191.67566666666656,113.31797222222222,192.05284722222223
17882121078544242,True,51.82647222222223,60.96370833333332,66.78240277777773,62.007152777777776,68.01425
18002712317584594,True,135.15037777777778,127.79515555555554,99.82207777777772,120.24975555555555,151.5622111111111
17932270250919359,True,184.10506666666663,150.37800000000004,77.70763333333332,163.06251666666665,192.64033333333333
18338085070229655,True,49.424,78.84173611111109,110.95397222222228,171.37726388888888,110.9593888888889
17878473792133447,True,126.96984722222221,131.78806944444446,139.0458749999999,46.478875,143.4398611111111
18228368914289451,True,137.6860416666667,124.49452777777779,116.28209722222223,103.40911111111112,158.84926388888888
17932410278960700,True,97.09613888888885,116.80931944444448,133.96652777777777,85.49776388888888,134.16705555555555
18107039977902940,True,91.31227777777781,130.32566666666676,180.05040277777775,135.5576388888889,180.07373611111112
18356187163230623,True,116.77981666666672,129.64506666666668,139.29438333333334,54.732616666666665,141.10198333333332
18121826767571341,True,167.4686527777777,132.97600000000003,104.47512500000008,116.66236111111111,171.1243888888889
17941521878728743,True,77.50619999999996,80.89917777777777,93.26670000000006,77.6669,98.91754444444445
17915659910812417,True,176.54341708542708,148.6583584589614,73.36045226130652,161.46641541038525,179.49299832495814
18431673109186772,True,208.01108333333326,194.5631166666667,120.70688333333341,121.43501666666667,216.33381666666668
18112258435700254,True,122.80004166666667,124.18387500000001,124.54068055555555,43.27654166666667,133.79901388888888
18130500304477700,True,71.43040277777779,92.74145833333338,106.63898611111108,91.92672222222222,110.8416388888889
17863551507128574,True,116.59850000000013,129.31152777777768,137.2079305555556,53.1015,141.18408333333332
18032595389792770,True,88.27952592592592,121.3851851851852,147.11967407407408,121.44896296296297,147.96525925925926
18103300202314144,True,95.63925925925925,114.61234074074079,95.88299259259263,175.57552592592592,146.80213333333333
18082452211693484,True,184.0444583333333,193.79562500000003,194.65962500000006,35.19636111111111,200.47480555555555
18106021522759678,True,100.00994444444446,98.09197222222227,95.46373611111115,130.169625,115.36329166666667
17940571259768830,True,93.44270833333339,57.004180555555585,24.59743055555556,215.66483333333332,97.92540277777778
18060210068246492,True,36.01961111111115,54.329819444444446,45.29858333333336,147.71997222222222,63.743944444444445
18078946151181202,True,133.2201805555555,142.61412500000003,148.7901805555555,69.51422222222222,158.03934722222223
17878244421220099,True,162.95948611111098,158.21280555555566,147.92662500000006,71.63938888888889,178.84843055555555
18046808960672913,True,106.98005899705018,137.84286135693216,169.846946902655,88.67910029498525,169.85141592920354
18039492848715745,True,81.33574999999999,115.54986111111104,138.28658333333334,113.98375,138.28743055555555
18168769906413883,True,124.26525,124.74925000000009,127.09961111111119,58.41970833333333,138.56165277777777
18086036437492657,True,113.1197333333333,88.9571555555556,85.13216666666663,78.39252222222223,115.89227777777778
17926174692256482,True,138.58702777777768,143.11177777777786,155.0137777777778,36.51276388888889,156.57241666666667
17947877522983714,True,112.71716666666663,159.90980555555552,188.32843055555557,114.3632361111111,189.89936111111112
17936496800869243,True,96.74215277777782,122.66963888888887,154.8053888888889,119.12868055555556,155.32097222222222
17934113178141324,True,79.63347222222222,119.21636111111118,158.3167083333333,142.0522361111111,159.71086111111111
18501648250012295,True,157.7340555555555,172.62929166666666,156.5240694444445,38.49063888888889,172.84670833333334
18057374857649225,True,94.76781111111109,131.54888888888894,170.4564777777778,128.57042222222222,170.7805888888889
17875773624136530,True,72.57856944444441,97.74641666666672,111.51109722222213,112.95558333333334,112.93806944444445
18047118650632864,True,181.12161157024798,162.88206611570246,129.54666666666662,102.57455922865013,195.36986225895316
17938886138858370,True,149.80041666666668,150.5027666666666,151.05080000000007,40.542183333333334,160.76506666666666
17987243177850960,True,87.09249999999996,89.40661111111113,94.74468055555556,80.855375,106.49748611111112
17872922103586788,True,89.8706547619048,116.9462301587302,145.07849206349212,114.2553373015873,145.24257936507937
18080385182146129,True,43.745180555555564,65.10747222222219,101.80395833333336,155.1375,109.58944444444444
18026660666254336,True,173.41397222222224,156.13536111111122,140.44708333333332,72.62030555555556,175.8633888888889
17917554822187248,True,17.299666666666667,38.20795833333331,55.58897222222221,165.46969444444446,55.80098611111111
17909414871237081,True,145.42466666666664,158.11180740740735,121.58048888888888,65.65293333333334,159.12213333333332
18000871250384235,True,143.7576666666666,157.33640000000005,159.10338333333343,68.02385,171.92501666666666
17908025640137486,True,70.86933333333333,84.15873611111107,112.10311111111112,137.2736111111111,117.76040277777778
17868096237611075,True,138.58426666666665,134.40517037037037,131.47528888888885,64.59924444444444,150.5938074074074
18092815426405796,True,82.62963333333329,88.13293333333334,100.67158333333332,99.72516666666667,106.01193333333333
18101530270522753,True,69.21363333333332,129.9152888888889,103.28017777777772,170.34056666666666,135.64641111111112
18004062716556250,True,162.61759803921572,156.44029411764703,142.85959150326795,52.93937908496732,166.25993464052289
18075359948082065,True,93.76936111111107,117.58363888888898,150.52688888888886,142.59940277777778,165.4902361111111
17959645284019257,True,85.56651388888892,105.10318055555562,133.8181527777778,109.07419444444444,134.6368611111111
18296407828220069,True,173.37169444444447,184.60484722222228,179.95622222222224,25.793222222222223,185.83368055555556
17992055072855136,True,55.005999999999986,85.28179166666668,115.68770833333335,148.11308333333332,115.80930555555555
17921801472180533,True,91.09945833333335,105.6793055555555,105.27944444444452,66.77511111111112,110.88534722222222
18061861481269430,True,168.03795833333328,168.30637499999995,159.03566666666654,38.69501388888889,175.87393055555555
18224225446310111,True,23.05873611111111,92.98899999999996,157.3502083333333,225.843875,157.35591666666667
18060580420839361,True,195.79538888888882,197.29252777777774,201.53883333333334,16.351208333333332,202.908
18034027505355006,True,100.87616457461644,118.86898186889827,142.81493723849368,84.23769874476987,144.4247140864714
18097231450869724,True,66.01744444444448,70.26933333333339,74.3003055555556,37.696222222222225,75.12508333333334
18001575275829229,True,161.66852507374634,172.6172123893806,171.89777286135694,53.52166666666667,183.99349557522123
17989947278780100,True,64.7969027777778,92.01840277777774,115.99558333333336,121.49079166666667,117.9227638888889
18075325190340327,True,135.56475,146.2924999999999,111.84334722222219,91.10844444444444,151.11795833333332
18433873021098013,True,146.94009722222228,92.77645833333335,29.376472222222223,217.73180555555555,146.95827777777777
18392247367115658,True,103.64027777777778,132.72151388888892,171.20948611111115,109.16231944444445,171.3204861111111
18044920288893775,True,66.68876046901168,38.76804020100498,45.59850921273033,195.17802345058627,75.28217755443886
17882854773399567,True,81.34594444444446,84.4480833333333,95.28569444444445,66.70669444444444,97.36938888888889
18055170428173761,True,173.64614999999998,167.0627166666666,160.21471666666656,56.552233333333334,186.16253333333333
17998194191723805,True,78.70349999999989,102.98272222222222,127.3303333333334,114.35494444444444,134.43170833333335
18071956124115086,True,153.47368055555552,174.69780555555553,160.0106388888889,63.87906944444445,180.66143055555557
18044776547412960,True,102.99515277777783,140.25108333333327,155.04991666666666,102.85266666666666,157.14944444444444
18085717478111193,True,95.7604027777778,102.21120833333336,105.68229166666671,81.30473611111111,111.56654166666667
18042526237981160,True,134.04969444444444,112.42473611111112,101.87623611111118,138.72580555555555,153.8647222222222
17935075055864894,True,96.89659999999999,109.0140555555556,130.3257222222223,119.3935,145.5669
17928306252166485,True,42.36472222222222,109.38216666666668,127.6737916666667,181.198625,128.08625
18175547002355602,True,67.93064444444445,106.37713333333326,162.50011111111107,150.8639777777778,162.87343333333334
18084922087793980,True,76.59155555555553,93.49291666666664,108.39276388888888,105.36676388888888,109.99301388888888
18076626683016042,True,84.34912499999997,115.76797222222221,161.59980555555555,131.22956944444445,161.71358333333333
17994028580938686,True,191.95640277777775,196.16375,200.7091527777776,14.946041666666666,200.78623611111112
18080178773359186,True,129.58438518518528,142.38324444444447,165.37691851851844,87.07931851851852,171.5285037037037
18170696566366635,True,195.9006666666667,212.58962500000004,215.6549999999999,39.03802777777778,222.40618055555555
18131019277372174,True,97.62600550964179,58.95946280991738,73.65604683195592,134.77005509641873,109.4981129476584
18067667021477404,True,161.11375,144.96205555555562,126.50575000000006,85.45113888888889,167.98255555555556
17871036873308171,True,88.0859722222223,86.02313888888888,81.27137499999998,113.29415277777778,107.76884722222222
18324290842236064,True,79.8008888888889,92.98376388888887,123.14548611111107,109.73379166666666,124.85586111111111
18087046535260277,True,111.90956944444447,126.03849999999989,137.26983333333337,81.56577777777778,138.57541666666665
17859124884416163,True,198.76274999999998,180.90408333333343,157.47465277777783,60.88440277777778,201.48915277777778
18062304919921122,True,96.02395833333338,110.99023611111107,127.39719444444432,86.45005555555555,129.01211111111112
18066541499690823,True,168.2575277777777,172.5123749999999,125.62284722222223,102.07822222222222,182.52991666666668
17981811215828653,True,98.47401673640171,120.36107391910744,109.31393305439326,67.95457461645746,127.98535564853556
18061782380429438,True,96.6780277777778,121.5400694444445,148.31030555555552,91.55126388888888,149.19679166666666
17878441809429323,True,55.07498611111113,87.22605555555558,115.00693055555551,154.16676388888888,115.00711111111112
18160931563378587,True,52.95719665271966,64.16708507670855,92.00740585774054,148.95015341701534,93.63981868898188
18021774713733435,True,79.58929166666664,83.55169444444438,93.71056944444445,52.80848611111111,96.73027777777777
18167708758374069,True,91.91702777777779,119.54670833333331,135.82123611111115,87.9895,136.21959722222223
17999389331782575,True,182.6441111111112,189.43973611111116,190.0508888888889,43.31398611111111,201.27918055555557
18032498333484319,True,125.96422222222229,142.02062500000005,130.32851388888886,88.17780555555555,156.4501111111111
18073389332378756,True,123.69820851688698,153.60176211453745,160.4790308370045,68.5408516886931,163.08384728340675
17991550742908959,True,106.84509722222222,123.53965277777777,133.71023611111113,70.64718055555555,134.791125
18106076590517927,True,69.14594444444444,100.2109166666666,80.76438888888886,109.66180555555556,101.50294444444444
17904640752074423,True,126.81726388888883,156.84490277777778,164.10365277777774,81.81601388888889,168.04665277777778
18396113965113181,True,96.23936111111112,119.23495833333332,144.70458333333346,97.66358333333334,145.5678888888889
18062860114816571,True,151.15595555555555,149.87761111111112,154.8053444444444,27.643811111111113,159.02063333333334
18066375578135835,True,103.35150000000003,120.30897222222218,141.09244444444445,85.45188888888889,146.77336111111111
18047224460402000,True,145.05741666666663,151.50356944444437,158.52161111111107,25.443819444444443,159.40358333333333
17897414790094403,True,103.22118948824338,139.27260027662516,177.47727524204709,114.56882434301521,177.52539419087137
18061734034545074,True,142.77361111111108,152.52734444444442,133.66317777777775,84.23987777777778,165.48014444444445
18070873681646810,True,117.09573333333331,35.896016666666654,59.85891666666668,204.40248333333332,117.8839
18070595866552336,True,93.52364444444446,108.04190000000008,116.03444444444447,55.800977777777774,116.34466666666667
17934248444941816,True,132.26322222222217,143.42230555555565,152.9093611111111,72.39901388888889,165.8026111111111
18034949126054572,True,168.59649999999996,179.3526944444444,195.0705972222223,49.685875,197.10984722222221
18220107346285656,True,97.6690833333333,158.65576666666666,147.7425333333332,113.3697,160.2397
18057573224275089,True,82.92506944444445,95.76281944444439,91.9821944444444,60.26130555555556,102.89072222222222
18157724206443922,True,84.36617852161784,89.76951185495118,94.90472803347272,42.977433751743376,97.07557880055788
17924066478155601,True,120.3492638888889,135.4305972222222,150.38072222222223,61.96019444444445,151.82995833333334
18076350134404138,True,90.63020000000004,111.10668333333332,133.74808333333343,105.52426666666666,135.35925
18002614778499914,True,79.81559999999999,107.54456666666655,111.62084999999999,96.39235,117.07323333333333
17854174392371741,True,156.97076666666666,161.92920000000004,157.10366666666658,87.53201111111112,185.269
18176630089354122,True,60.222875000000016,67.04175000000005,89.84805555555553,127.99711111111111,92.88263888888889
18062721464514512,True,111.61621111111107,103.80155555555552,91.03699999999996,125.0483,126.23221111111111
17980436699895231,True,158.32298611111108,143.3843194444444,116.23140277777786,111.95563888888888,170.01388888888889
18055608341009446,True,119.21405555555553,132.20973333333333,79.8308333333333,151.63622222222222,137.42723333333333
18116878081679730,True,99.7141166666666,86.53138333333334,74.75566666666666,74.44293333333333,106.11585
17916966710843279,True,90.42618888888893,92.22309999999999,90.81119999999999,40.32545555555556,96.13675555555555
17905232673214842,True,63.62056951423784,91.35252931323288,120.66082077051935,123.838810720268,123.2252931323283
18174239665368711,True,67.65156666666668,98.67481666666659,100.97199999999998,128.50763333333333,109.50308333333334
17929117275007190,True,167.36032592592588,176.08761481481486,174.56482962962963,53.44570370370371,188.41543703703704
17892683091045666,True,198.46506666666676,141.79294814814813,86.71040000000004,148.88225185185186,203.63885925925925
17881904796216476,True,116.35958333333325,134.70044444444434,134.67070833333335,63.03670833333333,141.68955555555556
18037998707268466,True,142.17674965421844,147.2574827109266,163.29847856154908,108.15470262793914,197.55739972337483
18090581122826566,True,152.6196805555555,184.05673611111106,205.68445833333328,81.734375,210.37536111111112
18055530722379379,True,59.44620833333334,91.61356944444442,121.07812499999994,134.26033333333334,121.29209722222222
18103792861497346,True,89.87469444444443,112.82669444444454,92.94405555555554,96.42983333333333,119.41581944444444
18090558910463296,True,80.54105555555552,140.78793055555556,138.17838888888886,131.71601388888888,152.61233333333334
18062034902060847,True,98.82216666666672,116.35743055555561,123.17052777777779,78.32577777777777,126.61855555555556
17856868926146822,True,206.05768888888886,186.6582,171.8910333333332,54.33004444444445,208.65547777777778
18094759100169878,True,135.34290277777774,139.77386111111113,109.12359722222213,109.6457361111111,154.9635
17865518331255152,True,190.99047222222217,207.6266388888888,212.2729166666667,48.04083333333333,220.94701388888888
18265718752215174,True,141.4606666666666,168.52103703703705,178.27888888888887,58.138851851851854,180.02622222222223
18209354986335409,True,156.7477083333333,140.2193472222222,142.12450000000004,80.27005555555556,168.5944722222222
18046836724930389,True,157.93888888888893,153.69804444444435,151.75838888888882,31.65728888888889,160.21903333333333
18119242321487581,True,119.03929166666671,110.63629166666665,118.83338888888879,85.14773611111112,136.03143055555554
17934728970135830,True,116.85613095238092,104.49398809523811,89.94154761904763,65.52537698412698,117.92420634920634
18137659369330370,True,136.00341666666668,137.35603333333336,143.31443333333337,38.843183333333336,148.13278333333332
18084388280479683,True,138.9502083333334,142.27030555555555,145.50227777777772,97.44494444444445,170.06355555555555
18166650979408323,True,138.8684,143.05275555555562,136.44766666666666,106.57898888888889,174.86442222222223
18073532551689431,True,96.24037777777771,110.43432222222228,144.71462222222215,115.78322222222222,152.49287777777778
18329995552197857,True,148.7470677731675,136.53626556016596,110.55845089903187,122.61250345781467,174.13197786998617
18084630529536098,True,163.47944444444445,172.63884722222213,162.99290277777774,18.51711111111111,172.71790277777777
18073978964235948,True,61.02098333333334,73.48325,96.26720000000002,106.757,96.45281666666666
18145183576494358,True,165.21611111111105,175.99095833333342,176.26383333333322,34.29943055555555,183.03706944444446
18088131430988003,True,77.82971524288106,87.89710217755447,88.54649916247904,71.69296482412061,96.93162479061976
18081455332613097,True,127.9166527777777,157.31381944444442,163.2378611111112,93.71668055555556,176.53768055555557
18076009187094803,True,123.17751111111114,148.1035333333333,141.18662222222216,97.17876666666666,161.4244111111111
17917858502855767,True,113.63957777777775,139.97701111111115,157.60816666666673,79.62693333333333,158.46415555555555
18097062862878273,True,68.14105555555555,81.97170833333331,96.89397222222227,143.1297638888889,108.89865277777778
18047512307281501,True,202.80766666666665,215.11503333333343,207.54232222222228,42.29452222222222,222.45346666666666
18057692272866397,True,160.3048333333333,137.6517777777778,172.15524999999994,67.68279166666666,177.35452777777778
17865929913325667,True,43.81946666666669,62.850533333333296,74.6599666666666,122.39683333333333,77.06234444444445
18366895939102410,True,76.70402010050252,122.09502512562821,106.54207705192633,100.28777219430486,125.54192629815745
18349287970233426,True,240.98277777777778,213.34305555555557,155.80973611111096,92.7382361111111,241.11254166666666
18316831471267759,True,75.17954166666667,118.86486111111113,168.04111111111112,155.03541666666666,168.0685138888889
18090879943978517,True,35.69536296296296,44.73266666666667,201.10801481481482,217.57125925925925,202.02268148148147
18153397519346366,True,83.1231111111111,91.27323611111115,102.50490277777773,126.79938888888888,113.4685
17982353039554375,True,187.52811111111117,201.22649999999996,210.12477777777772,34.409375,210.44416666666666
18076045793229217,True,176.15113888888882,169.55308333333335,163.3468888888888,48.57340277777778,180.10331944444445
17864605398491392,True,165.7550069156293,162.4361687413553,160.95940525587835,74.66691562932226,186.38940525587827
18048402550843426,True,159.464611111111,158.24894444444428,154.03522222222225,43.12173611111111,168.35594444444445
18508330540009761,True,101.92406944444444,98.67076388888886,96.09559722222222,93.2526388888889,115.55855555555556
18084708634916247,True,140.74927777777776,152.73756944444443,169.50876388888895,70.82825,178.36954166666666
18118459639737680,True,141.50795833333333,149.8050277777778,154.62684722222224,28.024541666666668,156.2442638888889
17893789317027838,True,120.75704166666667,124.36640277777778,126.44993055555557,83.76954166666667,146.04644444444443
18110978830692128,True,129.03972105997207,141.31951185495117,150.3085774058577,57.83203626220362,155.05011157601115
17930134448747432,True,95.91077777777784,146.33186111111112,182.24686111111095,134.80336111111112,187.5538611111111
18062817259833590,True,64.21142378559468,94.9495979899498,121.94195979899489,147.265175879397,123.7122445561139
18255358261287169,True,113.41167777777773,119.72386666666658,116.18366666666668,111.00618888888889,141.4384
18094082167887171,True,163.61847222222224,177.5109583333332,184.49686111111114,58.29969444444444,192.35691666666668
18145085206485302,True,153.14340277777782,148.18523611111112,147.662236111111,85.13031944444444,168.29547222222223
18105764752684382,True,118.8154771784233,135.8767081604427,155.2954633471646,86.13669432918395,159.82076071922546
18389836072148431,True,139.77187777777775,128.9891444444444,102.10596666666669,116.4236,158.71857777777777
18027008473940939,True,134.47184999999993,133.63123333333337,135.43154999999987,57.83561666666667,146.94721666666666
18082126171907739,True,70.72341666666667,80.40246666666665,95.03629999999997,113.1016,98.79701666666666
18013957646654574,True,130.93699259259267,167.23339259259254,188.0885185185185,88.95426666666667,190.73887407407406
18056936105121430,True,149.23420833333336,172.12904166666675,191.69345833333327,63.338861111111115,191.784625
18061801171937249,True,60.104650000000014,78.13718333333325,96.12733333333327,85.1359,96.60741666666667
17924793404916332,True,49.197683333333366,60.49256666666667,68.27216666666662,151.04973333333334,83.00568333333334
17889847755334395,True,158.48090277777789,147.0319583333333,125.07480555555567,82.38944444444445,171.13415277777779
18043923040878290,True,100.06973199329981,138.14355108877723,129.03738693467335,127.0771189279732,148.69546063651592
17944088976062745,True,140.35165969316594,161.77287308228736,170.28868898186903,54.43231520223152,172.11829846582984
18032152115241721,True,50.27927966101699,64.16943502824856,84.08053672316382,116.19854519774012,84.68651129943503
17955478146100017,True,124.63480555555547,143.00191666666666,158.62194444444444,81.19570833333333,163.5072638888889
18137483743477461,True,93.15152777777776,132.04013888888883,165.98886111111102,124.5845,168.03431944444444
18125438032379743,True,181.8597361111112,143.1774166666667,92.12815277777786,142.13540277777778,182.93044444444445
17875441188066141,True,159.10155778894486,184.10408710217754,187.21005025125626,68.9328810720268,198.57425460636517
18333770983126865,True,119.51943333333324,158.49500000000015,187.7016166666665,108.7856,190.68313333333333
17895213762378930,True,155.80866666666648,173.94672222222218,183.05087499999985,52.087069444444445,187.48895833333333
18054029158917698,True,162.3167777777779,146.61843055555556,153.92519444444446,91.91661111111111,184.78266666666667
18082444294875350,True,128.97632743362828,152.73766961651924,181.53303834808247,87.02283185840707,182.19146017699114
18506744365001362,True,106.0852361111111,128.7551944444444,126.97181944444444,73.32470833333333,134.83570833333334
18329987146232760,True,62.56873611111111,78.27427777777775,92.60066666666665,129.9572638888889,96.87031944444445
18067790522322056,True,22.54266666666667,25.17918055555555,34.78801388888889,98.21448611111111,39.888375
18124996921588319,True,108.90605809128627,128.52925311203322,140.7030428769018,76.0299723374827,141.77811894882436
18084544310347259,True,127.89852777777779,126.70893055555558,114.41020833333323,73.87698611111111,140.05095833333334
18124540063594168,True,94.93194074074076,131.35244444444453,141.12339259259252,105.2261037037037,147.12054814814815
18018187358781492,True,122.71087499999997,162.59554166666666,193.83204166666664,105.54091666666666,196.30306944444445
18057115139452841,True,141.2855833333333,159.72470833333333,155.9155,78.10694444444445,171.50702777777778
18515441908053836,True,150.92149999999995,138.2711805555555,127.95020833333322,84.24906944444444,161.38305555555556
18093315745793575,True,79.76036111111115,86.81670833333335,92.65483333333343,50.664875,95.34018055555556
18433481875069393,True,110.0546000000001,115.8742833333333,108.78085,121.61068333333333,131.5743
18043865669479019,True,132.39522613065327,123.2129983249581,81.50703517587935,115.64247906197654,133.8318592964824
18066969931805548,True,154.80737500000006,170.7694861111111,165.84372222222228,47.19752777777778,176.1018611111111
18049854283631100,True,149.9212,153.83864444444447,115.14319999999998,85.8147,167.54336666666666
17904713103298996,True,111.17193055555552,139.5970972222222,174.6583333333335,106.25265277777778,174.738125
17849141916141867,True,150.68201005025134,141.5234840871021,130.23698492462302,49.41520938023451,156.8510552763819
17920779720096157,True,57.49178333333333,69.89743333333332,87.43635000000006,128.26996666666668,94.806
18046148600486425,True,47.948933333333294,44.3509166666667,47.95039999999997,131.60361666666665,68.32446666666667
18033358144808046,True,157.2151423785595,171.14591289782257,188.10539363484094,49.15678391959799,188.12683417085427
18069287486388356,True,17.13837037037037,40.30660740740737,73.25125925925927,200.53484444444445,73.69573333333334
18272757928168069,True,57.978676716917946,93.22713567839199,104.17304857621438,139.06616415410386,106.8898324958124
18054773210391031,True,89.49373611111115,106.30609722222219,185.08459722222236,142.95616666666666,185.92608333333334
17990351720973881,True,102.5074583333333,114.09506944444439,132.2640416666667,75.12873611111111,136.39977777777779
18004905032345257,True,119.66438888888888,139.1908472222222,151.72813888888882,104.45148611111111,168.34608333333333
18015370481684140,True,69.89413735343386,98.94926298157459,107.67983249581245,115.59309882747068,113.0608040201005
18113108029813265,True,51.65261666666661,83.52461666666663,139.94363333333328,184.26555,139.94443333333334
18037393007541015,True,78.98323008849557,106.85237463126853,122.90545722713861,109.19256637168142,126.04131268436578
18289884796256959,True,140.94626220362622,152.60124128312404,164.88744769874475,63.84220362622036,168.18069735006972
18312472786278908,True,113.2537777777778,122.60302777777778,122.9669166666667,65.81334722222222,134.9624861111111
18085665512524069,True,167.50372222222217,189.63836111111112,208.2389861111113,62.44386111111111,210.26044444444443
18110163802859889,True,56.95485355648538,69.85839609483962,73.915829846583,86.21861924686192,75.29112970711297
18119145916522035,True,52.119152777777785,58.3343611111111,72.37391666666666,119.264875,76.9835138888889
17929128228043779,True,104.19649999999987,117.53745833333328,117.97761111111109,64.51573611111111,127.73426388888889
17992790972784072,True,142.5325138888889,146.80043055555555,160.93195833333326,43.17041666666667,161.75116666666668
18029225327667291,True,164.69134722222228,149.3260972222221,130.73277777777773,84.78625,173.90277777777777
18049045796353411,True,179.14779166666673,168.8506388888889,161.97709722222226,70.57259722222223,190.19944444444445
18048721430611048,True,115.5597638888889,122.77676388888894,111.79987500000006,71.93925,133.56268055555554
18025109093780223,True,101.08527407407409,83.12964444444444,81.27940740740739,89.84877037037037,109.32644444444445
18012314696554531,True,118.04894444444444,143.15861111111116,165.45761111111105,96.57028888888888,168.52843333333334
18059278013472270,True,78.88972222222225,101.6135833333333,124.19311111111121,128.53856944444445,130.58527777777778
17952646935129667,True,60.90722222222225,92.46634722222218,123.1401527777777,142.19715277777777,127.03405555555555
18013219064721705,True,69.88261111111113,85.90722222222217,101.80679166666665,113.928375,104.76425
18124914583597372,True,82.93904166666667,83.0695,84.24872222222226,58.96930555555556,93.9840138888889
17909609799157232,True,128.36073611111104,146.4379444444444,140.818486111111,43.05866666666667,147.62981944444445
18114549124626319,True,122.93587499999997,137.34526388888898,131.95868055555553,54.305458333333334,141.55401388888887
17943388509005301,True,103.97834722222228,135.07030555555562,157.61458333333346,133.4734861111111,175.99279166666668
18069632684239096,True,129.58438518518528,142.38324444444447,165.37691851851844,87.07931851851852,171.5285037037037
18040930676098074,True,93.40773611111118,65.73097222222228,49.52590277777778,171.698875,112.71244444444444
18063188585221272,True,84.06693055555553,159.9023194444445,147.5653194444444,145.86684722222222,165.145125
18018009332583079,True,129.58100000000005,118.819625,98.53866666666661,93.71819444444445,140.09670833333334
18104837428877359,True,64.83690370370374,83.20739259259265,107.6915555555555,139.99826666666667,109.07177777777778
18041692675847349,True,159.80748888888886,150.17537777777767,127.69972222222223,99.62023333333333,181.52357777777777
18099964429975705,True,101.16358630952385,120.28157738095237,140.45583333333335,91.99083333333333,142.2163095238095
17878019718291402,True,73.25831944444448,101.512,131.54955555555563,139.03030555555554,132.9040138888889
18003424451880597,True,101.33107391910747,84.50789400278939,81.37436541143649,126.86877266387727,116.61429567642956
17986201010961596,True,94.51094444444443,113.8801805555555,154.25047222222216,115.12036111111111,154.26970833333334
17991563507758477,True,122.25541111111107,121.38983333333337,163.20363333333333,125.66851111111112,174.44293333333334
18111581845531763,True,55.655319444444466,99.53529166666672,129.5921666666666,174.95288888888888,130.0615
17870212278372363,True,152.0244305555557,137.64923611111115,123.47247222222224,76.89111111111112,158.65390277777777
18085442149984868,True,106.01256296296295,125.49542222222226,138.76962962962978,101.14853333333333,149.08426666666668
18034274813492795,True,76.40220833333336,115.93097222222217,166.78009722222234,126.92743055555556,166.81355555555555
18100753510851390,True,51.67338888888889,73.5117916666667,106.90337500000004,134.62240277777778,107.03856944444445
18059668967170926,True,158.50030000000007,148.0056,129.0513888888889,87.57292222222222,171.39353333333332
18281009119278812,True,160.56233333333333,147.42005555555554,103.78963888888897,124.14013888888888,165.8854861111111
18086223688784438,True,45.48351666666665,74.57048333333333,80.00061666666655,123.7813,84.50053333333334
18064009151284688,True,32.85233333333333,38.29952777777778,49.1962083333333,122.121875,49.42583333333334
17870785473514213,True,187.00360317460328,149.11146031746046,119.51919047619042,98.7455873015873,187.07979365079365
18075300127508341,True,72.5577361111111,79.74636111111106,91.01398611111111,92.13140277777778,92.46115277777778
18246742588264938,True,84.50005000000002,120.64775000000006,146.96753333333334,122.73336666666667,150.57826666666668
18352282981239256,True,169.83281666666656,182.94024999999993,207.0937,53.53913333333333,207.13536666666667
17906398823966419,True,236.1315745393634,222.0547906197655,204.7228140703518,43.3600837520938,239.0218257956449
18432622165068975,True,168.63581944444437,159.5779999999999,145.89240277777782,50.67998611111111,171.142125
18057549559560632,True,125.78040277777772,150.1825833333333,165.30459722222218,78.81358333333333,166.3106388888889
17930535428961198,True,148.29417777777772,158.84965555555547,166.8257111111111,71.34798888888889,179.81444444444443
18064352047819368,True,149.20963333333333,138.15648888888893,113.15926666666671,108.24637777777778,163.8558111111111
18059998427444046,True,145.70737500000013,153.9971111111112,132.79756944444443,87.70684722222222,172.61958333333334
18297272446086533,True,144.79202222222224,143.01812222222208,139.99262222222222,54.380944444444445,154.41935555555557
18024293978360780,True,120.6431555555555,155.73863333333333,198.74688888888892,108.91612222222223,199.05776666666668
18019392590496349,True,137.78181944444435,148.04486111111103,124.36323611111116,83.126875,153.85611111111112
18253278811291482,True,142.2895555555556,138.16349999999997,120.89148611111113,59.18655555555556,150.2927361111111
18317621104127355,True,122.51281111111115,142.1499111111109,186.8903,106.67483333333334,190.7643111111111
17936333562156342,True,134.55068055555566,134.18987499999997,133.34365277777778,52.487944444444445,148.8452638888889
17910143568298816,True,124.60047777777783,128.66911111111116,105.5868888888889,108.42832222222222,143.59685555555555
18122963962574138,True,134.8187777777778,161.08533333333332,180.9471944444445,73.51084722222222,181.34583333333333
18140742409409348,True,88.6554166666666,59.98447222222217,153.8114027777779,180.5224861111111,161.96605555555556
17967574268847867,True,64.78394999999999,82.87928333333329,98.81253333333335,73.08476666666667,100.07405
18009365891241927,True,123.05162500000004,129.71661111111115,130.8392638888889,29.72613888888889,133.27729166666666
18059026148220114,True,180.68879166666662,157.75036111111115,148.482763888889,66.41401388888889,187.92675
18114621064713661,True,173.4589925925925,158.93045925925927,178.18177777777774,75.13074074074073,196.03237037037036
18299829919277687,True,109.58362500000008,135.13227777777786,174.20644444444443,107.77133333333333,174.28408333333334
17871272109405896,True,83.3113569321534,84.51737463126842,141.42815634218292,142.34061946902654,142.65126843657816
18034172399342277,True,115.01286111111115,127.03922222222214,141.0041111111111,65.39102777777778,143.10881944444444
18200127646289539,True,86.60358333333335,138.08198333333317,158.22324999999998,133.23285,159.31263333333334
18099790081768857,True,117.34781944444444,130.06473611111105,152.54556944444445,71.4120138888889,153.40243055555555
18116966290468632,True,86.36638888888888,101.87940277777771,117.59276388888888,89.08393055555555,121.61641666666667
18089480335786549,True,126.9622544951591,131.7738865836791,111.39146611341633,128.69964038727525,156.92132780082989
17886170475359731,True,142.23025,157.7136666666667,182.4182083333332,74.08540277777777,189.1798611111111
18073990780523249,True,158.07063333333332,171.1158,172.50965555555553,46.303533333333334,174.94223333333332
18387677023193528,True,68.47242063492064,76.22873015873024,89.29815476190477,74.66849206349207,91.61031746031746
17861680215362923,True,69.26002777777775,72.09591666666664,112.34459722222229,118.39734722222222,112.35465277777777
18400716817179057,True,189.022060857538,168.70626556016592,120.56966804979264,103.57605809128631,195.87923928077456
18070450697573276,True,230.63694444444454,143.71279166666676,102.58895833333332,144.10243055555554,230.64119444444444
18357280150186211,True,94.3314027777777,113.69933333333334,141.87758333333343,100.19780555555556,142.9309722222222
17917587303044214,True,123.20826666666663,132.63545000000008,155.8365833333334,91.17318333333333,162.9126
17933489784235675,True,138.8164722222222,132.0095416666667,87.31837500000002,112.72875,147.5932222222222
18091286735582823,True,104.1582291666666,119.88273809523814,136.71020833333333,86.10141369047619,139.7686755952381
18092146375688848,True,103.60430555555557,136.07099999999988,157.94819444444445,105.84825,158.79181944444446
17853119292375998,True,151.65815277777781,158.14879166666668,165.98144444444443,45.592375,173.1087638888889
17860233915092616,True,74.69997777777776,94.15181111111117,111.8174777777779,113.45683333333334,113.70451111111112
18093491338408622,True,68.5501333333334,80.29291666666666,91.62744999999997,81.79796666666667,95.17898333333333
17923064696966345,True,177.4937499999999,185.47570000000005,197.96231666666668,46.154583333333335,203.48655
18011401163892244,True,89.52871111111112,130.00968888888892,156.56871111111113,132.18485925925927,167.25733333333332
18089210875691615,True,119.43640277777777,112.11516666666672,108.02747222222227,83.238,131.77858333333333
17910271554335146,True,133.10434074074078,146.8010518518519,155.4133185185185,54.21308148148148,158.80962962962963
18023469695393318,True,69.9370833333333,78.74888888888889,70.63954166666667,53.46323611111111,81.16958333333334
18099130774791486,True,43.94764227642273,72.84798102981033,96.68447154471544,160.55731707317074,97.30284552845528
18210690898290733,True,106.92795555555554,142.77551111111103,188.6137222222223,116.70973333333333,188.65767777777776
17997579602643600,True,214.32736111111106,215.06897222222204,200.74504166666662,57.435375,230.9200277777778
18093226640159221,True,59.4186222222222,65.90471111111107,71.19414444444446,49.373466666666666,72.07015555555556
18058013414154087,True,144.19854166666664,151.7454166666667,152.43101388888897,26.508902777777777,154.71436111111112
17949604529696323,True,99.3921111111111,116.49801111111121,126.12222222222212,80.2025,130.77985555555554
18259786000295612,True,61.78194787379972,68.64305898491082,111.50840877914956,97.63713305898492,111.67813443072703
18082659080594615,True,130.15022222222217,144.74624999999997,158.91070833333347,51.656333333333336,158.94679166666666
18072190492479324,True,77.41118055555549,91.46647222222218,94.19354166666668,94.77804166666667,95.84159722222222
18061687718423875,True,121.7383703703704,132.0210074074074,126.80201481481488,72.98441481481481,141.3134962962963
17915316120214417,True,51.19910000000001,34.237166666666674,17.082849999999997,176.00611666666666,51.20876666666667
17904478412931701,True,56.55577777777775,71.5680555555556,84.6013472222222,109.87604166666667,85.89027777777778
17877951855446733,True,139.48308437067763,148.01121715076076,159.94836791147986,121.07134163208852,188.76354080221302
17915984784347284,True,134.51781944444434,163.42184722222225,158.21852777777767,83.85333333333334,173.73379166666666
18120556912448154,True,130.50950000000003,152.89177777777772,164.41440000000011,82.1417111111111,174.9761
18085476232570943,True,60.018875,97.68033333333332,108.4075000000001,142.10344444444445,116.58440277777778
18039539888147886,True,178.47227777777775,154.2592083333334,135.94309722222212,70.11002777777777,181.26343055555554
18045555841838741,True,148.25440536013397,165.57152428810738,153.9729313232831,64.7771189279732,174.17909547738694
17868559005198069,True,83.47356666666668,103.20633333333329,117.58357777777788,102.74268888888889,121.12795555555556
17980126922668472,True,131.2549748743719,117.66063651591293,103.8122110552764,110.77314907872697,148.4186432160804
17943909281939001,True,159.91696666666658,140.71697777777783,125.60242222222213,77.92736666666667,169.80835555555555
18089183347860617,True,55.03186111111111,75.63077777777784,81.7365138888889,117.09733333333334,87.16463888888889
17940764258900007,True,73.65756944444442,95.79318055555558,102.41115277777773,91.64394444444444,105.61320833333333
17889332850308258,True,137.10986111111114,130.5785416666667,109.5918194444445,92.91688888888889,152.40477777777778
18104976764490785,True,137.83211111111106,118.27668055555554,104.76279166666674,73.57440277777778,141.49555555555557
17946293142078750,True,124.38770833333328,135.1400972222223,158.01955555555557,80.37083333333334,165.57819444444445
17845310940674967,True,76.32469999999999,81.19649999999997,94.00901666666677,59.24335,94.6679
18003313136730160,True,133.56681944444443,138.92891666666665,147.603875,35.43080555555556,151.23829166666667
17895850926193785,True,168.09125,181.29366666666667,202.5567361111111,65.69751388888889,208.39738888888888
18049891252815573,True,112.1111222222222,97.28303333333328,76.25627777777778,123.05877777777778,123.67318888888889
18282671509278997,True,142.15029166666662,154.97372222222228,169.0796805555556,78.55344444444444,178.77080555555557
18341573182118848,True,101.2608888888888,120.97347222222223,130.58513888888893,122.07736111111112,147.28741666666667
18099031898295814,True,102.5916111111111,124.43924999999999,121.05320833333329,105.10859722222222,137.360875
18075195919814808,True,118.96023611111099,147.23319444444442,154.9017638888889,73.93408333333333,158.53279166666667
18057385523586175,True,93.16003333333333,100.16138333333333,113.15793333333332,72.16551666666666,118.16275
18075248363395708,True,161.2496111111112,141.1310277777777,126.1763055555556,78.74876388888889,171.3942638888889
18026740541583307,True,134.38808333333336,134.8694861111112,125.3400138888888,74.15501388888889,150.83970833333333
18514110061007510,True,169.18475000000007,153.5910138888889,93.9926527777777,133.1716111111111,183.045375
18069570578219415,True,50.140366666666736,61.02751666666669,76.75141666666666,86.72925,78.27415
17847051897577953,True,77.2945327754533,93.40062761506276,100.19235704323579,119.30476987447699,108.56510460251046
18090933526935943,True,154.32818055555543,169.42658333333327,186.83869444444446,56.55711111111111,187.0517638888889
18319780432255311,True,111.60545833333339,133.73437500000006,156.86445833333346,82.87454166666667,156.88002777777777
18081860081316803,True,90.00458333333333,121.97840277777776,112.37783333333324,118.49244444444444,127.70505555555556
17869541046457130,True,92.82015277777775,119.88459722222221,122.84306944444444,85.87994444444445,129.98290277777778
18063099583915483,True,47.644607407407406,77.78511111111108,110.35293333333328,162.7301925925926,129.21557037037036
18010628984301613,True,30.231133333333357,50.59583333333335,86.89837777777775,186.983,86.89871111111111
18041467283534848,True,158.67750000000004,149.0552222222222,117.7480555555556,108.78148611111111,173.3989861111111
18088616572955769,True,51.76331944444443,71.82143055555552,88.92233333333336,136.02904166666667,89.94031944444444
18000924044888974,True,52.848930555555576,79.2063472222222,116.81783333333334,179.26868055555556,120.07616666666667
18071563934365860,True,25.491597222222236,43.03866666666667,62.10231944444447,151.76629166666666,62.12211111111111
17944736865175323,True,167.65490277777755,189.37877777777774,190.69033333333337,46.12493055555556,196.97418055555556
18056091512559738,True,89.14308333333331,94.48630555555562,107.19404166666668,60.99868055555555,107.96283333333334
18384402955139816,True,101.47615000000005,136.85391666666666,179.8455333333333,117.17248333333333,180.797
17871900657476391,True,146.07058333333333,156.63313888888888,135.02748611111105,95.28519444444444,172.60809722222223
17893059654036150,True,181.97979166666673,176.48376388888892,175.3714583333335,34.961958333333335,186.22193055555556
18090148277000678,True,59.66048888888886,69.02681481481484,85.95725925925926,93.35002962962963,93.28979259259259
17983588109697066,True,103.7528472222222,120.6049861111111,131.91588888888882,106.99158333333334,145.30202777777777
18063034715105405,True,162.34967777777786,127.42685555555569,92.49120000000002,129.2357111111111,168.75783333333334
18112726126624215,True,184.53498333333337,172.96964999999983,149.61738333333332,65.94643333333333,184.88671666666667
18335075476171716,True,122.38651851851859,138.93140740740745,164.79509629629638,117.91666666666667,183.91745185185187
18053972236876135,True,202.8076944444443,205.28566666666657,196.39486111111117,48.80233333333333,216.62305555555557
17880043710516944,True,208.87462222222217,211.29925925925937,189.6829777777778,50.47038518518519,220.3262962962963
18245786665250918,True,123.13169444444434,140.82555555555552,152.67363888888883,79.77308333333333,153.8047777777778
18316512625213909,True,24.890266666666665,68.80405000000002,167.09446666666673,223.56185,169.01091666666667
17984048873710743,True,151.90313807531382,157.47479776847985,153.49570432357038,41.99998605299861,165.98772663877267
18036827524983357,True,118.3260416666667,122.50394444444439,133.7242916666667,88.45180555555555,138.86711111111111
18132788692446034,True,68.20423611111111,99.84670833333342,142.34155555555554,139.3693888888889,144.230875
18517728466042674,True,48.87880555555558,73.67175000000003,92.02372222222223,157.05372222222223,92.68331944444445
18061087880613420,True,161.99980555555564,167.65402777777777,166.12129166666682,46.23877777777778,175.339875
17903297748059227,True,109.85948888888886,103.94876666666678,154.1070888888889,107.88842222222222,154.61595555555556
18038531341921400,True,122.00386666666672,145.71188333333336,163.49466666666666,82.78205,164.35456666666667
18088530812475984,True,109.02626666666666,112.85697777777777,147.7704,113.18366666666667,164.84463333333332
18179040457372748,True,67.22251388888881,56.737444444444485,60.74962500000002,146.70179166666668,86.91131944444444
17993502212771105,True,59.948819444444446,83.69844444444439,101.56959722222223,130.07327777777778,103.19144444444444
18006502574553928,True,122.19046901172521,155.13360134003364,179.34139028475713,93.00130653266332,180.10269681742042
17877081906575295,True,153.86122222222227,156.51131944444452,155.92906944444456,51.246583333333334,165.10055555555556
18123143740722640,True,179.34500000000006,161.46720833333328,150.7735555555556,98.29011111111112,198.86494444444443
18358419364120227,True,144.57276388888897,134.3924444444445,234.10677777777786,121.73318055555555,234.2207361111111
18010364672386074,True,155.1404054054054,175.50503378378374,193.6223761261261,75.21182432432433,193.81938063063063
18070378735990681,True,94.1997083333333,102.70005555555552,110.31986111111107,78.44179166666666,115.64545833333334
18021664328690446,True,102.29247777777783,119.85539999999999,124.23674444444458,54.814,128.0119
18002673143525105,True,143.10920833333336,147.7242361111111,150.3265138888889,51.09177777777778,158.986125
18054231527391259,True,77.7534305555555,89.14379166666676,96.72830555555555,75.92966666666666,98.66669444444445
17857842282554850,True,91.82066666666674,101.66912500000002,111.0025416666666,59.48434722222222,111.47920833333333
17992918481950161,True,126.64569940476186,129.02498511904773,134.76895833333336,98.16581845238095,159.27549107142858
17999338943686273,True,171.09879166666664,166.00347222222211,143.71083333333326,51.109458333333336,173.36220833333334
18086860142136036,True,157.73861111111117,106.35388888888879,111.99170833333329,131.22109722222223,170.7721388888889
18033494128954683,True,119.1314027777778,125.68569444444445,135.72876388888898,100.22602777777777,153.44955555555555
18511309099056911,True,80.77962499999997,73.09036111111114,56.573111111111125,143.97447222222223,98.15648611111111
18126152395452126,True,125.8883472222223,124.95856944444449,117.1080416666667,85.46284722222222,142.89763888888888
18444709864066897,True,136.215728643216,145.45167504187611,123.93710217755431,97.41413735343383,157.1541541038526
18439456750116448,True,129.58438518518528,142.38324444444447,165.37691851851844,87.07931851851852,171.5285037037037
18051215887628159,True,160.83951576576564,183.23469594594584,206.15770270270278,66.00244369369369,209.0623873873874
18070493881853847,True,89.23931944444439,86.36454166666677,83.52470833333338,52.44558333333333,95.33736111111111
18017318750239516,True,82.93098333333324,107.73273333333333,136.76745000000003,111.91725,136.86876666666666
17964629681994319,True,41.37441666666667,47.82876666666667,118.56441666666656,182.50426666666667,119.10713333333334
18136331155348953,True,130.7930111111111,127.07576666666668,126.19817777777784,68.403,146.7095111111111
18027736417972799,True,69.20373779637377,86.65941422594139,98.43274755927474,110.78748953974896,98.44164574616457
18085070147083713,True,49.106385185185154,61.65899259259263,81.85311111111115,114.28322962962963,83.41045925925926
18090256337192878,True,173.99437777777766,184.273411111111,206.0784222222222,51.515166666666666,206.67723333333333
17945874045153478,True,99.20540277777785,125.29727777777788,131.3216111111111,76.29259722222223,138.29131944444444
18584963044003631,True,26.766472222222216,55.39511111111112,93.18070833333337,209.1389861111111,93.18326388888889
18035042794966115,True,47.085600000000035,58.75643333333335,86.03329999999997,132.06378333333333,86.73921666666666
18086527888934638,True,144.69020740740743,122.70640000000004,80.80743703703699,119.4525925925926,149.28494814814815
17950413771021215,True,88.62851388888892,112.39480555555558,135.1269444444445,97.48905555555555,135.22011111111112
18094534244035884,True,136.9370277777778,137.32919444444445,121.28547222222225,97.38008333333333,152.64029166666666
18562995919031764,True,74.27261666666662,51.72648333333334,57.10868333333331,111.56688333333334,80.01471666666667
18282280366270213,True,107.48426388888892,106.1193611111111,101.8395000000001,65.92956944444444,117.88386111111112
17893540950093730,True,87.66190954773863,111.58809045226128,152.9932998324959,116.61577889447236,153.0526800670017
18114502414637165,True,129.58438518518528,142.38324444444447,165.37691851851844,87.07931851851852,171.5285037037037
18145226053384547,True,110.42829166666671,129.80434722222222,120.13320833333337,103.792,150.49918055555557
17953168992046087,True,57.76551666666665,92.56441666666672,119.42256666666673,161.17488333333333,122.40328333333333
17846367813696730,True,97.60954166666674,104.72200000000002,121.19920833333332,57.95498611111111,123.52116666666667
18064823792384453,True,93.21723611111109,117.85924999999996,142.18588888888885,117.83904166666666,148.0016388888889
18214096210309713,True,61.59029166666669,75.94359722222228,90.14345833333341,86.59118055555555,91.52209722222223
18200062762322431,True,145.979808259587,154.9553982300885,212.75876106194687,88.06502949852508,213.0167256637168
17945603444802578,True,104.50241111111117,137.58553333333344,165.6091666666668,110.07792222222223,169.43092222222222
17923567160933415,True,41.721999999999994,71.9191111111111,88.46115555555552,183.80216666666666,103.64881111111112
17883948396305085,True,119.67713888888893,139.16193055555559,176.50577777777778,111.74926388888889,183.10866666666666
18094941163709545,True,141.1899583333333,146.69116666666665,140.36013888888894,69.97251388888888,162.30140277777778
18080731349631531,True,175.51584444444444,189.36592222222222,198.9208333333333,38.059688888888886,199.2022111111111
18057619535405154,True,137.88918055555564,157.20472222222213,156.5404583333332,92.50922222222222,176.85680555555555
17933053415819180,True,73.01612222222221,101.4647,100.95967777777774,102.89656666666667,107.27318888888888
18096241141586619,True,67.69756666666659,101.08271666666674,123.59171666666658,134.2957,125.86145
18074410186881396,True,27.080000000000002,34.85598333333334,46.44333333333333,69.08071666666666,46.540733333333336
18024981737744648,True,8.451288888888891,10.970044444444438,12.785366666666665,19.45137777777778,12.8223
18061080272024584,True,132.66215767634853,139.9326970954357,129.33150760719218,73.12803596127247,154.94871369294606
17958407570914412,True,118.04211111111118,127.05397222222216,144.46238888888894,60.75111111111111,145.07445833333333
18011930957132648,True,142.17109722222222,169.6953888888887,162.4804861111111,82.56729166666666,183.82981944444444
18024127958655275,True,98.88858333333332,119.70620833333324,150.80008333333345,97.96111111111111,150.91140277777777
17909411220171909,True,57.87702777777782,67.33143055555557,77.17399999999999,39.26070833333333,78.74204166666667
18100775764997531,True,133.68156944444445,146.31594444444443,171.62190277777788,79.06225,177.414
18335533888143093,True,161.40212499999998,199.4358333333334,190.38263888888892,96.07075,212.62279166666667
17882234640470335,True,150.58248888888895,142.2358518518518,135.3849333333333,39.63980740740741,156.08685925925926
18023406731457378,True,18.95398611111111,44.205416666666665,103.3197916666667,219.51541666666665,103.32477777777778
18101496610436180,True,196.36514444444447,169.57077777777786,212.23370000000003,60.28911111111111,217.7502111111111
17899121127042099,True,128.1173444444446,182.03719999999996,223.90537777777786,114.66872222222223,224.71882222222223
17879625567268093,True,120.821237458194,132.44028985507248,118.24442586399103,110.10780379041249,151.51301003344483
18140547079450686,True,158.92618055555556,182.84691666666671,183.75743055555566,71.10030555555555,201.29343055555555
18280239820284895,True,4.960999999999994,13.609500000000004,32.253486111111116,211.71951388888888,32.70393055555556
18039927401363349,True,111.25381111111103,130.20781111111114,146.12709999999996,95.21454444444444,150.03202222222222
18039701125943291,True,153.62966666666676,133.42571111111118,91.39145555555557,117.54567777777778,161.33605555555556
18094766063053886,True,125.3437361111111,134.43759722222228,137.59059722222224,45.89072222222222,144.27956944444443
18089309357278773,True,211.63479166666656,181.81986111111118,126.10384722222214,99.82047222222222,213.19766666666666
17936102472215159,True,163.12769874476976,175.6736959553696,184.10365411436533,42.65019525801952,187.16117154811715
17859945420437276,True,127.50338888888889,161.08620833333333,174.94450000000003,82.49031944444444,178.08936111111112
17867608791530670,True,88.33491666666662,79.03148611111115,67.69480555555559,140.05455555555557,102.27690277777778
18040610153160517,True,118.28444444444446,144.2930138888889,166.88405555555548,95.92843055555555,166.91154166666666
17877304359233740,True,96.6486583679115,120.09737206085752,152.67705394190875,89.16529737206086,158.1140110650069
18004666424720941,True,170.0423194444446,168.72218055555558,167.1834444444444,36.980402777777776,178.13258333333334
18057422852545627,True,120.31775000000002,126.82094444444445,142.03912499999996,63.31201388888889,146.7872361111111
18025574543011985,True,115.27473333333336,157.32572222222237,173.4539333333334,95.39045555555556,175.57237777777777
17922354105287554,True,92.10818055555559,126.75452777777781,125.17016666666677,101.29309722222222,132.92129166666666
17868949455510736,True,144.23941666666659,145.77268055555552,143.91179166666672,57.99480555555556,151.68875
18052327349355052,True,83.07521481481486,108.08007407407398,127.61779259259256,107.50223703703703,130.55776296296295
18346908958146914,True,71.90570833333332,87.60288888888886,102.45588888888888,90.20059722222223,104.97873611111112
18031132997355590,True,83.88259722222226,138.77020833333327,178.37879166666661,153.80552777777777,181.18481944444446
18027233843542825,True,117.14437499999998,103.13694444444455,105.22769444444454,105.67023611111111,127.09416666666667
18053653052358983,True,159.152388888889,135.13416666666657,114.09310000000008,92.59363333333333,168.5056888888889
18070462631289426,True,121.69043055555558,129.40924999999996,138.5212916666667,93.04254166666666,155.14680555555555
18021438979923079,True,114.31372222222225,116.39823333333338,83.33774444444452,156.3099,142.04634444444446
18080435930213023,True,128.93211851851856,157.78731851851853,182.12964444444452,80.92065185185186,183.43435555555556
18069221957226432,True,138.2354074074073,149.22429629629633,148.5271407407407,116.20762962962964,184.79382222222222
18408525925182377,True,89.14527407407405,109.63709629629633,123.75303703703696,79.5678962962963,128.15108148148147
17904624693242707,True,62.722002801120425,92.93009803921565,103.40712885154062,88.43703081232493,105.90179271708683
18019792535764640,True,140.77856944444449,121.2452361111111,140.542375,149.54709722222222,196.27061111111112
18095703451572045,True,21.638750000000005,32.657847222222216,74.52859722222223,217.06472222222223,76.71184722222222
18450294928097387,True,60.97519444444445,107.56602777777786,152.55915277777785,167.0296111111111,153.28502777777777
17956934598056591,True,81.44512499999996,101.72431944444446,131.00230555555555,118.15679166666666,132.6340972222222
18020763965813784,True,173.78356944444434,159.9640555555556,155.2013472222223,109.85258333333333,209.1893472222222
18024464579222705,True,187.26116666666658,196.14909722222234,204.5432777777776,36.95630555555555,207.10776388888888
17999798690635050,True,139.78790619765485,160.25412060301502,150.36544388609715,67.22614740368509,165.79988274706866
18489992545052562,True,108.80368055555556,141.15495833333335,145.15334722222215,77.51994444444445,146.7033888888889
18034335532930026,True,45.014673366834174,57.991122278056935,79.69085427135678,107.48760469011725,80.64624790619766
17948703702152349,True,146.90573746312683,174.78339233038344,175.15085545722712,64.53383480825958,184.86600294985251
18132636688323025,True,104.46403061224491,56.34079931972785,54.173078231292486,157.28017006802722,104.85700680272109
17869545105050607,True,122.46328333333327,142.1763499999999,171.39326666666668,84.5832,171.39358333333334
18416051224132696,True,54.42231666666664,78.19981666666665,102.36191666666667,133.6806,102.9713
18025879502486789,True,154.0620694444444,172.77359722222212,167.40713888888885,58.82822222222222,177.76751388888889
17974355708621772,True,132.5614333333333,153.06413333333325,185.39494444444443,87.21963333333333,187.10165555555557
17905445190221103,True,70.77359722222224,106.10136111111102,101.37816666666673,111.47593055555555,109.99977777777778
17871011010232229,True,97.23257777777776,112.54846666666674,138.44467777777763,88.76015555555556,138.69348888888888
17853168477571602,True,196.09165277777782,146.65197222222216,78.47593055555559,170.37720833333333,206.17045833333333
17997315995415009,True,141.1611222780569,149.46777219430484,162.0119430485762,39.42462311557789,162.4480904522613
18119309854537752,True,80.86827777777772,88.4559444444445,95.3425416666667,50.32340277777778,98.20711111111112
18124024897520974,True,135.57526666666655,184.6884999999999,223.5407833333334,103.57906666666666,223.58465
18044762966755704,True,155.19093055555555,164.35004166666664,184.3506944444444,64.00375,188.44438888888888
18112054882699263,True,128.14813888888884,165.93638888888893,202.51773611111108,102.92006944444445,202.51884722222223
17911007895030368,True,104.18913888888888,101.56684722222228,100.29604166666655,40.106319444444445,106.922125
18096618524137366,True,115.6744555555555,144.48733333333337,173.7023888888889,101.04442222222222,178.69633333333334
18228614248251365,True,180.2503407407407,151.70509629629626,119.54050370370379,90.06268148148148,182.66106666666667
18122836036534287,True,39.80733333333337,85.48521666666666,128.37579999999988,174.232,128.60948333333334
18011072246583432,True,55.42611111111111,83.88891666666659,111.05411111111121,127.5507638888889,111.05411111111111
18305730988234902,True,128.83947222222227,115.7433888888889,115.22493055555564,128.9684861111111,160.5651388888889
17959379288939903,True,177.99680059523817,178.0113839285713,225.76623511904754,72.47372023809524,225.9685863095238
17887175313372895,True,224.82656378600828,236.32325102880657,225.7761934156377,27.07156378600823,242.84695473251028
18060504047620843,True,224.29550000000012,171.0077222222223,105.72445833333336,136.36104166666667,224.55265277777778
18037091779804856,True,50.59132222222221,67.91823333333332,89.33445555555551,135.2316,91.11705555555555
18037999607062848,True,172.70241666666672,168.32329999999996,122.77060000000004,127.07785,193.41571666666667
18058162916459144,True,33.77564444444447,63.2345333333333,83.61438518518517,142.1817037037037,85.24634074074073
18108520180663325,True,176.63929166666674,75.95230555555557,47.18522222222218,192.35118055555554,178.10868055555557
18247486066251439,True,185.6699222222222,216.15473333333327,167.72221111111097,83.82047777777778,216.21525555555556
17923200024210801,True,111.87848611111116,128.13227777777774,150.05277777777775,97.15138888888889,157.20923611111112
18038014907746192,True,101.48451388888891,119.82390277777777,136.57520833333325,107.66291666666666,138.88222222222223
18373807228108767,True,148.04366666666672,169.04796666666667,119.8413222222223,118.59595555555556,179.39561111111112
18118262770541857,True,107.02755555555564,123.86724444444441,152.2673222222222,86.93228888888889,153.74044444444445
18118727449447963,True,113.57128318584076,134.28967551622424,132.66516224188794,75.77066371681416,145.27266961651918
18064163689953407,True,87.46944444444443,108.95154166666664,129.58326388888895,90.504625,130.06801388888888
18151694800326781,True,158.61763888888893,155.3483333333334,160.93,89.23448611111111,184.97230555555555
18205405117327468,True,158.41634722222216,149.35355555555563,212.24243055555556,111.06030555555556,225.6545277777778
18009029534197216,True,154.97579999999988,152.43083333333337,145.03747777777772,85.02031111111111,177.53404444444445
18044160733913175,True,111.35003333333324,129.29755555555568,150.8847111111112,102.58395555555556,159.09124444444444
18165691318354387,True,81.20830555555558,99.90234722222225,110.70181944444448,83.80475,115.417625
18087800891594896,True,92.30016666666666,92.168625,82.92416666666664,81.674125,102.40822222222222
17882573112329325,True,47.20615044247788,51.17194690265489,61.643672566371706,95.64026548672567,71.67153392330384
18105065749902104,True,107.21739669421487,122.72599173553722,144.77462809917355,79.63440771349862,145.23035812672177
18044113379765683,True,95.90180740740742,121.51429629629628,139.93955555555556,103.17884444444445,144.48786666666666
17893857540015501,True,50.812233333333346,52.352666666666686,67.49855000000002,175.83683333333335,92.7761
18101758583483607,True,103.51428172942819,119.59125523012547,141.38504881450484,72.77627615062761,141.96718270571827
17891495001243497,True,180.8644166666666,158.46455555555556,123.0268888888889,98.00254166666667,186.40590277777778
17854000023563269,True,154.51122962962972,159.26580740740735,142.96199999999996,49.0738962962963,159.90758518518518
17943558426012281,True,132.85316666666665,134.1124583333333,63.17555555555551,161.93841666666665,148.66716666666667
18088299695193850,True,93.26690370370372,93.25811851851849,106.16493333333328,97.83432592592592,117.18965925925926
18164416129308825,True,214.83396666666675,185.4146666666666,114.78944444444436,128.27764444444443,220.20477777777776
18041302589153237,True,47.08130013831261,61.81504840940522,99.09896265560165,140.64647302904564,99.38567081604425
18201229738340030,True,162.1450277777778,127.03124999999991,111.10074999999993,111.36052777777778,163.3378888888889
18151881751389534,True,109.62454166666663,61.96797222222224,59.848555555555535,139.69869444444444,113.96402777777777
17845265337274862,True,95.79417508417512,110.35045454545451,126.8549494949495,105.56333333333333,136.62087542087542
18151737526314814,True,164.99136111111093,158.88127777777794,131.01787499999995,119.95368055555555,191.75344444444445
18054339970765784,True,178.80675000000008,190.08506944444443,183.80952777777782,37.821375,193.75077777777778
17890584894224912,True,44.35544444444442,46.28340277777776,53.02102777777774,194.86745833333333,79.99259722222222
18074108105319454,True,49.85346666666668,59.88269999999997,79.06823333333328,102.08851666666666,81.44651666666667
17893910493243408,True,125.64972222222227,138.75503333333327,190.27097777777772,112.10551111111111,194.81944444444446
18339598528149448,True,19.22758333333333,18.472616666666674,104.30573333333331,232.47443333333334,104.36038333333333
18065145371148954,True,150.29420833333344,150.44668055555562,120.54102777777778,125.46097222222222,178.87333333333333
18093235877325813,True,169.8846444444445,187.38773333333341,216.1375777777777,66.5124,216.18578888888888
17960949995991348,True,92.82634999999998,99.4061166666666,125.9680333333333,102.77805,127.5529
18069549470067614,True,92.59723611111112,84.91219444444451,154.10677777777775,134.4602361111111,154.10852777777777
18087156749583193,True,120.09260663507114,125.43127962085305,125.76661927330171,48.507977883096366,129.39761453396525
18189313774370173,True,92.1733037037037,114.13537777777783,152.0908148148148,106.23346666666667,152.0990962962963
18309556861149787,True,130.40176388888892,144.8690277777778,166.68925000000002,70.014375,166.84934722222224
17955649439970686,True,35.25466666666667,42.95158333333332,27.082444444444437,149.98227777777777,50.085625
18261680758250473,True,161.43132222222224,183.37903333333338,191.97740000000002,52.87595555555556,194.24075555555555
18128009152530720,True,98.03048611111106,99.53954166666661,98.55983333333327,58.46348611111111,103.863375
18470482936010503,True,27.663333333333334,75.26615491009687,118.48033195020747,206.1071092669433,118.49038727524204
18044741003164564,True,128.32098611111124,153.9187361111111,163.25019444444447,60.24816666666667,164.07527777777779
18102598285686130,True,76.27700000000003,79.54237500000002,92.97451388888886,160.16318055555556,112.1806388888889
18097506484869358,True,80.94001388888886,134.25622222222225,194.30479166666672,149.19166666666666,195.06893055555557
17962726635006145,True,128.83493333333337,129.3456111111111,98.52922222222216,116.22342222222223,146.24736666666666
18079174706266028,True,101.19158730158733,118.26097222222226,138.67369047619036,85.20914682539683,139.27974206349205
18021412358395414,True,120.793625,128.182375,123.7993888888889,54.829875,134.45329166666667
18336914779169721,True,79.24909722222229,78.35163888888891,81.99691666666668,56.06433333333333,88.36904166666666
18018774890544337,True,174.76577889447242,182.13700167504197,189.2022948073702,32.61286432160804,193.01430485762145
18033520136045238,True,135.67121481481482,156.55170370370377,168.4880444444444,62.401525925925924,171.10562962962962
17863662750094341,True,140.03045925925935,141.42514074074074,137.78998518518526,82.02122962962963,165.01497777777777
18063931436265995,True,6.081570370370368,8.486740740740736,53.247614814814824,223.16054814814814,53.30445925925926
18070099357801867,True,105.50670833333326,126.85962500000007,148.144375,89.85705555555556,154.35770833333333
18063255821509495,True,114.48571026722927,124.20485232067516,128.54090014064695,42.538635724331925,132.4387341772152
18047619541739670,True,158.3694387170676,116.25481099656359,73.3589461626575,147.84816723940435,162.4916609392898
17860742775545703,True,190.71274999999994,210.31293055555562,191.53518055555566,32.20666666666666,210.6508472222222
17893576242078999,True,43.54562499999999,84.45491666666668,59.74070833333334,155.16813888888888,85.2244861111111
18039738193987292,True,67.93772222222223,99.47634722222224,127.48240277777771,137.06469444444446,129.0967361111111
18018843935758607,True,88.72761666666669,93.20245000000001,89.35500000000002,28.86225,94.48318333333333
17861172747325756,True,108.01879166666664,92.3111666666667,66.56469444444444,143.96645833333332,115.77309722222222
18174708205307900,True,106.72611111111114,110.68937777777772,113.32009999999997,34.69316666666667,116.53732222222222
17929891604864253,True,127.0107259259259,140.58370370370378,154.8352,80.07691851851853,165.61325925925925
18450967999008539,True,36.37135000000001,63.737783333333375,105.78711666666672,180.45591666666667,106.26996666666666
17927031900157869,True,39.34956944444447,40.27661111111112,104.28113888888882,157.38868055555557,104.35455555555555
17996029793948094,True,125.36030555555553,96.52001388888885,90.2148194444445,125.28019444444445,141.8022638888889
18550739467026260,True,93.84183333333338,54.88265277777777,74.09847222222217,171.52456944444444,122.16463888888889
18036557798101431,True,141.82500000000002,162.50162500000005,159.64699999999993,97.31647222222222,185.8762638888889
18069221332666015,True,177.25629999999992,180.78781111111124,182.9893333333334,25.839088888888888,188.59002222222222
18050497622719343,True,127.0719999999999,138.01620833333345,149.50994444444441,110.4317361111111,168.03022222222222
17921839377015583,True,141.22724999999988,148.98844444444447,159.70966666666658,62.2445,167.54983333333334
17851888449240532,True,102.7956166666666,104.66965000000005,163.69578333333337,112.58595,166.70575
18449900593114799,True,136.7831777777778,128.58098888888887,141.47115555555544,88.08214444444444,159.9523111111111
17875788696469101,True,113.82895397489533,122.44854951185494,177.63336122733617,108.34121338912134,178.40008368200836
18141308593471061,True,33.972599999999964,44.46471666666664,57.86178333333334,145.00261666666665,58.8517
17994216659727395,True,99.2113055555556,67.44075000000004,50.40306944444446,130.12940277777778,99.25551388888888
17982537656853465,True,143.5187361111111,109.78408333333324,128.08044444444445,80.130125,148.43408333333332
18427950514186154,True,75.88604166666666,101.24938988095232,124.83205357142869,120.04666666666667,127.10739583333333
18048038710751569,True,176.52170854271353,173.91688442211057,181.74251256281414,56.69053601340033,194.88398659966498
17928672636261216,True,103.3999722222223,127.59886111111115,160.55488888888877,104.548625,163.92091666666667
17867666664444814,True,56.75051622418877,81.2120648967552,109.08827433628308,160.56101769911504,110.1076401179941
18050281463072926,True,61.13195555555558,72.05110000000006,78.46995555555556,78.17605555555555,82.55895555555556
17846596173445649,True,76.38045833333335,108.15068055555552,127.04606944444443,116.12573611111111,127.13805555555555
17868588576448246,True,191.90447407407402,190.22890370370365,163.34185185185177,42.67075555555556,194.3236
18032441876770987,True,89.86506666666665,92.09373333333328,98.05381666666659,110.76408333333333,114.81185
17880464100193692,True,72.74293055555559,108.51706944444446,104.38056944444439,115.03852777777777,120.24956944444445
18096119701584020,True,173.70543055555552,175.02513888888873,170.2738194444445,70.09506944444445,194.32359722222222
18058728583683181,True,113.12425555555568,120.53469999999996,94.34957777777782,116.04777777777778,137.76713333333333
17914891677104881,True,178.83158333333333,182.37368055555558,186.15852777777772,54.065666666666665,201.50005555555555
18041756078175518,True,83.23220833333329,100.54509722222222,120.92577777777772,114.91852777777778,124.20431944444445
18079545470455177,True,173.76468055555551,136.40697222222224,101.52859722222227,131.40616666666668,179.20077777777777
18390630679144583,True,142.33832592592594,137.57645925925922,126.23644444444439,93.92345185185185,163.96327407407406
18288481705274885,True,79.91178888888889,83.21190000000011,103.41937777777773,96.63077777777778,106.00843333333333
18086029075890439,True,153.00956944444445,128.34327777777776,110.53461111111105,75.42988888888888,153.39872222222223
17872655367387903,True,116.26131944444448,124.44287500000003,151.2654583333333,108.58144444444444,163.0265
18017858954333000,True,88.16045634920634,104.36192460317456,120.4850595238096,95.81553571428572,126.99492063492063
18104782220506377,True,108.44474999999997,128.2792638888888,155.34490277777775,95.25470833333334,158.68308333333334
18045395944942621,True,119.85283333333335,135.16432222222227,164.25885555555564,87.87887777777777,167.52017777777777
17982840585002982,True,111.48337777777776,113.64345185185192,123.37936296296297,53.5541037037037,128.2306962962963
18167220961325314,True,98.71537500000001,105.12184722222216,68.921125,133.15033333333332,113.11438888888888
18074269405820183,True,92.78074999999994,118.65876388888893,122.86565277777783,69.393125,126.30522222222223
17996138102346843,True,107.99732323232324,138.42170033670038,127.7456228956229,106.68649831649832,148.1194781144781
18287084056174555,True,103.84438888888893,126.96147222222224,142.88938888888885,109.94941666666666,147.79301388888888
18138138463519553,True,190.8190222222223,198.27572222222236,223.6918000000001,50.1412,223.69982222222222
17884849071481648,True,63.7363851851852,106.22699259259264,147.71918518518527,133.00564444444444,147.84973333333335
18088528681661836,True,202.68372222222214,236.27106944444446,241.1545972222223,45.98576388888889,243.50352777777778
18061344377102580,True,70.65173611111109,91.47631944444448,125.27766666666672,149.35190277777778,135.25551388888888
18044684161772589,True,160.44556944444443,153.6584999999999,135.0358333333334,104.42197222222222,187.43958333333333
18057943625305613,True,38.60675000000003,38.05709999999997,83.40733333333331,180.49711666666667,83.78113333333333
18334857034223834,True,76.55738888888887,98.99859722222223,115.18465277777774,93.25279166666667,119.66369444444445
18040630313013379,True,58.91227777777779,74.28836111111107,102.32905555555558,144.26869444444444,104.91413888888889
17950627400931946,True,112.66411111111105,119.1090416666667,132.20580555555554,61.775375,136.66475
18003562274387061,True,157.48069999999998,166.03724999999994,173.78283333333323,45.25935,179.82265
18306747997165155,True,88.63895555555555,116.48441111111116,149.49868888888878,126.68177777777778,149.8765
18058920518507834,True,137.1689279731994,162.64849246231174,184.89793969849254,72.56152428810721,185.91422110552764
18061549025551507,True,80.53681944444439,97.33515277777776,118.28840277777778,124.02854166666667,124.00459722222222
18549320263067393,True,164.3357361111112,192.07375000000008,214.71930555555548,75.34095833333333,215.47076388888888
18057213848445003,True,105.65269177126925,121.43223152022314,117.96015341701535,48.164114365411436,124.6928870292887
18555296899064987,True,127.3468444444445,141.06069629629627,148.0939999999999,67.67927407407407,155.86065185185186
17914876878055580,True,38.67816666666669,56.05555555555554,69.23736111111111,163.17651388888888,77.37466666666667
18027650435118641,True,132.25801388888885,121.58980555555554,112.81019444444446,68.38781944444445,139.76159722222224
18031938704374363,True,111.99167369901545,132.60196905766523,132.15243319268632,88.24976090014064,139.97708860759494
17994911411682813,True,159.72597989949753,137.70882747068686,107.80539363484088,97.00375209380235,165.55045226130653
18032214020703639,True,154.93887500000008,136.34329166666666,116.77281944444445,101.8614861111111,169.068
18388578034144539,True,117.94888888888887,100.25072222222225,101.07022222222228,149.2217777777778,151.45184722222223
17936868155865304,True,110.06181944444447,131.32181944444443,147.61506944444443,76.65616666666666,147.94125
18002481884751427,True,88.0350488145049,95.1117573221758,103.69068340306836,85.15813110181311,112.6929009762901
17860825005582136,True,226.40801388888883,141.1842499999999,100.37954166666674,148.94991666666667,229.73870833333334
18059018180442441,True,107.28380555555556,111.9792916666667,121.59447222222221,45.399125,121.880875
17870810850608144,True,134.54504648074365,149.3450996015936,160.71277556440913,53.51128818061089,161.7231341301461
17854701555608748,True,108.57509629629628,91.29551111111114,77.98943703703706,90.04808888888888,113.9404888888889
18109241173436641,True,143.84294444444433,141.80873611111102,136.86479166666658,33.02695833333333,149.93534722222222
18023568923451816,True,150.6334222222222,124.62807777777782,74.19734444444441,150.47476666666665,163.17195555555554
18028196791816353,True,142.90988888888893,143.73527777777787,126.44465277777785,78.19881944444444,156.6520277777778
18036262847761348,True,88.59579166666666,116.60150000000006,145.24184722222228,116.5065,147.78856944444445
17848466370543951,True,29.637472222222225,34.30345833333334,72.7238888888889,200.83741666666666,80.14859722222222
18011146670623545,True,139.366582914573,132.24864321608038,118.32912897822445,94.17252931323283,155.29608040201006
17843297061569290,True,109.10059722222218,108.02452777777778,109.05559722222218,69.78833333333333,121.59556944444445
18062744905948964,True,62.18519444444443,87.16259722222227,114.05470833333334,103.58209722222222,116.49797222222222
18057600350052846,True,152.23544999999996,169.80813333333333,185.82948333333343,52.356233333333336,187.47288333333333
18175864237385957,True,149.2926666666667,176.05998333333324,180.8110999999998,57.84985,187.40256666666667
18039824323832620,True,124.56311111111111,140.9637916666667,140.97472222222234,66.4768888888889,148.44552777777778
18077449942817642,True,152.39257575757566,160.66325068870503,166.12370523415987,43.3768870523416,172.69055096418734
18024222620701902,True,68.62715277777777,83.17256944444446,92.66276388888882,95.68134722222223,96.27152777777778
18018454484546976,True,89.05622418879055,128.87361356932146,150.53517699115042,126.21924778761061,151.20973451327433
18060333784787608,True,80.50354166666666,81.81566666666667,84.84530555555554,40.344055555555556,89.94318055555556
18384304015141423,True,84.75408333333336,120.77043055555556,175.63744444444464,139.9597222222222,177.86669444444445
17903492006967061,True,173.8386777777778,185.16484444444447,190.54751111111108,34.84885555555555,194.17142222222222
17868405552127966,True,155.84861111111098,159.33198611111123,128.53437499999995,96.22247222222222,176.55179166666667
18064839917078832,True,51.42837499999999,81.70643055555556,122.66333333333331,155.03827777777778,123.17575
18068750929748326,True,131.13986666666668,139.62216666666666,148.03245,73.75763333333333,164.0422
18002406140688411,True,154.3928472222223,155.44440277777784,143.7130416666666,48.38838888888889,164.81705555555556
18282185380269884,True,159.041388888889,150.67944444444436,123.07286111111115,106.63219444444445,178.56327777777778
17889430161433264,True,82.44879166666668,84.24400000000004,95.99299999999995,116.15515277777777,112.37786111111112
18028644569262784,True,102.81449999999995,133.9068833333332,164.69795,119.16998333333333,169.34723333333332
17852899569548902,True,172.538763888889,173.7748888888889,176.59933333333336,63.99784722222222,193.203625
17871345696099307,True,118.34283333333333,130.5860666666667,142.48155000000003,62.18728333333333,146.18846666666667
18036109217114844,True,109.90150000000004,142.49404444444446,114.79289999999999,119.90417777777778,149.73605555555557
18092726968655294,True,134.93262500000003,136.42590277777774,117.29456944444448,61.65473611111111,140.62047222222222
18010575272701957,True,61.550194444444394,87.24122222222222,109.66887500000001,143.44245833333332,112.57505555555555
18021369527454784,True,82.30766666666665,112.58872222222219,151.20408333333336,125.50261111111111,151.33759722222223
17986153655807904,True,131.84464769647698,161.43531165311663,194.01444444444445,87.04613821138211,194.19864498644986
17906099811185085,True,139.09636111111104,159.35609722222216,179.32162499999993,72.18180555555556,180.7648888888889
18061057853247310,True,83.57455555555558,87.57858333333337,112.21795833333337,127.62831944444444,113.43477777777778
18131563006556088,True,119.94044444444438,123.41319444444449,146.49590277777781,73.84020833333334,152.920125
17882916375106268,True,175.8613611111113,158.99151388888902,146.48066666666676,61.13963888888889,182.15083333333334
18060760406651933,True,87.93554166666668,121.6005972222223,139.44637500000005,115.50788888888889,148.72245833333332
18305125075150235,True,125.8472666666667,150.75266666666676,174.82154999999995,92.42895,179.22413333333333
18149074585452403,True,122.05625000000008,143.39752777777773,160.10444444444445,85.22534722222223,165.76793055555555
18465342226016262,True,114.08470000000001,118.46161666666671,127.48754999999993,61.17326666666666,133.81298333333334
18093443980923728,True,160.7206276150628,141.763249651325,114.59397489539754,135.48542538354255,186.2233612273361
18086245325013581,True,97.23584722222223,128.41512500000005,165.2269305555556,118.42508333333333,165.62148611111112
17985729242640511,True,95.804274952919,127.86348399246701,94.70822975517899,122.11785310734463,129.81500941619586
17977569887724215,True,127.52069444444446,101.1242083333334,107.51337500000004,109.95363888888889,135.56604166666668
18044760902252843,True,139.56494444444445,180.43968055555553,194.36005555555556,91.97256944444445,203.47406944444444
17915523660140672,True,198.04511111111117,179.36406944444462,160.10488888888895,52.689819444444446,198.44486111111112
18166397329362161,True,51.767500000000005,59.725999999999964,71.61625,86.8287,76.1356
18077528441635356,True,119.44330555555547,153.61891666666665,189.62275000000002,106.45820833333333,192.17675
17882343006352455,True,23.480277777777776,24.907597222222233,56.933486111111094,167.68666666666667,57.18022222222222
18042164993370681,True,133.2666111111112,155.20308333333347,144.95909722222217,65.07990277777778,161.775
18104234701586727,True,95.80971851851852,112.34419259259262,113.2451111111111,63.9412,117.89394074074075
18073351156914627,True,141.24011111111108,75.45432222222226,15.25798888888889,231.00115555555556,141.25598888888888
18033484189820431,True,124.24096666666665,117.82716666666657,117.4422888888888,138.85936666666666,151.51162222222223
18031407173353349,True,84.75125000000001,93.35326666666668,97.80266666666664,101.20536666666666,110.18418333333334
17968928604012584,True,93.13026388888885,81.25787500000003,85.03019444444449,89.09572222222222,101.96695833333334
18489380383013400,True,97.62245555555558,139.3051111111111,184.5999,131.24921111111112,184.81934444444445
18172152844330291,True,178.56726388888902,190.60643055555536,194.5236388888889,37.74879166666667,199.41995833333334
18078013934530757,True,70.74999999999996,90.04417777777783,108.25684444444443,110.83728888888889,111.04564444444445
18028620152564546,True,76.36874999999996,94.56930555555552,116.66066666666667,112.22925,116.77077777777778
17859177825594483,True,103.22873611111108,88.441875,69.30874999999999,114.33020833333333,114.07043055555556
18042253844266826,True,147.75645833333328,146.29976388888892,155.25977777777774,31.430333333333333,158.68998611111112
18104155135739236,True,215.22093055555558,170.14506944444443,117.42448611111116,118.88027777777778,215.24879166666668
18039697490118309,True,105.43066666666667,141.81025000000005,160.16840277777783,97.49190277777778,162.61102777777776
18004081682335005,True,89.04973333333331,136.83688888888886,132.96657777777787,106.54504444444444,144.28076666666666
18018494318222751,True,199.6493333333334,202.27668055555566,205.44616666666664,25.814805555555555,211.5632361111111
18080424467096112,True,104.06550000000006,125.85488888888896,138.86847777777777,54.34612222222222,139.70354444444445
18103983433521074,True,88.04366666666668,101.34005555555555,114.91545833333339,76.91719444444445,118.13884722222222
17861414052603798,True,102.79794444444448,102.32813888888889,108.69969444444438,64.87109722222222,120.93308333333333
18058683641688049,True,72.68019444444444,78.03951388888889,84.80611111111111,78.14243055555555,89.489125
18099231473474683,True,106.96460251046017,137.7160529986053,163.03143654114376,100.96786610878661,164.46694560669457
17860825932532164,True,77.06508333333333,13.754305555555556,118.24609722222222,230.6995138888889,118.3005
18160270189335216,True,75.75665555555555,116.66404444444441,156.09825555555565,138.2482777777778,156.10335555555557
18074911411675501,True,71.27029166666664,72.21976388888888,71.39699999999999,181.2617361111111,110.09063888888889
17900031003265558,True,126.44309999999993,139.95986666666673,149.83293333333327,78.36918333333334,158.062
18030433613064519,True,107.92975,115.78150000000001,113.28956944444438,60.13688888888889,121.35940277777777
18100881532593627,True,154.90366666666677,150.99393055555552,138.27811111111117,90.82190277777778,176.17783333333333
18079738337234668,True,52.20405360133999,74.73159128978226,97.4196482412061,149.71946398659966,98.89747068676716
18027607742714550,True,82.96084722222221,133.59031944444442,174.1378611111111,135.466125,174.15395833333332
18066674746801575,True,151.53319999999994,147.31601481481485,131.58213333333325,51.06902222222222,155.43733333333333
17882008164413363,True,88.84602777777779,103.42586111111108,125.98901388888889,94.78018055555556,129.72265277777777
17876684823561894,True,180.75229166666676,163.5792222222224,240.36359722222196,82.40576388888888,240.38458333333332
18082686053184972,True,92.26501388888886,107.10508333333334,135.96427777777774,100.74434722222222,138.8455972222222
18274143622234103,True,127.39782244556108,142.61016750418761,106.78319932998333,89.17467336683417,144.12283082077053
18056196847776597,True,119.6703444444444,147.9253444444444,173.2564888888889,91.12571111111112,173.41593333333333
17986407005668491,True,57.09182579564493,63.06279731993304,76.15437185929646,130.4521943048576,81.4499162479062
17860616223194123,True,89.92752777777777,131.44352777777777,145.38205555555552,124.977,159.70530555555555
18093611441122991,True,88.03956448911222,88.39475711892803,86.10897822445561,108.5812730318258,111.38311557788944
18075682700429776,True,54.9184722222222,49.808777777777806,54.58719444444442,127.15081944444445,69.81308333333334
18071775616955564,True,104.66651388888896,108.22706944444438,108.2486111111111,97.61058333333334,127.64329166666667
18062356946170115,True,56.76106944444446,68.66383333333336,85.02669444444444,102.64345833333333,85.64452777777778
18060273808585183,True,163.0147083333334,160.32591666666667,177.42348611111103,52.35297222222222,184.20561111111112
18082489793375369,True,115.19844444444442,140.9726222222222,176.74185185185178,100.45475555555555,176.7589925925926
18087588826982591,True,156.6835777777778,122.92043333333338,95.75744444444449,133.73042222222222,172.8747111111111
18031386497748538,True,141.3609629629629,167.0281333333335,183.09065185185202,72.52814814814815,186.87693333333334
18054085637403128,True,131.60679218967923,145.01059972105998,151.3635425383542,73.04774058577406,163.22354253835425
18086869676614059,True,119.86234309623428,144.92411436541147,179.7636680613668,139.15375174337518,204.66532775453277
18089259049729821,True,91.03477777777779,118.81630555555554,119.82145833333333,76.44251388888888,125.97256944444445
17933241300030999,True,153.64476190476188,134.92910714285713,107.65180059523813,83.13534226190477,158.76153273809524
18057163597846898,True,80.17469444444441,103.1039444444444,116.49569444444454,116.03877777777778,121.05765277777778
18083090617685442,True,138.60732222222222,194.04620000000003,181.71352222222205,82.19998888888888,197.3354111111111
18120340642643557,True,179.5886666666669,183.70013888888886,189.7261805555557,42.21029166666667,199.36540277777777
18108747854495233,True,111.64647222222224,140.79183333333324,159.1925972222222,81.82527777777777,159.60547222222223
17876014449272995,True,116.90094444444442,123.46415277777784,222.78287499999996,132.20168055555555,222.79229166666667
17888287140430015,True,173.13519444444444,191.06156944444444,210.80304166666687,54.733736111111114,214.00558333333333
18004187426694837,True,61.21055555555559,66.60293055555555,58.8948888888889,96.691,72.49169444444445
18045362246696220,True,157.44201388888888,150.64320833333326,129.34191666666666,81.8193611111111,164.84108333333333
18571769707007449,True,198.53569444444454,207.27680555555554,216.95047222222226,34.305236111111114,218.8653611111111
18051764284599601,True,154.86004166666655,165.49723611111105,161.22547222222218,70.67934722222222,176.46738888888888
17976974621933983,True,200.87577134986225,203.15241046831954,208.0758953168044,11.080027548209367,208.16224517906335
18109037443886125,True,100.06030555555553,94.921875,105.6582083333333,102.89568055555556,123.33661111111111
18044259677353144,True,39.03190277777778,13.15579166666666,199.19261111111112,242.43318055555557,200.31944444444446
18358108102166894,True,168.36286111111124,170.91969444444436,167.56145833333332,57.16780555555555,185.39245833333334
18102330305491805,True,96.94527777777772,79.77415277777773,78.46694444444448,115.23938888888888,113.23573611111111
17976677606772116,True,102.72899999999998,107.28373333333327,115.02276666666673,114.23371666666667,135.87071666666668
17936383395082843,True,158.54077051926296,139.01469011725302,117.28499162479059,80.0003350083752,165.8545393634841
17917325711949153,True,133.27102777777782,152.73455555555546,153.77152777777775,47.78451388888889,158.085875
17948131830095675,True,161.33820193637627,163.62492392807755,157.56165975103738,62.56652835408022,178.4829875518672
18053416841576490,True,62.8677361111111,90.75377777777778,138.16052777777776,163.82965277777777,138.9422361111111
17977852511801461,True,86.80459722222223,116.9367361111112,174.92341666666664,138.6908611111111,175.3059861111111
17875681944463449,True,186.27070833333318,191.14822222222236,213.80041666666682,37.59993055555555,214.11852777777779
17931291695942700,True,78.01777777777778,112.33491666666676,147.33498611111102,132.08919444444444,147.71372222222223
17933490936024069,True,150.03367911479933,142.84207468879677,121.78322268326414,106.30958506224066,168.6885477178423
18164563189325248,True,136.9274166666667,124.55965277777769,128.6148055555556,116.205875,170.15380555555555
18043585253629185,True,126.5409166666666,126.99762500000003,114.06698611111115,67.89459722222222,134.97154166666667
18154151557395974,True,110.36956944444442,124.81706944444458,133.22659722222224,122.90195833333334,157.10297222222223
18512652226065076,True,133.41751388888892,148.31370833333324,134.69472222222214,100.41008333333333,166.05754166666668
17860614534454433,True,101.95105117565697,130.119958506224,176.02486860304293,122.94354080221301,178.6252420470263
17921457792126650,True,163.16112500000006,176.68613888888905,189.57170833333333,52.33629166666667,194.58069444444445
17891423382364237,True,38.396499999999975,70.33920000000008,111.24723333333333,191.29908333333333,111.37508333333334
18084801556691100,True,158.84921111111098,165.01163333333346,159.7971222222222,89.70082222222223,189.9228
18548877661066883,True,107.09873611111112,121.54798611111109,160.09995833333332,129.78498611111112,171.0415972222222
18052918535494522,True,135.44783333333322,143.59788888888892,157.47475555555565,57.68654444444444,162.0090888888889
17914584555347074,True,93.38948888888883,109.53544444444451,123.40486666666663,88.72192222222222,126.0274
18352588723130045,True,75.14674444444448,96.18869999999998,119.97166666666662,111.67993333333334,122.6504
18026828999124130,True,156.77167504187605,163.7061809045226,170.2666164154103,42.2229648241206,174.1606365159129
18133936630558778,True,48.751499999999986,85.4790138888889,106.5780972222223,151.5552361111111,106.7491111111111
18092113849465117,True,199.31690000000003,199.97441111111095,201.38927777777772,10.298666666666668,202.84455555555556
18126248872514395,True,108.60463888888884,133.01695833333343,179.1641111111111,111.16784722222222,179.93133333333333
18084540142607080,True,118.19419444444449,151.7423611111111,173.8793055555555,90.27197222222222,175.38681944444446
17938180251053591,True,139.49747222222226,146.5233611111111,119.8132083333333,103.21484722222222,164.78861111111112
18116111773626445,True,129.58438518518528,142.38324444444447,165.37691851851844,87.07931851851852,171.5285037037037
18334134151219991,True,92.44602777777776,110.81952777777782,127.8418611111111,77.59991666666667,128.56231944444446
18041623058760246,True,142.88,146.6116470588235,127.48186928104573,79.9117385620915,161.57541176470588
18096688711704357,True,91.66172222222221,133.33655555555552,167.0014305555555,132.7236111111111,170.75845833333332
17961804036078215,True,44.56462222222223,113.29065185185182,107.0711555555556,179.95032592592594,117.75226666666667
18064932736860337,True,117.81618888888902,125.81983333333322,97.50652222222224,125.27841111111111,145.15684444444443
18083673535858362,True,120.1498500000001,135.66141666666672,162.77538333333334,85.14633333333333,165.76358333333334
18428090407054749,True,105.61583703703704,114.4630518518518,120.76389629629622,59.05897777777778,127.37481481481481
17955976310914757,True,86.41049107142854,99.86674107142868,117.14696428571439,84.13044642857143,117.17357142857144
18145965373398363,True,79.09350000000005,94.64345833333338,109.51131944444447,102.96547222222222,111.06311111111111
18103161448913813,True,153.36713541666666,143.2820659722222,151.8833333333333,56.266927083333336,165.47807291666666
18132326644537161,True,113.14239888423988,125.73231520223143,133.20552301255228,49.80857740585774,135.17517433751743
17996165573373444,True,119.52556944444447,126.1023888888889,127.54751388888891,37.492694444444446,133.50820833333333
18548278294050274,True,126.60345833333328,151.40254166666665,165.13065277777773,84.09511111111111,168.8960972222222
18080505230399961,True,127.70781376518215,130.00134952766533,132.4058029689609,29.183967611336033,136.9997975708502
18064529428547807,True,148.5816444444445,168.93132222222218,191.36501111111116,69.99936666666666,192.08877777777778
18124079413373386,True,55.624680555555564,74.57212500000004,96.50752777777777,150.0847777777778,97.48606944444444
17898763224009880,True,121.87568888888893,127.73721111111105,134.4528777777778,63.186,142.73194444444445
18061316281568716,True,235.98039426523303,222.49793906810044,205.83670250896054,41.574336917562725,238.57299283154123
17876308641341473,True,85.3601481481481,106.96934814814817,101.9691703703704,76.50884444444445,111.4464
17866920150255716,True,112.72762626262619,125.33969696969699,135.45047138047133,63.61569023569024,137.66082491582492
18079097126460468,True,82.15637037037041,89.77850370370372,103.37099259259259,64.77567407407408,107.20148148148148
18004425809551338,True,123.20675041876049,132.9864154103853,125.34788944723616,53.26328308207705,135.9541876046901
18051498431149066,True,63.060152777777795,110.39530555555554,149.54625000000007,165.64194444444445,152.516125
17895112626182214,True,105.14679166666672,108.61679166666669,113.9892361111112,49.20184722222222,119.506625
18034935758045528,True,146.23831111111122,131.6171111111111,119.91725925925925,59.45780740740741,150.45364444444445
17952556559921356,True,140.26600000000005,166.1133444444444,194.2491555555557,79.82881111111111,194.3287
18303489952240287,True,203.38006944444447,213.9277916666666,220.6032777777776,37.532694444444445,226.15159722222222
17895402570320501,True,52.726504424778774,74.2678318584071,81.35119469026547,121.82973451327433,93.95306784660767
18107372095876623,True,187.93256172839506,191.6341975308642,198.99183641975299,22.1308024691358,201.43537037037038
18513773224000672,True,162.96776388888898,165.83669444444442,169.38333333333333,53.76943055555556,179.76123611111112
17909454057298191,True,138.3509444444444,129.3845694444445,104.5267083333333,106.11898611111111,154.66931944444445
17847706548550893,True,131.29465277777777,117.06833333333336,113.03227777777778,106.3325,152.15180555555557
17859640521585819,True,99.9056666666666,93.19216666666667,94.95740277777782,64.42619444444445,109.7645
17853772758124441,True,124.14179229480739,124.19594639865997,118.98480737018421,69.8814405360134,138.57691792294807
17904344598231061,True,42.72369444444447,74.06712499999998,81.9112083333333,167.73556944444445,90.35602777777778
17847716040690149,True,54.82902777777774,75.89499999999994,97.05479166666669,126.74704166666666,97.05855555555556
18095135824518885,True,146.2063319386332,162.20503486750346,171.74581589958157,50.91446304044631,174.8115760111576
18078743314933811,True,118.04995833333335,83.61308333333338,55.01445833333333,158.1099861111111,125.12731944444444
18483774628053185,True,101.0125666666667,114.65341111111113,144.29109999999991,91.95943333333334,144.56147777777778
18085591190184461,True,165.43791666666655,131.89094444444447,104.95122222222217,117.65884722222222,169.08825
18032245205249764,True,85.26983333333328,85.05926388888892,77.72922222222222,64.28054166666666,93.84573611111111
18277975051266334,True,70.38908333333332,84.86350000000007,98.9099861111111,116.54293055555556,106.10876388888889
18043345645827002,True,52.32010050251258,64.17256281407036,80.53871021775544,79.26427135678392,80.57706867671692
17874658743376664,True,81.38295833333332,92.91470833333338,106.14934722222225,65.19720833333334,109.18648611111111
18049415837531496,True,162.92591666666672,99.39506944444437,74.33569444444446,148.22331944444446,164.29841666666667
17886753516172572,True,104.5064656616416,98.17247906197652,138.79199329983243,111.00283082077051,143.65284757118928
18130145809566514,True,96.258562962963,103.13505185185184,113.42715555555554,78.01377777777778,117.8592
18036324245355616,True,141.6478940027895,158.6182147838215,172.20748953974896,53.61549511854951,174.53425383542537
18100380424579428,True,57.78254166666663,87.98401388888897,75.2403888888889,125.10138888888889,91.78322222222222
18137603698354434,True,107.39546063651582,133.79427135678387,124.35782244556111,97.85742043551089,140.3837688442211
17985214394977143,True,197.09445833333345,198.14199999999997,197.02640277777783,45.39077777777778,208.91940277777778
18041759702136927,True,121.29766666666673,131.19197777777782,137.1644222222223,51.792255555555556,143.33903333333333
18068640415551595,True,104.24604166666673,106.09470833333334,125.06087499999998,122.32513888888889,143.341125
18457575601096944,True,101.3760416666666,124.10213888888893,151.30920833333326,121.82393055555555,161.61829166666666
18111263128805385,True,180.81037500000002,143.8507361111111,113.88347222222225,106.30544444444445,183.99331944444444
18066526709064998,True,96.70961111111116,121.34456944444439,149.2480416666666,105.566875,150.43365277777778
17899270674233649,True,111.10537500000001,110.93159722222227,113.04190277777776,31.88422222222222,119.10619444444444
18409124218120581,True,144.1744722222222,130.3526527777778,113.55738888888885,101.74494444444444,153.44034722222221
18105031481505246,True,186.5452777777778,171.2476666666666,148.19826388888887,54.69155555555555,186.60619444444444
18080624884659653,True,105.40630555555553,125.48393055555556,149.43918055555554,84.48873611111111,150.274
18059469956211479,True,84.26356944444449,105.13837500000002,163.79165277777787,122.11430555555556,169.3467777777778
17911973657862525,True,96.70754166666666,126.2036944444445,152.212138888889,124.12656944444444,164.79066666666668
18048802226741897,True,36.2960138888889,34.99213888888885,38.38623611111111,106.1036388888889,46.63722222222222
17882195967359674,True,101.03433333333334,110.75236111111113,119.88983333333334,70.16598611111111,123.96941666666666
18367494172129901,True,157.3964583333334,167.8026944444443,179.84434722222215,50.36445833333333,180.4558888888889
18079398499861669,True,92.80651388888883,124.44091666666668,157.17036111111116,117.42283333333333,157.79030555555556
18028421885743954,True,55.77846883468838,79.45838753387537,107.02201897018966,119.525054200542,107.02238482384824
18013016657219708,True,32.00532222222222,100.46310000000003,145.77486666666675,187.20294444444446,145.78295555555556
18088378858739186,True,172.86847222222227,161.4019027777778,112.99493055555553,113.66290277777777,186.55665277777777
18070973116944376,True,136.9481550387596,143.76837209302317,137.13755038759692,72.87162790697674,160.25875968992247
18100314299492219,True,93.15101666666668,101.42301666666658,90.7446833333333,73.58831666666667,103.55751666666667
18103701556979797,True,104.96734722222226,92.08999999999996,77.1554583333333,97.68043055555556,110.12247222222223
18121520053485770,True,116.94224999999993,137.58699999999996,149.58999999999997,83.43434722222223,156.47088888888888
18048401554776852,True,98.95093802345059,115.97189279731998,108.48778894472362,74.07675041876047,120.81182579564489
18094245268637279,True,162.99436666666662,120.70144444444442,72.31415555555556,150.00656666666666,164.89262222222223
18043520564325642,True,61.149166666666616,91.37205555555552,131.38957777777787,149.38512222222224,131.62852222222222
17938515986886609,True,46.72922865013772,60.53256198347107,82.03581267217638,153.98438016528925,89.39380165289256
18036465653133205,True,54.633527777777765,77.95766666666665,86.82502777777775,115.07633333333334,89.6973611111111
18103789843505954,True,64.36142222222226,93.66546666666667,117.74161481481485,124.1217037037037,117.78478518518519
18044564852466215,True,81.13913888888891,115.03311111111107,111.55524999999992,112.85781944444444,123.64219444444444
17918789165841009,True,122.93675041876044,114.25844221105532,111.66879396984929,44.884556113902846,124.66948073701843
17934960063248812,True,156.55599999999998,174.3332638888891,168.99944444444452,50.19965277777778,183.18870833333332
18083755877505309,True,41.75390277777781,49.93919444444449,64.04108333333335,151.94623611111112,69.95618055555556
17882675139363578,True,146.94843055555557,132.68043055555552,114.57437499999996,91.80870833333333,155.9750138888889
18367012942149432,True,190.92818055555554,182.19965277777783,169.05598611111108,52.04516666666667,198.96704166666666
17875415985208473,True,115.81551111111115,116.8838666666666,95.51324444444442,99.4939888888889,128.33551111111112
18112243870803073,True,148.49691851851853,159.62146666666655,125.394,110.15561481481481,176.63134814814813
18006834503560995,True,78.51792294807365,95.98983249581242,110.7536515912898,101.09150753768844,114.12993299832496
17846966256428480,True,89.0413055555555,126.4708472222222,171.49283333333324,130.85166666666666,174.91947222222223
17857279914666033,True,74.57363888888894,118.39786111111107,190.88584722222217,158.23348611111112,190.88913888888888
17849815548523052,True,190.66348611111113,175.52487500000004,159.07305555555556,58.89886111111111,196.2050277777778
18227430100310529,True,55.762888888888874,59.629791666666684,57.90025000000001,26.096458333333334,62.63341666666667
17898868614061373,True,149.683263888889,163.51983333333328,161.9020555555554,59.61344444444445,173.310375
18065928577664271,True,85.63179999999996,101.18801666666663,109.83945000000003,87.80955,114.5808
17945605199865574,True,124.41244444444457,152.07984444444455,124.89471111111118,112.0124111111111,169.36667777777777
17940164364114978,True,88.10906944444447,103.04973611111113,113.45872222222214,88.19648611111111,120.144375
18084117302185576,True,193.5431323283082,143.02814070351764,135.71675041876023,97.93396984924622,199.08524288107202
17974436666863113,True,88.63649999999998,100.24794444444447,182.6177916666666,180.21504166666668,186.823375
18089815106469641,True,71.39697222222226,127.34198611111107,186.5257638888888,165.38776388888888,187.0023888888889
17877095379328090,True,123.6287222222222,125.28206944444447,133.2446527777777,48.48266666666667,139.22368055555555
18075848108541213,True,134.20456944444445,151.50356944444448,149.61013888888903,72.84786111111111,162.45080555555555
18050318755641694,True,134.20095833333326,152.70863888888888,164.319,83.34990277777777,176.13623611111112
18096400018996556,True,153.34366666666665,185.74108333333356,184.61718333333343,71.3208,191.46006666666668
18027771860101186,True,56.62426388888887,85.28195833333334,109.99199999999999,149.71355555555556,110.66947222222223
18306285493276288,True,139.53168888888897,140.68874444444444,139.0057444444443,64.23077777777777,155.23043333333334
18034756808734028,True,151.1613333333334,161.86980740740748,161.90448888888895,24.35677037037037,163.98063703703704
18041367572526043,True,119.73332222222224,144.20103333333336,176.45734444444446,99.33643333333333,176.74325555555555
18022663985347316,True,90.3206700167504,106.86793969849246,124.35447236180904,82.17551088777219,127.19311557788944
18050585927738334,True,150.41617777777782,179.92137777777793,206.18780740740732,74.44343703703704,206.56684444444446
17866682511602948,True,209.0269481481482,174.5473777777778,130.8382666666667,98.13577777777778,209.14662222222222
17844931692435790,True,126.94686111111112,141.57762499999987,146.14905555555552,54.16866666666667,152.28048611111112
17951979416886359,True,87.28262499999995,133.37590277777775,150.10718055555557,125.58641666666666,156.8808611111111
17900993229214535,True,107.90981666666667,110.53116666666673,122.86463333333336,67.986,128.41556666666668
18100209274980384,True,202.0560694444445,169.5424027777777,147.95951388888892,72.53194444444445,203.5603888888889
17935803741214924,True,147.60168055555548,173.0125833333333,170.70359722222227,76.2065,183.36223611111112
18011333210616458,True,110.75778888888883,135.74942222222225,91.47284444444438,166.5717,156.26893333333334
17882188734421484,True,122.73747222222225,136.41231944444442,156.67797222222225,95.48038888888888,167.586875
18099100573803560,True,170.1970707070706,191.26664983164966,212.51759259259262,54.89646464646464,212.55690235690236
17892440889048211,True,150.06919444444443,162.45955555555562,173.36919444444445,67.03540277777778,180.87256944444445
18073549975938267,True,203.16309820193644,192.73760719225442,174.2174827109268,61.54832641770401,211.03520055325035
18091263082890554,True,74.38084999999998,96.71923333333334,116.84883333333332,112.27766666666666,118.39548333333333
18110214727581938,True,78.25416666666665,110.81654166666665,140.76301388888888,134.601125,142.16325
17967909176879383,True,68.8975694444444,34.64706944444443,76.70845833333338,215.36401388888888,119.86295833333334
18105035984488472,True,168.5277500000001,195.20090277777783,202.46956944444446,49.281,202.98751388888888
17965780109797894,True,176.3529166666666,178.29550000000017,181.04058333333327,25.73068333333333,186.08845
18027928694451568,True,146.33218055555554,145.7233888888889,146.41419444444452,26.582291666666666,153.04794444444445
18102963163471473,True,169.6903611111113,164.15505555555558,159.31268055555557,71.48913888888889,186.11681944444445
18044877274913649,True,127.08749999999992,148.0631666666666,173.4524166666667,108.68411111111111,183.27240277777778
18136317820523041,True,164.85008333333332,144.528625,104.92677777777774,98.41295833333334,170.40220833333333
18077141180224790,True,145.0235138888889,163.7575694444445,209.52433333333343,100.10218055555555,209.71466666666666
18056295236010894,True,140.19781666666668,150.25228333333325,157.4023,50.449216666666665,162.61326666666668
18089880293102681,True,168.64519999999996,155.78100740740746,121.37708148148155,92.72291851851851,181.986
18095302385029819,True,86.02187499999995,105.66302777777771,137.88230555555555,129.04731944444444,138.20329166666667
17979291239797804,True,97.02062500000008,123.1292777777779,129.01598611111115,92.536875,137.75058333333334
18098998439095619,True,106.64052777777782,142.53777777777773,160.54229166666664,112.42486111111111,165.179875
18346561402246418,True,78.42941666666661,86.78055555555558,99.76073611111114,103.35686111111112,100.30966666666667
18057616885905362,True,190.84965277777775,134.1196805555556,123.31472222222219,125.07684722222223,202.11436111111112
17886780347998449,True,182.90221105527635,161.154824120603,113.14499162479059,123.63527638190955,196.53008375209382
18075797870316617,True,52.61493112947659,82.84026170798896,103.52012396694218,168.9447520661157,116.96728650137742
17952125957840983,True,78.09233333333336,110.17024999999998,158.6719444444445,141.09455555555556,160.31498611111112
18322609186080437,True,160.96733333333336,143.01089999999988,138.4370666666668,43.06386666666667,161.66781666666665
18069318961531266,True,57.47284757118932,100.70326633165831,94.79664991624793,128.20971524288106,109.8008877721943
17935543253903258,True,109.17731666666671,122.31908333333338,142.9680666666667,83.32215,143.20718333333335
18129777715452457,True,181.02566666666687,169.39954166666675,158.72784722222227,46.03147222222222,183.9704722222222
18119069014541450,True,105.22022222222219,120.69333333333337,126.64493055555549,67.78918055555556,126.73279166666667
18129795724423490,True,115.6987777777778,131.49349999999998,168.09106944444432,85.04333333333334,168.39743055555556
18404219899107344,True,63.82838333333327,86.92143333333333,103.15593333333341,127.57335,110.11263333333333
17883792768248403,True,54.32444444444447,75.35637500000001,105.0294861111111,162.79090277777777,112.29931944444445
18087693784921395,True,22.988349999999993,32.31298333333332,46.19091666666667,157.38158333333334,46.22036666666666
18388863484140198,True,130.91884722222218,146.99497222222226,179.7580694444444,80.2731388888889,181.41672222222223
17888637168329845,True,87.5783333333333,119.58663888888887,148.88350000000003,102.60545833333333,149.28147222222222
18414075361099877,True,133.56663888888886,137.35066666666663,138.73972222222224,54.72701388888889,149.0396111111111
17982200447987674,True,65.33494444444446,119.5062083333333,166.0475416666666,165.9857638888889,170.77411111111113
18522390307046394,True,144.63295833333328,149.3345694444444,186.33098611111106,85.2235,186.62636111111112
17909638763983029,True,82.3004861111111,89.24558333333336,33.28926388888889,208.05252777777778,93.51844444444444
18083286980626935,True,121.30451851851855,121.56254814814815,124.56749629629635,25.910755555555557,128.15065185185185
18027560087701672,True,29.60176666666667,46.234483333333316,69.90301666666664,171.572,69.99033333333334
17943624257952406,True,30.728433333333328,45.3305,81.99744444444444,188.70734444444443,82.88466666666666
17933490347861996,True,77.9027777777778,86.34262499999998,102.83362500000003,96.34829166666667,105.95677777777777
17996434895660028,True,114.8134583333333,150.73761111111108,171.11166666666668,125.39834722222223,186.40520833333332
18191072962326930,True,157.82209722222237,137.1125277777778,137.40672222222221,57.61026388888889,166.19294444444444
18030592457480153,True,196.7635777777776,205.68352222222225,223.26215555555547,37.03371111111111,223.59054444444445
18120123460627758,True,101.34687500000003,145.41690277777778,161.30595833333328,107.53543055555555,162.43031944444445
18069111772833851,True,160.61593333333315,168.24957777777774,181.57815555555555,45.59631111111111,183.8171111111111
18025821218001897,True,132.99024444444447,144.80025555555562,156.061188888889,76.70944444444444,167.61705555555557
17953381106878559,True,44.63036111111112,69.0374444444444,115.6319722222223,172.4261388888889,115.65958333333333
18077255614554150,True,151.00839999999988,171.94627777777765,169.64335555555562,62.12906666666667,180.90087777777777
18039417784995665,True,50.67948333333332,55.80546666666667,72.63243333333334,110.90188333333333,74.35383333333333
18088162261656818,True,190.1823611111112,187.88101388888882,174.04984722222216,97.17313888888889,223.23719444444444
18375116572161347,True,110.03029166666667,114.18563888888895,120.63279166666663,71.91922222222222,132.51672222222223
18604404163032664,True,13.548261758691197,26.91707566462169,50.38738241308795,192.26556237218813,50.39515337423313
17959554573026728,True,96.34375000000003,101.11069444444449,95.48993055555552,88.11968055555556,112.32213888888889
18050597389917018,True,77.58295833333335,82.68777777777777,75.2697916666666,153.59991666666667,102.07656944444444
18186804307327475,True,105.64219764011806,103.49213864306776,151.1006342182891,143.62882005899706,160.44982300884956
18390197722181452,True,85.72709722222221,65.89756944444446,60.260055555555596,177.23681944444445,117.79311111111112
18361647922190465,True,117.92527638190954,136.21520938023448,157.06465661641536,76.41048576214405,157.53214405360134
18089796566500380,True,74.8838525963149,80.84268006700167,84.52474036850917,84.19686767169179,92.46743718592965
18037986020114487,True,65.1735111111111,61.13152222222223,78.3215333333334,109.19302222222223,86.20006666666667
18115169089720466,True,129.31743703703702,156.47330370370372,169.3034222222222,96.88743703703703,182.24346666666668
17855748705500991,True,170.57181944444446,171.96672222222233,105.72994444444438,132.87669444444444,185.24669444444444
18078249904975405,True,145.27820833333342,137.90968055555552,136.64563888888884,71.0171111111111,156.311875
18078466088170452,True,86.88595833333342,110.13234722222218,141.99743055555558,103.0835,143.393375
18110276911714939,True,142.46362499999987,141.89643055555553,139.19762500000004,54.272597222222224,154.513125
18105225595523794,True,167.45477037037054,172.97340740740742,165.06008888888877,24.785925925925927,176.34274074074074
18218144329316337,True,154.07411605937924,118.81327935222669,61.485964912280714,148.86327935222673,156.82176788124156
18087846251185286,True,176.40516666666673,182.17698611111112,184.3667777777778,41.76338888888889,194.20534722222223
18050439896264581,True,112.12751111111109,124.57684444444446,143.91074074074072,79.7146962962963,150.4830814814815
18068430043776642,True,90.82353333333334,96.58939999999997,100.09053333333333,104.63181666666667,115.9122
17867295864671128,True,135.7652592592591,141.13355555555552,144.525674074074,40.56428148148148,150.32005925925927
18197109880348491,True,152.9578318584071,175.89842182890862,175.26091445427738,49.272861356932154,179.4345575221239
18005681609682251,True,92.58201666666665,109.31758333333326,152.10709999999983,124.63751666666667,159.05606666666668
17969240987776507,True,182.17201111111095,186.12982222222217,190.6497777777779,20.5985,193.59761111111112
18152749489409472,True,71.98088888888887,81.33215277777774,85.77958333333335,101.77513888888889,94.16336111111112
17967794133028837,True,100.4760277777778,137.54894444444437,148.95644444444446,125.82066666666667,168.3516527777778
18047933744653739,True,115.41425000000007,131.357625,157.47773611111123,106.206875,170.22581944444445
18420136240110662,True,140.59409722222216,152.93679166666658,167.01298611111116,69.28261111111111,172.85681944444445
18339634045236022,True,124.92701877934275,132.23164319248824,115.91600938967126,72.14726525821597,143.12906103286386
17908282308297600,True,110.93702777777777,148.6511666666666,185.79184722222215,111.14501388888888,185.8528611111111
18004438949720227,True,196.64751111111104,139.42576666666665,80.22188888888891,156.23572222222222,203.26556666666667
18059960392738305,True,78.16814444444455,98.31743333333335,94.20177777777785,79.6414,105.1353
17894655387093592,True,62.69862499999997,87.37261111111117,139.65838888888888,159.85755555555556,140.05165277777778
17999511995655336,True,47.364958333333384,42.90044444444444,49.81969444444443,124.895,63.20152777777778
17961145578021791,True,80.88959722222218,96.13181944444442,118.69952777777777,109.34122222222223,122.34922222222222
17921885319323864,True,173.53922222222224,163.79404166666666,144.1606805555556,82.12955555555556,185.58945833333334
18127811242597594,True,134.4240972222222,125.65538888888881,105.50087500000002,76.71595833333333,142.249125
18022708331459907,True,126.72913888888891,146.8717222222222,177.36888888888876,85.50754166666667,177.8023611111111
18051211727510966,True,145.26073611111104,165.6818194444445,168.26362499999993,56.14301388888889,176.53005555555555
18111499129806688,True,172.57108333333335,194.33800000000005,193.52149999999995,60.801180555555554,207.30880555555555
17953592957842396,True,145.2235777777778,166.8082333333333,216.94498888888876,93.25246666666666,217.31321111111112
17916899514249963,True,110.94648611111118,114.09388888888887,115.65370833333343,101.94170833333334,136.72343055555555
17909323359173104,True,144.42551388888887,162.21430555555546,153.15697222222207,36.721291666666666,163.3667638888889
18084104573576967,True,85.33777777777775,100.13523333333336,123.84991111111114,101.02846666666667,123.92176666666667
18005564693564926,True,131.27742222222233,137.808474074074,143.83900740740745,52.71613333333333,150.8576888888889
18019812107780895,True,44.770777777777795,84.57037500000006,106.10137499999995,152.04490277777776,107.70656944444444
17992321013757506,True,109.24136111111116,133.81169444444438,158.708375,94.27708333333334,159.5438888888889
17852514588279740,True,136.71619765494137,137.2827303182579,137.90217755443894,50.78318257956449,149.66239530988275
18404384158127268,True,91.99041666666668,101.22634722222227,119.4241111111111,91.12497222222223,127.27758333333334
18091367932686460,True,151.2407083333334,166.76558333333327,182.5230138888889,66.97722222222222,187.69841666666667
18077355980004624,True,140.22566666666663,149.8283472222221,137.65265277777772,98.54761111111111,169.34504166666667
18055499791986962,True,104.9051111111111,159.92624999999998,149.7706388888889,117.70301388888889,171.8127638888889
18381079375080831,True,137.806125,98.24872222222213,84.33395833333337,110.64666666666666,142.58170833333332
17886910194161505,True,90.37231944444446,124.37236111111125,155.52401388888896,135.4886388888889,160.08418055555555
18079579042743226,True,100.88268055555558,112.84440277777784,123.3689583333333,90.9588888888889,128.94445833333333
18253388062295452,True,83.09616296296292,106.72961481481478,127.26282962962962,101.4986074074074,129.87385185185184
18090743570499951,True,109.05704166666662,135.55980555555558,157.55354166666666,96.12684722222222,157.68602777777778
17863661508145267,True,141.8706527777779,142.4317083333335,140.2860138888889,67.57843055555556,152.82572222222223
18079329389385881,True,53.20777777777777,48.406244444444425,50.4189222222222,82.46431111111112,58.605422222222224
18107156959507815,True,78.40911111111109,125.25499999999997,182.12870833333344,162.02808333333334,182.96272222222223
18073064519352325,True,100.04276666666664,107.63411666666663,125.22815,114.29998333333333,137.84416666666667
17933528787208050,True,158.33237777777777,161.23873333333333,177.73056666666653,40.70693333333333,181.54868888888888
17865905109378683,True,56.41663888888888,93.2978611111111,125.02029166666672,156.49883333333332,127.87672222222223
17929387244959945,True,140.28172529313235,151.2938023450585,174.6301005025126,56.1928810720268,176.2099162479062
17913431195975743,True,153.11637500000006,166.4936944444444,175.01080555555555,53.2125,178.20919444444445
18026483636678549,True,150.23736666666662,166.72054444444453,178.45637777777787,49.78597777777778,178.50296666666668
18069552118822664,True,91.81872628726283,118.84826558265584,121.16905149051487,86.86409214092141,128.56872628726288
18554853109054844,True,127.72968188105125,116.23854771784231,108.78777316735822,66.41110650069156,135.89600276625174
17915880194947666,True,106.82062499999999,107.29819444444438,108.26898611111109,38.875569444444444,113.65259722222223
17900796462068305,True,150.7053417015342,131.21828451882837,83.4234170153417,151.50645746164574,170.9794560669456
18058294385465794,True,215.47190277777776,181.06902777777776,119.73023611111111,123.989,218.16340277777778
18024967238641404,True,90.43876106194682,113.85100294985259,120.77921828908558,89.58233038348082,130.10174041297935
18057325304305354,True,166.17843055555548,166.25275000000002,146.59301388888892,55.01379166666667,175.3370138888889
17842883124402215,True,137.56187777777774,148.29877777777767,186.10555555555553,84.26866666666666,186.9318
18073917877838509,True,118.29376388888885,109.06936111111116,97.43731944444441,67.14886111111112,127.17447222222222
18190260133292566,True,75.31589614740368,111.12078726968176,141.30706867671688,135.7916917922948,144.25989949748742
18047143682074204,True,118.41234074074072,142.18598518518516,153.22893333333334,90.88819259259259,159.65874074074074
18034843331278102,True,189.72650000000004,186.2543611111112,200.55369444444443,33.04105555555556,204.35605555555554
18467642644079723,True,123.2480904522612,135.225175879397,165.13013400335015,85.40088777219431,166.76134003350083
18070337539578173,True,77.85809722222221,115.23177777777776,137.0841111111111,137.59476388888888,143.06566666666666
18077045824759067,True,129.02366666666668,139.71562500000002,149.90437499999996,78.82225,159.44941666666668
17890692468224278,True,45.24996666666665,47.420083333333345,57.799600000000005,140.28163333333333,69.6106
18016216907837604,True,125.91681111111104,133.82291111111095,141.37310000000016,51.59085555555556,144.76185555555554
18014552864683117,True,55.92838888888888,75.69861111111109,109.5132916666666,128.81351388888888,109.71697222222222
18309953494170207,True,180.8779722222222,177.69129166666667,175.14320833333335,25.816291666666668,185.64693055555554
18306708982207124,True,84.44117037037037,108.41834074074069,124.7390814814815,128.5485185185185,132.10878518518518
17968032887728492,True,190.90925000000013,179.9916527777777,172.5287638888888,46.096402777777776,196.85202777777778
17990505203939170,True,132.9181111111111,149.1572000000001,153.33447777777786,117.20552222222223,178.8528
18074577220671248,True,73.10555555555557,83.14298611111107,91.05336111111113,106.27234722222222,95.51266666666666
17941459940867468,True,52.24756944444447,85.0311805555556,110.68486111111116,150.48936111111112,110.84891666666667
18072507914642404,True,130.17432357043236,127.52743375174329,124.53295676429569,32.24391910739191,133.70744769874477
18061675055260067,True,93.64158333333334,104.6365277777778,67.55711111111108,129.41370833333335,108.54316666666666
18039622271451145,True,140.49409722222228,148.19458333333327,197.11536111111116,105.1757638888889,205.39531944444445
18062974082262554,True,119.42253333333326,136.18678333333335,157.6791166666668,69.42028333333333,160.14276666666666
18045658904344141,True,119.17580555555554,135.1647916666666,149.98465277777782,68.8285,151.9575
18087474947230504,True,98.92946666666667,114.91557037037032,111.7879555555555,66.92265185185185,118.86937777777777
17879020992357660,True,173.8388055555556,180.36863888888868,192.69313888888885,66.79077777777778,207.56725
17936375243856783,True,144.99666666666658,162.08177777777786,159.41983333333323,63.81831944444444,174.83126388888888
18070015339934553,True,46.30758333333331,56.3288888888889,65.91656944444443,93.95140277777777,67.228875
18077236045845675,True,118.93348611111112,135.88652777777781,147.0365833333333,93.12345833333333,155.70223611111112
18439359031058269,True,142.3483472222222,148.4826111111111,153.58048611111124,61.314083333333336,163.4461388888889
18081079892141548,True,57.598166666666685,107.88733333333339,147.36947222222224,174.11854166666666,147.9062638888889
18064486844645198,True,25.16655555555555,35.88006944444444,43.35275000000001,113.60286111111111,44.335125
18142057315492547,True,177.51491666666666,188.38375000000002,191.82291666666669,36.101847222222226,197.29473611111112
18003254144703166,True,90.89713888888892,109.50359722222221,120.13359722222229,85.93811111111111,123.95336111111111
18036159262830950,True,168.91926666666677,180.4182666666667,191.00522222222222,42.64416666666666,191.5751111111111
18105670910494309,True,169.55011111111114,181.39977777777779,190.2782916666666,45.86020833333333,194.732625
18063566006532578,True,92.75030555555557,130.82945833333335,163.30959722222227,120.89866666666667,164.062375
17864034483621334,True,145.52144345238094,153.24962797619042,126.50245535714281,84.09886904761905,163.84
18245807530286453,True,69.95804444444444,88.78474444444443,117.97067777777784,124.4035,118.62231111111112
17938760942747125,True,138.34430485762152,152.08958123953107,163.0233835845895,71.58482412060302,170.1597822445561
18119900326460168,True,19.131777777777774,42.58233333333336,98.3089722222222,204.57059722222223,98.30911111111111
17885554434476871,True,109.61351388888882,112.95227777777777,133.5824444444444,80.50911111111111,139.99216666666666
18074871866628867,True,118.70172222222224,125.35897222222226,131.78434722222224,61.32606944444444,140.5212361111111
18081290227640103,True,151.93904166666664,151.32654166666666,167.30112500000004,82.84533333333333,186.81580555555556
18127062775600400,True,162.23823703703698,168.96522962962965,166.71948148148155,16.266785185185185,170.22722962962962
17854263678318307,True,106.91226388888886,128.69154166666678,154.08854166666677,84.89316666666667,154.5928888888889
18318137083087236,True,79.09368055555557,107.7913611111111,149.48013888888903,135.34743055555555,158.62406944444444
17990947115927356,True,57.7626638772664,92.1586750348675,126.125020920502,141.22516039051604,129.82006973500697
18111688528488145,True,76.02896666666665,81.78505000000004,93.6945999999999,59.60511666666667,94.51361666666666
18069035498424653,True,200.91862500000016,212.06262500000008,218.17176388888876,36.421166666666664,223.28579166666665
17975162867762213,True,126.09872696817409,138.97216080402015,161.3669346733668,70.24659966499162,165.73134003350083
18059736622632969,True,81.24175808720115,78.6015752461322,72.4913361462729,138.0335864978903,104.43008438818565
18097304609473507,True,136.84462500000004,180.08102777777768,193.3435277777779,84.69659722222222,197.18366666666665
18043965977769137,True,158.2593037037037,154.5356888888888,147.603437037037,82.59957037037037,179.8074962962963
18098503466078867,True,174.41482566248257,159.5576290097631,144.56343096234315,67.69707112970711,180.93733612273363
17930076636133379,True,50.26329166666668,68.92611111111113,79.14211111111116,153.09704166666666,83.88477777777777
18034637600038533,True,81.07840000000002,124.03786666666669,150.71292222222218,133.31217777777778,151.27785555555556
18134229370487010,True,119.09848611111109,137.95469444444447,166.36970833333328,124.8813611111111,181.37891666666667
18121358743725176,True,88.46622222222217,120.77344444444444,145.12586111111113,109.40290277777778,145.7610138888889
18040525136717039,True,158.91220740740746,157.19090370370373,141.38764444444445,46.29813333333333,163.5664888888889
18050921381283217,True,84.66952777777773,110.76195833333334,126.72611111111117,93.33818055555555,127.5952361111111
17965850630766694,True,183.82391666666666,160.70093333333344,144.61100000000002,65.77453333333334,190.74008333333333
18072744857161956,True,58.7933055555555,70.10156944444444,83.06174999999996,87.09831944444444,84.70479166666667
18347955055202055,True,80.41662500000002,118.49438888888889,176.69493055555552,145.1280972222222,178.93061111111112
18079194578135859,True,102.33938888888892,113.13597222222221,142.69913888888894,94.11772222222223,142.71229166666666
17950703204836849,True,100.92650000000008,102.04262500000002,110.40549999999995,70.06533333333333,116.283625
17898996627072449,True,113.62188888888885,143.86970833333336,168.90451388888883,97.28983333333333,169.27797222222222
17895632121287743,True,135.65635555555562,138.6131407407407,148.38638518518528,35.465303703703704,150.06734814814814
17990497436771805,True,67.07130370370368,89.53999999999998,108.18748148148146,111.45037037037036,110.2114074074074
18113711104690564,True,156.01581497797352,141.6010719530103,74.28615271659324,170.36374449339206,181.80104258443467
17938495179035832,True,171.60904166666654,170.97154166666672,126.64663888888884,124.53363888888889,186.30104166666666
17844848472566233,True,90.5002916666666,105.46612500000002,121.4737361111111,113.22413888888889,128.97755555555557
18044127880676255,True,87.19833333333321,94.64706666666663,104.97101666666674,70.27511666666666,108.82725
18075443648190630,True,82.90679166666663,102.20051388888889,137.78798611111114,127.89877777777778,140.09705555555556
18253095808233283,True,123.67804444444441,129.06244444444448,135.6326814814814,43.123333333333335,139.46954074074074
18352052431139310,True,55.482811111111076,91.05673333333338,159.5190222222222,176.7776,159.5285
18072378778524643,True,125.7652,131.3022666666667,99.14540000000004,105.27432222222222,141.98303333333334
18042377110946084,True,69.64273031825797,120.03175879396981,157.8680904522614,149.99056951423785,157.89239530988274
17990826941870843,True,52.101916666666654,66.13870000000003,116.39688333333332,155.92365,117.14286666666666
17936770008108976,True,191.5779027777779,165.18287499999988,135.10444444444448,89.39308333333334,197.856375
18057053119744504,True,140.69331111111111,135.37262222222228,128.84008888888886,81.45191111111112,164.85355555555554
18418371466134982,True,130.23493055555562,154.47949999999994,178.26123611111112,85.39306944444445,180.64934722222222
18188999620366894,True,147.55055555555555,136.30981944444434,123.53904166666665,112.28270833333333,162.48930555555555
18080743528913161,True,156.00988148148156,150.00151111111126,137.08608888888887,55.79477037037037,159.5078074074074
17991922310957848,True,26.488861111111092,39.32618055555557,54.22294444444449,170.81494444444445,57.24755555555556
18160726198420695,True,184.79055555555558,187.8359722222223,183.21879166666665,47.567125,194.25675
18169623820342949,True,141.2134305555555,138.77991666666674,131.2146111111111,82.384,159.8045138888889
18130878406465771,True,103.56479776847978,134.7475592747559,160.21648535564862,108.6363179916318,162.74306834030682
18327182608080507,True,98.85095833333334,117.86869444444443,191.56727777777775,154.75493055555555,198.05379166666665
18048274262517850,True,131.9367083333333,134.970125,135.3588194444445,62.70623611111111,141.8095
18121780306459083,True,154.9827916666666,116.79669444444448,99.52829166666666,119.94775,155.48115277777777
18068823848318668,True,76.33013888888885,78.32666666666668,80.56915277777775,71.99127777777778,85.35827777777777
18079285418527717,True,17.03398518518519,43.02118518518517,66.92965925925925,175.52983703703703,69.4074962962963
18050966642303107,True,88.05834444444444,100.82356666666666,118.30864444444434,86.88297777777778,120.93975555555555
18113037943759000,True,122.5457444444445,139.0142333333334,136.41747777777775,64.32112222222223,147.42702222222223
18094711873679389,True,112.44313888888881,122.25572222222223,155.46751388888893,116.47120833333334,169.6305
18035737970496271,True,149.7314222222223,173.4846074074073,178.171437037037,56.85395555555556,183.7745185185185
18136141726514543,True,110.66502222222212,119.0963703703704,116.44607407407412,86.17614814814814,128.93705185185186
17866204560609124,True,104.12636111111108,146.80609722222226,187.90274999999988,126.36858333333333,187.92119444444444
17886275481089089,True,141.90820000000008,147.1086,156.78309999999993,71.9588,168.14115555555554
18356885071189626,True,104.39868333333332,104.59241666666672,102.01093333333333,63.31158333333333,116.33318333333334
18103985833763297,True,102.81066666666668,110.3886111111111,126.09512499999985,70.12440277777777,127.47641666666667
17877039699435634,True,74.78933333333335,116.06584722222229,178.43050000000014,158.10375,181.27434722222222
17954863307987231,True,175.7199583333333,179.26680555555552,172.44259722222222,42.35088888888889,188.62168055555554
17901145875176700,True,83.76429999999999,101.91722222222221,124.81510000000017,115.23778888888889,130.9790888888889
18078302407605126,True,94.04150000000003,112.85448611111109,141.75713888888887,95.32793055555555,141.82504166666666
18052402697530916,True,91.41574999999999,101.79644444444448,125.52705555555558,118.40041666666667,131.12866666666667
18074602030894115,True,81.19137499999998,117.58038888888892,152.15830555555561,130.14534722222223,153.54836111111112
18461260075038276,True,175.36394444444443,184.7029333333335,192.13076666666655,35.53905555555556,193.89365555555557
18060034040425048,True,97.60565277777779,130.10918055555553,151.62768055555566,117.23604166666667,154.43405555555555
17930264019026556,True,65.56165277777778,69.17354166666662,72.87006944444444,29.563930555555554,73.04616666666666
18044349221391923,True,93.92136111111111,97.13476388888888,98.52833333333326,103.55486111111111,117.76954166666667
18116608426590948,True,152.6446250000001,145.54622222222227,133.3522777777777,82.89052777777778,170.3298888888889
17894469627143053,True,124.11983333333337,118.49787500000002,117.52483333333336,43.649972222222225,128.7493472222222
18075614492194744,True,88.34283333333325,133.6152083333333,179.41802777777772,136.31959722222223,180.14104166666667
18083205278359877,True,86.75190277777776,121.19954166666669,133.92712499999993,114.37965277777778,142.87218055555556
17878123329440123,True,91.25582984658305,127.60048814504889,151.88612273361227,116.57504881450488,153.4210320781032
18081539713857609,True,182.92113888888892,199.77574999999993,219.28670833333334,50.174791666666664,219.8046527777778
18044383072971331,True,72.70494444444445,103.52708333333337,134.40290277777783,106.33722222222222,139.13141666666667
17976360002807283,True,119.4817725752509,130.36115942028985,103.26033444816052,116.40289855072464,147.7063768115942
18290330035249781,True,152.26473611111106,146.07229166666664,140.71916666666667,47.434777777777775,158.15116666666665
17869438353495150,True,51.764513888888885,74.03375,110.1213888888888,216.1237638888889,137.3002361111111
18058712095794103,True,97.1267222222222,128.5862999999999,162.0631444444445,131.13307777777777,162.22354444444446
18221617972312388,True,108.55908148148153,132.64214814814812,178.81281481481486,129.45638518518518,180.91871111111112
18042435062058808,True,81.3979,138.7531166666667,177.1951333333333,145.98006666666666,178.56546666666668
18067886707713240,True,88.14486666666669,110.35271666666677,105.19083333333333,96.83018333333334,120.76968333333333
18117078595654894,True,75.2101037037037,99.85229629629626,129.24348148148138,117.21955555555556,130.01961481481482
18081123202778609,True,49.974566666666654,61.232266666666646,85.20186666666659,148.19775,85.20635
17942002557006900,True,74.19776388888894,89.07359722222216,104.29870833333332,104.10420833333333,107.41820833333334
18085431506141580,True,188.3190138888889,188.08473611111148,187.90208333333345,18.414125,191.95522222222223
18083727193691847,True,152.048888888889,145.08902777777791,139.03465277777772,65.0284861111111,162.10602777777777
17926978179256358,True,74.66073611111105,93.11119444444441,95.03269444444446,137.31340277777778,104.95263888888888
17911279109990265,True,108.70579465541492,129.19548523206748,147.40081575246128,94.23862165963432,154.45419127988748
18070562692704366,True,95.0219833333333,101.59548333333335,102.35205000000003,45.91563333333333,106.5207
18117197233673598,True,76.73918518518516,83.66724444444445,90.68170370370369,51.8212,92.68580740740741
18039483890645771,True,64.8782361111111,96.92118055555554,126.91273611111109,144.92218055555554,131.67381944444443
17865958035432717,True,26.784566666666674,39.63248333333336,57.41586666666671,165.83636666666666,57.612883333333336
18076265315548709,True,87.73645833333327,123.29365277777782,160.06422222222236,122.34602777777778,160.2290972222222
17881813761398820,True,61.31306944444442,87.40040277777783,120.02479166666674,135.9845138888889,120.59066666666666
18083219125877907,True,113.86352777777773,152.2898194444444,119.24391666666666,161.17344444444444,178.01366666666667
18323126845127765,True,182.02824120602997,200.43259631490793,221.07041876046904,55.221273031825795,225.10834170854272
18089554403501082,True,163.06781944444444,161.6968749999999,145.37734722222223,72.92609722222223,180.91373611111112
17918956790825788,True,125.19147403685095,151.38603015075395,175.99795644891108,95.31365159128978,180.67554438860972
18068351452948521,True,113.41576763485479,141.80786998616884,153.1040525587829,89.49051175656984,158.44564315352696
18039682628341441,True,52.37981944444444,72.61376388888888,112.20287499999996,155.54418055555556,113.09018055555556
18115348555767435,True,134.17106500691574,146.35439834024885,168.55511756569848,103.86452282157677,185.72899031811895
18057035666681266,True,49.32979259259263,73.10376296296295,100.63451851851855,153.54823703703704,102.83811851851851
18081812348201657,True,119.57410370370374,128.03694814814813,135.55635555555557,73.53592592592592,140.27395555555555
18119915404531628,True,114.71108148148147,140.67451851851854,157.58217777777782,96.90296296296296,166.17574814814816
17864890941548963,True,151.2770074074075,160.11035555555554,163.9953777777779,22.787985185185185,164.25217777777777
18007051676468860,True,126.12359722222219,138.61033333333333,147.5558472222222,42.90288888888889,148.57319444444445
18454563454070394,True,74.79059722222225,63.001361111111095,54.695861111111114,133.51544444444446,85.89170833333333
17876992230426273,True,66.80777777777776,98.89116666666672,80.49959722222228,117.52995833333334,101.62731944444444
17932776669152736,True,109.2024166666667,109.09261111111113,96.81819444444444,87.89870833333333,124.73981944444445
18330773275081209,True,148.87146042363426,138.64094760312153,128.33114827201777,124.5346265328874,179.82216276477146
17844182637530464,True,153.57884722222235,158.1908055555556,155.98111111111112,68.09581944444444,175.61505555555556
18021119294459782,True,160.1557916666666,175.62597222222226,174.52666666666673,46.819361111111114,179.20934722222222
18074265584414647,True,146.96498611111107,168.49794444444439,175.51254166666675,65.52840277777777,185.47020833333335
18130732318461438,True,43.97590277777779,53.02876388888891,64.30647222222225,109.80469444444445,64.4071111111111
18263308054252257,True,142.55786666666677,146.57808888888883,143.96482222222224,31.962411111111113,151.1921888888889
17902311512995257,True,86.78299999999997,99.6449500000001,108.04464999999998,92.53623333333333,117.34863333333334
18115055476413196,True,139.2936388888889,136.74252777777772,214.3532361111111,119.682625,215.88716666666667
18040675124592639,True,138.74956944444452,143.9588472222223,214.46952777777778,95.56594444444444,214.6905972222222
18266218324253641,True,92.47456666666669,111.46818333333339,127.88,95.54233333333333,132.0511
18133187749555273,True,186.9515277777779,188.26216666666656,142.23643055555553,97.19627777777778,198.49416666666667
18064036154348253,True,126.57531851851846,148.70859259259257,167.6543259259259,66.31260740740741,168.4913037037037
18058053409813575,True,109.87591666666664,106.66019999999996,113.1336333333333,134.48856666666666,144.71695
17907417330223407,True,43.30804020100503,65.17793969849248,89.53239530988272,145.83951423785595,90.09053601340034
18099042982704575,True,59.05883333333334,78.65562222222219,104.62794444444448,115.31422222222223,105.17662222222222
18353648194135884,True,73.72783333333331,93.82381111111113,122.59976666666654,119.74975555555555,123.0980888888889
18100969228448645,True,188.33512222222228,187.22683333333333,180.86222222222213,33.50467777777778,194.8679888888889
18094896761020313,True,177.77364999999998,187.80105000000003,179.66965,58.20308333333333,201.19156666666666
17917414743351506,True,164.6762083333333,135.9120694444444,92.48119444444447,134.01495833333334,173.5044861111111
18065605780807929,True,194.3394002789402,214.14482566248248,197.4001255230126,32.16627615062762,215.76665271966527
18029747762709387,True,88.23944444444439,85.8363055555556,96.94344444444451,110.0305,117.01844444444444
17949608885984276,True,47.39939698492463,73.43279731993299,112.37187604690114,165.50045226130652,113.97192629815746
18029362826078070,True,136.0390954773869,165.91333333333338,198.29577889447228,90.45691792294808,198.62797319932997
18178796032374834,True,150.76645833333336,172.25184722222227,192.09854166666668,74.94481944444445,194.44305555555556
18100326142940875,True,160.89334444444447,97.85371111111104,67.43806666666671,159.2256,169.027
17842271634621159,True,144.33986052998605,126.90235704323571,98.38312412831237,92.97783821478382,148.5370990237099
17893796559080963,True,178.44337500000003,182.90097222222224,185.3774305555555,23.91486111111111,187.7528888888889
17889601011244695,True,152.60776296296297,163.68524444444455,156.86789629629612,54.15554074074074,172.13456296296297
18059915183120586,True,56.88701666666665,63.76873333333338,71.05326666666663,68.47378333333333,71.16593333333333
18091825945893040,True,69.73154166666664,82.2840833333334,98.50612500000008,123.39477777777778,101.98352777777778
17861492283378295,True,115.57199999999995,137.0973472222222,150.42684722222234,84.93694444444445,157.48104166666667
17904358080057728,True,197.28576998050704,184.48216374269006,221.25799220272899,48.017173489278754,221.4646783625731
18074246743618145,True,102.75104444444447,136.4331888888891,167.7319111111111,98.2756888888889,168.01544444444446
18094677814569841,True,63.142350000000015,78.61533333333333,79.91144999999999,76.60101666666667,85.42538333333333
18178383769385438,True,112.22153333333335,132.57886666666664,148.79559999999998,87.9802,149.4676
18487312141040289,True,106.15652777777787,111.10838888888892,100.660375,56.39075,113.7345
17880432051418589,True,83.82423988842397,85.74548117154805,91.70647140864719,31.286248256624827,92.60701534170154
18094369339894009,True,55.4536944444444,74.12184722222223,80.03269444444442,129.28418055555557,85.35401388888889
18108696409672139,True,85.4482083333333,117.63447222222224,145.37008333333335,122.90641666666667,149.38719444444445
17992291169460580,True,113.50422222222224,134.63043333333323,169.06902222222217,94.75526666666667,169.16335555555557
18185334538347126,True,96.07705000000006,121.86929999999998,158.3471666666667,120.9218,160.79185
17901389790196836,True,164.97765277777782,182.3227222222222,200.54929166666662,51.39655555555556,201.1193888888889
18009426407352160,True,138.61837777777782,142.2319888888889,147.85266666666683,36.53101111111111,150.35545555555555
18038422174728512,True,134.8086222222222,137.7615,137.3405444444445,25.353933333333334,141.6583222222222
18068777513313228,True,203.9020247933884,153.72972451790642,74.1937603305785,169.92669421487602,207.51798898071624
17871282189252668,True,39.675983333333306,60.075433333333336,91.2681333333334,159.459,91.52693333333333
18159952390448985,True,67.33141666666666,87.83239999999998,111.08741666666666,146.81085,119.26905
18090943172185275,True,93.50212499999999,139.12940277777776,167.9970138888888,123.99388888888889,170.48516666666666
18062537890843759,True,114.3516666666666,153.68818055555565,104.51609722222231,125.66109722222222,155.66179166666666
18114747355628672,True,150.87811111111117,173.85227777777774,135.89715277777773,59.00106944444445,174.86708333333334
18194047885352545,True,127.41023611111113,142.31176388888886,175.39868055555547,81.33147222222222,176.8684722222222
18072730303601863,True,136.01074999999994,130.29666666666665,128.81203333333335,71.32318333333333,155.25391666666667
17990667545683337,True,66.75888888888889,87.83633333333327,117.91838888888887,137.77655555555555,121.00648611111112
18085477024929721,True,113.73084722222227,119.65429166666667,122.93973611111115,30.143763888888888,125.50548611111111
18004404980767331,True,97.1060444444444,106.88131851851848,113.10241481481486,93.15515555555555,126.38377777777778
17920985175125772,True,113.83663888888877,136.1791249999999,159.279263888889,85.15213888888889,159.71673611111112
18075707218500341,True,35.53459722222224,71.77261111111112,116.36906944444445,194.97654166666666,116.40098611111111
17974496579742645,True,152.20066666666682,156.44638888888895,144.31988888888887,51.432788888888886,162.67301111111112
18056750083731185,True,172.1861474036851,172.0571189279732,149.88403685092115,81.6303852596315,189.94638190954774
18289198711094320,True,179.7699555555555,181.3345444444445,184.47722222222225,16.80642222222222,187.62688888888889
18111434668676511,True,53.93669444444447,79.77851388888888,107.07984722222221,146.37195833333334,107.27991666666667
18053046008342457,True,78.4012916666667,62.536375,78.35312499999992,136.182375,91.71863888888889
18463619407042281,True,101.58937777777771,150.8487888888889,124.00882222222222,121.21942222222222,155.00277777777777
17998817363736424,True,162.99405555555555,161.09026388888884,145.86287500000006,82.15545833333333,179.45709722222222
18050064782170372,True,111.72652777777782,116.1733611111111,118.98094444444442,69.04895833333333,129.32044444444443
17956125281815628,True,181.48453333333327,155.4455666666667,128.33346666666668,99.61278333333334,193.38935
18032025416401470,True,141.60290277777784,151.2009444444445,158.78119444444442,51.27158333333333,162.59722222222223
18286864825262964,True,177.36873333333324,185.7549500000001,208.0393666666666,48.28808333333333,210.09896666666666
18025995224605400,True,73.16853388658373,92.75479944674959,100.24197786998614,106.5034163208852,109.5810235131397
17868414936399306,True,106.95066666666666,107.05536666666661,141.68443333333343,113.36718333333333,142.77798333333334
17981530895779794,True,72.58523333333333,76.54646666666669,71.72698888888887,115.30243333333334,88.48634444444444
18017991617322820,True,130.64621440536015,128.47661641541038,112.59134003350087,97.31031825795645,150.0073366834171
18447012721057878,True,45.94219081272086,64.94967020023559,77.18080094228505,124.31234393404004,82.55679623085983
18072214501789482,True,54.305533333333344,92.8727500000001,117.2759,152.95866666666666,123.70446666666666
18025775357363986,True,107.31692222222225,114.67079999999987,116.72239999999994,62.08533333333333,126.9683888888889
17907608313223282,True,200.19104166666673,180.36261111111116,158.66979166666673,88.94652777777777,215.35197222222223
18002886311647165,True,79.26423333333337,110.23301666666661,132.1159,132.60585,133.18516666666667
18099205742493472,True,65.89263392857143,149.4611458333332,189.92444940476202,173.04002976190475,190.59178571428572
18077639846102317,True,92.01266666666672,86.62123611111107,82.14833333333328,42.324263888888886,94.31933333333333
17987004896648974,True,109.98745833333332,130.6169027777778,150.16768055555545,98.20869444444445,153.6905
18018577859512891,True,120.98170370370367,142.76722962962958,118.9046962962963,127.75807407407407,160.5303851851852
18039777302361197,True,134.9926666666667,123.39213888888882,109.76408333333335,112.64956944444444,153.54581944444445
18369465205193949,True,50.9494166666667,66.63284722222215,95.61494444444445,141.02769444444445,97.28026388888888
18143735464497979,True,137.2889305555555,139.6068888888889,129.79190277777778,78.22918055555556,152.6886111111111
17855858622482667,True,98.7645488029466,119.94418047882134,147.53852670349912,95.36510128913444,149.28136279926335
18073416932260302,True,107.69971666666653,120.48844999999987,121.22838333333326,126.49766666666666,141.99353333333335
18042580403065764,True,40.23731666666669,64.80215000000003,61.51463333333332,158.9569,70.91231666666667
18050241106733896,True,177.46903333333336,150.92768333333328,122.1142166666667,93.02768333333333,183.76366666666667
17989919090549091,True,186.72791666666652,184.111611111111,166.99181944444445,64.58731944444445,200.04218055555555
17883480600541335,True,67.47930555555557,90.6811111111111,97.0299305555556,90.94669444444445,98.28990277777778
18146852107470563,True,154.4220333333333,170.37336666666678,185.6818,45.971983333333334,185.6889
18072114805488773,True,132.73598198198187,143.18974774774773,153.30374774774774,56.955243243243245,157.41264864864866
18038940260470831,True,112.11787500000007,122.44643055555557,118.17091666666668,60.54473611111111,127.21534722222222
18128908912575017,True,89.47373534338361,107.18850921273034,123.76911222780572,94.8932663316583,125.33251256281407
18051658841058988,True,121.49577777777777,113.74225000000007,119.680111111111,124.90131944444444,151.73956944444444
18445304059114573,True,168.08445833333343,141.56955555555552,105.82436111111112,109.849875,175.44688888888888
18061398925549636,True,97.08730318257962,109.15366834170848,100.55462311557801,103.20958123953099,124.09294807370185
18434174431138150,True,149.38684444444445,161.44499259259257,178.37657777777767,64.6690074074074,179.29742222222222
18021436487347093,True,52.278955555555584,75.95408888888895,92.26454444444447,136.41226666666665,92.27412222222222
18074248642477876,True,165.71844444444443,157.6481481481481,143.24054814814824,67.06177777777778,173.55197037037038
18033439316114362,True,196.0195694444444,200.48945833333318,200.5886666666665,17.245472222222222,204.20559722222222
18075880061084047,True,133.95300000000006,155.24665277777783,172.20683333333324,70.47669444444445,177.39256944444443
18036748607079694,True,139.93713888888894,155.4302916666667,124.58988888888888,99.72202777777778,168.41141666666667
17959422138024546,True,54.505652777777776,60.74869444444448,67.7564861111111,187.16102777777778,95.28126388888889
17974407554825373,True,74.68810370370367,100.26109629629623,119.48376296296296,113.62085925925926,119.88383703703704
17997514028583965,True,144.66955555555552,167.25034722222233,167.8277083333334,45.14952777777778,173.3540277777778
18314208346219565,True,161.69006944444445,126.0765694444444,110.27358333333332,113.0729861111111,163.2227638888889
18061917086481165,True,157.40344444444426,131.19199999999998,108.17368055555549,98.106375,162.68045833333332
18065920316150620,True,54.42261111111112,54.62102777777775,61.6065138888889,76.76283333333333,65.02541666666667
18462407230015017,True,93.22069999999998,110.77581111111104,132.34361111111107,103.15043333333334,132.4292
17880667659213546,True,204.12947777777777,154.8300777777779,104.3889999999999,136.70822222222222,209.9475111111111
18167085430415001,True,87.89478888888894,79.27988888888892,124.75854444444444,135.81137777777778,142.4918
18088736078590031,True,102.07423703703698,117.1266814814815,162.1910074074074,111.12131851851852,162.34588148148148
18055771556331866,True,126.7097499999999,129.82466666666664,134.2809722222222,58.61201388888889,143.40880555555555
18077013656404745,True,57.317305555555556,64.85334722222227,64.52233333333332,80.17293055555555,70.33959722222222
18060582307568844,True,114.32842222222224,121.30958888888883,119.73664444444451,71.45094444444445,130.3129888888889
18067560943668389,True,146.4843888888889,167.6651388888889,182.5394583333335,60.56451388888889,182.62420833333334
18049125011613533,True,214.40658333333343,217.29388888888892,204.58483333333334,37.62756944444445,224.19581944444445
17908124313196941,True,103.50234722222224,136.6286666666666,162.13466666666662,98.32161111111111,163.39777777777778
18435018103021349,True,107.66037499999999,133.88733333333332,163.78730555555552,98.26315277777778,164.38981944444444
18045806740828577,True,171.85981574539363,159.85257956448913,130.51584589614743,88.09750418760468,183.62777219430487
18099510334975934,True,104.39269444444444,80.13865277777774,85.41083333333334,144.23269444444443,129.46425
17946187221040839,True,75.67255555555558,98.67266666666673,131.6156388888889,121.17709722222222,132.03352777777778
18009490604541532,True,102.12265277777782,150.04665277777772,194.9004722222223,133.19183333333334,196.95276388888888
18007803389812734,True,46.59282962962965,78.77471111111109,104.81712592592595,140.30788148148147,105.22183703703703
18023104643606110,True,171.05340277777773,174.15061111111103,174.67884722222215,31.689805555555555,181.5990277777778
18005640794888264,True,122.96794074074069,136.26520000000008,147.50808888888892,70.18392592592592,155.80942222222222
17845406388569742,True,162.4134518518519,168.74484444444445,160.82460740740737,32.99488888888889,169.80503703703704
18063650921162070,True,69.65359722222222,89.23359722222219,113.3839722222222,102.71083333333333,114.84838888888889
18082314715940185,True,99.50083333333336,118.57038888888877,145.7590222222223,124.5155,156.23063333333334
18035780425956576,True,91.38140703517577,157.6705695142379,210.28877721943047,144.68273031825797,210.38643216080402
18131088850456257,True,82.13901388888891,103.5882916666667,129.160375,120.51463888888888,129.96247222222223
18054396572129062,True,149.0542361111111,157.20186111111104,164.39945833333317,60.52786111111111,173.22063888888889
18057664340135069,True,72.35548611111113,92.73598611111105,119.64222222222223,136.53266666666667,119.66891666666666
18027980066018445,True,114.28830555555554,125.9117361111111,118.30813888888888,66.42570833333333,133.98718055555557
17920935372092190,True,107.97572222222223,138.01737500000002,158.5554444444445,110.08954166666666,158.9151527777778
17922720048010052,True,140.6450074074074,147.2927851851852,150.8856,72.88591111111111,168.7863851851852
18100696307400533,True,158.01056944444437,140.44868055555554,112.2568333333334,104.55077777777778,171.07722222222222
17855999088619231,True,156.6127083333333,117.18477777777778,99.15715277777775,122.2755,157.18465277777779
18131579095562804,True,86.33445833333334,100.79804166666668,102.91613888888885,75.93033333333334,105.84859722222222
18008297273644283,True,194.34358333333327,131.11774999999997,99.32145833333335,126.70413888888889,200.07320833333333
17926738700992698,True,151.02076666666665,144.43820000000008,125.82076666666667,73.4068,157.87938333333332
18117799660436676,True,163.18297222222222,181.79226388888895,178.97886111111117,61.26515277777778,190.05984722222223
18197478967356809,True,90.44940277777782,97.30862499999999,131.2708611111111,134.8005,146.7445277777778
17977100231863987,True,127.4964305555555,126.60120833333332,132.43601388888885,66.999875,147.4337361111111
18060487973187349,True,123.24301111111114,155.73062222222225,184.9503888888889,99.81922222222222,186.51793333333333
17859090507144488,True,122.93675041876044,114.25844221105532,111.66879396984929,44.884556113902846,124.66948073701843
17919002061344287,True,168.40470262793914,153.10632088520057,117.47619640387276,108.29417704011065,174.04147994467496
18049623568844593,True,104.13155555555558,132.49454166666666,156.23215277777774,96.01576388888888,156.48319444444445
18033148856535942,True,132.8774305555556,151.32905555555558,117.57116666666667,106.13801388888889,159.82075
18033302849372541,True,153.93922222222224,155.4951388888889,146.93697222222215,62.54541666666667,166.82358333333335
18046111430181498,True,181.087888888889,196.04144444444455,202.9783194444444,36.79259722222222,205.85119444444445
18085777552705941,True,148.42780740740756,180.68017777777766,187.21580740740728,98.49674074074075,205.02087407407407
18101767741986863,True,148.6658715325595,180.96044412748367,199.11808971080072,76.9763550068857,203.13577119811134
18101215574067059,True,133.18744444444448,146.39152222222222,177.33351111111114,90.56181111111111,184.8382777777778
17877974466283406,True,41.73840277777779,81.22572222222219,102.94281944444444,174.71922222222221,105.99490277777778
18118343542457728,True,189.94152777777788,196.77188888888875,199.6352916666666,31.58063888888889,205.75395833333334
17961892109892066,True,90.19316666666668,75.21706944444446,65.5890138888889,104.26218055555556,95.82154166666666
17890651755298920,True,163.7511805555556,165.55079166666675,132.28324999999998,76.97573611111112,174.65954166666666
17929977092906366,True,149.06523611111106,139.7335555555556,134.42293055555552,56.50486111111111,159.68420833333334
17979377477847445,True,154.96967777777775,182.9611111111113,204.01363333333327,70.13922222222222,204.01378888888888
18057517843626523,True,187.74410385259634,191.65470686767193,191.04711892797326,12.494338358458961,194.7495309882747
18063561098355651,True,126.36848611111103,135.5394305555556,139.20519444444443,63.677597222222225,148.34584722222223
18064916048053132,True,68.70769444444447,114.63068055555556,139.8938611111111,135.02541666666667,140.72206944444446
18106147810903973,True,107.88223152022321,104.66456066945611,80.70794979079504,100.59370990237099,123.83136680613669
18052242884127711,True,108.14177777777773,87.08462500000002,58.49598611111116,147.0704027777778,117.35480555555556
17958800786865829,True,108.21515000000002,110.21128333333337,123.20890000000011,67.86363333333334,128.69248333333334
18096572687317794,True,81.92704166666668,93.57505555555556,98.76508333333341,73.47493055555556,102.821625
17904127317036251,True,155.17874999999998,150.85084722222214,123.86969444444432,71.94379166666667,158.2168888888889
18088970347557566,True,159.1137688442212,156.3739028475713,131.4426465661642,97.9760971524288,176.73393634840872
17993155004728597,True,57.30044444444443,77.40955555555554,97.31749999999998,120.70959722222223,97.49798611111112
18138708655460329,True,68.45927777777777,75.76091666666665,69.95105555555557,71.911125,81.23655555555555
18355184389232491,True,164.88247407407405,193.80149629629636,205.61576296296298,76.49308148148148,216.54361481481482
18076993691265937,True,36.48431944444444,70.53919444444436,124.73551388888892,181.433625,124.75740277777778
17871689787358092,True,100.12806944444444,137.02477777777776,172.38268055555548,112.73980555555555,172.53004166666668
18040428680685380,True,65.27350000000004,78.93929166666673,92.61527777777772,93.940125,92.83598611111111
18064451933668707,True,143.53366666666662,166.68914999999996,193.88356666666664,85.95436666666667,194.0084
18053333372276930,True,169.19424999999998,179.00704999999988,185.8640333333333,40.596183333333336,191.68226666666666
18287716735251762,True,149.10263888888878,156.7730694444445,167.65719444444449,70.94597222222222,178.41633333333334
18129102076564222,True,122.23710485133027,162.83754303599378,151.68374021909233,96.72804381846635,183.16109546165885
18013431968074203,True,156.98917922948073,170.6274706867671,188.00844221105524,49.2421608040201,188.02827470686768
18062007062127813,True,155.33759722222217,171.62286111111118,183.48902777777775,46.69540277777778,183.9032638888889
18486378700025409,True,72.77681944444448,83.35055555555556,92.13602777777777,66.06281944444444,94.29968055555555
18079161839075874,True,123.25741111111107,139.0007555555556,101.47250000000001,132.23176666666666,158.71975555555557
17952872171850605,True,173.04208333333324,179.33390277777787,187.67243055555548,40.81956944444445,192.297
18468567058046473,True,66.50904166666668,66.8819583333333,56.349124999999994,160.38216666666668,76.80605555555556
18056026718442161,True,114.35113888888894,119.25790277777767,141.78629166666659,65.65541666666667,141.88908333333333
18068262193717395,True,165.23844444444455,166.81363888888873,161.79397222222218,59.94918055555556,181.76619444444444
17944439460047550,True,46.12478174603175,69.35670634920633,102.13759920634915,153.42982142857142,103.43589285714286
18119238616472720,True,160.5370833333333,144.51415277777772,133.6450833333334,83.72673611111111,176.04040277777779
17893087482265396,True,170.13136111111103,173.69541666666663,165.89872222222232,43.602402777777776,183.03259722222222
18093159031748035,True,127.82107883817422,133.86313969571233,148.74416320885206,90.46334716459198,160.56511756569847
18115404700606467,True,120.53705555555547,120.13773611111111,99.7627361111111,66.47672222222222,126.4792638888889
18006189473589745,True,97.01543055555553,115.12756944444446,129.29941666666667,72.95109722222222,131.93641666666667
18089098103118084,True,150.32451851851857,172.0730962962963,219.05339259259267,91.7178962962963,221.50647407407408
18088658068467462,True,142.2287083333333,133.83970833333333,130.5429722222222,52.87543055555555,146.972625
18099015802812756,True,123.22894444444435,138.8603444444445,172.0776666666666,89.88094444444444,172.83943333333335
18318542419286391,True,175.24871021775533,194.0761139028476,220.8646566164154,70.38494137353433,221.01651591289783
18485327629009822,True,127.13007777777774,132.2083666666667,111.24164444444445,94.51362222222222,145.66623333333334
17965974831058518,True,112.25525000000003,112.65509722222228,113.30652777777776,63.42666666666667,122.827
18030971720216191,True,101.02461111111111,118.47595833333327,127.82438888888892,69.38,139.84640277777777
18075627542494579,True,133.24616666666665,139.78649999999993,148.96792222222211,55.20437777777778,154.49432222222222
18086419354642715,True,133.16051388888886,139.5011527777778,132.04840277777774,78.12977777777778,153.18829166666666
18588325984003024,True,160.08558333333346,150.12241666666677,225.58043055555552,99.37470833333333,228.0118611111111
18095993740419653,True,106.82284444444444,121.21962222222217,147.3367444444444,97.07096666666666,147.99243333333334
17938412618942913,True,24.85147222222222,34.85399999999998,66.98220833333338,141.03690277777778,73.31716666666667
17870120436085958,True,92.54246231155773,114.1854271356784,126.8238023450587,89.84859296482412,129.1175879396985
17872568865444651,True,93.6018333333334,79.48949999999999,68.30894444444445,176.77820833333334,118.42065277777778
17895493749474727,True,215.81886097152434,206.46135678391968,186.73085427135698,41.284891122278054,216.5561474036851
18087890843339797,True,154.59931659693166,134.87994421199448,99.56390516039052,113.94825662482566,164.8189260808926
18353692351178836,True,93.02341666666665,111.33881944444444,152.5149861111111,99.721125,153.34769444444444
18094585852721431,True,109.82631944444442,102.18916666666665,121.8330972222222,74.13404166666666,129.7283888888889
18140512078469475,True,115.74174999999991,108.92251388888891,97.60756944444451,71.5213888888889,123.63451388888889
18248031454280705,True,167.8241708542713,195.2623785594641,229.89562814070348,69.72065326633165,230.06785594639865
18466743169077054,True,102.69740277777777,110.1585833333333,125.64284722222214,96.01488888888889,134.49804166666667
18073631038663499,True,105.474513888889,76.37361111111109,55.88473611111106,174.8751388888889,123.12243055555555
18070757330137026,True,103.3657777777778,118.10938888888887,134.2371527777777,81.36365277777777,139.83120833333334
17999179535912182,True,34.907303703703704,61.88482962962963,77.24416296296297,160.64041481481482,78.37201481481482
17882134497446488,True,132.94655555555556,114.5974861111111,118.27833333333335,88.77772222222222,139.5605972222222
17880822180294636,True,157.3425999999999,138.6913000000001,115.53488888888884,103.5201,166.15921111111112
17864595048535140,True,146.12909999999997,158.35371666666646,157.71514999999988,65.35671666666667,170.81475
17872459713583682,True,147.34171851851852,132.83856296296292,132.3529185185186,81.50419259259259,162.19371851851852
18121303873329722,True,176.30030150753765,182.4241038525965,183.10902847571182,30.390536013400336,190.70755443886097
18039228404662242,True,161.53911111111114,157.9090138888888,138.96637500000006,84.74748611111112,173.48179166666668
18147255013449643,True,46.70449852507374,63.35526548672569,83.84218289085548,136.68262536873155,84.00025073746313
18072509491720442,True,64.36855555555553,63.0103888888889,93.75302777777773,130.64259722222224,102.01130555555555
18055025668748374,True,100.79626388888896,136.3500416666666,150.0075972222222,160.6410138888889,184.06397222222222
17866368723120767,True,88.22884422110549,127.14291457286434,155.90964824120607,123.79134003350083,155.9683417085427
18012831653800673,True,69.12185555555553,69.24246666666667,71.10460000000005,128.9234888888889,90.43824444444445
18108712441856858,True,59.327311111111094,75.73112222222217,59.05042222222221,87.44998888888888,79.1984
17934960447147448,True,154.78949999999998,161.50175000000007,171.60686111111102,34.75813888888889,172.23504166666666
18106406129503258,True,147.238725925926,118.75371851851848,85.75629629629634,132.45877037037036,159.15365925925926
18080917282693700,True,101.27031944444444,115.77144444444444,132.5274166666667,110.27530555555556,142.22644444444444
18078323869642188,True,183.68668148148146,175.97595555555552,164.1835703703704,52.98434074074074,193.12957037037037
17985263024955853,True,85.78430555555558,107.2089861111111,119.94631944444441,109.38926388888889,131.0895
18054324860392124,True,80.56630952380955,89.3126388888888,78.89819444444441,81.2585119047619,94.51873015873016
18084262726846885,True,124.42713888888882,143.2939305555555,155.69952777777783,66.61181944444445,158.12673611111111
18064041367794482,True,150.0651444444444,157.88408888888895,167.05348888888886,36.067166666666665,168.88882222222222
18125582356446509,True,167.1714666666667,181.24493333333325,183.01771851851848,28.69562962962963,185.33428148148147
17909793369139140,True,152.516,141.93187499999996,119.67305555555559,105.73883333333333,167.25502777777777
18026031842763143,True,83.38705014749259,119.27943952802359,152.0142182890855,147.52678466076696,152.407005899705
17867470827104954,True,109.57457777777779,94.96757037037031,46.13542222222221,179.36345185185186,117.14275555555555
17877705291219626,True,100.09808333333332,112.35209722222221,123.00794444444445,57.77968055555556,125.83779166666666
18230198500309649,True,184.27816666666678,165.8946805555556,121.55443055555563,87.735,185.2882361111111
17952709520739013,True,195.15071666666668,196.01446666666686,201.15198333333342,14.573433333333334,202.94681666666668
18041192156384053,True,205.16038888888886,179.0521805555556,151.309375,72.72604166666666,207.76909722222223
18075872173926251,True,174.59832495812398,189.6757453936348,201.01927973199318,42.84753768844221,201.9633165829146
18158566504424134,True,97.77199999999998,145.64143333333337,183.03369999999993,123.03245555555556,183.42794444444445
17876331513590726,True,201.69386666666674,214.48226666666662,223.18266666666656,31.575511111111112,224.6997037037037
18083130853485705,True,145.99099999999999,145.5560888888888,124.15304444444439,134.17154444444444,182.71156666666667
17868185394127401,True,179.81712500000003,149.27162500000006,113.44729166666669,173.99931944444444,228.89947222222222
18091932400654144,True,126.08031944444444,129.95572222222216,138.43331944444446,91.0970138888889,153.79780555555556
18375899368133550,True,166.0835138888889,163.4711805555557,159.8185277777778,43.96658333333333,175.531125
17934036591235788,True,141.94151067323486,141.87431855500816,143.39036124794745,42.64060755336617,153.86674876847292
18030710699407080,True,56.349622222222244,62.69815555555553,70.78031111111109,86.39094444444444,74.65933333333334
18176506513336986,True,116.76791666666666,135.09240277777775,138.79811111111113,61.671194444444446,144.2732638888889
18084816118972184,True,98.27005555555563,121.27045833333335,106.00976388888891,100.85530555555556,126.75909722222222
18143310382498330,True,161.91645000000005,161.91645000000005,161.91645000000005,0.0,161.91645
18033077843100587,True,122.93675041876044,114.25844221105532,111.66879396984929,44.884556113902846,124.66948073701843
17861175540491044,True,169.13475555555567,175.4031851851851,165.74681481481483,19.299274074074074,175.552
18114441967473360,True,89.83893055555554,108.32306944444446,131.74074999999996,94.77506944444444,132.3791388888889
17903661879347067,True,154.93161111111107,152.38268055555554,161.70858333333322,51.54708333333333,168.27406944444445
18008443508567058,True,83.42972222222222,130.64766666666674,168.25259722222225,136.44005555555555,168.42916666666667
17977415624847753,True,148.5344444444445,151.16820000000004,149.61346666666665,55.57381111111111,163.94018888888888
18052803929284913,True,105.62931666666667,106.47776666666681,108.21598333333331,54.31563333333333,117.86568333333334
18042548063537639,True,106.75583333333338,132.15141666666673,152.01504166666666,85.011125,152.05666666666667
18351088378135468,True,123.85489999999982,132.33962222222226,106.2599222222222,107.47096666666667,148.9358222222222
18073432781105963,True,81.95070833333332,97.46983333333333,104.05093055555552,86.269375,110.77801388888889
18036712084863997,True,200.6598340874811,199.9674057315234,196.9517194570135,39.3952036199095,212.54285067873303
18327247804227302,True,106.01412500000008,72.3980138888889,68.93374999999999,184.42322222222222,136.5274861111111
18100063780619234,True,130.2799305555556,162.8159583333334,173.5723611111112,98.87375,183.6327222222222
18045788801370621,True,68.19038888888888,65.1726388888889,82.62344444444446,90.61666666666666,85.432
18356545573188454,True,52.85534999999999,80.61563333333334,98.16729999999997,140.1254,98.68981666666667
18000028097317657,True,73.35220740740739,96.50583703703708,113.2850814814814,104.44497777777778,120.89291851851851
18441035584047332,True,84.9160148148148,114.04551111111115,134.8695259259259,104.33771851851851,138.57727407407407
18006429143341960,True,143.61538333333337,121.88405000000006,79.68301666666669,194.1166,185.64413333333334
18430210159097799,True,146.66050000000007,156.2318611111112,175.4968194444445,83.09645833333333,186.17608333333334
18118609030426162,True,133.92393333333322,141.37493333333325,159.87606666666682,55.309977777777775,161.7641111111111
18327592126216328,True,171.771263888889,182.27183333333335,181.71477777777773,43.493069444444444,190.40129166666668
17857310430346075,True,63.97219444444442,71.62445833333335,84.56184722222228,82.90593055555556,87.13859722222222
18088432517275499,True,50.13444444444446,55.715013888888855,106.9137222222222,185.07141666666666,106.94156944444444
18392826673097079,True,78.67777777777778,96.56418055555564,115.16522222222224,100.37097222222222,115.61888888888889
17918653389235184,True,112.40293055555551,112.63818055555559,108.38604166666667,68.49055555555556,123.90055555555556
18034520669428194,True,172.04589999999985,163.39386666666667,212.4093666666665,69.80076666666666,214.003
18095013487510011,True,128.92805555555552,142.0676805555555,162.96116666666666,77.90590277777778,167.47386111111112
18056095664655671,True,70.16598888888889,97.0471444444444,144.4580111111111,142.0766,144.8099
18035939480130317,True,137.84776388888895,149.06272222222222,145.04401388888894,39.70081944444444,152.2805
17852801157651403,True,68.43308333333333,96.13669444444449,148.05520833333327,151.15555555555557,148.71395833333332
17927881104085848,True,85.31376296296293,97.30534814814816,113.42851851851852,83.55955555555556,114.4388
18025068869396102,True,181.12423333333348,183.71473333333336,200.77898333333334,46.96378333333333,208.77625
17909647794344350,True,103.62429166666666,133.9776944444444,128.18919444444444,79.0495138888889,143.37251388888888
17874264792475062,True,122.18750000000006,141.96773611111112,157.5543749999999,85.31927777777778,161.069625
18093721720554562,True,105.87689170182837,125.81672292545714,147.87070323488035,77.84383966244725,148.66272855133616
17849950137578162,True,197.44566666666657,186.8346944444444,181.35275,34.47419444444444,202.75788888888889
18062796692081607,True,73.96811111111116,84.97852777777773,118.90316666666658,112.47930555555556,120.44115277777777
18062180807402894,True,108.1019386331939,127.80656903765686,144.36675034867508,73.65984658298466,144.71617852161785
17879408120966045,True,107.46888888888887,131.87991111111106,126.89035555555566,79.78438518518519,140.04234074074074
18073395680028283,True,77.14915857605179,55.62982200647251,71.68006472491908,129.34564724919093,91.82891585760518
18017501960368759,True,148.28979899497475,145.19897822445563,111.48321608040203,90.94281407035176,150.43901172529314
18042491552495718,True,111.22376296296298,127.84392592592602,137.88562962962973,65.81832592592593,141.86222222222221
18224342614285977,True,146.73845896147415,170.83782244556122,148.9504522613066,85.40400335008376,179.09956448911223
17902339383139330,True,103.86494444444449,115.94451388888889,124.4798055555555,67.67345833333333,124.65101388888888
18087919997273460,True,99.8943888888889,123.03772222222219,147.69369444444453,92.0105138888889,148.04125
17863900665455390,True,103.55269911504426,132.72407079646027,163.93607669616512,107.7759587020649,164.87535398230088
18454140961104474,True,71.04437669376698,86.62131436314358,109.48262872628727,110.83280487804878,110.74123306233062
17953156427865265,True,159.49838174273853,129.69721991701255,93.50799446749653,111.33934993084371,161.4942185338866
18117961717594780,True,114.5203555555556,146.19746666666657,156.30013333333335,82.63877037037037,159.61562962962964
18110726203566918,True,184.14054393305435,158.13128312412837,136.02776847977677,90.65517433751744,196.6697768479777
17913856626054961,True,57.67734999999997,63.97436666666666,71.58338333333333,67.11485,71.66273333333334
17987023598742308,True,158.71199999999993,164.33522962962965,151.06773333333336,26.116474074074073,164.5168888888889
18481544173047099,True,119.74216666666669,132.3962361111111,135.78737499999997,81.61354166666666,149.94168055555556
18038705680950866,True,131.99382154882161,151.42616161616164,168.87888888888892,82.65506734006733,177.80656565656565
18348114505240240,True,72.15752777777784,98.77772222222224,109.30255555555559,137.92569444444445,119.21470833333333
18168509788336336,True,152.6148333333334,127.80123611111112,107.44395833333341,102.21529166666667,160.94802777777778
18063391112230362,True,143.01051388888894,134.2155277777777,118.88579166666668,95.06075,156.55209722222222
18079511620469972,True,170.31436111111125,178.64195833333332,181.9196111111111,27.25484722222222,183.65008333333333
18095990068918901,True,70.44355555555556,96.98029629629622,120.74007407407409,115.75774814814815,121.18825185185185
17907547866239074,True,24.511896296296307,49.22291851851854,73.655837037037,163.52948148148147,73.73718518518518
18119667481564884,True,39.93569321533923,50.362241887905576,69.36314159292036,165.16648967551623,74.7898820058997
18323587336174700,True,114.72625000000004,90.21836111111111,67.2644027777778,115.2130138888889,117.81030555555556
18070870163201881,True,42.827861111111105,67.74708333333334,98.66508333333344,164.01916666666668,99.14297222222223
18094990904140418,True,128.28760000000003,121.89185000000002,116.33978333333333,57.07313333333333,135.68066666666667
18015474800360934,True,136.33548333333346,186.38970000000012,199.08943333333337,89.74371666666667,201.06245
18029633110919405,True,109.40326388888886,121.52719444444446,135.1185277777779,109.33102777777778,152.26829166666667
17935277940217435,True,139.4693194444445,127.55920833333336,111.21266666666666,79.20206944444445,148.2861111111111
17954018010088607,True,89.2837222222222,132.37080555555556,183.46062500000005,138.33504166666665,183.48327777777777
18106415942496725,True,44.689111111111146,59.71975000000004,106.67183333333328,143.91563888888888,108.18291666666667
18072227246243058,True,163.1208666666667,174.49348333333344,170.7489833333333,45.33643333333333,181.23993333333334
17954511290972832,True,145.4058370370371,105.51848888888894,81.21355555555556,211.38508148148148,194.67035555555555
18011914373414312,True,119.67921273031813,139.2477721943049,159.28031825795642,82.36100502512562,159.70316582914572
18111603241725852,True,51.05981868898188,53.100083682008396,55.36963737796374,74.45927475592748,62.40276150627615
17893213866310739,True,46.632819444444415,97.25094444444444,155.94283333333334,181.5667222222222,156.20934722222222
18061782083217846,True,115.87026388888893,126.28470833333334,178.93688888888911,102.48188888888889,179.01419444444446
18100571483008208,True,120.51818055555556,149.1871388888889,167.0218055555557,85.25498611111111,168.94266666666667
18065758937352555,True,131.73101388888884,144.84375000000003,148.90815277777784,56.75347222222222,156.5085
18062626979542677,True,118.88462500000001,136.9435833333334,176.7388333333333,116.27408333333334,180.75156944444444
18427901851049409,True,177.46903333333336,150.92768333333328,122.1142166666667,93.02768333333333,183.76366666666667
18059466359410952,True,132.8436444444444,205.38008888888896,194.0606666666667,107.71342222222222,212.77414444444443
17982552488717906,True,51.36651666666664,53.34703333333334,61.69475000000002,68.51646666666667,67.7188
18311757286152768,True,134.39836666666667,147.61000000000004,155.2635166666667,62.19148333333333,159.5046
18073335014575876,True,127.6262916666668,148.90516666666673,155.89274999999995,55.193222222222225,162.0667222222222
17988319694896181,True,64.18536111111115,48.77526388888891,46.74675000000005,140.50009722222222,74.52806944444444
18110911300493552,True,119.09263888888887,135.12431944444444,149.94674999999998,68.919125,151.91322222222223
17953967186948712,True,139.27555183946504,126.30868450390187,96.1344816053511,126.18338907469342,157.87296544035675
17960332374077264,True,197.7049027777777,164.89452777777785,129.29693055555558,89.0682361111111,197.71497222222223
18026718740427785,True,40.36592964824121,63.34371859296485,73.5865159128978,113.51474036850921,75.95676716917923
18096790874086339,True,105.7827777777778,106.43616666666675,156.62080555555556,96.90408333333333,157.1676111111111
18041794826742851,True,146.71690370370376,159.38186666666667,153.46908148148142,47.023407407407404,162.2418962962963
18093870490966815,True,170.8121388888889,153.14265277777776,121.67370833333332,85.2816111111111,174.68356944444446
17892108318285936,True,112.11730555555556,109.31120833333334,115.18797222222226,42.94133333333333,121.87877777777778
17881659912521451,True,120.54779166666665,150.41199999999995,160.7686527777778,80.6511388888889,164.422375
17857857132456854,True,104.12279761904759,108.95285714285716,109.23301587301583,42.004265873015875,111.22188492063492
17926467812907212,True,170.54411111111116,166.22581944444428,163.52898611111112,33.79425,174.82359722222222
17843399379511328,True,54.69251388888888,87.38877777777775,118.41697222222226,150.65427777777776,120.98904166666667
18052465883212507,True,167.64685000000006,170.96410000000003,156.75238333333346,84.40606666666666,189.96363333333332
18068725726998297,True,193.62636111111124,212.83169444444448,198.57809722222234,32.73902777777778,216.25472222222223
18055495517224034,True,121.24268055555565,138.27337500000004,144.7904166666667,122.46509722222223,173.86448611111112
17989773710800240,True,89.86556944444445,95.9735694444445,105.57094444444446,170.59926388888888,147.7388611111111
18396335428117245,True,43.21924999999998,56.088444444444484,86.35897222222223,168.4069861111111,88.22901388888889
17930714681787115,True,103.47931944444439,114.52144444444443,146.6695972222222,132.7235,163.57843055555554
17924785338236415,True,107.73704166666658,123.97716666666663,141.23527777777772,78.33115277777777,144.58395833333333
18098126003081719,True,118.33518055555552,143.8950694444444,177.65486111111113,101.08395833333333,178.52247222222223
17881208244538449,True,49.11112500000001,59.410597222222215,73.85723611111118,104.4175,76.60766666666666
17940330671966770,True,133.1061984392418,149.82092530657752,151.81157190635454,115.03272017837236,177.2979375696767
18067576358148378,True,87.2758,102.95144444444449,124.54097777777783,104.53963333333333,125.89975555555556
18124036006461395,True,184.7330814814815,163.3703407407408,132.77918518518507,81.17134814814816,187.53995555555557
18023575658551885,True,129.79479166666667,143.26395833333336,161.70986111111108,71.22843055555556,164.12126388888888
18029692613501872,True,165.23423611111107,173.05429166666664,178.70595833333334,60.785555555555554,191.6236111111111
18045806357507419,True,166.18187500000002,178.6889027777777,147.25759722222227,89.03433333333334,187.76779166666665
18331383169126743,True,59.444300000000005,112.90004999999998,104.25245,154.28896666666665,119.07248333333334
17996937365762515,True,77.48470833333336,105.36069444444442,137.6366388888888,137.9905,137.70244444444444
17924963391290249,True,72.73795833333335,58.624819444444434,69.88076388888886,133.5456388888889,94.30726388888888
18094774522815218,True,196.5091388888889,158.99215277777765,111.11063888888883,110.26065277777778,196.541625
18097675240845163,True,97.3248117154812,110.31644351464425,116.67064156206415,66.55338912133891,120.47994421199442
17872485351287796,True,104.43937500000001,109.80344444444444,133.93319444444444,77.12945833333333,137.51866666666666
18033470446913353,True,74.87363333333336,89.99506666666672,150.26402222222228,131.8801,153.88627777777776
18315275560084486,True,105.81246666666658,100.69973333333337,81.62588333333333,114.40635,120.77523333333333
18039633908417032,True,143.1527586206897,145.68727969348654,141.28044061302677,38.29852490421456,153.84657088122606
18003651704596091,True,126.68314907872681,134.87448911222774,148.28510887772188,40.29705192629816,148.28802345058625
17989395491789532,True,89.83952592592591,74.35699259259259,61.29577777777779,74.04711111111111,89.91324444444444
18048031595058718,True,76.61755555555557,94.44594444444448,110.17695833333332,97.88733333333333,114.42130555555555
17889876084018946,True,137.80398333333332,138.74235000000013,145.32765000000012,50.575716666666665,154.48455
18073720720609229,True,186.0719722222223,123.68281944444445,74.909625,168.18229166666666,186.08072222222222
18082412852102617,True,69.60489999999999,92.22928333333337,108.09239999999998,133.61453333333333,110.93395
18060827648429830,True,149.7291333333335,172.38736666666668,201.38281666666666,67.82505,201.86596666666668
18091150207889885,True,182.23422222222223,153.4675000000001,107.08959722222225,143.12820833333333,201.4224722222222
17892918378312487,True,83.28580740740735,90.8519851851851,102.54417777777769,69.27771851851851,103.59722962962962
18099411559792776,True,151.60694814814815,147.98431111111103,95.02364444444446,127.6823111111111,161.14164444444444
18076070503571581,True,50.94793055555557,81.38380555555554,126.5456527777778,135.5731111111111,127.03784722222223
18091446380272611,True,135.5571111111111,145.10072222222226,167.41175000000007,80.89101388888889,176.51508333333334
17861478690370534,True,151.17863333333338,156.5351000000001,164.5178166666666,41.44788333333333,169.22458333333333
18042545116963998,True,145.68187777777766,140.11424444444444,105.73277777777776,104.96176666666666,161.84667777777778
17933589345039271,True,142.99565698478574,136.7369017980637,112.73008298755181,97.89085753803596,153.7822406639004
18101866067503445,True,36.0498814814815,62.33799999999999,72.22026666666666,156.38078518518518,75.0907111111111
18106837705624689,True,43.29177126917713,57.82788005578801,89.02772663877272,161.65721059972105,89.05418410041841
17856577740418146,True,174.05763888888885,197.36430555555555,223.03091666666663,57.682375,224.01255555555556
18383466394102983,True,175.16636111111123,167.8467499999999,159.5787916666667,67.01801388888889,189.3376111111111
17941146563879327,True,61.9333888888889,108.14008333333332,145.53630555555563,162.3698611111111,149.0342777777778
18067202330046722,True,112.68780555555556,123.28305555555558,138.8916666666665,67.098375,146.98952777777777
18051026558605733,True,104.77368055555561,116.64883333333337,130.87212499999993,98.08740277777778,137.21891666666667
18108370567467934,True,62.10508333333334,80.49166666666669,115.04808333333325,124.891,116.84052777777778
17873599356295553,True,81.27947222222217,122.15897222222218,137.99833333333316,117.32479166666667,138.8949027777778
18456641314128843,True,162.40408333333343,171.68841666666665,182.92127777777776,71.91780555555556,192.75343055555555
17917639023234830,True,72.00748611111112,84.0452638888889,111.04333333333335,139.23358333333334,118.15168055555556
17858068929282896,True,25.274941373534336,49.674740368509205,81.79706867671692,192.48455611390284,87.28184254606366
18073611542235384,True,74.87674999999997,89.53455555555551,152.11019444444443,156.64640277777778,152.9217361111111
17936963177997243,True,72.68866666666668,81.4767777777778,101.54679166666665,120.96283333333334,104.52081944444444
18059368705766564,True,109.37820740740734,128.2802518518519,153.38706666666664,67.8773925925926,154.0496
18066020519058853,True,177.04629166666658,158.7018472222222,146.25908333333328,59.63570833333333,182.47875
18021531158104782,True,219.514861111111,174.99411111111095,95.0123472222222,162.3763888888889,233.3342638888889
17970314903776070,True,51.43450070323488,46.445330520393796,50.39850914205341,68.29679324894515,59.156272855133615
18367101937142622,True,62.99084722222221,73.76925000000003,80.25819444444447,77.23152777777777,80.27043055555555
18142369303495289,True,91.50818055555558,102.86309722222217,115.39101388888898,114.34052777777778,130.46031944444445
17920416506968378,True,180.71278481012644,153.90447257383968,127.95120956399451,82.76925457102672,183.2917299578059
18070579586230644,True,149.63591111111106,147.6409888888889,133.29747777777763,73.07644444444445,163.19722222222222
18039146219046633,True,176.68947777777768,178.90111111111128,179.48801111111115,35.466522222222224,187.0638888888889
18031879798815196,True,153.31799999999996,172.2370666666667,186.4830444444444,52.714622222222225,186.49445555555556
17875174641333392,True,68.52940027894003,60.869790794979025,78.61209205020914,92.55757322175732,84.91928870292887
17989187693723062,True,43.88515277777778,59.49498611111107,69.95959722222223,106.26570833333334,70.90833333333333
18065580872000086,True,197.47531944444444,162.84101388888902,110.9652916666667,119.82627777777778,197.48122222222221
17958264111092331,True,71.7321925925926,93.54548148148149,129.1601925925926,125.5678962962963,129.72405925925926
18115644985382041,True,55.526244444444394,74.07872222222224,105.61041111111113,137.0430111111111,106.20364444444445
18161402452325872,True,89.3651888888889,101.49123333333334,140.03725555555545,83.25254444444444,141.06068888888888
18107222362718468,True,113.14268148148147,127.08256296296292,138.57604444444453,53.4846962962963,138.5776148148148
18050413118584326,True,95.27493055555563,118.66818055555558,162.90211111111122,120.91394444444444,162.92925
18311370538259624,True,117.91497222222215,144.71331944444444,132.20949999999996,67.56865277777777,147.75952777777778
18004768523896574,True,83.99791666666667,129.8817083333333,133.66538888888897,147.57293055555556,153.49713888888888
18028457924527614,True,144.20077777777772,144.67019444444446,171.32206944444445,94.08669444444445,189.11116666666666
17856683589300475,True,104.52501111111108,112.78013333333334,124.44374444444448,65.04103333333333,128.03633333333335
18401363794184590,True,182.14113888888886,154.51998611111114,124.16469444444444,85.48302777777778,182.33780555555555
18000476579746925,True,169.03486111111107,157.32608333333337,145.98266666666672,71.1752361111111,181.82868055555556
17919013497007355,True,140.47203333333346,157.16671111111125,156.78539999999995,84.70058888888889,177.28715555555556
17940635676186907,True,111.86583703703708,132.60370370370364,153.4473185185185,77.66016296296296,153.47117037037037
17885076819277863,True,164.4177638888889,184.0411249999999,183.81683333333342,75.84918055555555,202.04693055555555
18082244534365302,True,106.72518055555558,124.0762777777778,153.59747222222222,94.6288611111111,153.7528888888889
18115522387538772,True,119.35663888888891,131.0108055555556,140.6100555555556,83.33229166666666,147.43893055555554
17927292045151899,True,101.56185185185184,136.2622814814814,169.64213333333322,120.13472592592592,173.3622962962963
18078577933862754,True,153.56170833333326,158.4159027777777,166.8270416666667,26.865791666666667,168.15059722222222
18058320430794355,True,190.49296666666655,197.29851111111114,207.60708888888894,35.46181111111111,211.86573333333334
17964736496778428,True,136.95366666666672,162.7603333333333,175.4981250000001,67.96069444444444,176.719375
17989031843976450,True,119.86634722222225,151.6739166666667,174.38897222222215,89.850375,176.31284722222222
17857021797225957,True,77.14691964285711,91.58343749999995,104.95747023809528,97.57630952380953,107.97882440476191
18310004329153209,True,136.17943333333335,129.21463333333327,102.33058333333341,83.36453333333333,142.81526666666667
18092590127173302,True,46.30005025125627,54.80346733668341,62.268425460636486,118.38834170854271,70.24388609715243
17855002815635688,True,91.78115277777775,86.99416666666663,80.25636111111115,67.85516666666666,97.13775
17879210835417253,True,103.2771805555556,107.94659722222218,117.98029166666677,49.15401388888889,122.34975
18030339155415169,True,123.39343055555553,134.94856944444442,155.99800000000008,60.31351388888889,156.39172222222223
18094707178825798,True,99.68118055555563,123.62205555555556,143.93162499999997,105.99780555555556,153.26545833333333
18064353269004398,True,108.04012499999997,117.60836111111114,110.20333333333338,32.27890277777778,117.89386111111111
18048899165608043,True,111.50345833333331,149.37084722222224,177.58269444444437,98.50554166666667,178.00030555555554
17910304254000471,True,108.27654166666669,125.2813472222222,130.7533194444444,84.59726388888889,137.87144444444445
17850002139221988,True,167.3783194444444,192.31302777777773,216.80258333333325,65.707875,217.09006944444445
18097863844735290,True,39.03848082595873,56.62778761061946,76.33668141592919,152.96610619469027,78.19318584070797
18079938152234157,True,47.977940740740756,63.712800000000016,105.72814814814811,149.88954074074073,109.72908148148149
18084994760511582,True,101.47322222222216,75.27201388888889,76.02637499999999,172.04429166666668,132.94833333333332
17844201021619688,True,42.40718055555557,53.908833333333334,57.67877777777775,99.38931944444444,61.731097222222225
18310445035144910,True,96.95266666666673,103.43963888888885,94.6810277777778,60.268819444444446,110.81773611111112
17880867012554970,True,113.3828611111111,125.99216666666669,129.3770833333333,62.289652777777775,134.14779166666668
18114057586532122,True,48.63756944444444,83.61206944444444,115.15708333333323,160.61022222222223,115.15809722222222
17881244955489958,True,139.50537500000004,154.18808333333317,166.78397222222216,61.31477777777778,171.70486111111111
18083652839114527,True,79.84751666666666,79.06786666666675,107.02135,90.47738333333334,110.32023333333333
18062923741977256,True,109.59165277777772,127.99565277777782,147.40929166666666,93.31154166666667,147.77876388888888
18064720967626747,True,33.08072222222218,57.64971111111107,102.19362222222219,185.37127777777778,102.39125555555556
18089287492480252,True,96.1519262981575,110.46098827470695,142.33123953098828,102.74844221105528,146.485594639866
18036691618960949,True,149.64916666666664,156.32212500000006,171.0797083333333,47.661375,171.22273611111112
18069836368506701,True,170.39644444444454,187.1139583333334,187.05384722222215,55.22058333333333,199.55004166666666
18107425615375781,True,141.18618090452262,158.62231155778906,160.8401172529313,64.29688442211055,168.39629815745394
17908825052979881,True,143.70608333333342,159.00895833333337,198.94844444444433,80.08576388888889,199.05276388888888
17882553816395791,True,55.67627777777775,76.07119444444446,108.67786111111121,133.7740138888889,108.87430555555555
17976789188809575,True,93.90893055555553,118.61575000000002,144.2023472222222,112.02588888888889,147.5462361111111
18087251962421625,True,43.186197654941346,56.07738693467338,71.73911222780569,100.38827470686768,71.80616415410385
17876092203276968,True,96.7454305555555,125.29498611111119,137.6257777777778,110.53990277777778,142.74675
17910752412346672,True,136.89518055555556,140.87976388888876,132.21113888888897,68.47741666666667,153.16775
18062056745401837,True,187.71520223152018,160.79278940027882,103.07966527196653,126.52585774058578,189.83041841004183
18028961833817333,True,155.10958751393542,156.15042363433662,158.21665551839473,37.24108138238573,166.3350724637681
18129309733482818,True,58.56091666666665,94.7382777777778,123.70315277777785,154.61979166666666,125.02751388888889
18420201991122801,True,94.43037499999997,127.79659722222226,158.58511111111116,131.07754166666666,166.85209722222223
18066105883694259,True,106.23472222222216,98.38365277777775,106.1088194444444,86.52356944444445,126.93483333333333
18068919473665620,True,76.79962500000002,100.19450000000002,86.80381944444451,76.25425,103.72793055555556
18263334406268721,True,119.96108333333338,137.92137499999995,126.98361111111117,50.72090277777778,140.034875
17991276737696370,True,79.49774999999995,107.0749444444444,166.31870833333323,135.56615277777777,166.66125
18109486930379505,True,129.6249722222223,113.5276805555556,82.77752777777779,118.13818055555555,135.58654166666668
17858001708627710,True,42.562069444444454,91.19437500000002,137.83527777777775,197.63294444444443,137.97708333333333
17969540495769351,True,157.70166666666648,163.1723333333333,171.0705,33.431625,172.74668055555554
17864095710246206,True,95.87881944444447,104.91683333333337,118.18929166666672,113.6799861111111,137.83083333333335
18102593479829768,True,92.22704166666671,99.51524999999994,114.5973888888889,130.47847222222222,134.0025138888889
18574636891047377,True,165.79062500000003,141.71688888888892,120.78143055555566,101.79875,170.60508333333334
17965663943812316,True,84.33906944444449,102.82211111111107,103.86630555555556,69.19204166666667,110.22395833333333
18048826850227717,True,100.49804444444446,122.02355555555555,161.7704111111111,109.06451111111112,161.9676888888889
18031015781408464,True,34.68744444444444,132.90801388888886,193.63522222222247,212.04155555555556,193.64256944444443
18072536012246794,True,151.31823703703702,167.23391111111115,171.9374666666666,35.842962962962964,172.6006962962963
18041268641622401,True,147.93743055555555,153.7802500000001,147.04302777777772,87.26058333333333,174.83622222222223
18058036337703473,True,81.24074074074073,90.70708148148147,98.11419259259253,93.75082962962964,99.26552592592593
17857180314320926,True,60.57131111111104,81.9652,79.97292222222221,104.98487777777778,85.22577777777778
18141403780342553,True,121.82251256281396,137.0942043551089,153.596649916248,91.37333333333333,166.10149078726968
17915425574999777,True,143.84301388888898,138.1492916666666,139.10322222222223,61.012680555555555,157.48334722222222
18071557796400224,True,81.79616874135547,69.53463347164598,80.76295988934991,104.64015214384509,99.9982295988935
18043047835853448,True,50.59827777777776,165.11562500000005,222.5584444444444,201.19516666666667,222.5951388888889
17916510762238089,True,117.58235555555558,151.87149629629627,171.61011851851845,88.12571851851853,173.46911111111112
18316394101174113,True,120.98852777777775,139.66350000000003,163.93566666666666,95.81943055555556,171.28272222222222
17853238512465939,True,95.83998324958124,103.55899497487428,104.28373534338358,47.535946398659966,110.61675041876047
17848694064420817,True,129.82148888888887,144.40436666666665,158.53342222222233,58.92357777777778,159.9155
18066673213537039,True,187.59706867671696,184.89874371859295,168.2948073701842,76.43033500837521,207.9417420435511
18324116425080778,True,122.35039999999994,156.86462222222212,189.15253333333342,99.4068,190.16951111111112
18021402965701480,True,94.99118055555554,129.60729166666667,150.3153194444444,111.71472222222222,150.854375
18029925764120378,True,143.24140000000006,176.45923333333343,188.18468888888893,85.86051111111111,198.5335
18082355383435760,True,162.77021111111108,179.6603888888889,195.60337777777778,54.54805555555556,196.05707777777778
18108080617614860,True,66.38927777777778,77.03631944444442,80.26790277777778,84.66429166666667,84.041125
18055044149305482,True,145.42293222683261,170.95179806362384,178.98502074688795,63.48206085753804,183.77618257261412
18092484142953252,True,36.802622222222226,44.09900740740744,82.62357037037044,141.61022222222223,82.91025185185185
18065093633347683,True,154.11433333333338,155.87880555555566,149.2477916666667,93.19634722222222,185.5202361111111
18185693962368406,True,96.62933333333326,117.54270833333331,141.58225000000007,93.60352777777777,143.73406944444446
18051482843443793,True,133.10951388888884,139.20218055555554,151.12052777777765,60.93386111111111,156.22877777777776
18129265288527453,True,67.5777638888889,113.57622222222226,163.5027361111111,163.08684722222222,164.94630555555557
18075668608792820,True,142.18044444444448,157.8553472222222,181.25579166666668,80.03909722222222,184.60720833333335
17975342420718314,True,91.00744444444443,115.31381944444448,126.07227777777794,110.35744444444444,135.23090277777777
18046027874300166,True,88.47095833333329,93.1515,89.25173611111106,138.5075138888889,112.37177777777778
17862965235465024,True,224.32244556113898,203.13355108877732,171.99993299832508,66.61269681742044,226.68527638190955
17896713861381307,True,91.27151388888888,101.953375,94.22455555555558,68.28704166666667,108.22576388888889
18097311469917236,True,40.13968055555559,84.46248611111115,124.63808333333334,191.97788888888888,124.6463611111111
17984834165856882,True,127.71588888888888,81.43456944444446,68.53429166666669,165.07906944444446,139.12458333333333
17913446501997977,True,42.68197222222223,50.02500000000004,66.021,113.92013888888889,68.69193055555556
18015844202284871,True,153.1597654941373,169.7642378559464,186.9159296482412,51.98413735343384,187.95577889447236
18098364070991553,True,126.86648611111119,137.4506388888889,146.86013888888883,58.48415277777778,153.12481944444446
18077458538100293,True,145.12723333333338,178.75913333333344,194.99329999999995,77.93148333333333,197.90595
18035274236384686,True,189.5552592592592,190.4761481481482,203.53857777777768,54.589525925925926,215.4854814814815
18093012676684683,True,86.40865781710916,94.48747787610617,142.5044247787611,145.09508849557523,142.97858407079647
18299432920220949,True,132.99659722222228,150.90854166666665,161.15040277777777,103.22533333333334,184.183125
18074544329406498,True,152.1146388888889,130.62548611111114,120.7180833333333,104.95754166666667,160.96181944444444
18034951997620179,True,111.48456944444443,123.19931944444444,139.88137499999993,104.97905555555556,157.86441666666667
17880836982116524,True,79.33628888888889,91.66679999999995,101.69455555555555,103.12937777777778,105.06806666666667
17877005451556488,True,141.1785277777779,181.5653194444445,176.78088888888897,72.02708333333334,184.66598611111112
17946404045822510,True,177.25234722222226,203.45748611111114,222.27323611111106,64.5843888888889,223.82881944444443
18019001684822025,True,149.17311111111104,151.63905555555556,152.6225,37.873263888888886,159.38076388888888
18375606307134712,True,151.2844769874476,155.2741143654115,177.7387726638773,53.27693165969317,180.16147838214783
17872882197266431,True,180.39784444444442,187.27077777777782,194.6703444444445,28.500255555555555,198.79187777777778
17919771164892083,True,36.301488888888876,49.41367777777773,67.35295555555557,169.7816,72.15298888888888
18111307153762425,True,88.41387499999998,122.4025138888889,149.52541666666673,140.19791666666666,159.89269444444443
18086736103921295,True,161.6644861111112,117.09590277777781,93.82015277777779,113.072,163.74077777777777
17911668977907915,True,180.4286666666667,200.76629999999997,201.70544444444448,43.795877777777775,206.49783333333335
18044718983349111,True,130.15369444444448,155.8420555555555,150.85418055555553,83.61280555555555,166.25147222222222
17849995083347195,True,74.65668055555551,95.13051388888884,108.50986111111119,87.50370833333334,109.47029166666667
18064444321872444,True,35.03923333333332,21.961566666666666,176.36391666666674,233.23213333333334,176.82116666666667
18015074333832882,True,117.43245833333324,133.51183333333336,148.55675000000002,65.41273611111112,148.57552777777778
18081321926615644,True,83.56471111111107,89.95576296296295,100.36370370370364,42.76149629629629,101.55557037037038
18081469333804305,True,116.95564102564097,179.38157190635442,215.97982162764774,118.55136008918618,217.2599219620959
18353594959237837,True,61.9522361111111,92.68527777777771,104.51524999999994,111.89540277777778,104.80095833333333
17944152345128195,True,106.60823703703704,108.0031111111111,112.44788148148153,86.19567407407408,132.83896296296297
18060036550588436,True,146.90573333333333,96.9423,47.334433333333315,180.64953333333332,152.56918333333334
18053184563426934,True,96.25631944444439,100.2281805555555,90.5239444444444,105.31838888888889,117.83505555555556
17983271039942109,True,89.58540277777783,103.18940277777779,103.92655555555558,72.12340277777778,115.26297222222222
18091950070735795,True,120.82609722222219,125.71547222222213,127.20383333333326,45.260444444444445,135.71845833333333
18067397630331044,True,114.23351388888887,123.9015555555555,142.55895833333324,91.97816666666667,151.18140277777778
18059055920349496,True,102.36823611111119,117.70625000000004,159.26708333333323,114.96908333333333,165.97919444444443
17995583582428903,True,50.20901666666667,90.2997666666667,69.47458333333333,140.05361666666667,92.24543333333334
18022246760649383,True,129.245875,133.46237499999992,156.08804166666673,92.45844444444444,169.5831388888889
18055523345326821,True,140.9441111111111,148.84754444444448,150.47064444444445,81.44063333333334,167.05396666666667
17863616187403681,True,106.36910000000003,107.07823333333337,109.91778333333338,63.17335,121.59373333333333
18078485504221576,True,32.24195833333333,68.65619444444447,119.51012500000007,185.04419444444446,119.91479166666667
18018198542163511,True,96.48299999999999,123.04947222222216,139.43316666666666,88.69394444444444,139.5653888888889
18038734442261196,True,82.48829166666671,93.30568055555561,101.70601388888893,74.22680555555556,104.98641666666667
18108501133804502,True,139.86997777777776,158.54198888888882,177.64972222222215,63.328833333333336,179.44866666666667
17966830982879068,True,17.01363888888889,28.256958333333323,39.27130555555552,156.07668055555555,42.11302777777778
17952932531876330,True,45.2697361111111,67.79529166666664,89.87372222222226,120.43227777777778,90.2496388888889
18106772128428610,True,182.4902499999999,192.32318055555567,199.93147222222234,83.13836111111111,223.09715277777778
18042246155110445,True,93.72802777777775,99.31395833333332,121.60820833333331,90.2220138888889,125.11911111111111
17942882433210790,True,107.1504444444444,118.64613333333334,120.22672592592588,60.01502222222222,127.17331851851851
18093714745790900,True,100.4004166666667,102.92420833333334,107.53865277777774,33.43075,108.88280555555555
17910410070211076,True,180.99354166666666,183.10404166666657,183.5355833333333,16.67609722222222,186.801125
17871534636116091,True,216.91533333333322,183.77741666666682,126.2221805555555,114.562625,222.85379166666667
18082612094379017,True,174.98369444444435,178.31891666666655,191.84626388888893,33.35556944444444,193.84994444444445
18283912042286668,True,109.70373611111106,119.54788888888889,122.02348611111104,53.213375,127.605
17935037349174463,True,82.15242962962965,104.83035555555543,169.659037037037,143.3818074074074,169.86682962962962
18334063123217303,True,153.9945195195195,168.0448048048049,179.4671621621621,48.719474474474474,182.01450450450452
18039150395289486,True,89.65886111111116,102.24547222222229,113.90591666666661,81.42290277777778,117.87765277777778
18132817504557561,True,87.65323611111108,104.53648611111105,117.39618055555553,71.73590277777778,118.74213888888889
18019979978563960,True,52.17414454277287,64.73243362831859,90.08339233038348,133.43110619469027,92.52355457227138
18091769431958322,True,195.6021250000001,179.21083333333337,166.5461944444446,55.82606944444444,199.69515277777776
18015009251208119,True,112.95507537688441,97.3757788944723,88.85095477386932,77.40706867671692,115.87954773869346
18177589687370242,True,25.924972222222216,53.476958333333314,67.50398611111112,179.94275,68.06165277777778
18087714422033225,True,194.542986111111,209.08551388888898,239.10872222222204,55.91455555555556,240.91029166666667
18103544111510824,True,155.8325333333335,155.62769999999983,149.57375000000002,27.194966666666666,159.21703333333335
18134570125448544,True,233.40287499999997,200.56251388888893,191.3768055555555,55.800333333333334,236.5667777777778
18066156785274105,True,189.54006944444438,172.1079027777777,138.43733333333338,90.72786111111111,192.48519444444443
18102909496710796,True,135.37888423988846,167.97669456066953,167.42605299860537,85.1502649930265,175.70783821478383
18308819407218886,True,100.49900740740735,111.63503703703707,96.27416296296293,54.30711111111111,113.50097777777778
18127724644445214,True,117.89923333333334,118.54956666666668,114.65741111111105,79.54204444444444,135.50313333333332
18107573080516839,True,91.7905555555556,80.65733333333338,66.19426388888888,83.41597222222222,94.13559722222222
18073834985430247,True,78.12258888888888,85.52508888888889,92.61378888888898,99.67063333333333,101.90196666666667
17952358550921310,True,105.70391666666663,134.11093055555548,177.05631944444445,111.77501388888889,179.28734722222222
17876980902120687,True,62.87048888888893,131.38757777777775,75.00021111111118,169.60587777777778,132.82896666666667
18123520873503427,True,141.36958333333328,144.4810694444444,198.59309722222216,82.00079166666667,198.742625
17951446985818262,True,130.22076388888888,129.422125,123.89472222222223,21.894194444444445,132.5558472222222
18078332905947258,True,125.6232888888889,137.45635555555558,147.35365925925927,56.64708148148148,149.85066666666665
17859452874468441,True,31.78999999999999,45.8857777777778,71.97345833333334,189.86969444444443,78.60008333333333
17998485935883886,True,150.0250833333333,176.0413472222222,207.14354166666664,90.98626388888889,215.755
18010222544699808,True,68.74400000000004,110.37031944444442,108.21783333333335,110.66298611111111,114.120875
18319784878252448,True,49.14002962962963,79.86054814814811,137.82888888888894,138.688,137.85180740740742
18063585382918155,True,147.2966388888889,168.87981944444454,182.40473611111113,56.118,184.352375
18522642418033888,True,45.27283333333333,92.09096666666667,140.05676666666668,186.46458333333334,146.54498333333333
18070142663296679,True,160.59316666666683,168.332625,174.44224999999997,43.00065277777778,179.48163888888888
18054952709494444,True,68.4943111111111,78.94162222222222,107.78783333333337,104.55817777777777,107.80171111111112
18047063693556993,True,172.4313333333333,206.47194444444446,207.86729166666666,57.39365277777778,214.16470833333332
17985594914608289,True,132.46395,130.3146000000001,130.32004999999998,65.13896666666666,150.67046666666667
18064374259544262,True,168.90568888888882,183.6138222222221,185.67304444444434,69.56274444444445,201.69674444444445
17889372018278357,True,167.46306666666675,149.96794999999995,126.19426666666664,96.46566666666666,178.67351666666667
18480532702043468,True,192.8442638888889,150.39520833333333,144.88558333333336,91.77597222222222,201.091625
18029135546336403,True,82.1906888888889,72.1970777777778,63.63986666666668,132.39874444444445,93.09213333333334
17962756802741620,True,170.60478333333344,187.18073333333345,201.5060666666668,47.60273333333333,201.8925
18298555063092790,True,86.41659722222218,150.96166666666662,173.01425000000006,147.92855555555556,184.82197222222223
18078484337092094,True,148.8047777777778,154.78072222222224,157.10493055555563,49.134708333333336,167.99808333333334
17961624788915154,True,136.9196833333334,149.41453333333334,175.42445000000004,73.55531666666667,177.29758333333334
17920795794297588,True,52.61652777777777,71.56397222222216,149.53465277777778,157.28129166666668,151.29966666666667
18051243691981477,True,53.0697361111111,88.84287499999999,77.98329166666664,126.85226388888888,94.112125
18023668481480707,True,165.1019861111111,155.1279999999999,117.05879166666658,156.65044444444445,204.65280555555555
18065118487863299,True,132.34330370370378,171.0345925925927,203.28194074074077,96.85997037037038,205.57303703703704
18031705160572083,True,66.92179166666666,68.83213888888895,71.44649999999996,88.68733333333333,82.14122222222223
18127009492584748,True,153.64155555555553,163.2446074074074,128.03001481481476,92.1169037037037,169.71370370370371
17992963529931379,True,182.04265277777776,179.49812499999996,181.84683333333342,43.10393055555556,196.9225972222222
18099686647993226,True,151.61731851851863,167.49096296296293,181.6112592592592,80.62014814814815,193.60625185185185
18012436955181408,True,139.81032222222223,147.92981111111118,152.3041222222223,30.401666666666667,154.12535555555556
18065460526813701,True,47.18122222222223,100.15765277777774,149.75409722222224,182.6193888888889,149.75441666666666
18067390309586403,True,145.74990277777772,123.36669444444443,140.0687222222222,69.92929166666667,160.3982638888889
18105486112609360,True,208.8369583333333,201.045861111111,189.3879166666666,46.51898611111111,215.1682638888889
17875653711392093,True,158.18191666666664,166.0855277777778,141.45494444444446,107.59390277777777,187.62175
18101729629597650,True,29.239958333333323,48.08406944444448,71.59358333333336,158.2445138888889,71.89155555555556
17910472112997140,True,74.32436111111113,102.45469444444444,133.17584722222225,123.44020833333333,133.83388888888888
18083582888126389,True,225.7068750000001,211.17938888888904,196.33233333333317,43.28154166666667,227.50076388888888
18126327460606111,True,76.20756944444439,95.31804166666666,112.533,95.82758333333334,114.20616666666666
18034220321757533,True,100.89235131396957,123.12724757952968,179.0177178423237,141.08091286307055,179.0780774550484
17852741217206565,True,97.03195833333335,116.12711111111112,136.84475,119.43127777777778,138.86695833333334
17872753512493961,True,40.034361111111075,61.14352777777778,75.3283194444444,143.68843055555556,76.7685
17975799986780454,True,200.33361111111103,176.39548611111096,127.91255555555554,110.6685,209.35616666666667
17954388407797225,True,135.3594999999999,149.09669999999994,169.26014999999992,66.68096666666666,171.76536666666667
17871454866441643,True,112.54615277777783,129.88138888888886,145.0471527777778,100.820375,157.15443055555556
18043844636241550,True,111.45377777777776,123.78705555555548,132.97297222222227,63.492736111111114,140.99972222222223
17940855548873018,True,118.48738888888882,136.89933333333335,155.0118888888888,72.05295555555556,156.15594444444446
17930866629249206,True,79.37145833333334,98.51504166666659,124.94618055555567,94.36615277777778,125.53619444444445
17970468782716432,True,89.7716527777778,99.09427777777779,111.53695833333336,77.80718055555556,115.4972638888889
18084611410450706,True,165.04968888888885,157.26685925925923,139.2616296296296,59.638562962962965,169.58927407407407
18452655199129515,True,76.3857111111111,85.19831111111117,98.12333333333333,89.40995555555556,105.20244444444444
18077559992108641,True,120.4662083333334,147.60436111111116,159.19534722222215,114.5507638888889,178.711
18003059957585310,True,142.64927777777788,145.41145833333337,132.21780555555569,94.75558333333333,166.19031944444444
17861394108109561,True,105.46764011799408,114.18771386430686,108.78837758112097,87.7593215339233,126.17907079646018
18541847677059499,True,118.06244444444445,125.11765277777785,110.64705555555551,125.1498888888889,146.2986527777778
18006532004718517,True,150.31203938115337,168.7209001406469,186.29254571026726,59.12635724331927,188.0518424753868
18180439732324993,True,112.75895833333333,142.49425000000002,170.85320833333338,99.56584722222222,171.82568055555555
18110369311368460,True,12.140472222222222,126.91159722222223,139.98840277777774,215.33322222222222,147.99765277777777
18051396473034529,True,109.98035175879401,137.34701842546065,167.01961474036838,104.87922948073702,167.09765494137355
17909781390201390,True,97.1103685092127,146.45668341708554,179.06219430485763,136.36646566164154,179.48964824120603
18107128924421699,True,32.29823333333334,58.05247777777774,91.3192444444444,186.16854444444445,91.36526666666667
17913104997132085,True,103.48336111111111,104.11540277777779,102.97295833333332,46.05730555555556,112.04856944444444
18045523790734624,True,98.5918611111112,125.73480555555555,164.31745833333335,110.05919444444444,164.4977638888889
17939793521973715,True,64.80583703703701,85.93148148148144,96.06155555555561,105.77272592592593,96.1718962962963
18068162969138032,True,63.53790277777775,106.57999999999998,109.92033333333335,143.46633333333332,116.554625
18008921297407315,True,31.722388888888897,49.41525555555552,70.82686666666666,156.71406666666667,70.8395
17961232601700255,True,111.28924999999997,113.15306944444457,123.60909722222227,102.02961111111111,140.23698611111112
17924425515289919,True,113.87530370370372,122.43994074074084,128.02505185185186,62.75625185185185,131.9607259259259
17853602844643555,True,68.87162222222226,129.29866666666658,96.37501111111109,152.00938888888888,132.54718888888888
17992998890933364,True,140.97948888888885,138.3514444444444,143.36180000000002,23.212633333333333,146.25125555555556
18048824369090118,True,148.61241111111121,146.68791111111116,89.26155555555555,152.0948111111111,166.71362222222223
18128556700477191,True,137.42943055555548,144.28830555555564,150.70205555555552,32.10261111111111,151.56648611111112
17921496789337765,True,93.9209111111111,98.47561111111115,106.4337555555556,64.01747777777778,113.00194444444445
18112650682773301,True,33.45512592592593,43.189985185185186,52.83242962962964,138.82565925925925,55.02805925925926
18067273967479033,True,143.1023888888888,164.05209722222236,183.27672222222222,72.60583333333334,189.56591666666668
17924443509278379,True,103.72346666666668,118.57740000000003,128.37102222222217,81.63685555555556,132.46682222222222
18110733799551414,True,144.2854583333333,164.57474999999988,224.79408333333322,100.35608333333333,225.33177777777777
18175688293353112,True,170.02440277777785,180.67604166666658,221.24106944444443,74.021125,223.24180555555554
18058732142553748,True,131.4710138888889,115.97347222222227,85.71798611111112,114.43565277777778,142.72254166666667
18501508228002500,True,154.78973333333337,169.62738333333328,184.46303333333327,58.82868333333333,184.92818333333332
18255986065279491,True,80.4839444444445,115.83016666666666,138.11052777777775,137.33573611111112,145.55673611111112
17949482120774267,True,91.46993333333326,107.84522222222223,147.12080000000003,114.4605,147.18107777777777
17864619075232283,True,87.27403333333324,135.72906666666663,133.28976666666674,116.03125,146.29821666666666
18110689393472466,True,110.93886111111121,125.2803194444444,133.13294444444438,82.14793055555556,139.99659722222222
17959999437006088,True,89.08619246861926,125.73524407252435,178.8924965132496,131.96647140864715,180.27545327754532
18099571904046325,True,117.94130370370374,121.44029629629627,123.06368888888892,54.18543703703704,128.20463703703703
18070762081752003,True,118.68441631504922,134.7716596343179,154.20488045007036,73.96064697609002,158.77163150492265
18049456313403660,True,133.26791666666674,153.92983333333325,163.08273333333332,56.737566666666666,163.41446666666667
17844659457218229,True,52.47368509212733,63.30798994974874,78.29140703517594,87.59013400335009,78.41552763819095
17882118672532606,True,137.3522777777778,140.32669444444443,148.0331388888889,49.409486111111114,154.04454166666667
17858035509534062,True,159.98479166666667,137.84462499999992,115.33277777777784,102.49120833333333,172.59944444444446
18161953909431728,True,161.14520833333341,182.81091666666663,161.30040277777775,62.70641666666667,186.69377777777777
17894288337120806,True,73.26704323570429,86.03728033472808,104.82124128312408,96.66871687587168,107.68914923291493
18066882515662384,True,149.39239999999995,170.96351111111105,205.31295555555556,75.94552222222222,205.31884444444444
18034572217926963,True,107.71477891156462,124.84515306122461,132.78156462585034,80.02426870748299,139.93886054421768
18086829011352739,True,155.38176388888897,171.67898611111113,186.52111111111114,60.60418055555556,190.364375
17956471563101794,True,127.88038888888897,121.03873611111105,125.04670833333326,58.46120833333333,138.553125
17945948592154810,True,114.72594074074073,127.66068148148159,130.60754074074077,68.73242962962964,141.40442962962962
18093690898897095,True,134.49947777777783,151.85852222222226,181.380411111111,96.3839,188.0718777777778
18001238654303578,True,102.30416666666656,117.4206944444445,132.61299999999997,95.56263888888888,141.7038611111111
18038317208153515,True,157.08761111111116,158.4898777777778,135.8986333333334,78.73507777777778,173.91653333333332
18076760449726557,True,58.920722222222224,75.05148888888888,124.08396666666663,160.86633333333333,126.14492222222222
18309136015206215,True,147.29758333333328,166.15672222222221,187.27793055555554,57.581583333333334,187.84745833333332
17860581012221554,True,47.12365555555555,54.31491111111112,61.80549999999993,93.4297,62.89512222222222
17999833253736902,True,152.10601190476183,157.36687499999996,158.5592410714286,98.0989880952381,184.53747023809524
18454963798021603,True,213.77281944444456,161.615125,114.66124999999997,117.53172222222223,214.40179166666667
17991312530930839,True,108.33469444444454,127.7974027777778,218.0228472222222,139.17806944444445,219.79841666666667
18029097616977966,True,145.79252931323273,154.46999999999994,134.48363484087105,79.80530988274707,164.7516582914573
18088972775237700,True,169.01415555555556,213.1239222222221,206.12732222222235,75.94237777777778,230.16683333333333
18581866762031954,True,147.78734722222222,156.1789444444445,162.76538888888894,45.061930555555556,165.0276388888889
17884984641372607,True,142.39544444444448,158.86049999999986,181.7725,77.00838888888889,181.8636388888889
18080357840418367,True,95.19654114365409,119.05584379358437,147.37132496513257,102.24373779637378,148.522119944212
18162222031336337,True,65.19116666666669,81.44479166666665,95.71662499999992,67.84238888888889,96.80511111111112
18081882970545054,True,134.92713080168772,155.63285513361464,169.90521800281286,67.28919831223628,173.04258790436006
18005772713894150,True,133.7069925925926,117.63170370370368,99.02520000000008,73.73546666666667,134.80204444444445
17900553120068949,True,109.84837500000009,118.14544444444441,126.44801388888892,34.14333333333333,128.01904166666668
18082493963347220,True,109.27707112970715,137.74852161785213,170.3830543933056,91.68481171548117,171.2576290097629
17907146652166059,True,117.71476666666669,172.00958333333335,190.90101666666672,102.37368333333333,190.95656666666667
18056131976607488,True,138.9714166666666,143.31933333333336,122.09909999999999,71.87835,152.99188333333333
18078979103435442,True,67.16226388888887,103.87726388888895,156.9608055555555,141.46391666666668,158.39255555555556
18094626355649756,True,106.96104166666666,130.08834722222227,135.29131944444438,74.97713888888889,142.859125
18031044431742040,True,113.58300000000003,128.28266666666667,145.76700000000008,90.26319444444445,152.220875
17977213637909720,True,96.02993055555554,110.931625,112.38479166666667,70.68233333333333,121.24445833333333
17927899410087142,True,168.8642916666667,142.86952777777785,154.2882361111112,75.86570833333333,177.66704166666668
18117568987660559,True,124.3104444444444,143.38962500000008,152.63129166666664,77.93026388888889,162.7734722222222
18065641478657134,True,153.80748611111113,146.69409722222227,139.99887500000003,40.27509722222222,159.20219444444444
18113824357425231,True,76.24202777777776,83.02829166666665,84.36472222222224,75.47716666666666,92.50351388888889
18090166423496052,True,43.26043055555553,62.783902777777776,86.41361111111107,150.13275,88.15611111111112
18044768087539237,True,128.18626388888896,120.98033333333329,116.46287499999997,98.20570833333333,142.53752777777777
17993456762496015,True,59.013622222222246,66.9341888888889,127.4893222222222,138.75613333333334,130.2874111111111
17875530060594092,True,154.6220694444444,181.45826388888892,203.1168472222222,65.154875,203.50983333333335
17922824367218925,True,126.06027777777777,133.1340833333333,132.7097777777778,39.139069444444445,138.376375
18101908906679043,True,162.6865138888888,157.03995833333337,127.04949999999998,165.0075138888889,214.2877638888889
18486743848002459,True,102.00361111111107,94.58791666666674,106.38897222222221,82.78459722222222,114.70988888888888
18091620971473962,True,85.50843055555553,105.44048611111107,67.22719444444446,171.60019444444444,118.12706944444444
18128695441585896,True,132.47318518518514,121.80111111111114,112.94164444444439,82.48632592592593,145.03302222222223
18396740209145410,True,214.00534444444457,210.97917777777778,244.97902222222257,41.0094,247.21345555555556
18078876203315409,True,78.15830555555549,74.3478611111111,99.92166666666661,102.99130555555556,100.86765277777778
17924648532285171,True,129.45783333333324,143.01382222222225,144.10616666666675,56.4553,154.5268
17871986133263170,True,76.09939999999996,105.15077777777776,122.02297777777778,121.0471,125.5406111111111
18120888163623395,True,91.3736541143655,110.7281311018131,127.60788005578794,85.44033472803348,131.9965829846583
18133659217541957,True,158.2459305555556,174.71713888888888,184.19302777777773,52.41147222222222,187.93429166666667
18087233480251017,True,139.3996888888889,126.55945185185188,125.47365925925926,52.87228148148148,147.48943703703705
18093911291085610,True,129.58438518518528,142.38324444444447,165.37691851851844,87.07931851851852,171.5285037037037
17956481657923419,True,126.78168055555552,131.93668055555548,114.60418055555562,84.15529166666667,147.36059722222222
18262462744241250,True,104.22899497487433,128.08087102177538,155.9300167504188,110.97137353433835,156.96358458961475
18004655327712158,True,135.67430555555555,150.06013888888884,162.10640277777782,76.823,166.28761111111112
17863235145278409,True,65.42716666666665,86.10454166666668,109.64427777777775,110.26444444444445,110.20791666666666
18077094671158907,True,70.45087499999995,85.72343055555558,104.4118888888889,99.48465277777778,105.26643055555556
18093411143154202,True,168.21290277777774,180.8513472222224,190.3910277777777,42.63109722222222,192.768875
18197886256359913,True,103.19776388888891,138.95683333333332,185.41283333333317,140.012625,196.54679166666668
18063354097653391,True,126.86701842546073,153.83139028475725,176.9383249581241,87.85386934673367,177.4888944723618
18045671786533793,True,107.47281481481481,107.38478518518515,127.34522962962964,87.68665185185185,133.00125925925926
18082334500862430,True,135.58313888888884,140.29206944444437,148.04373611111114,48.011916666666664,154.68055555555554
18102809896628226,True,180.30741666666668,187.11240277777785,189.48505555555565,67.04973611111112,206.30925
18369005101081305,True,112.0932638888889,110.13308333333336,124.74038888888887,57.76193055555556,133.45019444444443
18105538993505056,True,126.08294444444438,137.01636111111114,145.13740277777762,51.00658333333333,150.30705555555556
18102473579307222,True,191.11180000000002,180.96748888888908,178.87261111111115,57.87285555555555,199.75505555555554
17874915903423420,True,129.02706944444444,129.64333333333323,115.66829166666679,97.63768055555556,147.17970833333334
17909383050236094,True,92.18930555555558,115.17399999999999,133.06297222222224,105.02929166666667,138.60891666666666
17876941677447126,True,83.13814814814815,117.15989629629635,147.1152740740742,133.73145185185186,151.97022222222222
17961186887917556,True,56.58902222222219,81.07925925925922,98.73582222222225,122.49457777777778,99.93262222222222
17894616516042713,True,107.44583333333331,107.55541111111106,114.58733333333325,63.024633333333334,124.87784444444445
18021983972306670,True,60.45451388888889,61.128097222222216,65.34009722222221,137.899875,82.05294444444445
18086154226518340,True,117.51985555555555,123.51563333333331,103.60037777777777,71.89082222222223,127.3149
18105939439905602,True,114.28097777777778,58.31389999999993,97.49383333333341,134.07273333333333,118.2669
18088206520568320,True,81.78766666666667,90.84061111111113,104.81276388888885,99.29170833333333,108.50186111111111
17953075284071641,True,124.9283035714285,124.41678571428572,111.12702380952382,113.20520833333333,150.67052083333334
18059946356172529,True,102.35305555555554,118.1956944444444,135.13571428571436,66.06388888888888,136.26349206349207
18102943333405943,True,140.52421199442122,147.2032078103209,149.97394700139463,54.64225941422594,155.73435146443515
17871180708286582,True,192.77868055555552,180.48459722222222,162.50261111111118,57.39977777777778,201.0137777777778
17945258135887827,True,110.21286666666667,116.98597777777776,124.04828888888888,47.11127777777778,127.19682222222222
18115679572422634,True,98.5622081575246,111.10023909985937,117.96405063291127,42.3160900140647,119.24769338959213
18050004509227949,True,68.50615277777781,88.59738888888889,167.77406944444445,163.57606944444444,170.02429166666667
18039573613834271,True,92.78776388888883,126.96337499999998,155.22880555555557,118.8092361111111,156.13193055555556
18003491951726355,True,103.94943333333337,118.01873333333322,120.88116666666666,64.16625555555555,123.6885
18062584171723379,True,150.9174333333334,152.00633333333337,151.14601666666667,18.623116666666668,156.47061666666667
17843377533423589,True,35.36450000000003,67.14265555555552,105.27545555555557,152.84353333333334,105.30735555555556
18001040357477172,True,32.49644891122274,54.2542713567839,77.99783919597996,180.71892797319933,78.17301507537688
18260836135267668,True,59.16222222222226,62.02543333333336,91.69205555555556,153.50605555555555,101.50892222222222
18299387629209421,True,137.17578059071727,139.18011251758088,136.8398312236287,46.90379746835443,144.96209563994375
17915604501172192,True,116.37318055555556,116.48636111111114,113.53529166666667,80.50147222222222,131.11593055555556
18412035463138682,True,80.70051388888892,102.52461111111111,123.2667222222223,133.61975,129.34404166666667
18327790207245224,True,94.27397037037034,141.92321481481486,162.16056296296304,126.08164444444445,165.98028148148148
18178169668386343,True,73.1877666666667,81.03795,86.10041666666658,39.35055,87.64955
17992269620783664,True,57.64245833333332,95.06986111111117,143.04486111111115,154.44848611111112,148.21681944444444
18100470781942416,True,249.5902814814815,249.6218370370369,249.71340740740735,0.5119111111111111,249.72158518518518
18039670799102698,True,126.79335008375203,146.74988274706877,170.4007370184254,87.86633165829146,170.4037688442211
17949206220153404,True,172.212013888889,173.97029166666684,176.41711111111115,46.68640277777778,186.289
17857166730243904,True,71.59726388888893,102.47837500000006,150.12787500000002,136.06463888888888,150.8339861111111
18063230660503125,True,175.74063888888898,173.14602777777762,156.36904166666673,50.65975,185.24054166666667
18049137056287950,True,65.15702222222222,90.38434444444445,105.4030222222223,112.26231111111112,109.83447777777778
17942450858731513,True,156.3799703703704,179.8402814814815,188.70262222222226,66.14663703703704,198.93241481481482
18078102668510475,True,95.80248611111114,132.27838888888897,158.95958333333323,109.33376388888888,160.83552777777777
18050389234811819,True,137.98573333333326,142.7987888888889,152.4568666666667,35.796955555555556,154.90806666666666
17847958047599505,True,94.27322222222216,134.62231944444437,181.53272222222213,124.37947222222222,182.44554166666666
17879169423359640,True,63.308513888888875,120.15674999999996,165.21362500000006,156.8899861111111,166.16881944444444
18059991718943201,True,105.5680277777778,109.33855555555559,117.67408333333336,85.93927777777778,130.74745833333333
18304695646155632,True,172.26342222222215,173.30586666666667,172.533988888889,33.72321111111111,179.81065555555554
17870983674545464,True,92.86815277777775,104.72363888888887,118.95908333333337,71.55197222222222,123.52601388888888
17906727555277798,True,79.26718055555548,81.99047222222221,95.13262499999999,99.23015277777777,101.53808333333333
18019655366455272,True,137.57021111111112,128.725188888889,79.29914444444445,164.2779111111111,166.47168888888888
17957648570862396,True,86.33636111111109,95.6148888888889,92.28384722222226,86.52256944444444,105.52645833333334
17957513394009621,True,57.583750000000016,101.70256944444439,136.99280555555552,157.47731944444445,137.0565138888889
18051551411321406,True,72.54856345885642,94.31546722454671,111.36231520223163,101.40535564853556,112.13354253835425
17902632486409461,True,26.829007407407406,34.70259259259258,41.604059259259245,100.98324444444444,42.593318518518515
18502158511064001,True,98.42654166666671,147.72533333333323,171.14818055555554,103.40373611111112,172.287375
18186794530334241,True,80.69407407407408,97.10465185185193,137.8996444444444,119.1893925925926,140.35041481481483
18094943077711216,True,162.62640277777783,157.0330833333333,147.60981944444447,55.139763888888886,170.216625
18115571569603867,True,63.65020833333342,82.81827777777777,100.03143055555557,99.67640277777778,100.87580555555556
17862888213671594,True,115.98114074074074,131.9174222222223,141.79044444444446,90.63728888888889,161.21376296296296
17974176330010124,True,115.42669999999994,137.8323,161.60998333333342,120.09333333333333,169.88946666666666
18146812693347149,True,146.15218055555565,146.42112500000002,110.27595833333334,91.42493055555556,152.81709722222223
18084016495481731,True,34.82652777777777,41.05952777777779,51.453833333333314,99.88622222222222,52.8415
18404422642106455,True,162.5852222222222,177.37976388888882,204.37655555555554,64.307,209.26190277777778
18091637615182236,True,110.50605925925926,109.02942222222227,95.4334962962962,94.77125925925925,116.6037925925926
18044602042955542,True,101.44143333333335,117.46253333333337,136.66157777777778,85.862,138.40805555555556
18111563389405486,True,136.48309423347393,153.01819971870606,163.24805907172998,52.1571870604782,165.23364275668072
18058199956659157,True,166.58820833333323,113.46552777777778,54.149277777777776,169.07805555555555,176.0535972222222
18080243318123290,True,104.4487500000001,127.45613888888894,129.4712638888888,80.06566666666667,138.32361111111112
17935626978213115,True,52.73965277777779,107.01968055555557,174.01604166666675,189.70997222222223,174.01658333333333
18390497965159572,True,114.41517037037038,119.30225185185195,76.37971851851853,138.03054814814814,133.1954814814815
18050780035846035,True,69.66179166666667,75.03615277777782,44.767402777777775,141.15169444444444,86.02479166666667
18133752193499429,True,115.61723611111104,115.80197222222222,107.52876388888889,94.96219444444445,135.263
18077052272554502,True,107.64518518518524,108.70041481481485,110.20368888888889,91.29604444444445,126.0981037037037
18075400981934226,True,114.83294444444455,120.57533333333338,131.71548611111115,42.64041666666667,134.82347222222222
18137544160361585,True,70.30901111111113,107.49717777777775,48.5166222222222,164.4661888888889,112.58367777777778
18029414876110351,True,54.38960000000001,82.64076666666662,86.3164555555555,115.28961111111111,92.90092222222222
18133784758421099,True,161.085888888889,111.79329166666666,75.48706944444444,204.64745833333333,198.97497222222222
18081625142376519,True,105.85758518518516,94.76117037037028,104.70434074074083,75.47041481481482,120.41364444444444
18382617958194482,True,73.02540277777777,101.94718055555563,120.35638888888886,122.16515277777778,123.06684722222222
18054629131900506,True,151.2688111111112,135.41007777777781,83.33463333333339,123.38447777777778,156.50158888888888
18155392915313657,True,96.01252777777782,117.88154166666666,148.32479166666664,98.05222222222223,149.037
17940156638878549,True,101.13508333333333,116.94038888888893,119.49681944444445,74.56745833333333,126.47438888888888
18076890725393545,True,92.11109722222223,123.32472222222222,138.76866666666663,110.66045833333334,143.74166666666667
17941892252718360,True,111.27782222222217,120.4386444444445,129.7408,63.53008888888889,136.2411111111111
17971155800804992,True,111.40258888888883,110.28739999999993,104.56527777777781,38.9751,115.77376666666666
17997708182708483,True,16.01616499442586,28.06452619843923,60.339130434782625,207.56008918617616,60.35750278706801
17972659982684039,True,76.85838888888887,84.60681111111109,76.8863555555556,122.51546666666667,91.23037777777778
18100744801484035,True,81.32597222222222,105.58597222222222,123.79993055555566,119.5783888888889,125.99527777777777
18105453862610133,True,99.81434722222224,121.35597222222223,119.07824999999988,102.22373611111111,132.90119444444446
17983994615988475,True,202.0653194444445,177.7969722222223,123.11465277777772,121.83420833333334,208.97383333333335
18116575975656738,True,138.06727407407408,125.68687407407413,107.60115555555558,125.99303703703704,164.3727111111111
17914346282965931,True,132.28901388888892,142.57604166666667,152.88808333333336,70.44854166666667,160.3136111111111
18536512663032451,True,160.34304166666686,153.65549999999996,151.33338888888886,53.47354166666667,166.4596527777778
18051649153884451,True,135.4571167369902,148.12396624472566,143.38457102672297,90.59410689170183,165.9227848101266
17928606588027563,True,68.9671388888889,77.49770833333332,81.43012500000003,78.99905555555556,89.91461111111111
18088887058954615,True,111.1777638888889,125.42763888888894,149.73172222222226,90.77306944444445,150.08618055555556
18074997212564340,True,133.27509629629625,127.39942222222228,101.75143703703706,115.32078518518519,153.3466962962963
18551421295068241,True,110.38494047619047,148.46958333333333,187.60585317460317,116.76259920634921,187.60589285714286
18393003775140626,True,139.48744999999997,117.88583333333324,94.61778333333328,81.9742,140.052
18100850347825018,True,128.05626220362618,65.44818688981869,98.87658298465838,140.42085076708508,132.06411436541143
17967032061032999,True,145.82802962962964,162.94125925925928,204.63518518518518,78.93265185185186,204.65066666666667
18072770327352097,True,61.670516666666686,72.21473333333334,83.111,81.28945,88.89676666666666
18037433215910704,True,180.69037777777777,186.74622222222226,195.4234888888888,44.398088888888886,202.76952222222224
18495520459026051,True,72.29887499999998,76.78936111111103,75.46312500000002,90.933125,83.58713888888889
18052074110234669,True,144.49865277777783,149.14934722222222,160.1832638888889,113.94140277777778,193.9711388888889
17849015427424975,True,117.4854811715482,139.3133612273361,154.99962343096246,82.52935843793584,156.70072524407252
17904416397392994,True,161.22840048840047,180.0796092796094,194.38627594627587,58.3804884004884,194.7828083028083
18040308418749488,True,101.14019259259256,113.29749629629623,127.57496296296301,79.3241037037037,132.0048
18119588962633067,True,107.16545597484277,103.44419811320758,99.02323899371068,87.05114779874214,111.4995283018868
18001614473608999,True,141.22594479830144,140.70135881104036,123.94757961783435,93.73375796178344,160.60424628450107
17946101621962868,True,85.79465829846579,126.35426778242676,157.321589958159,142.87503486750347,160.79800557880057
18119441797647455,True,86.39378260869559,97.30434782608705,113.19118840579708,95.00937681159421,119.92311594202899
18124327450617716,True,122.1017410714285,124.51223214285706,124.00421130952384,83.58346726190476,145.92526785714287
18035765429193515,True,101.32009722222219,123.85358333333335,164.03522222222216,114.471875,164.77902777777777
17992667324943427,True,129.64467777777784,147.19005555555557,164.21175555555553,78.22137777777778,164.8564111111111
17874475875232786,True,100.38442222222214,92.63614444444445,81.13213333333333,78.16895555555556,107.18687777777778
18080652539566467,True,137.9437037037037,126.0613925925927,111.74924444444453,72.99702222222223,143.65334814814815
18024716894162501,True,117.02586111111113,133.36900000000003,140.39759722222215,63.303958333333334,146.91190277777778
18348235342210308,True,130.4309305555556,137.15968055555564,198.87501388888896,107.66281944444444,198.91325
17855023335283618,True,118.19361111111112,142.29162222222223,140.38412222222217,51.93401111111111,146.01277777777779
17879850798550839,True,151.1695407407408,172.20736296296295,181.3862370370371,80.68942222222222,197.01739259259259
18067586401948565,True,136.2424583333333,143.6290277777778,149.15888888888904,68.96718055555556,159.64277777777778
18045599339537731,True,63.442189679218934,86.93588563458856,114.47645746164577,133.872649930265,115.26218967921896
17864888922276022,True,72.13984722222229,81.35431944444453,82.88940277777778,111.2285,88.47069444444445
18042595796110014,True,98.27794444444447,125.60353333333342,104.68258888888879,121.13423333333333,136.06385555555556
18035845589380238,True,110.23566666666667,112.84097222222222,113.66520833333328,69.60573611111111,125.70923611111111
18092539247154419,True,106.58764444444434,133.4376444444445,138.77031111111089,59.8458,140.09836666666666
18001654340808151,True,50.44612500000001,61.86318055555553,81.05206944444444,108.96268055555555,82.00815277777778
18100608124985996,True,154.0476843657817,158.89091445427727,165.19331858407085,52.37710914454277,173.13423303834807
17985179330775277,True,95.75408333333331,109.08968055555556,126.80522222222224,69.41398611111111,129.12340277777778
17896238208364276,True,142.17459722222227,126.58899999999998,118.99231944444442,62.383402777777775,149.16170833333334
18375758110145149,True,57.22319444444441,71.0862222222222,72.44913888888891,96.27644444444445,81.02497222222222
17911144629024457,True,199.18980000000005,159.42750000000004,112.6819444444444,128.73732222222222,207.29814444444443
18100848793768753,True,98.45946666666669,48.35651851851851,31.096162962962946,197.12524444444443,101.95511111111111
18349518265241122,True,182.17534814814815,193.43368888888892,182.93322962962955,60.980666666666664,203.3930962962963
17870799354351205,True,99.57602777777774,107.60130555555563,118.76619444444447,55.08347222222222,121.34427777777778
17948204459900661,True,117.30312499999995,142.1795694444444,124.19152777777781,58.199625,142.9055277777778
18200011726325163,True,77.68495833333333,95.10987500000002,147.57476388888898,139.7956111111111,148.49552777777777
18042920998802073,True,179.43689999999978,186.3091111111111,193.66555555555558,44.46697777777778,198.31906666666666
18005303816730316,True,125.96377777777784,110.02431944444446,96.76525000000002,125.96945833333334,145.78451388888888
18173920714404555,True,67.9257709251101,68.1143612334802,70.55998531571217,35.66942731277533,74.68051395007342
18065095124693776,True,119.10216666666683,133.43052777777774,141.82411111111114,64.53505555555556,146.35075
17880408393508357,True,114.069875,103.76765277777776,120.24463888888889,45.01654166666667,127.68869444444445
18080721406672364,True,101.35838214783826,121.86146443514647,147.73447698744775,105.03453277545327,153.373110181311
18042424172331505,True,96.11333333333333,107.23868055555563,123.04576388888891,72.94522222222223,124.98525
17969848896047400,True,12.873481481481488,19.06549629629631,31.505437037037034,142.78591111111112,31.559955555555554
18109078483867144,True,83.3548888888889,75.67662499999999,83.18683333333334,115.3097638888889,108.96058333333333
17885541111535315,True,111.65061111111115,124.26604166666668,121.01727777777786,56.538291666666666,130.10005555555554
17920840398340144,True,82.94414814814817,89.85651851851854,99.85457777777776,61.001925925925924,101.41718518518519
18037023431658651,True,109.78648611111109,109.67272222222218,125.2036527777777,66.90179166666667,131.61370833333334
17889310776313456,True,43.32481944444446,80.93208333333324,129.8719305555555,171.89719444444444,130.5107361111111
18405089845150756,True,194.8638333333333,196.2172000000002,205.7763999999999,30.35115,208.4779
18104639155661873,True,85.75240277777783,69.55316666666667,70.16956944444452,171.2447361111111,106.28420833333334
17928207560840181,True,153.01793333333353,167.20159999999996,184.87343333333337,63.50443333333333,186.83055
17862334392462906,True,95.8402361111111,106.96091666666669,134.2015138888889,96.18773611111111,142.05520833333333
18039626056908848,True,121.03667958656342,153.20923772609825,179.995465116279,91.43479328165375,180.01925064599484
18179278012345560,True,154.6013888888889,196.09799999999996,169.7598444444444,98.25194444444445,205.6448
18117395506717897,True,106.09554166666668,115.96777777777785,123.96009722222226,37.07143055555556,125.7003611111111
18019222052749694,True,79.18395833333336,84.72436111111115,67.56497222222228,99.46179166666667,87.11786111111111
17971545096045111,True,99.94104166666668,121.60111111111107,156.31163888888887,120.78044444444444,167.99365277777778
18083504051597408,True,97.38480555555564,97.40277777777781,72.2323611111111,102.96709722222222,107.94708333333334
18096418478017225,True,128.47515277777777,133.11804166666664,151.4661249999998,84.07581944444445,166.46790277777777
18109781845850214,True,69.5935259259259,106.55211851851854,140.2959851851853,157.31259259259258,147.22967407407407
18061477102653595,True,162.45712222222218,149.14990000000003,94.81837777777778,126.8012,168.2613
17883108849514095,True,80.11060000000002,103.16408888888891,127.8760333333335,126.89097777777778,133.86815555555555
18435306793136738,True,89.33093333333336,118.64168333333342,108.33269999999997,152.31621666666666,141.59801666666667
17943987359996713,True,59.9168055555556,65.83816666666668,69.69254166666666,92.27641666666666,78.21022222222223
18005568794703159,True,121.97490277777776,123.73533333333324,135.7522638888888,65.81772222222222,145.74283333333332
18078510149414364,True,88.18785185185186,100.23385185185181,133.99691851851853,97.39318518518519,136.31376296296295
18094887575025071,True,111.62356944444453,121.48262499999991,119.60537500000004,52.48672222222222,128.02608333333333
18569609926065067,True,149.7769037037037,140.16957037037037,125.7256592592592,71.89448888888889,153.84727407407408
17979399656990800,True,52.85940277777781,83.53562499999997,108.66662500000005,150.2423611111111,109.71852777777778
18131519941497327,True,100.33312499999994,135.01408333333328,103.45283333333342,143.3384722222222,141.55304166666667
17887583901457445,True,132.4144027777778,129.04755555555556,129.65458333333328,36.418638888888886,136.44523611111111
18099006799670189,True,33.35419444444444,43.80456944444449,67.19752777777776,147.93994444444445,71.81679166666666
17861593065503442,True,156.59147222222228,156.28922222222224,138.62877777777774,63.929763888888886,168.44702777777778
17883789300147229,True,103.51961111111113,113.9210833333333,133.9306944444444,101.45883333333333,140.55654166666667
18365918317105830,True,131.5922638888888,155.49881944444436,158.7584722222222,63.08836111111111,163.54794444444445
18194997349325177,True,99.59680555555559,111.98658333333333,148.69887500000007,107.08552777777778,154.00941666666668
18106606096461694,True,85.0773888888889,99.15272222222221,116.71854166666672,100.47966666666666,121.345125
18121412140718939,True,147.4347499999999,135.04938888888893,117.20815277777777,52.865125,147.69241666666667
18134260954542028,True,153.20636666666664,170.92076666666668,193.08158888888877,64.86203333333333,193.43203333333332
18099307066509984,True,142.41031249999997,126.42380952380957,150.3261160714285,75.9426488095238,161.66910714285714
18390002725155218,True,161.78586666666666,165.8726370370371,174.4984740740741,84.85841481481482,195.90988148148148
17891128257054269,True,112.91157777777777,144.85400000000013,180.216111111111,114.22351111111111,181.73884444444445
18146238427325506,True,115.6736333333334,135.98911111111107,171.16500000000002,94.09477777777778,172.48324444444444
18339640138159280,True,64.49012499999998,107.0989722222222,152.0859166666666,152.08279166666668,154.3009722222222
18079221710408741,True,83.3823851851852,137.1021777777778,121.06733333333334,136.0358222222222,148.31425185185185
18061609766436410,True,95.32063703703703,125.44284444444442,119.66671111111117,73.02724444444445,130.90114074074074
18051826321972349,True,93.08904166666667,124.56704166666668,162.33173611111104,109.56525,162.4097361111111
17986828427568002,True,137.65537499999996,116.80309722222222,97.45098611111118,93.21080555555555,145.00393055555554
18050339626791473,True,128.7986805555555,160.5736527777778,184.49402777777777,83.14361111111111,184.99547222222222
18052488116295347,True,171.3006365159129,165.04355108877718,163.8339698492462,96.37398659966499,198.18293132328307
18093009913519082,True,118.0527707454289,137.15469760900135,153.01140646976089,66.18050632911392,153.63165963431786
18078595253127895,True,81.71301388888892,119.5763333333333,161.03670833333322,126.052125,161.8411111111111
18181930006305495,True,112.80772151898736,134.16029535864968,131.02047819971864,83.2451617440225,150.57478199718707
18041024924218767,True,113.91006944444439,126.49456944444445,142.7684166666667,85.31241666666666,150.56475
18251232232305354,True,104.37026499302648,131.08414225941408,164.2015341701533,110.97906555090655,167.35338912133892
17883385188152709,True,75.847158931083,90.85573839662447,101.11579465541486,110.45240506329114,109.66395218002813
17857416099241286,True,44.41908333333334,85.58088888888888,126.70095833333335,180.83070833333332,129.0272361111111
18048055124633543,True,146.34544444444435,135.84973611111113,142.60183333333342,58.68601388888889,160.98718055555557
18074444582279999,True,101.81033333333335,130.62456944444443,174.54619444444447,119.581,178.55094444444444
18113733109786239,True,146.0190972222222,146.48893055555567,134.97038888888892,59.512458333333335,159.341
18313749610273611,True,111.977949790795,134.63327754532773,146.27018131101804,99.90450488145049,156.893179916318
17861233317527941,True,83.26491666666662,95.11793055555549,116.9433055555556,97.68826388888888,119.44972222222222
18402985510179331,True,152.7424555555556,153.15911111111095,131.58276666666674,87.57033333333334,161.72537777777777
18024188318196793,True,108.70907777777778,114.28641111111115,115.34767777777775,72.83054444444444,125.18283333333333
18357191641133556,True,98.6571555555556,93.12025555555553,103.11404444444437,74.20164444444444,114.5806
18036452966360528,True,52.13072222222224,63.617944444444454,71.42200000000004,90.29568055555555,71.886
18023750474536787,True,107.74744022503516,53.546511954992965,71.30884669479606,144.25350210970464,109.10863572433193
18059968645702946,True,73.08791111111107,83.1774111111111,98.37902222222225,80.10946666666666,100.0011
18128916052426594,True,134.09776847977687,143.18877266387716,146.3806973500697,50.25278940027894,150.3047838214784
17857056600684553,True,167.6889444444446,176.80228888888897,210.35943333333327,72.01141111111112,210.39651111111112
18128550739536984,True,207.1166805555554,190.33151388888894,169.42269444444452,57.184125,209.2908888888889
18160311826434072,True,88.65551388888888,133.56326388888888,199.0019861111112,145.383875,200.78608333333332
18013373357683908,True,95.54221666666665,106.5773666666667,115.84339999999999,48.99248333333333,117.50141666666667
17937835358992721,True,87.65573611111108,101.12076388888885,117.99711111111104,95.21068055555556,122.1955
17933461047051219,True,104.15361481481483,131.68217777777772,131.8920888888889,81.09093333333334,142.25405925925926
18094374170166549,True,86.92047619047617,103.54187500000002,115.20779761904768,72.7825,120.32309523809523
17874704331561870,True,175.3434159779613,192.81365013774104,206.77157024793377,44.4334435261708,206.7717355371901
18308772862284673,True,121.47934722222212,123.42566666666669,122.82898611111115,70.56811111111111,140.63206944444445
18259924276294037,True,135.05357357357352,140.35405405405405,118.24815315315314,107.49864864864865,152.75123123123123
18236370850305658,True,113.55351388888893,133.18454166666663,143.50238888888887,81.20797222222222,145.46956944444443
18543590554008930,True,108.34563888888894,129.53598611111116,159.20509722222226,97.44040277777778,164.82344444444445
18018741971196455,True,204.87818888888881,209.12710000000013,188.49423333333357,46.2847,214.40112222222223
18087175123958348,True,93.72915277777778,115.87677777777783,134.52162499999997,101.26363888888889,136.058875
18394002877158141,True,51.86338888888889,88.88908888888888,151.9129333333333,154.86317777777776,154.47842222222224
18576117760028770,True,128.57732142857142,152.27853174603172,172.07249999999993,80.39775793650794,173.93829365079364
18354219073184955,True,98.66738396624473,122.21774964838255,136.3838537271448,88.95902953586499,140.56791842475386
18332735590247206,True,78.12129166666669,109.4577916666667,134.2431805555555,136.06990277777777,140.37951388888888
18115594162659636,True,108.82298611111112,136.6869722222222,153.16105555555558,88.53244444444445,153.19906944444443
17877470850558719,True,109.0178194444445,120.97926388888887,137.59156944444445,89.51629166666666,144.73823611111112
17886164202530573,True,116.59212499999995,128.71201388888898,122.78216666666668,89.94352777777777,138.67870833333333
18578154502028849,True,91.56740277777777,139.66366666666661,160.38138888888886,118.73975,171.411875
17973056022033331,True,37.796014814814846,69.68365925925927,100.63794074074072,169.77582222222222,100.71874074074074
17896403214062505,True,108.17912500000001,123.84761111111114,127.83493055555556,109.40626388888889,147.58090277777777
17871417264328669,True,122.01837499999995,137.34536111111132,139.4869027777778,90.572875,156.15311111111112
18063582349839915,True,125.47982162764771,132.91628762541802,132.65206243032338,89.89306577480491,153.42028985507247
18046481231485961,True,39.862516666666664,58.94924999999998,50.68658333333333,104.12605,62.24466666666667
18064617632198692,True,207.3965694444443,187.557638888889,171.95616666666663,51.100375,207.57948611111112
17878155297088379,True,115.0437693389592,130.99921237693377,114.28133614627293,97.65042194092827,143.45946554149086
17942884920177905,True,190.11789629629635,191.30662222222222,191.94719999999992,14.176725925925926,194.44354074074073
18100986544426008,True,101.9231926863573,118.45488045007026,120.77295358649792,86.66119549929677,132.52157524613222
17877257106212075,True,85.83324894514773,99.53108298171591,109.99056258790442,61.68706047819972,111.9914064697609
18054618056012712,True,116.98424444444446,137.81518888888888,161.17749999999998,79.64523333333334,163.79034444444446
18120349453554794,True,127.75741666666671,131.17070833333335,94.6221388888889,117.33765277777778,143.8746111111111
17891203007964509,True,120.84156944444446,138.61870833333336,144.2215972222223,76.56702777777778,156.2243611111111
18063759961538946,True,110.22268055555564,117.63951388888886,149.98638888888885,101.92119444444444,157.27126388888888
17851672155597411,True,35.39989999999999,61.63225,86.4096333333334,172.56925,86.47691666666667
18048128365834712,True,95.27872222222223,49.29843055555556,16.82730555555555,194.58084722222222,96.08483333333334
18327087205144524,True,123.22938888888898,110.23945555555544,111.59298888888891,73.31065555555556,129.10875555555555
17864081391290115,True,50.82426388888889,74.6330416666667,101.14449999999995,149.54584722222222,101.55241666666667
18051983114687025,True,105.55636111111112,126.46105555555552,140.4298055555556,82.74323611111112,142.18794444444444
18049620701024062,True,78.49531944444449,53.9109166666667,55.1618472222222,174.97943055555555,94.501875
18360824263228371,True,129.75211851851853,127.42071111111119,125.86908148148154,84.37626666666667,146.99537777777778
18150581281361893,True,57.12673582295989,73.3533195020747,100.34065006915621,168.36082987551868,100.36914246196405
17998148999874634,True,84.26379166666666,93.43252777777779,106.02722222222225,79.91122222222222,110.00641666666667
17924827374292376,True,122.09995555555557,155.68512222222222,181.62010000000006,93.00353333333334,181.95426666666665
17907565005358164,True,104.36731851851854,115.56720000000003,120.67610370370367,76.42903703703703,130.85834074074074
18152120296394112,True,126.47698492462308,135.45247906197648,133.84912897822448,56.9308040201005,144.28907872696817
18156198430432102,True,162.23734722222218,164.4351666666666,169.1737638888891,24.814597222222222,172.030375
18061829999235757,True,115.7345972222222,120.67702777777778,130.9792083333334,48.44752777777778,135.85895833333333
18424947046139773,True,153.33163888888896,168.63837499999994,177.4182638888889,47.923097222222225,180.01881944444443
18061996763098401,True,107.33369444444439,115.14287499999996,128.87330555555556,112.0092638888889,131.6513888888889
18070369628113954,True,42.70969444444447,43.67709722222219,46.268333333333324,99.25572222222222,51.33011111111111
18057613772331313,True,106.73184722222224,128.3655,151.61656944444442,101.71693055555555,156.44101388888888
18012391466109503,True,69.82452261306531,94.03490787269688,87.82566164154107,96.41536013400335,98.26105527638191
18076192616169087,True,125.16659722222235,139.40651388888878,169.3056388888888,92.06302777777778,176.14976388888888
18090708503192483,True,225.10768333333337,158.81064999999998,86.68008333333327,154.85036666666667,225.53581666666668
17914613007273386,True,117.3451046025105,127.86638772663878,137.5447280334728,89.30705718270572,153.48589958158996
17937699633219312,True,78.46711111111107,123.78942222222226,156.7949444444444,148.02908888888888,160.42855555555556
17961502383078933,True,98.1484583333333,90.8107361111111,100.00930555555557,91.09769444444444,113.09036111111111
18097381289003936,True,200.49720000000005,216.31352592592586,227.8589037037037,32.684562962962964,228.06223703703705
18103425928749055,True,66.83462500000002,89.8877777777778,87.75084722222216,116.29895833333333,100.68895833333333
18055663457085988,True,151.0458833333334,169.38421666666665,175.89929999999993,56.875683333333335,182.48526666666666
17904327648410401,True,55.835344444444445,104.16144444444437,104.02960000000004,134.9517,110.60362222222223
17899689585210162,True,83.29404166666669,88.60075000000003,94.8717361111111,70.704625,101.42005555555555
17847005199301381,True,140.22741666666664,107.58415277777779,75.56101388888892,130.12705555555556,145.40398611111112
18109796110837511,True,88.83383703703706,103.80314074074079,111.52509629629624,85.97973333333333,116.96078518518519
18099819514974584,True,144.00831111111114,146.30602962962956,143.99782222222223,39.830740740740744,152.09807407407408
18116671669737055,True,97.31221666666673,112.47410000000004,121.39366666666666,112.76998333333333,130.3431
17992302587627064,True,93.6887777777778,92.91951388888884,95.25136111111101,75.61834722222223,111.00127777777777
17930697596900656,True,119.89550000000006,130.59669444444455,145.06393055555563,90.20629166666667,155.84081944444443
18086899936528106,True,136.5305833333333,155.43238888888888,175.0274444444444,78.81488888888889,180.697625
18103274773393479,True,116.86308228730822,131.5823152022315,132.94444909344497,88.76804741980474,149.1266108786611
18079455992120644,True,97.44941548183245,107.22363349131122,117.05703001579784,69.12139020537124,118.39946287519747
18320987989264084,True,168.68942222222222,190.988311111111,208.43132222222218,58.145922222222225,208.562
18076082272726090,True,54.87642222222221,66.24527777777779,115.43296666666664,178.44268888888888,117.0978
18128317399584121,True,119.94980555555556,134.0224027777778,154.3175138888889,63.96381944444445,158.8432361111111
17910524388051893,True,69.11211111111115,86.68630555555553,96.50363888888883,93.81675,98.58059722222222
17858017545682863,True,115.46512222222219,97.83451111111106,129.44473333333335,96.90997777777778,138.4118777777778
18073549799207512,True,90.8690833333333,176.95368055555554,232.95408333333347,161.61594444444444,233.08919444444444
18037133413937446,True,71.6677455048409,89.64214384508995,113.23470262793909,114.06138312586445,113.50215767634855
17944033425158217,True,101.97218055555555,91.12613888888887,111.30762499999993,85.37679166666666,119.19938888888889
18102606928757824,True,57.388263888888886,98.03387499999998,133.92776388888888,157.80686111111112,139.16429166666666
18194694370362817,True,184.30333333333328,175.77176296296273,182.78776296296303,24.056325925925925,189.64552592592594
17995356341474059,True,145.7212,147.8862962962963,147.9836148148147,42.43757037037037,156.28974814814813
18057907927880352,True,149.2750492264417,162.90659634317862,173.49569620253178,40.88762306610408,174.0201265822785
18177295204356188,True,129.42868055555556,135.98166666666648,190.69487500000002,91.24570833333334,191.073125
17964696467933222,True,79.04537500000002,134.70283333333333,179.08422222222222,152.95184722222223,182.04651388888888
17870939109193595,True,135.80384444444448,148.8423999999999,153.89610000000002,60.89933333333333,162.9387888888889
18123302128411990,True,95.14061111111108,94.82226388888886,77.64784722222211,116.61756944444444,106.44977777777778
18050099675725165,True,126.60664444444438,135.94784444444448,168.23512222222226,54.1236,168.48795555555554
18162125587328885,True,224.68851388888905,204.37923611111094,188.49866666666676,64.18323611111111,231.99025
18087741313941482,True,88.4620972222222,80.58336111111115,95.74898611111111,129.9545138888889,115.8152361111111
17904423231205377,True,80.78589614740366,101.84837520938027,104.03472361809047,107.83599664991625,112.37256281407035
18045107713922130,True,57.25717299578058,112.85372714486637,161.59376933895928,165.43345991561182,164.45028129395217
17935664565275069,True,202.93152222222218,172.49112222222223,126.92225555555551,103.92923333333333,208.52786666666665
18401789782195035,True,184.30035555555543,156.50495555555557,132.1363111111113,69.4085,185.3429111111111
17879747301118734,True,126.66651195499294,149.32890295358652,148.54036568213783,68.66098452883263,157.3898312236287
17945208627065405,True,37.519633333333346,43.142933333333346,184.68143333333325,209.70871666666667,184.7327
17925038037291008,True,30.08541666666666,48.34003333333334,72.44806666666672,142.33896666666666,72.92603333333334
18087088333800848,True,111.24058333333328,118.25901388888887,128.08380555555559,68.34543055555555,135.63347222222222
17988813962794086,True,103.02205555555551,108.21543055555556,109.75637500000006,34.05947222222222,115.184625
18066002869716899,True,61.77742222222229,72.99778888888882,83.18231111111109,109.45445555555555,88.16452222222222
18203976997337058,True,116.93893333333324,131.25180740740737,134.26881481481487,54.541555555555554,141.57983703703704
18036203726399926,True,50.719055555555585,55.072277777777764,52.169527777777795,85.01697222222222,58.664541666666665
17990019029548337,True,113.6960669456067,137.13563458856345,151.67737796373777,96.34788005578801,159.80170153417015
18077673320396768,True,83.279,148.66975555555555,213.4681888888889,160.27676666666667,216.1759
18031047092405677,True,98.9020223152022,111.89794979079507,125.68337517433744,79.3728870292887,130.31504881450488
17900882691132307,True,120.26630555555556,145.07751388888886,168.4316527777777,101.27927777777778,176.20418055555555
18081461596474436,True,206.0463055555556,206.86881944444445,178.38615277777774,70.86888888888889,221.14948611111112
18005961305531094,True,119.27505185185186,139.3882518518518,154.09179259259258,84.13620740740741,160.89256296296296
18322757779115577,True,106.60884722222224,132.1334305555556,141.20494444444446,81.34695833333333,148.5618472222222
17892022044056754,True,101.98687500000003,97.41824999999997,92.43809722222223,131.1352222222222,127.2328611111111
18131692843378446,True,53.199762900976275,58.88059972105993,62.767684797768474,66.81958158995816,66.30818688981869
18329686894080073,True,119.47794444444449,124.54541666666665,122.8734861111111,37.46186111111111,129.02884722222223
18466764817099483,True,136.17789789789788,180.46771771771773,188.22328828828827,80.98162162162163,192.94965465465467
17883189492485337,True,26.613388888888885,115.57902777777782,102.29879166666666,174.50490277777777,117.81222222222222
18020985227240496,True,141.81992222222217,156.9150444444445,168.11599999999993,57.37001111111111,173.32256666666666
17887400961299902,True,72.29716666666666,87.81429166666662,123.99765277777776,135.0742361111111,124.59988888888888
18518453809073862,True,130.44016666666664,142.19535555555564,149.23946666666671,39.64261111111111,152.94922222222223
18134804854480358,True,36.35617852161783,70.65428172942819,108.68493723849382,168.73062761506276,108.88690376569038
18257444824213997,True,142.86868055555553,125.96249999999993,110.49458333333332,80.602125,147.06193055555556
18344881357127376,True,92.74515555555548,110.28011111111111,89.52347777777783,121.04753333333333,118.20262222222222
18045267509196656,True,83.35199999999995,79.44216666666668,72.5170694444444,114.76402777777778,100.110125
17966607170943364,True,163.73412500000003,150.1198055555557,142.82012500000005,81.214375,181.94206944444446
18112445089481002,True,78.67698611111113,90.20515277777778,111.1141944444444,118.33841666666666,113.50975
18033707441038772,True,71.61688888888888,85.23495555555554,110.25013333333338,112.2634,110.6536111111111
18019092758819193,True,86.377671957672,108.79441798941798,165.20444444444456,140.41645502645503,166.81458994708996
17975795789687347,True,121.68584589614744,136.9827470686767,164.60745393634832,76.40244556113903,164.6843216080402
18066452225691224,True,169.2274444444445,168.43618055555547,170.94311111111102,39.69548611111111,183.60540277777778
18065506306632702,True,121.68584589614744,136.9827470686767,164.60745393634832,76.40244556113903,164.6843216080402
18436103173140238,True,103.4682518518519,118.36465185185192,162.11245925925928,90.3834962962963,162.63801481481482
18051551959672925,True,99.99440000000007,109.58936296296295,115.24481481481476,90.45408888888889,122.3416
18067785035297163,True,138.64608333333322,102.92823611111109,77.74005555555556,149.60348611111112,149.53338888888888
18090196217191625,True,118.50008888888888,124.54527777777774,141.41877777777776,58.71593333333333,141.6264111111111
18097749650323108,True,101.69057777777773,125.71309629629624,152.6739259259259,101.02358518518518,154.8132
17896170993049349,True,106.6799015471167,112.16201125175806,119.9450914205344,83.07168776371309,135.60112517580873
18136487845452758,True,69.10405555555555,79.40286111111108,100.46456944444442,108.01875,103.26306944444444
18081791875737225,True,153.0349444444444,153.71561111111112,151.51254166666664,35.72345833333333,160.83259722222223
18011799437815319,True,96.99234722222216,117.16673611111112,114.53844444444441,107.29470833333333,133.2445972222222
18131994508559491,True,158.30903703703714,147.27511111111104,130.8977629629631,97.10294814814814,176.72416296296296
18579854719001556,True,128.87091851851852,165.34109629629626,171.68644444444433,73.64731851851852,171.94721481481483
18045408311753641,True,134.4488842398884,150.200069735007,176.9997907949791,84.14523012552301,185.1929288702929
18137042470519687,True,66.04871111111112,104.13145185185185,137.22977777777777,142.2476888888889,137.3217037037037
18025467721747043,True,59.721939799331125,114.9535785953178,139.13761426978834,159.9415607580825,143.04216276477146
18072812165080041,True,97.99943055555556,106.61644444444445,109.63090277777772,75.63133333333333,120.15022222222223
18061208513075042,True,102.8190972222222,124.25022222222235,139.88618055555546,91.3458611111111,142.4634722222222
17992451051929831,True,82.56791111111106,120.57471111111107,153.82805925925925,138.1360740740741,159.9170074074074
17926961067068161,True,115.98302777777772,136.64986111111114,154.2142361111111,103.1848611111111,163.53841666666668
18131406349616292,True,117.43884444444446,116.03426666666667,121.50784444444442,34.33947777777778,123.90511111111111
18053787008014214,True,37.276863572433165,41.934796061884626,48.55635724331926,62.28130801687764,50.54954992967651
18071426579506395,True,177.92626388888888,187.22300000000007,176.95277777777787,37.41630555555555,190.76248611111112
17895485223213363,True,72.3366805555556,91.01448611111108,93.12316666666666,107.2298611111111,100.11443055555556
17971659870032206,True,110.9394518518518,136.04362962962966,143.3373333333333,72.96711111111111,145.25619259259258
18016302590666502,True,151.79555000000002,141.18379999999996,113.83971666666676,108.41606666666667,167.28298333333333
18088960292163548,True,116.5299722222223,156.42384722222224,194.40862500000006,111.87823611111111,195.44915277777778
18077502854561471,True,84.05651388888896,117.92702777777782,136.9791805555556,121.78397222222222,141.46855555555555
18097274300278044,True,223.09695555555552,218.09060000000008,151.0462444444444,95.86003333333333,227.4596222222222
18092401286147165,True,128.06188888888886,123.38237777777773,104.31807777777779,97.756,142.95334444444444
18091528027475407,True,169.7671388888889,183.01487499999988,180.3776527777778,41.232375,190.51918055555555
18014068856205945,True,114.9483333333333,114.86766666666668,119.0844444444444,94.37008333333333,139.74781944444445
18576831289019764,True,46.58810370370374,66.12025185185185,72.77466666666666,178.44345185185185,85.17816296296296
18063313126922188,True,107.97572222222223,138.01737500000002,158.5554444444445,110.08954166666666,158.9151527777778
18564068680018540,True,49.300877777777785,92.34328888888884,148.49435555555556,182.59771111111112,148.52102222222223
18066598448034423,True,138.13574999999997,161.75098611111122,174.34318055555548,70.32934722222222,179.1471527777778
18177541696321120,True,93.31125555555559,104.47216666666667,121.17381111111114,84.23176666666667,126.04903333333333
18032752580467186,True,141.44601388888893,118.553375,116.12443055555545,98.150875,148.96604166666665
18340819516231862,True,44.990444444444464,72.88584722222221,74.31488888888887,129.52363888888888,78.98748611111111
18087530545595686,True,153.58936296296307,164.51248888888884,175.92814814814804,63.93659259259259,177.46751111111112
17940644060763158,True,27.72515912897823,47.79953098827472,69.80912897822446,174.69294807370184,69.81046901172529
17928841307859626,True,137.38330555555555,141.9630555555555,152.27780555555552,65.72538888888889,163.4729861111111
18075816122575343,True,113.41416666666663,132.39045833333338,138.36058333333338,74.56895833333333,144.2235138888889
17925681209899043,True,120.7167361111111,123.59566666666665,108.78566666666667,65.9312361111111,131.09933333333333
18112717201609652,True,90.28013888888891,68.16380555555557,93.01198611111113,86.07788888888889,106.53144444444445
18382943833197235,True,139.16548611111114,140.27151388888893,149.05183333333335,49.51386111111111,159.3681388888889
18009669923326517,True,23.246888888888883,30.21462500000001,38.01718055555557,46.71431944444444,38.61054166666667
18087953087600601,True,122.39621111111101,57.40836666666664,59.06706666666665,185.03232222222223,142.33623333333333
18041837093445924,True,56.85283333333334,62.608,76.24305555555547,117.77906944444445,84.76977777777778
18133505425547996,True,93.639837037037,113.96797037037032,130.6486666666666,87.7201037037037,131.49322962962964
18062944030490214,True,177.2033777777777,191.0685444444445,176.447611111111,46.20278888888889,192.4427777777778
18007955765194922,True,109.08805555555558,122.26406944444442,131.48680555555558,86.66605555555556,141.49093055555556
18085331075006478,True,70.64901388888887,80.72529166666664,91.45577777777781,74.84093055555556,92.62270833333334
18048085979537385,True,146.7606250000001,125.43005555555563,114.1339166666667,86.85377777777778,147.4529861111111
17946052848153948,True,182.33218888888888,207.56761111111112,233.68288888888875,66.93344444444445,240.75294444444444
18336148726221599,True,75.989437037037,87.89736296296297,108.40838518518527,89.05597037037037,110.21487407407407
17952670274964238,True,66.49013333333335,84.25994074074082,84.89038518518517,152.28967407407407,101.18108148148148
18180997270382560,True,65.2379851851852,92.24118518518517,114.35321481481488,158.01914074074074,119.35285925925926
18008417711580982,True,110.13868888888891,94.9935111111111,83.84002222222216,106.1158,122.70542222222223
18131071147551563,True,73.8812777777778,88.68278888888885,125.12299999999998,147.54973333333334,133.0688111111111
18048375779668799,True,175.9948333333333,171.79558333333324,178.3592777777779,21.522597222222224,183.26059722222223
18039885377323993,True,61.78829166666665,79.19891666666668,92.21048611111111,93.59543055555555,94.46493055555555
18119774362453501,True,80.0200502512563,114.7739698492462,144.75551088777218,118.71589614740368,151.07862646566164
18019271483830590,True,99.53521481481482,127.45628148148138,117.33063703703701,100.27176296296297,137.13238518518517
18113292163744785,True,134.53758333333337,155.84161111111115,153.91975,66.26540277777778,162.81497222222222
17877704730226332,True,121.93955555555554,128.67622222222232,131.24131111111126,71.37072222222223,143.95435555555557
18094485398148926,True,142.63580555555544,173.60949999999997,169.06690277777767,65.55791666666667,175.54194444444445
18092999410696595,True,82.63344444444455,86.76397222222216,88.02883333333335,77.36347222222223,100.479875
18096144790861097,True,132.02907777777781,134.98930000000007,134.81975555555567,19.987355555555556,137.62012222222222
17864082165614000,True,55.434285714285714,78.07924107142853,110.01440476190476,117.01446428571428,111.03886904761904
18525081517067430,True,96.08198611111114,90.44594444444446,78.6699305555555,70.19513888888889,99.25468055555555
17934399351219004,True,95.9764,107.47748888888889,119.76299999999988,75.9959,124.87017777777778
18191212051339737,True,96.52945833333334,120.21384722222226,141.12727777777764,88.49816666666666,142.04733333333334
18173105389392560,True,135.0181777777778,159.213388888889,153.3942555555555,51.02737777777778,163.95933333333332
17978267729548444,True,102.63553695955372,131.79131101813107,133.22888423988843,95.9010460251046,143.09562064156205
18079904816419974,True,38.828675595238074,58.124107142857156,85.47711309523807,151.5888244047619,85.48364583333333
18130317235489139,True,89.50054444444442,115.83565555555559,131.07556666666667,89.65338888888888,131.28454444444444
18107042854936942,True,65.0070519262981,99.81901172529312,99.24835845896146,148.44941373534337,107.68837520938024
17961159653833984,True,71.07133333333336,98.4757083333333,137.0901666666666,150.52558333333334,141.6577638888889
18376040605131077,True,103.32888423988841,124.78966527196648,155.79666666666662,96.51730822873083,156.88648535564855
17942653488172821,True,93.37336122733613,94.43637377963734,109.81687587168756,110.03,123.29779637377963
18055131772745269,True,32.13771111111108,56.49188888888887,88.0276444444445,181.69164444444445,88.1384
18099865957954768,True,76.16673333333337,101.04496666666678,128.48394444444446,133.7412,135.1249777777778
18064838765690383,True,163.8152777777779,159.1710138888889,134.16663888888885,63.13961111111111,170.22701388888888
17961587981962994,True,117.66502777777787,119.01576388888884,126.67484722222225,43.29154166666667,132.86794444444445
17898045810437600,True,54.1948666666667,98.81144444444449,127.25123333333335,164.3172888888889,127.86221111111111
17958569103114491,True,55.720388888888856,68.8935138888889,77.41038888888883,73.73676388888889,78.94009722222222
17914157280089575,True,91.58914074074075,109.34032592592594,102.29442962962963,76.11117037037037,115.22037037037038
18055970897690256,True,92.50031944444444,101.57651388888894,109.52931944444452,58.44247222222222,110.37688888888889
18057297563452360,True,100.95490277777778,110.71801388888886,112.79922222222235,46.62280555555556,117.30475
17848161591445141,True,72.97458333333333,109.83968055555555,142.16319444444449,150.96129166666665,149.09159722222222
18033258422262366,True,102.39546666666672,94.7045333333333,99.75920000000002,69.59385555555555,114.20493333333333
17997883055597743,True,136.0065277777778,151.21405555555557,159.23137499999999,60.84776388888889,162.76725
18397116976131349,True,100.28169444444448,121.4305277777778,139.22127777777777,83.48981944444445,139.39594444444444
18391024672138544,True,90.16396094839605,112.39705718270568,141.58722454672244,107.8952440725244,142.41960948396095
18098032850515256,True,49.12901388888886,46.48005555555558,57.58623611111113,42.270722222222226,60.43486111111111
17866357563674428,True,118.4118222222223,129.18127407407405,139.33165925925917,39.62677037037037,139.548
17939392019878654,True,173.7868055555556,174.53380555555566,184.34355555555553,74.89258333333333,205.628625
18023620115486885,True,99.24069444444446,116.43472222222218,123.51279166666664,84.51806944444445,130.8515138888889
18177205804355600,True,69.47517777777772,121.29557777777775,177.173011111111,166.62853333333334,177.22604444444445
18174446839400286,True,58.69638518518517,86.77691851851853,129.51834074074068,155.27605925925926,129.6415111111111
17894308503010467,True,113.08244444444442,121.22939259259248,125.89568888888898,38.078237037037034,129.3975851851852
17868053331526604,True,98.21280637254903,136.94591911764712,130.70058823529413,112.92149509803922,148.73464460784314
18137923633378785,True,72.802864321608,72.05190954773869,72.19911222780564,150.48685092127303,94.17706867671691
18065895245667107,True,64.24574539363488,66.47460636515913,75.744539363484,135.5787604690117,94.52671691792295
18419135920105196,True,73.83309722222221,86.27694444444441,104.02622222222223,111.59690277777777,108.22416666666666
18343088848207642,True,125.72994444444444,145.67827777777785,164.5598194444444,73.86540277777777,164.56308333333334
17893362669325574,True,191.00504166666678,191.6950972222221,197.85413888888885,24.402541666666668,199.62770833333335
18396892054097946,True,87.37905555555554,100.80976388888885,136.3092083333334,110.44977777777778,139.202875
17906493549105869,True,141.7187916666666,147.63854166666658,144.24043055555555,72.61090277777778,164.70794444444445
18061519376652602,True,137.34094444444443,137.8152916666667,135.91955555555555,22.028791666666667,141.54919444444445
18110318896369715,True,117.53655692729764,128.2302743484223,133.85414266117985,50.57644718792867,138.35883401920438
18035680321743537,True,112.5545606694561,132.60663877266387,149.0589958158996,79.19433751743375,153.3670990237099
17917415535328645,True,81.11373779637378,97.8399860529986,116.24803347280331,98.96680613668062,119.2710739191074
17860684038478556,True,55.79112499999998,77.15677777777775,92.83754166666667,129.33229166666666,93.65972222222223
18092845294496339,True,139.67521111111114,134.9306666666666,86.4134222222222,159.28537777777777,168.86345555555556
17921439369302271,True,49.6669888888889,66.24625555555556,105.1299333333333,157.24597777777777,107.12762222222223
17877108108134140,True,137.547805907173,145.80071729957803,147.60731364275674,59.351026722925454,157.44842475386778
18524308081077661,True,236.2895666666667,226.8354666666668,250.25868888888917,25.609222222222222,250.33406666666667
18312237811276945,True,36.219277777777776,43.86731944444443,71.3885972222222,112.55970833333333,71.40098611111111
17885146785066572,True,145.56696356275305,192.6213090418353,207.47055330634282,87.77921727395412,213.68995951417003
17913026460010883,True,164.25478199718705,178.5892967651196,181.97225035161756,57.51271448663854,193.4114345991561
17946851741693267,True,133.46372384937237,144.91764295676435,147.88313807531387,51.74133891213389,154.52467224546723
18341590975159779,True,118.35418888888894,133.17351111111108,155.58025555555562,81.1252,156.31163333333333
18082736770847067,True,67.12790277777776,112.66606944444446,165.98004166666672,160.23269444444443,165.98245833333334
17872892253231012,True,131.49048611111107,158.3673194444445,185.11979166666654,95.62283333333333,185.40126388888888
17865593337493875,True,52.26691666666668,55.10172222222222,62.55861111111114,136.1322638888889,72.42990277777778
17870189280354125,True,79.642875,82.43336111111107,81.2278472222222,76.95966666666666,88.61780555555555
18095565683108534,True,112.82104166666674,104.66459722222228,76.49191666666664,163.01393055555556,124.98413888888889
18002919701385618,True,69.81093444909344,86.23143654114364,99.78100418410035,108.86931659693165,106.38640167364017
18262704853243463,True,176.8724130190796,176.29995510662172,87.95240179573514,148.15001122334456,186.07131313131313
18118279993735038,True,147.7766222222223,165.16595555555563,165.75672592592596,77.53303703703703,181.85165925925926
18091865411136324,True,110.33034074074071,108.5970518518518,106.24557037037034,35.894814814814815,114.95491851851853
17942913728953585,True,94.72055555555548,124.59065277777783,144.577875,108.56525,145.047125
18405814078128538,True,180.8160833333334,171.15513888888887,152.32705555555557,75.71216666666666,191.06970833333332
18016708166660730,True,61.37847222222218,113.78074999999997,152.40344444444446,173.91116666666667,152.60540277777778
17878133691258074,True,127.69969444444446,137.16605555555554,154.90700000000004,58.18065277777778,155.57830555555554
17878466865551608,True,81.02358333333329,105.92476388888888,153.8798472222223,127.92969444444445,153.88256944444444
18249739231217521,True,32.67913333333335,38.50542222222222,138.34203333333323,193.1819888888889,138.34916666666666
18065305961322842,True,73.52601388888885,86.25529166666671,99.85777777777778,144.53759722222222,112.41638888888889
18025416341688045,True,192.69541666666666,215.46754166666668,199.40665277777782,50.32241666666667,216.946875
17911692566925161,True,21.86374444444445,61.406611111111125,97.63392222222225,181.4228222222222,98.11135555555556
18014801267174766,True,89.15921481481482,118.55081481481481,136.6575555555555,108.73077037037037,138.87820740740742
18061418012054625,True,101.32981944444442,123.8631388888889,164.03986111111104,114.46234722222222,164.78369444444445
17972344517915088,True,78.10962500000007,95.35179166666661,122.91855555555559,119.50058333333334,125.19698611111112
18077068498644401,True,112.06564489112229,101.22735343383583,71.91393634840871,125.20961474036851,118.08921273031825
18518145367067250,True,85.39963888888896,103.97086111111116,135.22388888888892,178.00645833333334,167.0705
18115787830384927,True,114.00670833333339,139.07569444444442,147.79448611111107,81.66840277777777,152.9577361111111
17950361574133773,True,86.84684444444444,106.31508148148156,123.772,86.0054074074074,125.5138962962963
17994271643671975,True,161.78463703703702,168.21856296296312,159.7005481481482,49.49411851851852,177.09657777777778
17997209348424527,True,146.36101388888886,162.7946249999999,172.43915277777762,53.18048611111111,175.48729166666666
17882564718530802,True,107.15652777777775,122.58949999999997,116.69891666666668,108.22059722222222,138.90469444444443
18429236788028212,True,158.93849246231153,177.36904522613068,197.0083082077053,65.92912897822445,199.8275879396985
18109191109661996,True,117.11988549618317,130.7410559796437,114.11049618320615,68.38931297709924,136.11127226463105
17984113910816307,True,131.69554166666668,143.81994444444442,145.26273611111125,69.40569444444445,156.65706944444443
18099599771076701,True,95.34955555555548,107.18393055555552,143.7392499999999,106.52715277777777,145.73038888888888
17913720729192310,True,42.24690277777778,69.1450138888889,128.1999861111111,176.11843055555556,128.2466388888889
18101060122441914,True,174.02133333333336,183.48975555555552,190.5595555555555,33.940733333333334,194.46265555555556
18152352976461297,True,94.09247407407412,135.26202962962964,160.9668296296296,110.02828148148149,162.64825185185185
18067335370903543,True,163.95655555555547,166.34968055555547,196.63209722222214,58.701458333333335,201.29406944444443
18102987766708789,True,120.7983611111111,135.96529166666667,144.12880555555552,86.4383611111111,156.65458333333333
18136452823354757,True,115.65442222222232,114.85978888888891,127.12305555555567,63.12241111111111,129.05634444444445
18014919503004815,True,101.9137520938024,92.22879396984925,85.47386934673368,148.84443886097154,123.94790619765494
18100364461799437,True,192.80759722222234,192.27206944444444,184.35022222222213,59.55173611111111,210.98206944444445
17921190777203255,True,150.36145,136.8632666666666,137.98286666666667,78.66248333333333,167.18116666666666
18094523752916703,True,127.08802777777775,120.5031666666667,105.45872222222224,86.957,129.401375
18022102637394161,True,177.67731111111118,166.8756222222223,144.73675555555556,91.24457777777778,196.5513777777778
17945932919996608,True,83.69906197654939,101.9045226130653,51.91577889447237,139.9839028475712,103.73922948073702
18374560918110567,True,66.13062500000001,115.67712500000002,139.14809722222225,152.27447222222222,146.86223611111112
17930975400257846,True,118.64052998605294,127.05082287308232,140.72553695955366,57.74850767085077,141.7850209205021
18045001993589875,True,152.17923333333343,207.8623166666667,233.24453333333338,90.9004,233.69713333333334
18046566158353585,True,200.84081944444446,195.38770833333325,191.08744444444437,45.549305555555556,211.17765277777778
18006605213186837,True,111.94318055555556,134.67668055555558,157.03497222222214,86.016625,158.65873611111112
17880240633174109,True,81.15552777777783,85.14791666666679,93.17927777777777,53.82929166666667,93.26201388888889
17944374741173488,True,117.08119999999997,144.33309629629628,163.7069037037037,102.34552592592593,164.3376888888889
18402666829195339,True,115.34397222222226,109.44438888888892,100.86691666666667,65.71276388888889,124.67073611111111
18013735787581689,True,193.90206944444455,191.2745694444445,176.57640277777782,46.662083333333335,195.93025
17873171799138036,True,84.27378888888884,127.69169999999995,161.12088888888894,139.65342222222222,163.61585555555556
18022162367620044,True,82.06278481012666,89.53784810126584,97.64185654008435,68.80881856540084,102.82143459915612
18078937004399656,True,144.83640277777764,162.9271111111111,162.79544444444448,65.38094444444444,168.69390277777777
18076409894553219,True,168.62580555555533,184.9893333333334,169.91104166666668,59.017875,190.97973611111112
18087397597746916,True,161.11044630404461,148.88718270571826,104.51094839609486,116.66170153417015,172.8402649930265
18039086735027442,True,60.62785804816221,74.72874524714828,76.16522179974653,144.38997465145755,91.07108998732573
18121325188621248,True,195.96933333333348,191.15083333333325,205.29237499999996,35.99294444444445,213.28870833333335
17900288423867574,True,223.83136666666664,227.74951111111125,228.47041111111122,22.242544444444444,234.009
18419147071110868,True,85.11301521438446,100.08977869986167,116.71688796680502,83.1225449515906,118.33235131396957
17853950361566632,True,77.90736296296295,91.85383703703708,104.82281481481482,83.0106962962963,107.39011851851852
18111591466575485,True,115.09315202231527,123.1059274755928,140.80068340306832,58.01609483960949,142.7447280334728
18073856963455226,True,156.54505555555542,159.7366944444446,166.42502777777761,22.504666666666665,167.70255555555556
18074975461980248,True,83.84476388888886,116.28991666666664,156.34486111111107,116.87598611111112,160.12377777777778
18069560339609380,True,119.07865277777779,126.61568055555554,132.33001388888886,68.34186111111111,141.24005555555556
17859257358687031,True,126.91980740740743,119.11623703703708,111.03845925925927,81.28906666666667,140.7709037037037
18006216569382731,True,106.35675041876043,132.94326633165812,157.16217755443895,98.0633500837521,162.20298157453936
17879682399540081,True,65.70113333333332,83.44297777777776,118.48651111111113,145.61974444444445,121.79485555555556
18077686423966965,True,93.99231944444446,107.15297222222212,118.90934722222227,117.06851388888889,137.51309722222223
18580241104011205,True,110.71702777777782,117.63183333333329,141.39702777777785,65.00313888888888,141.9873611111111
18069307858747490,True,37.025652777777765,69.0612777777778,101.34179166666662,175.33877777777778,102.45822222222222
18002974748699192,True,129.42625000000004,118.38836111111112,104.94200000000004,90.18202777777778,135.89779166666668
18067430090632046,True,214.41531944444426,226.9456527777779,225.86524999999995,27.443416666666668,230.8326111111111
18058035797709137,True,110.31484444444446,116.46035555555568,118.73352592592583,52.09814814814815,125.97407407407407
18018736529421401,True,125.25487499999998,147.52829166666666,159.60359722222225,78.52926388888889,164.2752361111111
17909798343199970,True,84.29403333333333,110.52849999999998,144.0025833333333,134.8491,144.2575
18149878342475174,True,149.13413888888888,168.62981944444442,184.47105555555555,68.97802777777778,188.73583333333335
18053797042664523,True,180.5769456066945,159.82411436541142,120.59299860529984,108.87888423988842,192.39521617852162
18093845603132061,True,125.87402777777761,159.06781250000003,160.49090277777768,75.7303587962963,168.31949074074075
18048653045208813,True,49.76696666666667,47.263816666666685,60.34356666666665,222.1363,97.83645
18043287208980116,True,78.87711111111109,105.68334722222222,122.1322638888889,130.28102777777778,133.02891666666667
17854064043276376,True,96.17606666666667,111.7072777777778,139.6409222222222,86.29403333333333,139.7189
18186464332373311,True,119.89314074074075,126.84718518518517,130.6366222222222,86.52100740740741,146.7444148148148
18054699035493522,True,149.24823611111108,137.7045833333332,130.42627777777776,119.34918055555555,183.54144444444444
17880209730541473,True,99.32845555555546,122.62872222222228,181.04057777777794,120.26742222222222,181.08086666666668
18127835104376691,True,77.19468055555556,74.95934722222219,97.59869444444445,142.16031944444444,117.62233333333333
18058622048307661,True,106.8311166666666,83.69871666666668,218.1970999999998,162.79231666666666,219.70085
18434908534073436,True,74.39888888888889,91.7144022503516,105.39625879043597,87.74434599156118,107.68829817158931
18258630787169015,True,147.99487499999998,147.8124583333334,139.74381944444454,86.18954166666667,167.51109722222222
18014730698316460,True,84.59636666666668,131.54187777777767,163.6194111111111,135.4942888888889,164.1881111111111
18209542123319269,True,223.28797222222224,223.02223611111108,216.68661111111092,22.45826388888889,228.577125
17940552041864014,True,130.7533166666667,114.87764999999999,103.86156666666663,108.78963333333333,143.53993333333332
17882494275045170,True,41.23805695142378,69.48298157453938,89.90001675041874,125.11442211055277,90.0901675041876
18306040387172589,True,129.35723333333328,140.9714666666667,153.25746666666652,58.57,156.3258
18100038925982265,True,140.63451666666666,112.39991666666664,88.08120000000001,112.78506666666667,150.28473333333332
18103039855512094,True,103.52708333333337,121.59836111111113,141.2704027777778,95.374125,146.32558333333333
18001032545872195,True,55.52535000000003,61.48268333333331,117.92331666666661,163.39803333333333,117.93655
18445964665070058,True,136.52568888888902,152.16822222222223,159.16978888888897,52.71192222222222,162.70586666666668
18264376249252783,True,101.14348611111107,150.81383333333332,154.74076388888884,146.574625,176.33634722222223
17925496722269526,True,148.81278518518525,151.63379259259258,127.96425185185183,87.42931851851851,168.11037037037036
