uuid,gemini_ok,scene_type,has_person,person_style,room_type_hint,view_quality,time_of_day,luxury_score,has_text_overlay,text_content_type,visual_style,post_intent,error
18004779014252143,True,lobby_lounge,True,guest_lifestyle,none,no_view,daytime,4.0,False,none,styled_editorial,brand_worldview,
18041142166663261,True,food_drink,False,none,none,none,daytime,4.0,False,none,styled_editorial,food_dining,
17983336769651248,True,food_drink,False,none,none,none,daytime,5.0,False,none,styled_editorial,food_dining,
18047444879740639,True,amenity_detail,False,none,none,no_view,daytime,3.0,True,facility_name_logo,styled_editorial,experience_activity,
18156948955322217,True,exterior_entrance,False,none,none,garden_view,daytime,4.0,False,none,wide_establishing,brand_worldview,
18257129710290204,True,view_from_window,True,family,none,ocean_view,daytime,4.0,True,price_plan_info,drone_aerial,price_plan_announcement,
18019780388294184,True,pool_spa,False,none,traditional_japanese,no_view,daytime,4.0,False,none,styled_editorial,experience_activity,
18010066040276613,True,pool_spa,False,none,none,no_view,unknown,3.0,True,feature_description,styled_editorial,experience_activity,
18022625591264158,True,view_from_window,False,none,none,garden_view,daytime,3.0,False,none,documentary_photo,view_scenery,
18000967124371872,True,room,True,guest_lifestyle,standard,no_view,daytime,3.0,False,none,styled_editorial,room_showcase,
18212304031321315,True,other,False,none,standard,city_view,unknown,4.0,True,price_plan_info,styled_editorial,price_plan_announcement,
18121000288441206,True,view_from_window,False,none,traditional_japanese,mountain_view,daytime,3.0,False,none,documentary_photo,view_scenery,
18094234024500924,True,view_from_window,True,guest_lifestyle,traditional_japanese,mountain_view,daytime,4.0,False,none,styled_editorial,room_showcase,
17847988581210438,True,pool_spa,False,none,traditional_japanese,garden_view,daytime,4.0,False,none,styled_editorial,experience_activity,
18023449813983186,True,restaurant_bar,True,guest_lifestyle,none,city_view,daytime,3.0,True,facility_name_logo,styled_editorial,experience_activity,
18103326073455557,True,activity,False,none,none,none,night,3.0,False,none,close_up_detail,experience_activity,
17998460774752978,True,food_drink,False,none,none,no_view,daytime,5.0,False,none,styled_editorial,food_dining,
17940618041716253,True,lobby_lounge,True,staff,none,city_view,daytime,4.0,False,none,styled_editorial,brand_worldview,
17871601866068402,True,garden_outdoor_space,True,guest_lifestyle,none,garden_view,daytime,4.0,False,none,documentary_photo,experience_activity,
17932432793748372,True,restaurant_bar,True,guest_lifestyle,none,garden_view,daytime,3.0,False,none,styled_editorial,food_dining,
17978067209615521,True,room,True,guest_lifestyle,suite_highend,partial_view,daytime,4.0,False,none,wide_establishing,room_showcase,
18057120626011192,True,restaurant_bar,True,hand_detail,none,no_view,unknown,4.0,False,none,close_up_detail,food_dining,
18364693189138071,True,lobby_lounge,False,none,none,no_view,unknown,5.0,True,feature_description,styled_editorial,season_event,
18055771981529207,True,restaurant_bar,True,hand_detail,none,no_view,daytime,4.0,False,none,styled_editorial,food_dining,
18098178065044461,True,activity,True,guest_lifestyle,none,ocean_view,daytime,4.0,False,none,wide_establishing,experience_activity,
18064903436074311,True,view_from_window,False,none,traditional_japanese,garden_view,daytime,4.0,False,none,wide_establishing,view_scenery,
18064843838657151,True,activity,True,hand_detail,none,garden_view,daytime,3.0,False,none,close_up_detail,experience_activity,
17934783465149162,True,food_drink,False,none,none,no_view,unknown,4.0,False,none,close_up_detail,food_dining,
18004620296731318,True,food_drink,False,none,none,none,daytime,3.0,True,feature_description,close_up_detail,food_dining,
18147612706362387,True,room,False,none,suite_highend,no_view,daytime,4.0,False,none,styled_editorial,room_showcase,
18266718691286263,True,food_drink,False,none,none,no_view,unknown,4.0,True,feature_description,close_up_detail,food_dining,
17934512622054656,True,pool_spa,False,none,traditional_japanese,mountain_view,golden_hour_sunset,5.0,False,none,wide_establishing,view_scenery,
18028504232210916,True,garden_outdoor_space,True,guest_lifestyle,none,garden_view,daytime,3.0,False,none,wide_establishing,experience_activity,
18300076117231435,True,food_drink,False,none,none,none,unknown,3.0,True,season_event_announcement,styled_editorial,season_event,
17896554839901308,True,exterior_entrance,False,none,none,garden_view,daytime,4.0,True,facility_name_logo,wide_establishing,brand_worldview,
18060185384430081,True,room,False,none,standard,no_view,night,4.0,False,none,styled_editorial,room_showcase,
18035089027695690,True,pool_spa,False,none,none,city_view,night,5.0,True,facility_name_logo,wide_establishing,experience_activity,
18097620457992851,True,garden_outdoor_space,False,none,none,garden_view,daytime,5.0,False,none,documentary_photo,view_scenery,
18299390266153053,True,garden_outdoor_space,False,none,glamping_unique,garden_view,daytime,3.0,False,none,wide_establishing,room_showcase,
18050079037675300,True,activity,False,none,none,mountain_view,daytime,3.0,True,feature_description,styled_editorial,experience_activity,
18037041043804290,True,other,True,guest_lifestyle,none,city_view,daytime,2.0,True,facility_name_logo,documentary_photo,brand_worldview,
18096247415016931,True,food_drink,False,none,none,no_view,daytime,4.0,False,none,styled_editorial,food_dining,
18040937675770494,True,room,False,none,other,no_view,night,4.0,False,none,styled_editorial,room_showcase,
18523290106060400,True,exterior_entrance,False,none,none,mountain_view,daytime,4.0,False,none,documentary_photo,brand_worldview,
18038000393329911,True,lobby_lounge,True,staff,none,no_view,daytime,4.0,False,none,styled_editorial,brand_worldview,
17926724768817661,True,lobby_lounge,True,staff,none,no_view,unknown,5.0,False,none,styled_editorial,brand_worldview,
18076105697587679,True,food_drink,False,none,none,none,unknown,5.0,True,feature_description,styled_editorial,food_dining,
18351335809241012,True,lobby_lounge,True,silhouette_distant,none,no_view,unknown,3.0,True,facility_name_logo,documentary_photo,brand_worldview,
18089830345380176,True,lobby_lounge,False,none,none,city_view,daytime,4.0,True,other,wide_establishing,brand_worldview,
17972910803815916,True,room,True,guest_lifestyle,standard,city_view,daytime,3.0,False,none,documentary_photo,room_showcase,
18394345246074328,True,restaurant_bar,True,guest_lifestyle,none,no_view,unknown,4.0,False,none,styled_editorial,food_dining,
18161497597390068,True,garden_outdoor_space,False,none,none,garden_view,night,4.0,False,none,wide_establishing,brand_worldview,
17892353478222338,True,view_from_window,True,silhouette_distant,none,city_view,daytime,3.0,True,season_event_announcement,wide_establishing,view_scenery,
18103195543416352,True,room,True,guest_lifestyle,standard,no_view,daytime,4.0,False,none,styled_editorial,room_showcase,
18086718260300041,True,activity,True,guest_lifestyle,none,city_view,daytime,3.0,True,facility_name_logo,wide_establishing,experience_activity,
18011633345623379,True,activity,True,hand_detail,none,none,night,4.0,False,none,close_up_detail,experience_activity,
18084497167486994,True,garden_outdoor_space,False,none,traditional_japanese,mountain_view,daytime,4.0,False,none,wide_establishing,brand_worldview,
17961959615726341,True,lobby_lounge,False,none,none,garden_view,daytime,5.0,True,feature_description,styled_editorial,experience_activity,
17916567021039770,True,food_drink,False,none,none,garden_view,daytime,4.0,False,none,styled_editorial,food_dining,
18015928082493249,True,restaurant_bar,True,guest_lifestyle,none,partial_view,daytime,4.0,True,other,documentary_photo,food_dining,
18053401222875424,True,other,False,none,none,ocean_view,golden_hour_sunset,5.0,False,none,wide_establishing,view_scenery,
18294158218302556,True,restaurant_bar,False,none,none,city_view,daytime,4.0,False,none,styled_editorial,food_dining,
17892523449327152,True,room,False,none,other,partial_view,daytime,3.0,True,feature_description,styled_editorial,room_showcase,
18074504135508756,True,room,True,guest_lifestyle,standard,no_view,daytime,4.0,False,none,styled_editorial,room_showcase,
18047005694264887,True,pool_spa,False,none,none,other,daytime,3.0,True,facility_name_logo,wide_establishing,experience_activity,
18336110770095333,True,food_drink,False,none,none,no_view,unknown,4.0,False,none,close_up_detail,food_dining,
18044438270743544,True,other,False,none,standard,partial_view,daytime,4.0,True,price_plan_info,styled_editorial,price_plan_announcement,
18096013399680766,True,food_drink,True,hand_detail,none,no_view,daytime,3.0,True,feature_description,close_up_detail,food_dining,
18012579218473964,True,lobby_lounge,True,guest_lifestyle,none,no_view,night,4.0,False,none,styled_editorial,experience_activity,
18114350554602777,True,restaurant_bar,False,none,none,mountain_view,daytime,4.0,False,none,documentary_photo,view_scenery,
18077642026538381,True,pool_spa,False,none,traditional_japanese,mountain_view,night,4.0,False,none,styled_editorial,experience_activity,
18341790232191404,True,pool_spa,False,none,suite_highend,ocean_view,daytime,5.0,False,none,styled_editorial,room_showcase,
18249536332213976,True,lobby_lounge,False,none,none,no_view,daytime,4.0,True,facility_name_logo,wide_establishing,brand_worldview,
17979669863943361,True,food_drink,False,none,none,none,daytime,3.0,False,none,flat_lay,food_dining,
18093924275123823,True,restaurant_bar,False,none,none,garden_view,daytime,4.0,True,feature_description,styled_editorial,food_dining,
18076179995298668,True,view_from_window,True,silhouette_distant,none,ocean_view,night,5.0,False,none,wide_establishing,view_scenery,
18010523153893586,True,restaurant_bar,True,hand_detail,none,partial_view,daytime,4.0,True,season_event_announcement,styled_editorial,season_event,
17989527959496393,True,pool_spa,False,none,none,mountain_view,daytime,4.0,True,feature_description,styled_editorial,experience_activity,
17925109310873999,True,pool_spa,True,guest_lifestyle,none,no_view,daytime,4.0,False,none,styled_editorial,experience_activity,
18112272817491874,True,other,False,none,none,ocean_view,night,5.0,False,none,wide_establishing,view_scenery,
18118484101595860,True,food_drink,False,none,none,none,daytime,4.0,False,none,close_up_detail,food_dining,
18060770207472022,True,food_drink,True,hand_detail,none,garden_view,daytime,4.0,True,facility_name_logo,close_up_detail,food_dining,
18331650565240265,True,lobby_lounge,True,guest_lifestyle,traditional_japanese,partial_view,daytime,4.0,True,facility_name_logo,styled_editorial,experience_activity,
18048207317235164,True,lobby_lounge,False,none,none,city_view,daytime,4.0,False,none,wide_establishing,view_scenery,
18336509524242932,True,food_drink,True,hand_detail,none,ocean_view,daytime,2.0,True,feature_description,close_up_detail,experience_activity,
17997549794316615,True,lobby_lounge,False,none,none,no_view,unknown,4.0,False,none,close_up_detail,brand_worldview,
18080994206086804,True,room,False,none,other,partial_view,daytime,4.0,False,none,close_up_detail,room_showcase,
18007585040664125,True,exterior_entrance,False,none,traditional_japanese,mountain_view,daytime,4.0,True,facility_name_logo,wide_establishing,brand_worldview,
18088951898088899,True,food_drink,False,none,none,no_view,unknown,4.0,True,feature_description,styled_editorial,food_dining,
17855287170641910,True,exterior_entrance,True,silhouette_distant,traditional_japanese,mountain_view,daytime,4.0,True,facility_name_logo,styled_editorial,brand_worldview,
18034110803641734,True,view_from_window,True,guest_lifestyle,none,city_view,daytime,4.0,False,none,styled_editorial,view_scenery,
18003158624437131,True,food_drink,False,none,none,none,unknown,3.0,True,season_event_announcement,styled_editorial,season_event,
17999954543555222,True,restaurant_bar,True,hand_detail,none,garden_view,daytime,4.0,False,none,styled_editorial,food_dining,
17994982127266811,True,lobby_lounge,True,other,none,no_view,daytime,4.0,True,facility_name_logo,documentary_photo,experience_activity,
17880709314236250,True,food_drink,False,none,none,no_view,daytime,4.0,False,none,styled_editorial,food_dining,
18000514862331151,True,restaurant_bar,True,staff,none,no_view,unknown,4.0,True,facility_name_logo,documentary_photo,brand_worldview,
18380444338121035,True,lobby_lounge,True,guest_lifestyle,none,partial_view,daytime,4.0,False,none,styled_editorial,brand_worldview,
18282968650161898,True,activity,True,couple,none,mountain_view,daytime,4.0,False,none,styled_editorial,experience_activity,
17937138102210502,True,food_drink,False,none,none,no_view,daytime,5.0,True,feature_description,flat_lay,food_dining,
17971759211881538,True,restaurant_bar,False,none,none,city_view,daytime,4.0,False,none,styled_editorial,food_dining,
17876824437325558,True,restaurant_bar,True,guest_lifestyle,traditional_japanese,no_view,unknown,4.0,False,none,styled_editorial,food_dining,
18589149679029848,True,garden_outdoor_space,True,silhouette_distant,villa_private,garden_view,daytime,4.0,True,facility_name_logo,styled_editorial,room_showcase,
17868051372487375,True,other,True,family,none,ocean_view,daytime,4.0,True,price_plan_info,styled_editorial,price_plan_announcement,
17979916028907018,True,lobby_lounge,False,none,none,no_view,daytime,5.0,False,none,styled_editorial,brand_worldview,
18080403109727318,True,garden_outdoor_space,False,none,traditional_japanese,garden_view,daytime,4.0,False,none,wide_establishing,experience_activity,
17914129787844758,True,food_drink,False,none,none,none,daytime,4.0,False,none,close_up_detail,food_dining,
18034246877275210,True,food_drink,False,none,none,none,daytime,4.0,True,season_event_announcement,styled_editorial,season_event,
17870147397017084,True,room,True,guest_lifestyle,standard,no_view,daytime,3.0,False,none,styled_editorial,room_showcase,
17949352167128673,True,pool_spa,True,couple,none,ocean_view,daytime,4.0,False,none,wide_establishing,experience_activity,
18382219780088661,True,exterior_entrance,False,none,none,none,daytime,3.0,True,facility_name_logo,documentary_photo,brand_worldview,
18044919253819645,True,pool_spa,False,none,none,garden_view,daytime,4.0,False,none,styled_editorial,experience_activity,
18063316663763116,True,other,True,guest_lifestyle,none,city_view,night,5.0,True,season_event_announcement,wide_establishing,season_event,
17985167015640866,True,activity,False,none,none,partial_view,night,2.0,True,season_event_announcement,styled_editorial,season_event,
18040464904789796,True,exterior_entrance,False,none,traditional_japanese,garden_view,night,5.0,True,ranking_award,styled_editorial,brand_worldview,
18078914749750556,True,pool_spa,False,none,none,no_view,unknown,4.0,False,none,close_up_detail,experience_activity,
17854659546579721,True,food_drink,False,none,none,no_view,unknown,4.0,True,facility_name_logo,close_up_detail,food_dining,
18047278102591889,True,activity,False,none,none,mountain_view,daytime,4.0,True,feature_description,styled_editorial,experience_activity,
18023588522034221,True,food_drink,True,hand_detail,none,no_view,daytime,4.0,True,facility_name_logo,close_up_detail,food_dining,
18039787082679940,True,exterior_entrance,False,none,none,mountain_view,daytime,3.0,True,facility_name_logo,documentary_photo,brand_worldview,
18005280287573386,True,food_drink,False,none,none,none,daytime,4.0,True,feature_description,styled_editorial,food_dining,
18076416343987978,True,view_from_window,False,none,none,ocean_view,night,4.0,False,none,wide_establishing,view_scenery,
17926416885113286,True,food_drink,True,hand_detail,none,partial_view,daytime,4.0,False,none,close_up_detail,food_dining,
18200285770330953,True,food_drink,False,none,none,no_view,daytime,4.0,False,none,styled_editorial,food_dining,
18091555880335819,True,room,False,none,other,no_view,daytime,4.0,False,none,documentary_photo,room_showcase,
17858982162334892,True,exterior_entrance,False,none,none,no_view,night,4.0,False,none,styled_editorial,brand_worldview,
17939748498161119,True,food_drink,False,none,none,none,daytime,3.0,False,none,close_up_detail,food_dining,
18027036620180892,True,food_drink,True,hand_detail,none,none,daytime,3.0,False,none,close_up_detail,food_dining,
18301382395278460,True,room,False,none,suite_highend,partial_view,daytime,5.0,False,none,styled_editorial,room_showcase,
17998979147927837,True,activity,True,guest_lifestyle,none,ocean_view,golden_hour_sunset,4.0,False,none,wide_establishing,experience_activity,
18054339574817051,True,view_from_window,False,none,traditional_japanese,mountain_view,daytime,4.0,False,none,styled_editorial,view_scenery,
17863890378074865,True,food_drink,False,none,none,no_view,daytime,4.0,True,facility_name_logo,styled_editorial,food_dining,
17883230873965546,True,activity,True,guest_lifestyle,none,mountain_view,daytime,3.0,True,price_plan_info,styled_editorial,experience_activity,
18021459995633952,True,exterior_entrance,False,none,none,no_view,daytime,3.0,False,facility_name_logo,styled_editorial,brand_worldview,
18032840750193999,True,exterior_entrance,False,none,traditional_japanese,garden_view,daytime,4.0,False,none,wide_establishing,brand_worldview,
17913552249214572,True,food_drink,True,hand_detail,none,no_view,unknown,4.0,False,none,styled_editorial,food_dining,
18074283788203759,True,garden_outdoor_space,False,none,none,mountain_view,daytime,4.0,False,none,wide_establishing,view_scenery,
17892304470282756,True,restaurant_bar,False,none,none,city_view,daytime,5.0,False,none,styled_editorial,food_dining,
17857150152456821,True,food_drink,False,none,none,none,unknown,4.0,True,season_event_announcement,styled_editorial,season_event,
18029280029589394,True,restaurant_bar,True,silhouette_distant,none,mountain_view,daytime,4.0,False,none,styled_editorial,brand_worldview,
18106422328390348,True,lobby_lounge,False,none,none,partial_view,daytime,4.0,False,none,styled_editorial,brand_worldview,
18028288706628848,True,food_drink,True,hand_detail,none,none,unknown,5.0,False,none,close_up_detail,food_dining,
17928898589969267,True,food_drink,False,none,none,garden_view,daytime,4.0,False,none,close_up_detail,food_dining,
18040936891915700,True,restaurant_bar,False,none,none,garden_view,daytime,4.0,True,season_event_announcement,styled_editorial,season_event,
18386437054075882,True,other,False,none,none,partial_view,daytime,3.0,True,facility_name_logo,documentary_photo,brand_worldview,
17998222424240403,True,pool_spa,False,none,none,city_view,golden_hour_sunset,5.0,True,facility_name_logo,styled_editorial,experience_activity,
17959328882688958,True,lobby_lounge,False,none,none,garden_view,daytime,5.0,False,none,styled_editorial,brand_worldview,
17988896267827891,True,view_from_window,True,hand_detail,none,city_view,daytime,4.0,False,none,close_up_detail,view_scenery,
18023102639180629,True,pool_spa,False,none,none,mountain_view,daytime,4.0,True,feature_description,styled_editorial,experience_activity,
18104345192505993,True,view_from_window,False,none,traditional_japanese,city_view,golden_hour_sunset,4.0,False,none,wide_establishing,view_scenery,
17905472567912708,True,other,False,none,none,mountain_view,daytime,3.0,True,feature_description,wide_establishing,experience_activity,
17956844658105977,True,room,False,none,suite_highend,no_view,night,5.0,False,none,styled_editorial,room_showcase,
17936158710205643,True,food_drink,False,none,none,garden_view,daytime,4.0,True,feature_description,styled_editorial,food_dining,
17848410786675238,True,room,False,none,traditional_japanese,garden_view,daytime,4.0,False,none,styled_editorial,room_showcase,
18120225103495630,True,restaurant_bar,False,none,none,city_view,golden_hour_sunset,4.0,True,season_event_announcement,styled_editorial,season_event,
18130599127488574,True,restaurant_bar,False,none,none,mountain_view,golden_hour_sunset,4.0,False,none,styled_editorial,food_dining,
18101351626400449,True,room,True,guest_lifestyle,standard,city_view,daytime,4.0,False,none,wide_establishing,room_showcase,
17991529490478586,True,lobby_lounge,False,none,none,no_view,unknown,3.0,True,facility_name_logo,styled_editorial,brand_worldview,
18142616413441586,True,lobby_lounge,False,none,none,none,daytime,4.0,True,feature_description,close_up_detail,experience_activity,
18027515444574139,True,food_drink,False,none,none,no_view,unknown,5.0,False,none,styled_editorial,food_dining,
18063243830189421,True,activity,False,none,none,no_view,daytime,4.0,True,feature_description,close_up_detail,experience_activity,
18420256579127666,True,activity,True,guest_lifestyle,none,mountain_view,daytime,3.0,False,none,drone_aerial,experience_activity,
18139475602370007,True,other,False,none,none,mountain_view,night,4.0,False,none,wide_establishing,view_scenery,
17868643845250573,True,amenity_detail,False,none,none,no_view,unknown,3.0,False,none,close_up_detail,room_showcase,
18073472110485985,True,room,False,none,suite_highend,other,daytime,4.0,False,none,styled_editorial,room_showcase,
18468042103045523,True,garden_outdoor_space,False,none,none,mountain_view,daytime,4.0,False,none,wide_establishing,view_scenery,
18263450005246935,True,lobby_lounge,False,none,none,city_view,daytime,4.0,True,other,wide_establishing,brand_worldview,
18106414391310011,True,garden_outdoor_space,True,guest_lifestyle,traditional_japanese,garden_view,daytime,4.0,True,facility_name_logo,styled_editorial,brand_worldview,
17931517734082224,True,room,False,none,standard,city_view,golden_hour_sunset,4.0,True,season_event_announcement,styled_editorial,room_showcase,
18249371785302172,True,lobby_lounge,False,none,none,no_view,daytime,4.0,True,season_event_announcement,styled_editorial,season_event,
18522192862075924,True,lobby_lounge,False,none,none,mountain_view,daytime,5.0,False,none,styled_editorial,brand_worldview,
18294744817300191,True,food_drink,True,hand_detail,none,none,daytime,5.0,False,none,close_up_detail,food_dining,
17883149598213947,True,other,True,staff,none,no_view,unknown,3.0,False,ranking_award,documentary_photo,ranking_award,
18149693389327726,True,room,False,none,villa_private,garden_view,daytime,4.0,True,facility_name_logo,styled_editorial,room_showcase,
18456596062102223,True,garden_outdoor_space,False,none,traditional_japanese,garden_view,daytime,4.0,False,none,drone_aerial,view_scenery,
18040627759640279,True,garden_outdoor_space,False,none,none,garden_view,daytime,4.0,False,none,wide_establishing,view_scenery,
17949084737899489,True,pool_spa,False,none,none,ocean_view,daytime,5.0,False,none,wide_establishing,experience_activity,
18050894144127197,True,activity,False,none,none,mountain_view,daytime,3.0,True,feature_description,documentary_photo,experience_activity,
18116600383357253,True,restaurant_bar,True,guest_lifestyle,none,city_view,golden_hour_sunset,3.0,False,none,styled_editorial,food_dining,
18032653445213923,True,food_drink,False,none,none,none,unknown,4.0,False,none,close_up_detail,food_dining,
17961246740715461,True,food_drink,False,none,none,partial_view,daytime,3.0,False,none,close_up_detail,food_dining,
18062982653676982,True,restaurant_bar,False,none,none,no_view,daytime,4.0,False,none,styled_editorial,food_dining,
17842035402455982,True,room,False,none,traditional_japanese,garden_view,daytime,4.0,False,none,wide_establishing,room_showcase,
18051696235942897,True,amenity_detail,False,none,traditional_japanese,no_view,unknown,4.0,False,none,close_up_detail,brand_worldview,
18011797733618940,True,food_drink,False,none,none,no_view,daytime,5.0,True,feature_description,styled_editorial,food_dining,
18021481082723816,True,restaurant_bar,False,none,none,city_view,golden_hour_sunset,4.0,True,other,documentary_photo,experience_activity,
18006575531713910,True,activity,True,guest_lifestyle,none,none,daytime,2.0,False,none,documentary_photo,experience_activity,
18007970078238635,True,food_drink,False,none,none,none,daytime,5.0,False,none,flat_lay,food_dining,
18067817431918180,True,restaurant_bar,True,hand_detail,none,city_view,night,4.0,False,none,close_up_detail,food_dining,
18008194874334791,True,room,False,none,suite_highend,ocean_view,golden_hour_sunset,5.0,False,none,styled_editorial,room_showcase,
18010686686732101,True,other,True,silhouette_distant,none,none,daytime,4.0,True,feature_description,documentary_photo,experience_activity,
17843458428355923,True,room,True,guest_lifestyle,traditional_japanese,mountain_view,daytime,4.0,False,none,styled_editorial,experience_activity,
18083158796119465,True,exterior_entrance,False,none,none,city_view,night,4.0,True,other,wide_establishing,brand_worldview,
17871455610086760,True,room,False,none,traditional_japanese,garden_view,daytime,4.0,False,none,styled_editorial,room_showcase,
17971319141862216,True,view_from_window,False,none,traditional_japanese,ocean_view,daytime,5.0,False,none,styled_editorial,view_scenery,
18081368315616805,True,amenity_detail,False,none,none,no_view,daytime,4.0,False,none,styled_editorial,brand_worldview,
18118539976425204,True,lobby_lounge,True,guest_lifestyle,none,no_view,daytime,4.0,False,none,styled_editorial,brand_worldview,
17904906623982146,True,food_drink,False,none,none,no_view,night,5.0,False,none,styled_editorial,food_dining,
18061953713397142,True,lobby_lounge,True,guest_lifestyle,none,garden_view,night,4.0,False,none,documentary_photo,experience_activity,
18024355961137897,True,pool_spa,False,none,none,partial_view,daytime,3.0,True,feature_description,styled_editorial,experience_activity,
18037480801746529,True,garden_outdoor_space,False,none,glamping_unique,none,daytime,3.0,True,feature_description,styled_editorial,brand_worldview,
18094245089170607,True,view_from_window,True,silhouette_distant,none,ocean_view,daytime,5.0,False,none,wide_establishing,view_scenery,
18055004468032331,True,other,False,none,none,ocean_view,daytime,5.0,False,none,styled_editorial,view_scenery,
18071198378407855,True,lobby_lounge,False,none,none,no_view,daytime,5.0,False,none,styled_editorial,brand_worldview,
17875737168238684,True,exterior_entrance,False,none,none,no_view,daytime,4.0,True,season_event_announcement,styled_editorial,brand_worldview,
18013548362323811,True,food_drink,False,none,none,no_view,daytime,5.0,False,none,flat_lay,food_dining,
18095414251770153,True,room,True,guest_lifestyle,standard,no_view,daytime,3.0,True,feature_description,documentary_photo,room_showcase,
18113918296645045,True,other,False,none,none,mountain_view,daytime,4.0,True,season_event_announcement,styled_editorial,experience_activity,
17891871327462740,True,lobby_lounge,True,guest_lifestyle,none,no_view,daytime,2.0,True,other,documentary_photo,brand_worldview,
18067044053658783,True,garden_outdoor_space,False,none,villa_private,garden_view,daytime,4.0,False,none,wide_establishing,room_showcase,
18046603211117875,True,other,True,silhouette_distant,none,ocean_view,golden_hour_sunset,4.0,False,none,wide_establishing,view_scenery,
18011361809232518,True,food_drink,False,none,none,no_view,daytime,5.0,False,none,styled_editorial,food_dining,
18040130950620720,True,exterior_entrance,True,silhouette_distant,none,city_view,daytime,3.0,True,season_event_announcement,wide_establishing,brand_worldview,
18117741772355974,True,room,False,none,standard,no_view,daytime,3.0,True,season_event_announcement,styled_editorial,season_event,
17864278995181195,True,food_drink,False,none,none,none,daytime,5.0,False,none,close_up_detail,food_dining,
18039640721358697,True,exterior_entrance,True,silhouette_distant,none,city_view,daytime,4.0,True,season_event_announcement,wide_establishing,brand_worldview,
17887360074376415,True,restaurant_bar,False,none,none,city_view,night,5.0,False,none,styled_editorial,food_dining,
17896727642981164,True,view_from_window,False,none,none,mountain_view,daytime,5.0,False,none,wide_establishing,view_scenery,
17937481170032304,True,garden_outdoor_space,True,silhouette_distant,none,ocean_view,daytime,5.0,True,feature_description,drone_aerial,experience_activity,
18007744565255696,True,lobby_lounge,True,guest_lifestyle,none,no_view,unknown,4.0,False,none,styled_editorial,experience_activity,
17958583101050686,True,food_drink,True,hand_detail,none,no_view,unknown,4.0,False,none,close_up_detail,food_dining,
17851903506147344,True,garden_outdoor_space,True,guest_lifestyle,none,garden_view,daytime,3.0,False,none,documentary_photo,experience_activity,
18412678717001090,True,amenity_detail,False,none,none,no_view,daytime,3.0,True,feature_description,close_up_detail,brand_worldview,
18116753254677058,True,room,False,none,standard,mountain_view,daytime,3.0,True,feature_description,styled_editorial,room_showcase,
18099423919664883,True,restaurant_bar,True,couple,none,ocean_view,daytime,5.0,False,none,styled_editorial,view_scenery,
17878036020427050,True,view_from_window,True,silhouette_distant,none,city_view,daytime,4.0,False,none,styled_editorial,view_scenery,
18020780668996297,True,food_drink,False,none,none,no_view,daytime,4.0,True,season_event_announcement,styled_editorial,season_event,
17885826222006966,True,view_from_window,True,guest_lifestyle,none,mountain_view,golden_hour_sunset,4.0,False,none,wide_establishing,view_scenery,
18103881511858480,True,food_drink,True,hand_detail,none,no_view,daytime,4.0,False,none,flat_lay,food_dining,
17919543975331085,True,lobby_lounge,False,none,none,no_view,night,4.0,False,none,close_up_detail,brand_worldview,
18019086995265843,True,garden_outdoor_space,False,none,traditional_japanese,mountain_view,daytime,4.0,False,none,wide_establishing,brand_worldview,
17964796310943705,True,food_drink,False,none,none,none,daytime,4.0,True,price_plan_info,styled_editorial,food_dining,
18066006842418440,True,pool_spa,False,none,none,garden_view,daytime,4.0,True,season_event_announcement,styled_editorial,season_event,
18171275953290171,True,food_drink,False,none,none,none,daytime,3.0,False,none,styled_editorial,food_dining,
18042919319149948,True,food_drink,False,none,traditional_japanese,no_view,daytime,5.0,False,none,styled_editorial,food_dining,
18089462155637086,True,exterior_entrance,True,silhouette_distant,none,city_view,daytime,4.0,True,season_event_announcement,wide_establishing,brand_worldview,
17942629370811491,True,pool_spa,False,none,none,no_view,unknown,5.0,False,none,styled_editorial,experience_activity,
18030498389633404,True,garden_outdoor_space,False,none,none,mountain_view,daytime,4.0,False,none,close_up_detail,view_scenery,
18120606295626740,True,other,False,none,none,partial_view,daytime,3.0,False,none,close_up_detail,other,
18371599120198663,True,view_from_window,False,none,none,ocean_view,golden_hour_sunset,5.0,False,none,wide_establishing,view_scenery,
18078450001721464,True,food_drink,False,none,none,none,unknown,4.0,False,none,styled_editorial,food_dining,
18349160479245627,True,garden_outdoor_space,True,hand_detail,none,garden_view,daytime,3.0,True,season_event_announcement,close_up_detail,season_event,
18425389243002924,True,exterior_entrance,False,none,none,ocean_view,daytime,4.0,False,none,drone_aerial,brand_worldview,
18313101991146974,True,food_drink,False,none,none,no_view,unknown,5.0,False,none,close_up_detail,food_dining,
17918753852864061,True,food_drink,False,none,none,no_view,daytime,4.0,False,none,styled_editorial,food_dining,
18039649576636459,True,room,True,guest_lifestyle,standard,city_view,golden_hour_sunset,3.0,False,none,styled_editorial,room_showcase,
18265134592203947,True,food_drink,False,none,none,no_view,daytime,5.0,True,feature_description,flat_lay,food_dining,
18103233232386287,True,room,False,none,suite_highend,no_view,night,5.0,False,none,styled_editorial,room_showcase,
17880726849005233,True,lobby_lounge,True,guest_lifestyle,none,city_view,daytime,4.0,False,none,styled_editorial,experience_activity,
18021694861990740,True,food_drink,False,none,none,none,daytime,4.0,False,none,close_up_detail,food_dining,
18059271016532842,True,restaurant_bar,True,guest_lifestyle,none,garden_view,daytime,3.0,False,none,styled_editorial,food_dining,
17883986295195301,True,restaurant_bar,True,guest_lifestyle,none,garden_view,daytime,3.0,True,facility_name_logo,close_up_detail,food_dining,
18237388195284985,True,exterior_entrance,False,none,none,garden_view,daytime,4.0,False,none,wide_establishing,view_scenery,
18054142507526416,True,garden_outdoor_space,False,none,none,garden_view,daytime,3.0,False,none,close_up_detail,view_scenery,
17876238870570632,True,food_drink,False,none,none,no_view,unknown,4.0,True,season_event_announcement,styled_editorial,food_dining,
18060283295341701,True,room,False,none,traditional_japanese,garden_view,daytime,5.0,False,none,styled_editorial,room_showcase,
18080030075271379,True,activity,False,none,none,no_view,daytime,3.0,True,feature_description,styled_editorial,experience_activity,
17862425748562711,True,garden_outdoor_space,False,none,none,garden_view,daytime,3.0,False,none,close_up_detail,view_scenery,
17880372420417069,True,room,False,none,villa_private,mountain_view,daytime,4.0,True,season_event_announcement,styled_editorial,season_event,
18056882207298791,True,exterior_entrance,False,none,none,partial_view,daytime,4.0,False,facility_name_logo,close_up_detail,brand_worldview,
17873576436415313,True,other,True,silhouette_distant,none,ocean_view,daytime,4.0,False,none,documentary_photo,view_scenery,
17876951157262010,True,other,True,hand_detail,standard,other,daytime,4.0,True,season_event_announcement,documentary_photo,season_event,
18102309640945927,True,activity,True,other,none,city_view,daytime,4.0,True,season_event_announcement,other,season_event,
18031731712889114,True,restaurant_bar,True,staff,none,no_view,unknown,3.0,True,facility_name_logo,documentary_photo,food_dining,
18084771263575253,True,food_drink,False,none,none,none,unknown,5.0,False,none,styled_editorial,food_dining,
17948447279776343,True,room,False,none,traditional_japanese,garden_view,daytime,4.0,True,user_voice_review,styled_editorial,room_showcase,
17941740887842092,True,other,True,guest_lifestyle,none,city_view,daytime,2.0,False,none,documentary_photo,other,
17887808604471441,True,activity,True,guest_lifestyle,none,ocean_view,daytime,4.0,True,facility_name_logo,drone_aerial,experience_activity,
17916899765817516,True,activity,True,guest_lifestyle,none,no_view,daytime,3.0,True,feature_description,styled_editorial,experience_activity,
17859782652529796,True,activity,True,guest_lifestyle,none,city_view,night,3.0,False,none,documentary_photo,experience_activity,
18052237729745331,True,other,True,other,none,no_view,unknown,4.0,True,other,documentary_photo,brand_worldview,
18121032892652814,True,other,True,guest_lifestyle,traditional_japanese,ocean_view,daytime,5.0,True,other,styled_editorial,other,
17884767270075167,True,exterior_entrance,True,silhouette_distant,none,none,daytime,4.0,True,season_event_announcement,wide_establishing,brand_worldview,
18101326600561234,True,other,True,silhouette_distant,none,other,daytime,4.0,False,none,documentary_photo,view_scenery,
17871694875088055,True,restaurant_bar,True,guest_lifestyle,none,garden_view,daytime,3.0,False,none,styled_editorial,food_dining,
17986689953987018,True,view_from_window,False,none,traditional_japanese,garden_view,daytime,4.0,False,none,styled_editorial,view_scenery,
17878981833007291,True,restaurant_bar,True,guest_lifestyle,none,garden_view,daytime,4.0,False,none,styled_editorial,food_dining,
18330844810201332,True,garden_outdoor_space,False,none,traditional_japanese,mountain_view,daytime,4.0,False,none,wide_establishing,experience_activity,
17987924162968917,True,room,True,hand_detail,suite_highend,no_view,daytime,4.0,True,season_event_announcement,styled_editorial,season_event,
17869595940665415,True,activity,False,none,none,none,night,3.0,True,season_event_announcement,styled_editorial,season_event,
17842280571197582,True,amenity_detail,False,none,none,no_view,daytime,4.0,True,feature_description,documentary_photo,food_dining,
18198515362357237,True,garden_outdoor_space,False,none,none,garden_view,daytime,3.0,False,none,close_up_detail,view_scenery,
17908020105166787,True,garden_outdoor_space,False,none,suite_highend,garden_view,daytime,5.0,False,none,styled_editorial,view_scenery,
18062941574056622,True,exterior_entrance,True,silhouette_distant,none,city_view,golden_hour_sunset,4.0,True,season_event_announcement,wide_establishing,brand_worldview,
17970146438769925,True,activity,True,guest_lifestyle,none,no_view,daytime,1.0,True,season_event_announcement,documentary_photo,experience_activity,
18071774506846707,True,restaurant_bar,False,none,none,none,daytime,4.0,True,season_event_announcement,styled_editorial,food_dining,
17874030810332390,True,food_drink,False,none,none,none,unknown,5.0,True,feature_description,close_up_detail,food_dining,
18376878565098225,True,exterior_entrance,True,family,none,mountain_view,daytime,4.0,True,feature_description,styled_editorial,experience_activity,
18039848921564063,True,room,False,none,standard,city_view,daytime,4.0,False,none,styled_editorial,room_showcase,
18278787046216358,True,room,False,none,standard,ocean_view,daytime,4.0,False,none,styled_editorial,room_showcase,
18109296178680545,True,restaurant_bar,True,hand_detail,none,no_view,night,4.0,False,none,close_up_detail,food_dining,
17958764096908521,True,room,False,none,standard,no_view,daytime,4.0,False,none,styled_editorial,room_showcase,
18112831876739777,True,garden_outdoor_space,False,none,none,mountain_view,daytime,5.0,True,season_event_announcement,wide_establishing,season_event,
18076416566047909,True,room,False,none,suite_highend,city_view,night,4.0,False,none,styled_editorial,room_showcase,
18059280775923964,True,garden_outdoor_space,False,none,none,garden_view,daytime,4.0,False,none,wide_establishing,view_scenery,
18090079693674902,True,other,False,none,standard,no_view,night,3.0,True,season_event_announcement,styled_editorial,season_event,
17885893662482864,True,food_drink,False,none,none,none,daytime,2.0,True,season_event_announcement,styled_editorial,food_dining,
18071224246927198,True,food_drink,False,none,none,no_view,daytime,4.0,False,none,styled_editorial,food_dining,
18114408355762738,True,food_drink,False,none,none,no_view,daytime,4.0,False,none,styled_editorial,food_dining,
18046386802901438,True,pool_spa,True,guest_lifestyle,none,ocean_view,daytime,4.0,False,none,wide_establishing,experience_activity,
18527194732072290,True,garden_outdoor_space,False,none,none,garden_view,daytime,5.0,True,feature_description,styled_editorial,brand_worldview,
18004309601856838,True,activity,True,guest_lifestyle,none,mountain_view,daytime,3.0,True,feature_description,documentary_photo,experience_activity,
17944549155000356,True,lobby_lounge,False,none,none,no_view,daytime,3.0,True,facility_name_logo,styled_editorial,experience_activity,
18027841703137016,True,lobby_lounge,True,staff,none,no_view,unknown,4.0,False,none,close_up_detail,brand_worldview,
17958924905644622,True,restaurant_bar,True,guest_lifestyle,none,ocean_view,daytime,2.0,False,none,styled_editorial,food_dining,
17843660541309289,True,food_drink,True,guest_lifestyle,none,no_view,daytime,4.0,False,none,close_up_detail,food_dining,
18005122730520501,True,exterior_entrance,True,silhouette_distant,none,ocean_view,daytime,5.0,False,none,drone_aerial,view_scenery,
17885901780046903,True,activity,True,hand_detail,glamping_unique,no_view,daytime,3.0,True,feature_description,close_up_detail,experience_activity,
18102469070102214,True,lobby_lounge,True,other,none,no_view,unknown,2.0,True,feature_description,close_up_detail,experience_activity,
17866063107501098,True,food_drink,False,none,none,none,unknown,5.0,True,season_event_announcement,styled_editorial,season_event,
18031849919023647,True,other,False,none,none,mountain_view,daytime,4.0,True,season_event_announcement,styled_editorial,season_event,
18000617588654975,True,room,False,none,suite_highend,garden_view,daytime,5.0,False,none,styled_editorial,room_showcase,
18012522776533924,True,exterior_entrance,False,none,none,mountain_view,daytime,5.0,True,facility_name_logo,drone_aerial,brand_worldview,
18062926942908519,True,view_from_window,False,none,none,ocean_view,golden_hour_sunset,4.0,False,none,wide_establishing,view_scenery,
18303444934255154,True,garden_outdoor_space,False,none,villa_private,garden_view,daytime,5.0,False,none,wide_establishing,brand_worldview,
18073426411586823,True,food_drink,False,none,none,no_view,daytime,5.0,False,none,styled_editorial,food_dining,
18042363284060548,True,other,False,none,none,ocean_view,golden_hour_sunset,4.0,True,season_event_announcement,styled_editorial,season_event,
18067238014854681,True,food_drink,False,none,none,none,daytime,5.0,False,none,styled_editorial,food_dining,
18022691137845047,True,view_from_window,False,none,traditional_japanese,other,night,5.0,False,none,styled_editorial,view_scenery,
18136978000309300,True,garden_outdoor_space,False,none,traditional_japanese,mountain_view,golden_hour_sunset,5.0,True,facility_name_logo,styled_editorial,room_showcase,
18081911972420917,True,view_from_window,False,none,none,city_view,daytime,4.0,True,facility_name_logo,wide_establishing,view_scenery,
18341581273150227,True,food_drink,False,none,none,none,daytime,4.0,False,none,close_up_detail,food_dining,
17899177797425390,True,other,True,guest_lifestyle,none,none,daytime,5.0,True,season_event_announcement,styled_editorial,season_event,
18069688771529277,True,food_drink,False,none,none,no_view,daytime,4.0,False,none,styled_editorial,season_event,
17894673161987386,True,exterior_entrance,True,guest_lifestyle,traditional_japanese,no_view,daytime,4.0,True,facility_name_logo,styled_editorial,experience_activity,
18037846124014270,True,restaurant_bar,True,guest_lifestyle,none,no_view,unknown,4.0,False,none,documentary_photo,food_dining,
17955161325106205,True,other,False,none,none,other,daytime,3.0,True,season_event_announcement,documentary_photo,season_event,
18028411199296792,True,pool_spa,False,none,none,no_view,unknown,3.0,True,feature_description,styled_editorial,experience_activity,
18047766407409967,True,food_drink,False,none,none,none,daytime,4.0,False,none,close_up_detail,food_dining,
18007674098327255,True,lobby_lounge,False,none,none,no_view,night,4.0,True,season_event_announcement,close_up_detail,season_event,
18543340939027601,True,food_drink,False,none,none,none,unknown,4.0,False,none,close_up_detail,food_dining,
18076454669635879,True,restaurant_bar,False,none,none,no_view,night,5.0,False,none,styled_editorial,food_dining,
17918638800357051,True,room,True,couple,traditional_japanese,garden_view,daytime,4.0,False,none,styled_editorial,experience_activity,
18089823533222590,True,other,True,silhouette_distant,none,other,daytime,3.0,False,none,documentary_photo,season_event,
18082753106617451,True,restaurant_bar,False,none,none,no_view,unknown,4.0,False,none,styled_editorial,food_dining,
17887512198003302,True,pool_spa,False,none,traditional_japanese,garden_view,daytime,4.0,False,none,styled_editorial,experience_activity,
17852675418253856,True,food_drink,False,none,none,none,daytime,5.0,False,none,styled_editorial,food_dining,
18045012905154176,True,activity,True,couple,none,garden_view,daytime,4.0,False,none,styled_editorial,experience_activity,
18026305430549347,True,exterior_entrance,False,none,none,no_view,daytime,5.0,True,facility_name_logo,close_up_detail,brand_worldview,
18377454679130507,True,pool_spa,False,none,none,garden_view,daytime,5.0,False,none,wide_establishing,experience_activity,
17863992033177550,True,food_drink,False,none,none,none,daytime,3.0,True,season_event_announcement,styled_editorial,season_event,
18053824225693765,True,food_drink,False,none,none,none,daytime,5.0,False,none,styled_editorial,season_event,
18102679634309247,True,amenity_detail,False,none,none,none,daytime,4.0,True,facility_name_logo,flat_lay,brand_worldview,
18064019725790125,True,food_drink,False,none,none,garden_view,daytime,5.0,True,facility_name_logo,styled_editorial,food_dining,
17990047874750984,True,room,True,guest_lifestyle,standard,city_view,golden_hour_sunset,3.0,False,none,documentary_photo,room_showcase,
18282551404168145,True,garden_outdoor_space,False,none,none,garden_view,daytime,4.0,False,none,styled_editorial,view_scenery,
17871961767203412,True,garden_outdoor_space,False,none,none,garden_view,night,5.0,False,none,styled_editorial,view_scenery,
17872828095424940,True,bathroom,False,none,traditional_japanese,ocean_view,golden_hour_sunset,5.0,False,none,styled_editorial,room_showcase,
17916678330278106,True,food_drink,False,none,none,none,unknown,5.0,False,none,styled_editorial,food_dining,
18139804939513105,True,lobby_lounge,False,none,none,partial_view,daytime,4.0,True,feature_description,styled_editorial,season_event,
17930164164254279,True,amenity_detail,True,hand_detail,none,no_view,unknown,3.0,True,feature_description,close_up_detail,experience_activity,
18406377952067504,True,activity,True,guest_lifestyle,none,city_view,daytime,2.0,False,none,documentary_photo,experience_activity,
18076271083847685,True,garden_outdoor_space,False,none,none,garden_view,daytime,4.0,False,none,close_up_detail,view_scenery,
18253936975223067,True,food_drink,False,none,none,none,daytime,5.0,False,none,styled_editorial,food_dining,
17866245558430650,True,food_drink,False,none,none,none,daytime,4.0,False,none,close_up_detail,food_dining,
17850146853245656,True,food_drink,False,none,none,no_view,daytime,4.0,True,feature_description,styled_editorial,food_dining,
17985475571809358,True,restaurant_bar,True,hand_detail,none,no_view,night,4.0,False,none,close_up_detail,experience_activity,
17867960679272135,True,activity,True,guest_lifestyle,none,mountain_view,daytime,3.0,True,feature_description,documentary_photo,experience_activity,
18040271455835484,True,lobby_lounge,True,hand_detail,none,no_view,daytime,4.0,False,none,close_up_detail,experience_activity,
17884885632025376,True,pool_spa,False,none,none,garden_view,daytime,4.0,True,season_event_announcement,styled_editorial,season_event,
18036667024630786,True,garden_outdoor_space,True,guest_lifestyle,glamping_unique,no_view,night,4.0,False,none,wide_establishing,experience_activity,
18099570037846785,True,food_drink,False,none,none,none,unknown,5.0,False,none,styled_editorial,food_dining,
18053995159595319,True,restaurant_bar,True,guest_lifestyle,none,partial_view,daytime,4.0,False,none,styled_editorial,food_dining,
18060020108047128,True,exterior_entrance,False,none,none,city_view,daytime,4.0,True,season_event_announcement,styled_editorial,season_event,
17915430278878639,True,restaurant_bar,True,family,none,partial_view,daytime,3.0,False,none,styled_editorial,food_dining,
18397526866070854,True,food_drink,True,hand_detail,none,no_view,unknown,5.0,False,none,styled_editorial,experience_activity,
17926707911896830,True,exterior_entrance,False,none,none,no_view,daytime,5.0,True,season_event_announcement,styled_editorial,season_event,
18029355734773058,True,restaurant_bar,False,none,none,no_view,night,5.0,False,none,styled_editorial,experience_activity,
18006959390232451,True,room,True,guest_lifestyle,standard,no_view,unknown,4.0,False,none,styled_editorial,room_showcase,
17943585311931632,True,other,False,none,none,other,night,4.0,False,none,styled_editorial,view_scenery,
17889657771069143,True,exterior_entrance,False,none,none,no_view,daytime,4.0,True,ranking_award,documentary_photo,brand_worldview,
18088289536408649,True,room,False,none,standard,city_view,daytime,4.0,False,none,styled_editorial,room_showcase,
18219086776280082,True,food_drink,False,none,none,no_view,daytime,4.0,False,none,close_up_detail,food_dining,
17935821228070697,True,other,False,none,standard,mountain_view,golden_hour_sunset,4.0,True,season_event_announcement,styled_editorial,season_event,
18152975335460124,True,food_drink,False,none,none,no_view,daytime,5.0,False,none,styled_editorial,food_dining,
18059833318549571,True,other,True,guest_lifestyle,none,city_view,daytime,4.0,True,season_event_announcement,styled_editorial,experience_activity,
18002839451437786,True,activity,True,guest_lifestyle,none,ocean_view,daytime,4.0,True,feature_description,styled_editorial,experience_activity,
18050056957515187,True,activity,False,none,none,city_view,daytime,3.0,True,season_event_announcement,styled_editorial,season_event,
18085314607548945,True,food_drink,False,none,none,none,daytime,5.0,False,none,styled_editorial,food_dining,
17871069045128605,True,lobby_lounge,False,none,none,no_view,daytime,4.0,True,facility_name_logo,styled_editorial,brand_worldview,
18068304586626726,True,garden_outdoor_space,False,none,none,ocean_view,daytime,2.0,False,none,documentary_photo,view_scenery,
17998168730214109,True,food_drink,False,none,none,none,daytime,4.0,False,none,close_up_detail,food_dining,
18143677093443272,True,room,False,none,standard,no_view,daytime,4.0,False,none,styled_editorial,room_showcase,
18008972636251029,True,food_drink,False,none,none,no_view,unknown,5.0,False,none,styled_editorial,food_dining,
18346722733131597,True,pool_spa,False,none,none,garden_view,daytime,4.0,True,feature_description,styled_editorial,experience_activity,
17900439387244872,True,lobby_lounge,False,none,none,partial_view,daytime,4.0,False,none,styled_editorial,brand_worldview,
17888362494040897,True,food_drink,False,none,none,none,daytime,5.0,False,none,styled_editorial,food_dining,
18041313422378742,True,view_from_window,False,none,none,city_view,golden_hour_sunset,4.0,False,none,drone_aerial,view_scenery,
17983853021777594,True,food_drink,False,none,none,no_view,daytime,5.0,False,none,styled_editorial,food_dining,
18025085317944138,True,restaurant_bar,True,guest_lifestyle,none,no_view,unknown,4.0,False,none,styled_editorial,food_dining,
17978318759766179,True,garden_outdoor_space,True,guest_lifestyle,none,garden_view,daytime,3.0,False,none,styled_editorial,experience_activity,
17999949422518648,True,activity,True,guest_lifestyle,none,mountain_view,daytime,3.0,True,other,styled_editorial,experience_activity,
17945647389159498,True,activity,False,none,none,none,daytime,5.0,True,facility_name_logo,styled_editorial,experience_activity,
17886297531494607,True,food_drink,False,none,none,none,unknown,3.0,True,feature_description,close_up_detail,food_dining,
18018660164565403,True,garden_outdoor_space,True,silhouette_distant,none,ocean_view,golden_hour_sunset,4.0,False,none,wide_establishing,view_scenery,
18311786728275595,True,restaurant_bar,True,hand_detail,none,no_view,daytime,4.0,False,none,close_up_detail,food_dining,
18036959353757117,True,garden_outdoor_space,True,guest_lifestyle,traditional_japanese,garden_view,daytime,4.0,False,none,wide_establishing,experience_activity,
18012338426436557,True,room,False,none,standard,no_view,daytime,4.0,False,none,styled_editorial,experience_activity,
17998526411692712,True,exterior_entrance,True,silhouette_distant,none,none,night,5.0,False,none,wide_establishing,brand_worldview,
18139850500442325,True,lobby_lounge,False,none,none,no_view,unknown,4.0,False,none,styled_editorial,brand_worldview,
18059328367509322,True,room,True,guest_lifestyle,standard,city_view,daytime,4.0,True,facility_name_logo,styled_editorial,room_showcase,
18040722730631580,True,amenity_detail,True,hand_detail,none,none,daytime,3.0,False,none,close_up_detail,experience_activity,
18260700256226635,True,activity,True,family,none,ocean_view,daytime,4.0,False,none,styled_editorial,experience_activity,
18005610077886840,True,other,False,none,none,no_view,daytime,2.0,True,other,close_up_detail,brand_worldview,
18090866600164117,True,restaurant_bar,True,staff,none,garden_view,daytime,4.0,False,none,styled_editorial,experience_activity,
18084618754517224,True,restaurant_bar,False,none,none,city_view,night,4.0,False,none,close_up_detail,food_dining,
18023505344646854,True,lobby_lounge,False,none,none,no_view,daytime,4.0,False,none,styled_editorial,brand_worldview,
18025448440782105,True,view_from_window,False,none,none,city_view,night,4.0,False,none,wide_establishing,view_scenery,
17997128672407155,True,room,False,none,traditional_japanese,ocean_view,daytime,5.0,False,none,styled_editorial,room_showcase,
18042286945770020,True,activity,True,other,none,none,daytime,3.0,False,none,other,experience_activity,
18289339972188851,True,pool_spa,False,none,villa_private,ocean_view,daytime,5.0,False,none,styled_editorial,view_scenery,
18061057906732023,True,room,False,none,standard,partial_view,daytime,3.0,True,season_event_announcement,documentary_photo,price_plan_announcement,
18319555048113845,True,room,True,guest_lifestyle,standard,city_view,daytime,3.0,True,facility_name_logo,styled_editorial,experience_activity,
18019211453699548,True,room,False,none,suite_highend,ocean_view,golden_hour_sunset,5.0,False,none,styled_editorial,room_showcase,
18318830641190968,True,room,False,none,suite_highend,no_view,unknown,4.0,True,price_plan_info,styled_editorial,price_plan_announcement,
18250535986306709,True,pool_spa,False,none,traditional_japanese,no_view,daytime,4.0,False,none,styled_editorial,experience_activity,
17871607776665535,True,view_from_window,False,none,none,city_view,night,3.0,True,season_event_announcement,drone_aerial,season_event,
18061390379144790,True,food_drink,True,hand_detail,none,no_view,unknown,5.0,False,none,styled_editorial,food_dining,
17852881089134836,True,exterior_entrance,False,none,none,city_view,night,3.0,True,facility_name_logo,wide_establishing,brand_worldview,
18019230698143299,True,restaurant_bar,True,guest_lifestyle,none,garden_view,unknown,4.0,False,none,styled_editorial,food_dining,
18040259293650748,True,room,False,none,suite_highend,ocean_view,daytime,4.0,False,none,styled_editorial,room_showcase,
18444644785036328,True,exterior_entrance,False,none,none,city_view,daytime,5.0,True,season_event_announcement,wide_establishing,season_event,
18138206107395891,True,activity,False,none,none,other,daytime,3.0,True,season_event_announcement,documentary_photo,experience_activity,
17959874655073166,True,food_drink,True,hand_detail,none,no_view,daytime,3.0,True,feature_description,close_up_detail,food_dining,
18420132928121600,True,food_drink,False,none,none,none,daytime,4.0,False,none,styled_editorial,food_dining,
18047633647568519,True,food_drink,False,none,none,none,unknown,4.0,False,none,styled_editorial,food_dining,
17859572064342932,True,room,False,none,suite_highend,city_view,daytime,5.0,False,none,styled_editorial,room_showcase,
18051890653625651,True,pool_spa,False,none,none,garden_view,daytime,4.0,False,none,wide_establishing,experience_activity,
17931531198068408,True,room,False,none,suite_highend,no_view,daytime,4.0,True,season_event_announcement,styled_editorial,season_event,
18124899868535807,True,room,False,none,suite_highend,partial_view,unknown,5.0,False,none,styled_editorial,room_showcase,
18009248903250777,True,restaurant_bar,True,family,none,no_view,daytime,4.0,False,none,styled_editorial,experience_activity,
17887670004463447,True,activity,False,none,none,no_view,daytime,3.0,True,season_event_announcement,close_up_detail,experience_activity,
18013639006976495,True,restaurant_bar,True,staff,none,no_view,daytime,5.0,False,none,styled_editorial,food_dining,
18029619706935749,True,food_drink,False,none,none,none,daytime,5.0,True,other,styled_editorial,food_dining,
17902806506926971,True,room,True,guest_lifestyle,standard,city_view,daytime,4.0,True,facility_name_logo,styled_editorial,room_showcase,
18334749910223119,True,food_drink,False,none,none,none,daytime,4.0,False,none,styled_editorial,food_dining,
17942059578193529,True,other,True,guest_lifestyle,standard,garden_view,daytime,4.0,True,season_event_announcement,styled_editorial,season_event,
18228284905251990,True,pool_spa,False,none,none,no_view,unknown,3.0,True,feature_description,documentary_photo,experience_activity,
18028937977749818,True,food_drink,False,none,none,partial_view,daytime,5.0,False,none,styled_editorial,food_dining,
18340024423169712,True,restaurant_bar,True,hand_detail,none,no_view,daytime,3.0,False,none,flat_lay,food_dining,
18309989845277614,True,view_from_window,False,none,none,city_view,daytime,4.0,False,none,drone_aerial,view_scenery,
18032455526156498,True,room,True,guest_lifestyle,suite_highend,city_view,night,5.0,False,none,styled_editorial,room_showcase,
18019798685211115,True,garden_outdoor_space,True,guest_lifestyle,none,city_view,daytime,3.0,False,none,styled_editorial,food_dining,
17965154943061378,True,room,True,couple,none,garden_view,daytime,4.0,False,none,styled_editorial,experience_activity,
18059389096995288,True,restaurant_bar,False,none,none,city_view,golden_hour_sunset,4.0,False,none,styled_editorial,food_dining,
17925226823766376,True,pool_spa,False,none,villa_private,no_view,night,4.0,True,season_event_announcement,styled_editorial,season_event,
18062265284191295,True,restaurant_bar,True,staff,none,no_view,night,4.0,True,facility_name_logo,documentary_photo,experience_activity,
18175728589293699,True,lobby_lounge,True,guest_lifestyle,none,partial_view,daytime,4.0,False,none,styled_editorial,brand_worldview,
17987385518426465,True,view_from_window,False,none,suite_highend,ocean_view,daytime,4.0,False,none,wide_establishing,view_scenery,
18080035135885535,True,other,False,none,none,ocean_view,golden_hour_sunset,4.0,False,none,wide_establishing,view_scenery,
17924004696280468,True,room,False,none,standard,no_view,daytime,4.0,True,season_event_announcement,styled_editorial,season_event,
17990881424901395,True,view_from_window,False,none,none,ocean_view,golden_hour_sunset,5.0,False,none,documentary_photo,view_scenery,
18027359489704399,True,food_drink,False,none,traditional_japanese,no_view,daytime,5.0,False,none,styled_editorial,food_dining,
18160435801380842,True,lobby_lounge,True,guest_lifestyle,none,no_view,daytime,4.0,False,none,styled_editorial,season_event,
18089715011003863,True,activity,False,none,none,mountain_view,daytime,4.0,True,facility_name_logo,styled_editorial,experience_activity,
18034162744967187,True,other,False,none,none,no_view,daytime,3.0,True,feature_description,documentary_photo,experience_activity,
18001781471190529,True,food_drink,False,none,none,none,night,5.0,True,other,styled_editorial,food_dining,
17976109811799038,True,garden_outdoor_space,False,none,none,city_view,night,4.0,False,none,wide_establishing,view_scenery,
18006118460585352,True,exterior_entrance,True,silhouette_distant,none,city_view,daytime,4.0,True,season_event_announcement,wide_establishing,brand_worldview,
18067446838518520,True,garden_outdoor_space,True,silhouette_distant,none,ocean_view,daytime,4.0,False,none,drone_aerial,brand_worldview,
18052181011601350,True,restaurant_bar,False,none,none,no_view,night,5.0,False,none,styled_editorial,food_dining,
17935745024698307,True,food_drink,False,none,none,none,unknown,4.0,False,none,close_up_detail,food_dining,
18573878800052050,True,restaurant_bar,False,none,none,none,daytime,1.0,True,feature_description,documentary_photo,food_dining,
18083834449844789,True,other,True,couple,none,city_view,night,5.0,True,season_event_announcement,styled_editorial,season_event,
18043981214763099,True,room,False,none,suite_highend,ocean_view,daytime,4.0,False,none,styled_editorial,room_showcase,
17888406567055859,True,food_drink,False,none,none,no_view,unknown,5.0,False,none,styled_editorial,food_dining,
18361508926165236,True,food_drink,True,hand_detail,none,no_view,unknown,4.0,False,none,close_up_detail,food_dining,
18116548417357031,True,food_drink,False,none,none,no_view,daytime,5.0,False,none,styled_editorial,food_dining,
17936507870721903,True,restaurant_bar,True,guest_lifestyle,none,city_view,daytime,3.0,False,none,styled_editorial,food_dining,
18159769915429165,True,exterior_entrance,False,none,none,ocean_view,daytime,4.0,False,none,drone_aerial,brand_worldview,
18042108023780588,True,garden_outdoor_space,False,none,none,mountain_view,daytime,4.0,False,none,wide_establishing,view_scenery,
17986615739398213,True,restaurant_bar,True,guest_lifestyle,none,partial_view,daytime,4.0,False,none,styled_editorial,food_dining,
18117370450663442,True,pool_spa,False,none,suite_highend,ocean_view,daytime,4.0,False,none,styled_editorial,room_showcase,
18108640585372750,True,food_drink,False,none,none,none,daytime,4.0,False,none,styled_editorial,food_dining,
17968642514712632,True,food_drink,False,none,none,no_view,daytime,5.0,False,none,close_up_detail,food_dining,
18103927516743701,True,garden_outdoor_space,True,silhouette_distant,none,garden_view,daytime,3.0,False,none,documentary_photo,season_event,
18094380760852780,True,lobby_lounge,False,none,none,no_view,night,5.0,False,none,wide_establishing,brand_worldview,
18407171233058085,True,lobby_lounge,False,none,none,no_view,unknown,4.0,True,facility_name_logo,wide_establishing,brand_worldview,
18209431687311442,True,room,False,none,standard,no_view,daytime,4.0,False,none,wide_establishing,room_showcase,
17879105127550325,True,view_from_window,False,none,traditional_japanese,ocean_view,daytime,4.0,False,none,wide_establishing,view_scenery,
18127757458588562,True,activity,False,none,none,no_view,daytime,3.0,True,feature_description,close_up_detail,experience_activity,
18013727978329864,True,food_drink,True,hand_detail,none,no_view,daytime,3.0,True,feature_description,close_up_detail,food_dining,
18080216378223027,True,exterior_entrance,True,silhouette_distant,none,no_view,daytime,3.0,True,other,wide_establishing,brand_worldview,
18047659862758143,True,activity,False,none,none,no_view,unknown,4.0,False,none,styled_editorial,experience_activity,
18020343461151656,True,restaurant_bar,False,none,none,city_view,daytime,4.0,True,season_event_announcement,wide_establishing,brand_worldview,
18048526595692862,True,other,False,none,none,mountain_view,daytime,4.0,True,feature_description,wide_establishing,view_scenery,
17902326549010179,True,lobby_lounge,True,staff,none,garden_view,daytime,4.0,False,none,styled_editorial,brand_worldview,
17961772286741425,True,pool_spa,True,guest_lifestyle,none,garden_view,golden_hour_sunset,5.0,True,season_event_announcement,styled_editorial,season_event,
17976894695761238,True,food_drink,False,none,none,no_view,daytime,4.0,False,none,styled_editorial,food_dining,
18335077171174838,True,exterior_entrance,False,none,none,garden_view,daytime,3.0,False,none,wide_establishing,season_event,
17904621648221959,True,pool_spa,False,none,none,ocean_view,daytime,5.0,False,none,drone_aerial,experience_activity,
18041075405078693,True,food_drink,False,none,none,none,unknown,5.0,False,none,styled_editorial,food_dining,
18116188894441383,True,food_drink,False,none,none,none,unknown,4.0,True,price_plan_info,close_up_detail,food_dining,
17916161840920669,True,room,False,none,suite_highend,no_view,daytime,4.0,False,none,wide_establishing,room_showcase,
18024974936184201,True,food_drink,False,none,none,no_view,daytime,5.0,False,none,styled_editorial,food_dining,
17856597504137758,True,other,True,guest_lifestyle,none,none,unknown,4.0,True,feature_description,styled_editorial,experience_activity,
18110771173750286,True,view_from_window,False,none,traditional_japanese,garden_view,daytime,4.0,True,season_event_announcement,styled_editorial,season_event,
18049349252524458,True,food_drink,False,none,none,none,night,5.0,False,none,styled_editorial,food_dining,
18065154758341928,True,food_drink,False,none,none,no_view,unknown,3.0,False,none,close_up_detail,food_dining,
18264800770173488,True,food_drink,False,none,none,none,daytime,4.0,True,feature_description,close_up_detail,food_dining,
17931748368247041,True,food_drink,False,none,none,none,daytime,5.0,True,facility_name_logo,styled_editorial,food_dining,
18082229864095799,True,lobby_lounge,False,none,none,no_view,night,4.0,False,none,styled_editorial,brand_worldview,
18142721188309281,True,room,False,none,suite_highend,no_view,night,4.0,True,feature_description,styled_editorial,experience_activity,
18048561794135850,True,room,False,none,none,no_view,daytime,3.0,True,price_plan_info,close_up_detail,price_plan_announcement,
18064463515596432,True,activity,True,other,none,garden_view,daytime,3.0,True,feature_description,documentary_photo,brand_worldview,
18063127219851262,True,food_drink,True,hand_detail,none,city_view,golden_hour_sunset,4.0,False,none,close_up_detail,food_dining,
18087102566019440,True,restaurant_bar,False,none,none,no_view,unknown,5.0,False,none,styled_editorial,food_dining,
18032207729111611,True,restaurant_bar,True,silhouette_distant,traditional_japanese,mountain_view,daytime,4.0,False,none,styled_editorial,experience_activity,
18320478310156859,True,exterior_entrance,True,guest_lifestyle,none,partial_view,daytime,3.0,False,facility_name_logo,wide_establishing,brand_worldview,
18044077694493640,True,lobby_lounge,False,none,none,city_view,daytime,5.0,True,feature_description,styled_editorial,brand_worldview,
18038962822883622,True,food_drink,False,none,none,none,unknown,4.0,False,none,styled_editorial,food_dining,
18091728772474457,True,food_drink,False,none,none,no_view,unknown,4.0,True,facility_name_logo,close_up_detail,food_dining,
18022368064931523,True,room,True,staff,none,no_view,daytime,4.0,False,none,styled_editorial,brand_worldview,
18065431192825201,True,lobby_lounge,True,staff,none,none,unknown,5.0,True,feature_description,styled_editorial,brand_worldview,
17939710139914275,True,room,False,none,standard,ocean_view,daytime,4.0,True,season_event_announcement,styled_editorial,season_event,
18056215373192064,True,garden_outdoor_space,False,none,none,ocean_view,golden_hour_sunset,4.0,False,none,wide_establishing,view_scenery,
18158095963394548,True,exterior_entrance,False,none,standard,other,daytime,4.0,True,season_event_announcement,drone_aerial,season_event,
17857526769102875,True,room,True,guest_lifestyle,standard,no_view,unknown,3.0,True,season_event_announcement,styled_editorial,season_event,
17855169963571495,True,pool_spa,False,none,standard,garden_view,daytime,4.0,True,season_event_announcement,styled_editorial,season_event,
18050174810715201,True,exterior_entrance,False,none,none,garden_view,daytime,4.0,True,facility_name_logo,styled_editorial,brand_worldview,
17987098352557711,True,room,True,guest_lifestyle,suite_highend,mountain_view,daytime,4.0,True,feature_description,styled_editorial,room_showcase,
18008406410237970,True,pool_spa,False,none,none,mountain_view,daytime,4.0,False,none,styled_editorial,experience_activity,
18170402815399429,True,restaurant_bar,False,none,none,partial_view,daytime,4.0,False,none,close_up_detail,food_dining,
18041795966723872,True,other,False,none,none,no_view,daytime,3.0,False,none,documentary_photo,experience_activity,
18080203127010694,True,food_drink,False,none,none,none,unknown,5.0,True,feature_description,styled_editorial,food_dining,
18047504971621885,True,room,False,none,suite_highend,city_view,daytime,5.0,False,none,styled_editorial,room_showcase,
17984355233715799,True,amenity_detail,True,guest_lifestyle,none,none,unknown,4.0,True,feature_description,styled_editorial,food_dining,
17955786425775584,True,lobby_lounge,False,none,none,no_view,unknown,4.0,True,facility_name_logo,styled_editorial,brand_worldview,
18042078086523289,True,food_drink,False,none,none,none,daytime,4.0,False,none,close_up_detail,food_dining,
18034150814546778,True,restaurant_bar,True,hand_detail,none,no_view,unknown,4.0,True,season_event_announcement,styled_editorial,season_event,
17908881720201457,True,activity,True,silhouette_distant,none,mountain_view,daytime,3.0,True,facility_name_logo,wide_establishing,experience_activity,
18337072723172355,True,garden_outdoor_space,False,none,none,ocean_view,daytime,4.0,False,none,styled_editorial,view_scenery,
18250263661212515,True,room,False,none,standard,city_view,daytime,4.0,True,season_event_announcement,styled_editorial,room_showcase,
17920734210336614,True,pool_spa,False,none,none,mountain_view,golden_hour_sunset,5.0,False,none,styled_editorial,experience_activity,
18054501316906982,True,restaurant_bar,False,none,none,no_view,daytime,4.0,False,none,styled_editorial,food_dining,
18078379072615911,True,other,False,none,none,mountain_view,daytime,4.0,False,none,wide_establishing,view_scenery,
18057429140118747,True,food_drink,False,none,suite_highend,city_view,golden_hour_sunset,5.0,True,facility_name_logo,styled_editorial,food_dining,
18003621665312346,True,room,False,none,traditional_japanese,garden_view,daytime,4.0,False,none,wide_establishing,room_showcase,
18078425722561084,True,food_drink,False,none,none,no_view,daytime,4.0,True,facility_name_logo,close_up_detail,food_dining,
18064253149944905,True,room,True,hand_detail,none,no_view,daytime,3.0,True,facility_name_logo,close_up_detail,room_showcase,
17876622321200593,True,room,False,none,standard,city_view,daytime,5.0,False,none,styled_editorial,room_showcase,
18071598473237762,True,food_drink,False,none,none,none,unknown,5.0,True,feature_description,styled_editorial,food_dining,
18130886692418512,True,room,False,none,suite_highend,partial_view,daytime,5.0,True,feature_description,styled_editorial,room_showcase,
17884148184127816,True,exterior_entrance,False,none,none,mountain_view,daytime,4.0,True,feature_description,wide_establishing,experience_activity,
17968632077724370,True,amenity_detail,False,none,none,none,daytime,4.0,False,none,styled_editorial,brand_worldview,
18057156874535457,True,exterior_entrance,False,none,none,garden_view,daytime,4.0,False,none,styled_editorial,brand_worldview,
18062574206678799,True,room,False,none,standard,no_view,daytime,4.0,False,none,styled_editorial,room_showcase,
18267457489204076,True,view_from_window,True,guest_lifestyle,none,ocean_view,golden_hour_sunset,4.0,False,none,styled_editorial,view_scenery,
18062005274062869,True,restaurant_bar,True,family,none,city_view,daytime,4.0,False,none,styled_editorial,food_dining,
17940488345686524,True,restaurant_bar,True,guest_lifestyle,traditional_japanese,no_view,night,4.0,True,facility_name_logo,styled_editorial,brand_worldview,
18051912073623742,True,restaurant_bar,True,staff,none,garden_view,daytime,5.0,False,none,wide_establishing,food_dining,
18117921919629076,True,lobby_lounge,False,none,none,no_view,daytime,4.0,False,none,close_up_detail,brand_worldview,
17860968423567509,True,other,False,none,none,no_view,daytime,3.0,False,none,styled_editorial,experience_activity,
18060294713061610,True,food_drink,False,none,none,none,unknown,5.0,False,none,flat_lay,food_dining,
18409537939009416,True,food_drink,False,none,none,no_view,unknown,4.0,False,none,styled_editorial,food_dining,
18053720317985713,True,lobby_lounge,True,staff,none,no_view,night,5.0,False,none,wide_establishing,season_event,
18015955442405783,True,bathroom,False,none,suite_highend,mountain_view,daytime,4.0,False,none,styled_editorial,room_showcase,
17950807626135356,True,garden_outdoor_space,True,guest_lifestyle,none,garden_view,daytime,4.0,False,none,wide_establishing,season_event,
18023223629117616,True,activity,True,guest_lifestyle,none,ocean_view,golden_hour_sunset,4.0,False,none,styled_editorial,experience_activity,
18249005131217114,True,lobby_lounge,False,none,none,garden_view,daytime,5.0,False,none,styled_editorial,brand_worldview,
18106785106826576,True,food_drink,False,none,none,no_view,daytime,4.0,False,none,styled_editorial,food_dining,
17985004244618541,True,room,False,none,suite_highend,no_view,daytime,4.0,False,none,styled_editorial,room_showcase,
18349370122192350,True,food_drink,False,none,none,none,daytime,4.0,True,other,close_up_detail,food_dining,
18280439170274989,True,food_drink,False,none,none,none,unknown,4.0,True,feature_description,close_up_detail,food_dining,
17853786411543335,True,food_drink,False,none,none,no_view,daytime,4.0,False,none,flat_lay,food_dining,
17917405553805977,True,room,False,none,traditional_japanese,garden_view,daytime,4.0,True,facility_name_logo,wide_establishing,room_showcase,
17970272357702200,True,restaurant_bar,False,none,none,no_view,unknown,4.0,False,none,close_up_detail,food_dining,
18213637081276421,True,garden_outdoor_space,True,guest_lifestyle,other,garden_view,daytime,4.0,False,none,documentary_photo,brand_worldview,
18004901042109506,True,pool_spa,True,guest_lifestyle,none,none,daytime,4.0,False,none,close_up_detail,experience_activity,
18019110281492305,True,garden_outdoor_space,False,none,none,city_view,daytime,4.0,True,season_event_announcement,documentary_photo,season_event,
17983720133809230,True,pool_spa,False,none,none,ocean_view,daytime,5.0,True,season_event_announcement,wide_establishing,season_event,
17936198315871098,True,room,True,guest_lifestyle,standard,no_view,night,3.0,False,none,documentary_photo,room_showcase,
18079949776427199,True,room,False,none,suite_highend,no_view,daytime,5.0,False,none,styled_editorial,room_showcase,
18034550249742817,True,other,True,guest_lifestyle,none,none,unknown,3.0,True,feature_description,documentary_photo,brand_worldview,
18104845297654727,True,exterior_entrance,False,none,standard,ocean_view,night,4.0,True,price_plan_info,wide_establishing,price_plan_announcement,
18095757752043288,True,food_drink,False,none,none,none,daytime,3.0,True,season_event_announcement,close_up_detail,food_dining,
17923627962137441,True,restaurant_bar,False,none,none,garden_view,daytime,5.0,True,price_plan_info,wide_establishing,price_plan_announcement,
17907860912898081,True,pool_spa,False,none,traditional_japanese,garden_view,night,4.0,False,none,styled_editorial,experience_activity,
18493230412026370,True,food_drink,True,hand_detail,none,none,daytime,3.0,True,season_event_announcement,close_up_detail,food_dining,
17897173161212680,True,room,True,guest_lifestyle,standard,city_view,daytime,4.0,False,none,styled_editorial,room_showcase,
18135799747428840,True,activity,True,hand_detail,none,no_view,daytime,4.0,True,feature_description,styled_editorial,experience_activity,
17855964249650186,True,activity,True,other,none,mountain_view,daytime,2.0,False,none,documentary_photo,season_event,
17960349947936512,True,view_from_window,True,silhouette_distant,none,ocean_view,golden_hour_sunset,5.0,False,none,drone_aerial,view_scenery,
17866323702422501,True,food_drink,False,none,none,none,unknown,4.0,True,feature_description,close_up_detail,food_dining,
17860034838053460,True,food_drink,False,none,none,none,unknown,4.0,False,none,styled_editorial,food_dining,
17877829884336461,True,food_drink,True,hand_detail,none,mountain_view,daytime,4.0,False,none,close_up_detail,food_dining,
17914373019346888,True,garden_outdoor_space,False,none,suite_highend,ocean_view,daytime,5.0,False,none,styled_editorial,room_showcase,
17987586341572776,True,restaurant_bar,True,guest_lifestyle,none,partial_view,daytime,4.0,False,none,styled_editorial,food_dining,
18031270190608794,True,view_from_window,False,none,none,city_view,daytime,5.0,True,other,drone_aerial,view_scenery,
18025884107327390,True,food_drink,False,none,none,none,daytime,5.0,False,none,styled_editorial,food_dining,
17909519355200452,True,garden_outdoor_space,False,none,none,city_view,night,4.0,False,none,styled_editorial,view_scenery,
18122997922537333,True,amenity_detail,False,none,none,none,unknown,3.0,True,feature_description,close_up_detail,experience_activity,
18078032206695177,True,pool_spa,True,silhouette_distant,none,ocean_view,golden_hour_sunset,5.0,False,none,wide_establishing,experience_activity,
18086108977468305,True,garden_outdoor_space,True,guest_lifestyle,none,garden_view,daytime,4.0,False,none,styled_editorial,experience_activity,
18135564703318884,True,activity,True,guest_lifestyle,none,ocean_view,golden_hour_sunset,3.0,False,none,documentary_photo,experience_activity,
17882033418517133,True,view_from_window,True,silhouette_distant,none,ocean_view,daytime,5.0,False,none,wide_establishing,view_scenery,
17955517685705882,True,view_from_window,False,none,none,city_view,night,4.0,False,none,drone_aerial,view_scenery,
17886153771002743,True,food_drink,False,none,none,none,unknown,2.0,True,price_plan_info,close_up_detail,food_dining,
18027366827349893,True,food_drink,False,none,none,no_view,daytime,5.0,False,none,styled_editorial,food_dining,
17889037580976196,True,pool_spa,False,none,none,mountain_view,daytime,4.0,False,none,styled_editorial,experience_activity,
17917655552825216,True,activity,True,hand_detail,none,no_view,daytime,2.0,True,season_event_announcement,close_up_detail,season_event,
18021637711977350,True,activity,True,guest_lifestyle,none,garden_view,daytime,4.0,False,none,styled_editorial,experience_activity,
18072406424268888,True,view_from_window,False,none,none,city_view,golden_hour_sunset,5.0,False,none,styled_editorial,view_scenery,
18129016591561568,True,activity,True,family,none,mountain_view,daytime,3.0,True,price_plan_info,wide_establishing,price_plan_announcement,
18305900710095335,True,room,False,none,suite_highend,no_view,daytime,4.0,False,none,styled_editorial,room_showcase,
18049225168801434,True,restaurant_bar,False,none,none,ocean_view,daytime,4.0,True,season_event_announcement,wide_establishing,season_event,
18066046013652726,True,room,False,none,suite_highend,city_view,night,5.0,True,season_event_announcement,styled_editorial,season_event,
17886293439386700,True,food_drink,False,none,none,no_view,daytime,5.0,False,none,close_up_detail,food_dining,
18075232907300891,True,food_drink,False,none,traditional_japanese,no_view,daytime,5.0,False,none,styled_editorial,food_dining,
18393143485156267,True,room,False,none,traditional_japanese,garden_view,daytime,5.0,False,none,styled_editorial,room_showcase,
18135933679526667,True,restaurant_bar,True,guest_lifestyle,none,no_view,night,5.0,True,feature_description,styled_editorial,brand_worldview,
18034194988807006,True,restaurant_bar,True,staff,none,partial_view,daytime,4.0,True,feature_description,documentary_photo,food_dining,
17935675259696364,True,food_drink,False,none,none,none,unknown,5.0,False,none,close_up_detail,food_dining,
18104872822370057,True,food_drink,False,none,none,none,unknown,5.0,False,none,close_up_detail,food_dining,
18047618614714592,True,food_drink,False,none,none,no_view,daytime,4.0,False,none,close_up_detail,food_dining,
18109200895836984,True,garden_outdoor_space,False,none,none,garden_view,daytime,3.0,False,none,styled_editorial,brand_worldview,
18137958571425943,True,food_drink,True,hand_detail,traditional_japanese,no_view,daytime,4.0,False,none,close_up_detail,food_dining,
18194815330361858,True,exterior_entrance,False,none,none,ocean_view,daytime,4.0,False,none,wide_establishing,view_scenery,
18019848964833056,True,lobby_lounge,True,guest_lifestyle,none,no_view,daytime,4.0,False,none,styled_editorial,brand_worldview,
17941669929172063,True,garden_outdoor_space,True,guest_lifestyle,none,city_view,daytime,4.0,True,season_event_announcement,documentary_photo,season_event,
18095629934033228,True,food_drink,True,hand_detail,traditional_japanese,no_view,unknown,4.0,True,feature_description,close_up_detail,food_dining,
17998242491537171,True,restaurant_bar,True,guest_lifestyle,none,no_view,daytime,3.0,True,feature_description,styled_editorial,food_dining,
18046577942207787,True,lobby_lounge,False,none,none,city_view,daytime,5.0,False,none,styled_editorial,brand_worldview,
18286349617227278,True,food_drink,False,none,none,garden_view,daytime,4.0,False,none,close_up_detail,food_dining,
18097072847327786,True,garden_outdoor_space,True,silhouette_distant,none,garden_view,daytime,4.0,False,none,styled_editorial,view_scenery,
17853273207275250,True,food_drink,True,hand_detail,none,no_view,daytime,3.0,True,facility_name_logo,close_up_detail,food_dining,
18088711337000864,True,other,True,guest_lifestyle,standard,city_view,daytime,4.0,True,season_event_announcement,styled_editorial,season_event,
18096381986071947,True,garden_outdoor_space,False,none,none,garden_view,daytime,4.0,False,none,close_up_detail,view_scenery,
18052747763680040,True,activity,False,none,none,mountain_view,daytime,4.0,True,season_event_announcement,wide_establishing,season_event,
17846272221508187,True,pool_spa,False,none,standard,ocean_view,daytime,4.0,True,season_event_announcement,styled_editorial,season_event,
17861612511055253,True,room,True,guest_lifestyle,standard,city_view,daytime,3.0,False,none,documentary_photo,experience_activity,
18029173141810250,True,room,False,none,standard,city_view,daytime,3.0,False,none,wide_establishing,room_showcase,
18096290287726230,True,exterior_entrance,True,guest_lifestyle,standard,ocean_view,daytime,3.0,True,season_event_announcement,drone_aerial,season_event,
18108280774730540,True,bathroom,False,none,villa_private,garden_view,daytime,5.0,False,none,styled_editorial,room_showcase,
17916035921975507,True,food_drink,False,none,none,no_view,daytime,5.0,False,none,close_up_detail,food_dining,
18053069668566213,True,restaurant_bar,True,guest_lifestyle,none,partial_view,daytime,4.0,True,feature_description,styled_editorial,food_dining,
18170909989329730,True,pool_spa,True,guest_lifestyle,none,garden_view,daytime,4.0,True,season_event_announcement,styled_editorial,season_event,
17914051971044381,True,lobby_lounge,False,none,none,no_view,unknown,4.0,True,facility_name_logo,styled_editorial,brand_worldview,
18109519060468882,True,exterior_entrance,False,none,none,garden_view,daytime,4.0,False,none,wide_establishing,season_event,
18161930824390399,True,room,False,none,standard,city_view,night,4.0,True,facility_name_logo,styled_editorial,brand_worldview,
18276709633281504,True,room,False,none,suite_highend,ocean_view,daytime,4.0,False,none,styled_editorial,room_showcase,
18086675452941545,True,restaurant_bar,True,silhouette_distant,none,city_view,daytime,4.0,False,none,styled_editorial,food_dining,
17885558616197088,True,other,True,guest_lifestyle,none,no_view,daytime,3.0,True,season_event_announcement,documentary_photo,experience_activity,
17874120816041162,True,room,True,guest_lifestyle,standard,no_view,daytime,3.0,True,feature_description,styled_editorial,experience_activity,
18353559640090576,True,lobby_lounge,False,none,none,city_view,daytime,5.0,False,none,styled_editorial,brand_worldview,
17945720195730808,True,pool_spa,False,none,none,no_view,daytime,3.0,False,none,wide_establishing,experience_activity,
18088615534887089,True,room,False,none,standard,no_view,daytime,3.0,False,none,documentary_photo,room_showcase,
18066568009554867,True,exterior_entrance,False,none,none,garden_view,golden_hour_sunset,4.0,False,none,wide_establishing,brand_worldview,
18014516408458060,True,lobby_lounge,True,silhouette_distant,none,ocean_view,daytime,3.0,False,none,wide_establishing,view_scenery,
18083008562066731,True,food_drink,False,none,none,no_view,daytime,3.0,False,none,close_up_detail,food_dining,
17895288851968207,True,activity,True,couple,none,ocean_view,daytime,4.0,False,none,styled_editorial,experience_activity,
18001525136615062,True,restaurant_bar,True,staff,none,no_view,unknown,4.0,False,none,styled_editorial,food_dining,
18006070145280513,True,food_drink,False,none,none,none,unknown,5.0,False,none,styled_editorial,food_dining,
18026917190446753,True,other,False,none,none,ocean_view,daytime,4.0,False,none,wide_establishing,view_scenery,
18575726554028140,True,garden_outdoor_space,False,none,none,garden_view,night,4.0,False,none,wide_establishing,view_scenery,
18114776506740000,True,other,True,hand_detail,none,mountain_view,daytime,4.0,True,season_event_announcement,styled_editorial,season_event,
17870860347060415,True,amenity_detail,True,guest_lifestyle,none,no_view,daytime,4.0,True,price_plan_info,styled_editorial,experience_activity,
17941393271919370,True,lobby_lounge,True,other,none,no_view,unknown,4.0,False,none,documentary_photo,season_event,
18063137261002163,True,exterior_entrance,True,hand_detail,standard,ocean_view,daytime,4.0,True,season_event_announcement,drone_aerial,season_event,
18028301879802459,True,pool_spa,True,guest_lifestyle,none,garden_view,daytime,4.0,True,feature_description,styled_editorial,experience_activity,
18092095474900396,True,restaurant_bar,False,none,none,no_view,daytime,4.0,False,none,styled_editorial,food_dining,
18027318866154211,True,lobby_lounge,False,none,none,city_view,daytime,4.0,False,none,styled_editorial,brand_worldview,
18127744501325829,True,activity,True,guest_lifestyle,none,garden_view,daytime,4.0,True,season_event_announcement,styled_editorial,season_event,
18102860044694913,True,exterior_entrance,False,none,traditional_japanese,city_view,golden_hour_sunset,5.0,False,none,wide_establishing,view_scenery,
18109567156895618,True,food_drink,False,none,none,no_view,unknown,2.0,True,feature_description,documentary_photo,food_dining,
18070878164489546,True,restaurant_bar,True,silhouette_distant,none,ocean_view,daytime,4.0,False,none,wide_establishing,view_scenery,
17880796212315091,True,activity,True,guest_lifestyle,none,mountain_view,daytime,3.0,True,feature_description,documentary_photo,experience_activity,
18072077707463900,True,restaurant_bar,False,none,none,ocean_view,golden_hour_sunset,4.0,True,facility_name_logo,wide_establishing,food_dining,
18129173716560626,True,food_drink,False,none,none,none,daytime,4.0,False,none,close_up_detail,food_dining,
18079958657429737,True,room,False,none,standard,no_view,daytime,3.0,True,season_event_announcement,close_up_detail,experience_activity,
18112310014633258,True,food_drink,False,none,none,no_view,daytime,4.0,False,none,styled_editorial,food_dining,
18094175951272625,True,lobby_lounge,False,none,none,no_view,night,5.0,False,none,styled_editorial,brand_worldview,
18024501940845548,True,restaurant_bar,True,guest_lifestyle,none,ocean_view,daytime,4.0,True,other,styled_editorial,food_dining,
18001537094407924,True,restaurant_bar,False,none,none,no_view,daytime,4.0,False,none,styled_editorial,brand_worldview,
17854418889107814,True,restaurant_bar,False,none,none,no_view,unknown,3.0,True,other,styled_editorial,food_dining,
18100857608481610,True,garden_outdoor_space,False,none,none,garden_view,daytime,4.0,False,none,wide_establishing,view_scenery,
18081457034037555,True,garden_outdoor_space,False,none,none,garden_view,daytime,4.0,False,none,styled_editorial,brand_worldview,
18021145640652740,True,view_from_window,False,none,traditional_japanese,ocean_view,golden_hour_sunset,5.0,True,season_event_announcement,wide_establishing,season_event,
18029467318880475,True,food_drink,False,none,none,no_view,daytime,4.0,False,none,styled_editorial,food_dining,
18097296967835849,True,garden_outdoor_space,False,none,none,garden_view,daytime,4.0,True,other,styled_editorial,brand_worldview,
18046782961610514,True,room,False,none,suite_highend,no_view,unknown,5.0,True,season_event_announcement,styled_editorial,season_event,
17920655463326856,True,garden_outdoor_space,True,guest_lifestyle,none,garden_view,daytime,3.0,False,none,wide_establishing,view_scenery,
17870063370045487,True,other,False,none,none,no_view,daytime,5.0,False,none,wide_establishing,season_event,
18541017796023521,True,food_drink,True,hand_detail,none,none,unknown,4.0,False,none,close_up_detail,food_dining,
18356919310149642,True,food_drink,False,none,none,garden_view,daytime,5.0,False,none,styled_editorial,food_dining,
18016123976486287,True,exterior_entrance,False,none,none,no_view,night,4.0,True,season_event_announcement,styled_editorial,season_event,
18061482599169427,True,room,True,hand_detail,traditional_japanese,no_view,daytime,3.0,False,none,close_up_detail,room_showcase,
18118667104368059,True,activity,True,silhouette_distant,none,mountain_view,daytime,4.0,True,price_plan_info,styled_editorial,price_plan_announcement,
17885501730510455,True,room,False,none,standard,no_view,unknown,2.0,True,feature_description,styled_editorial,room_showcase,
17910824315918094,True,room,False,none,standard,mountain_view,daytime,4.0,False,none,wide_establishing,room_showcase,
17950343418147437,True,activity,False,none,none,no_view,daytime,3.0,True,facility_name_logo,styled_editorial,experience_activity,
18016986725484551,True,view_from_window,True,guest_lifestyle,none,mountain_view,golden_hour_sunset,4.0,False,none,styled_editorial,view_scenery,
17903195058363404,True,other,False,none,none,ocean_view,golden_hour_sunset,4.0,True,facility_name_logo,wide_establishing,view_scenery,
18089066684350811,True,room,True,guest_lifestyle,suite_highend,garden_view,daytime,4.0,False,none,styled_editorial,experience_activity,
17883777387511926,True,restaurant_bar,True,guest_lifestyle,none,garden_view,daytime,3.0,True,feature_description,styled_editorial,food_dining,
18110861878835983,True,room,False,none,suite_highend,garden_view,daytime,5.0,False,none,styled_editorial,room_showcase,
17978931458821657,True,restaurant_bar,True,guest_lifestyle,none,city_view,daytime,4.0,False,none,styled_editorial,experience_activity,
18344015620082457,True,food_drink,False,none,none,none,daytime,3.0,False,none,styled_editorial,food_dining,
17908152518980284,True,room,True,guest_lifestyle,suite_highend,city_view,daytime,4.0,False,none,styled_editorial,experience_activity,
18413042107112669,True,activity,True,other,none,garden_view,daytime,4.0,False,none,documentary_photo,experience_activity,
18404874550043561,True,room,False,none,suite_highend,city_view,night,4.0,True,season_event_announcement,styled_editorial,season_event,
18147715483336424,True,food_drink,False,none,none,none,unknown,4.0,True,season_event_announcement,styled_editorial,food_dining,
18094200544459100,True,bathroom,False,none,suite_highend,mountain_view,golden_hour_sunset,5.0,True,feature_description,styled_editorial,room_showcase,
17865084873618469,True,pool_spa,False,none,none,no_view,unknown,4.0,False,none,styled_editorial,experience_activity,
18122117782718994,True,restaurant_bar,False,none,none,no_view,daytime,4.0,True,facility_name_logo,close_up_detail,food_dining,
17999978390380416,True,lobby_lounge,False,none,none,no_view,daytime,5.0,True,facility_name_logo,styled_editorial,food_dining,
18083437750693389,True,activity,True,guest_lifestyle,none,other,daytime,4.0,False,none,documentary_photo,experience_activity,
17961544277716028,True,garden_outdoor_space,False,none,none,garden_view,daytime,4.0,False,none,documentary_photo,view_scenery,
17874480414319909,True,room,False,none,traditional_japanese,garden_view,daytime,5.0,False,none,styled_editorial,room_showcase,
17906868392959967,True,food_drink,False,none,none,none,daytime,5.0,False,none,styled_editorial,food_dining,
17965791773972027,True,food_drink,False,none,none,none,daytime,4.0,False,none,close_up_detail,food_dining,
18047729186568131,True,garden_outdoor_space,False,none,none,city_view,daytime,4.0,False,none,styled_editorial,view_scenery,
18051180917005841,True,bathroom,False,none,traditional_japanese,ocean_view,daytime,4.0,False,none,close_up_detail,experience_activity,
18102672124474768,True,food_drink,False,none,none,none,daytime,5.0,False,none,styled_editorial,food_dining,
17845302864254254,True,food_drink,False,none,none,ocean_view,daytime,4.0,False,none,close_up_detail,food_dining,
17855689173234473,True,food_drink,False,none,none,no_view,unknown,4.0,False,none,flat_lay,food_dining,
17968900964543456,True,pool_spa,False,none,none,no_view,night,4.0,True,facility_name_logo,styled_editorial,experience_activity,
18046766954695416,True,exterior_entrance,False,none,none,no_view,night,4.0,True,facility_name_logo,wide_establishing,brand_worldview,
18031138861907337,True,pool_spa,False,none,none,ocean_view,daytime,5.0,True,ranking_award,styled_editorial,view_scenery,
17904506259061763,True,restaurant_bar,False,none,none,no_view,unknown,3.0,True,feature_description,styled_editorial,food_dining,
18244085941284214,True,garden_outdoor_space,False,none,none,mountain_view,daytime,4.0,False,none,drone_aerial,view_scenery,
17908303017046268,True,lobby_lounge,True,guest_lifestyle,none,no_view,daytime,4.0,False,none,styled_editorial,brand_worldview,
18124900369475839,True,lobby_lounge,False,none,none,partial_view,golden_hour_sunset,4.0,False,none,styled_editorial,season_event,
17908552064899672,True,room,False,none,suite_highend,no_view,unknown,4.0,False,none,wide_establishing,room_showcase,
17910023132944115,True,pool_spa,False,none,none,garden_view,daytime,4.0,False,none,styled_editorial,experience_activity,
18062268397553120,True,pool_spa,False,none,none,no_view,daytime,4.0,True,feature_description,close_up_detail,experience_activity,
17873082132204482,True,room,True,guest_lifestyle,standard,city_view,daytime,3.0,False,none,styled_editorial,room_showcase,
18025643155827826,True,pool_spa,False,none,other,garden_view,daytime,4.0,False,none,styled_editorial,room_showcase,
18027393449061553,True,food_drink,False,none,none,none,unknown,5.0,False,none,styled_editorial,food_dining,
18076632028490556,True,room,True,guest_lifestyle,standard,no_view,daytime,3.0,True,feature_description,styled_editorial,room_showcase,
17895143274298780,True,food_drink,False,none,none,no_view,daytime,4.0,False,none,styled_editorial,food_dining,
17956780362009365,True,pool_spa,False,none,villa_private,garden_view,daytime,5.0,False,none,styled_editorial,experience_activity,
18068128099726917,True,lobby_lounge,False,none,none,partial_view,night,5.0,False,none,styled_editorial,season_event,
17995415717927243,True,lobby_lounge,True,couple,traditional_japanese,partial_view,golden_hour_sunset,5.0,False,none,styled_editorial,experience_activity,
17986856681982321,True,food_drink,False,none,none,none,daytime,4.0,False,none,close_up_detail,food_dining,
18114083731802091,True,view_from_window,False,none,none,ocean_view,golden_hour_sunset,4.0,False,none,documentary_photo,view_scenery,
18055950914618000,True,food_drink,True,hand_detail,none,none,daytime,3.0,False,none,close_up_detail,food_dining,
18128848879460313,True,view_from_window,False,none,none,ocean_view,golden_hour_sunset,5.0,False,none,wide_establishing,view_scenery,
17955263348751155,True,restaurant_bar,True,guest_lifestyle,none,no_view,night,4.0,False,none,styled_editorial,food_dining,
18012050597160872,True,pool_spa,True,silhouette_distant,suite_highend,ocean_view,daytime,5.0,False,none,styled_editorial,experience_activity,
18074893756561771,True,food_drink,False,none,none,no_view,unknown,3.0,False,none,close_up_detail,food_dining,
18407699473007398,True,room,False,none,other,no_view,daytime,3.0,True,facility_name_logo,styled_editorial,room_showcase,
18029528636025352,True,room,True,guest_lifestyle,standard,city_view,daytime,3.0,False,none,styled_editorial,room_showcase,
18227632528310727,True,garden_outdoor_space,False,none,none,mountain_view,daytime,4.0,False,none,wide_establishing,view_scenery,
18007022450606011,True,pool_spa,False,none,suite_highend,ocean_view,golden_hour_sunset,5.0,False,none,styled_editorial,experience_activity,
18248618734287878,True,restaurant_bar,False,none,none,city_view,night,5.0,False,none,styled_editorial,food_dining,
17899552508871899,True,other,False,none,none,none,unknown,3.0,True,season_event_announcement,other,season_event,
18107571340904651,True,room,False,none,standard,ocean_view,daytime,3.0,False,none,styled_editorial,room_showcase,
17848596705266081,True,food_drink,False,none,none,no_view,unknown,4.0,True,price_plan_info,close_up_detail,price_plan_announcement,
18033845342466676,True,pool_spa,False,none,none,ocean_view,daytime,4.0,False,none,styled_editorial,view_scenery,
18111098065408284,True,garden_outdoor_space,True,guest_lifestyle,none,other,daytime,4.0,True,season_event_announcement,documentary_photo,experience_activity,
17897117505038953,True,room,False,none,traditional_japanese,mountain_view,golden_hour_sunset,5.0,False,none,styled_editorial,room_showcase,
18038317783694970,True,pool_spa,True,family,none,ocean_view,golden_hour_sunset,4.0,True,user_voice_review,documentary_photo,experience_activity,
18103059274557561,True,room,False,none,standard,no_view,daytime,3.0,False,none,wide_establishing,room_showcase,
18089134849589147,True,food_drink,True,staff,none,no_view,unknown,4.0,False,none,styled_editorial,food_dining,
18060337604422066,True,food_drink,False,none,none,none,unknown,3.0,True,feature_description,close_up_detail,food_dining,
17928845429980362,True,restaurant_bar,False,none,none,no_view,night,4.0,False,none,close_up_detail,food_dining,
18052555229660064,True,room,False,none,villa_private,ocean_view,daytime,5.0,False,none,styled_editorial,room_showcase,
17889632064028595,True,food_drink,False,none,none,none,daytime,5.0,False,none,flat_lay,food_dining,
17857302534329653,True,other,True,silhouette_distant,none,ocean_view,golden_hour_sunset,4.0,False,none,wide_establishing,view_scenery,
18074847658794315,True,garden_outdoor_space,False,none,none,garden_view,daytime,4.0,False,none,styled_editorial,view_scenery,
17957001464688101,True,lobby_lounge,False,none,none,no_view,night,5.0,False,none,wide_establishing,brand_worldview,
17879791140560495,True,garden_outdoor_space,False,none,traditional_japanese,garden_view,daytime,4.0,True,feature_description,styled_editorial,brand_worldview,
18091586996168414,True,activity,False,none,none,ocean_view,night,4.0,False,none,styled_editorial,season_event,
17878920276555232,True,exterior_entrance,False,none,none,ocean_view,daytime,4.0,True,price_plan_info,drone_aerial,price_plan_announcement,
18083203291774674,True,other,False,none,none,none,unknown,3.0,True,season_event_announcement,other,season_event,
18026357858196187,True,exterior_entrance,True,silhouette_distant,none,city_view,daytime,4.0,True,other,wide_establishing,brand_worldview,
18031916062879655,True,room,False,none,suite_highend,no_view,daytime,4.0,False,none,styled_editorial,room_showcase,
18256419055251206,True,restaurant_bar,False,none,none,city_view,daytime,4.0,False,none,styled_editorial,food_dining,
17894693825981663,True,restaurant_bar,True,staff,none,no_view,daytime,3.0,True,facility_name_logo,documentary_photo,food_dining,
18028643420015701,True,room,False,none,standard,no_view,daytime,4.0,False,none,styled_editorial,room_showcase,
18024375770270195,True,food_drink,False,none,none,none,daytime,5.0,False,none,close_up_detail,food_dining,
18040767796639878,True,garden_outdoor_space,True,family,none,garden_view,daytime,4.0,False,none,styled_editorial,experience_activity,
18020238182071585,True,garden_outdoor_space,True,guest_lifestyle,none,garden_view,daytime,4.0,False,none,wide_establishing,experience_activity,
17980812374480544,True,food_drink,False,none,none,no_view,golden_hour_sunset,5.0,False,none,close_up_detail,food_dining,
18422735035189328,True,food_drink,False,none,none,partial_view,daytime,4.0,True,season_event_announcement,styled_editorial,season_event,
17880583881421104,True,view_from_window,False,none,none,mountain_view,daytime,3.0,False,none,wide_establishing,view_scenery,
18035415472641317,True,restaurant_bar,False,none,none,no_view,unknown,4.0,True,feature_description,close_up_detail,food_dining,
17897768570887922,True,room,True,guest_lifestyle,standard,city_view,daytime,4.0,True,user_voice_review,documentary_photo,experience_activity,
17945950830000462,True,exterior_entrance,False,none,none,city_view,daytime,3.0,True,access_location_info,wide_establishing,brand_worldview,
18103336243433548,True,room,False,none,suite_highend,ocean_view,daytime,4.0,True,season_event_announcement,styled_editorial,season_event,
18077681930383508,True,room,False,none,none,no_view,daytime,3.0,True,feature_description,close_up_detail,room_showcase,
18028242436808377,True,pool_spa,False,none,none,garden_view,night,4.0,False,none,wide_establishing,experience_activity,
18071579564359051,True,activity,True,guest_lifestyle,none,mountain_view,daytime,3.0,True,season_event_announcement,wide_establishing,experience_activity,
18369852712129945,True,other,False,none,none,city_view,night,4.0,False,none,wide_establishing,view_scenery,
18061704893434715,True,exterior_entrance,False,none,none,none,daytime,4.0,True,access_location_info,documentary_photo,brand_worldview,
18023625827312866,True,garden_outdoor_space,False,none,none,city_view,daytime,3.0,False,none,documentary_photo,view_scenery,
18133126204539148,True,garden_outdoor_space,True,silhouette_distant,none,city_view,night,4.0,False,none,wide_establishing,view_scenery,
18113253556652574,True,garden_outdoor_space,False,none,none,garden_view,daytime,4.0,False,none,close_up_detail,view_scenery,
18022581323226181,True,exterior_entrance,True,guest_lifestyle,traditional_japanese,garden_view,daytime,5.0,False,none,styled_editorial,brand_worldview,
18002469143209214,True,food_drink,False,none,none,no_view,unknown,5.0,False,none,styled_editorial,food_dining,
17894571597072385,True,other,False,none,none,mountain_view,daytime,3.0,True,season_event_announcement,styled_editorial,season_event,
18259530970233025,True,food_drink,True,family,none,no_view,daytime,3.0,True,feature_description,styled_editorial,food_dining,
17919792725964864,True,restaurant_bar,False,none,none,no_view,daytime,5.0,True,season_event_announcement,styled_editorial,season_event,
17986939940796738,True,garden_outdoor_space,False,none,none,garden_view,daytime,4.0,False,none,wide_establishing,season_event,
18032117731842877,True,other,False,none,none,no_view,daytime,4.0,False,none,documentary_photo,other,
17917264958783710,True,activity,True,staff,none,no_view,daytime,4.0,True,feature_description,documentary_photo,brand_worldview,
18011635703173229,True,lobby_lounge,True,couple,none,city_view,daytime,4.0,False,none,styled_editorial,experience_activity,
18334274422168046,True,restaurant_bar,True,couple,none,mountain_view,daytime,4.0,False,none,styled_editorial,experience_activity,
18339492028180470,True,food_drink,False,none,none,none,unknown,5.0,False,none,styled_editorial,food_dining,
17917213053319120,True,room,False,none,suite_highend,no_view,daytime,4.0,False,none,styled_editorial,room_showcase,
18070374773676323,True,room,False,none,standard,city_view,daytime,4.0,True,facility_name_logo,styled_editorial,brand_worldview,
17846750430213792,True,exterior_entrance,False,none,traditional_japanese,none,night,4.0,True,facility_name_logo,wide_establishing,brand_worldview,
17925101346002426,True,room,False,none,standard,no_view,daytime,4.0,False,none,styled_editorial,room_showcase,
18385045447132177,True,room,True,guest_lifestyle,traditional_japanese,ocean_view,daytime,4.0,False,none,styled_editorial,experience_activity,
18034728569287564,True,view_from_window,False,none,none,mountain_view,daytime,4.0,True,feature_description,styled_editorial,view_scenery,
18095649445867897,True,food_drink,False,none,none,none,unknown,5.0,False,none,styled_editorial,food_dining,
18072498370822497,True,room,False,none,suite_highend,ocean_view,daytime,5.0,False,none,styled_editorial,room_showcase,
18051138220496470,True,other,True,guest_lifestyle,none,no_view,unknown,3.0,False,none,styled_editorial,experience_activity,
18069376454441454,True,food_drink,False,none,none,none,daytime,4.0,True,feature_description,styled_editorial,food_dining,
18403668250148646,True,lobby_lounge,False,none,none,no_view,daytime,3.0,True,season_event_announcement,documentary_photo,experience_activity,
18126141019379404,True,room,True,guest_lifestyle,standard,city_view,daytime,3.0,False,none,styled_editorial,room_showcase,
18074479672501580,True,other,True,silhouette_distant,none,city_view,daytime,3.0,False,none,wide_establishing,view_scenery,
18072407327640101,True,activity,True,guest_lifestyle,none,mountain_view,daytime,4.0,True,feature_description,styled_editorial,experience_activity,
17907030339396935,True,activity,True,hand_detail,none,no_view,unknown,3.0,True,season_event_announcement,close_up_detail,season_event,
18044549504258668,True,restaurant_bar,True,hand_detail,none,mountain_view,daytime,4.0,True,other,close_up_detail,food_dining,
18075341528449823,True,food_drink,False,none,none,none,unknown,4.0,False,none,styled_editorial,food_dining,
18020832248316853,True,garden_outdoor_space,True,guest_lifestyle,none,garden_view,daytime,4.0,False,none,wide_establishing,brand_worldview,
17992430360617158,True,pool_spa,False,none,none,city_view,golden_hour_sunset,5.0,False,none,wide_establishing,experience_activity,
17846666445372441,True,restaurant_bar,True,hand_detail,none,no_view,daytime,3.0,False,none,close_up_detail,food_dining,
17931887804797011,True,food_drink,False,none,none,no_view,daytime,5.0,False,none,styled_editorial,food_dining,
17978526962674924,True,food_drink,False,none,none,none,daytime,4.0,False,none,styled_editorial,food_dining,
18276516910161848,True,food_drink,True,hand_detail,none,no_view,daytime,3.0,False,none,close_up_detail,food_dining,
18407870329068274,True,food_drink,False,none,none,no_view,daytime,5.0,False,none,styled_editorial,food_dining,
18447123721100221,True,view_from_window,False,none,none,ocean_view,daytime,4.0,False,none,documentary_photo,view_scenery,
18069352484349511,True,room,False,none,standard,no_view,daytime,4.0,False,none,styled_editorial,room_showcase,
18057842402018604,True,food_drink,False,none,none,no_view,unknown,4.0,False,none,styled_editorial,food_dining,
18095673598396956,True,activity,False,none,none,mountain_view,daytime,2.0,True,feature_description,wide_establishing,experience_activity,
18407415448041496,True,room,False,none,other,no_view,unknown,5.0,True,feature_description,styled_editorial,experience_activity,
18040276384869658,True,food_drink,True,hand_detail,none,partial_view,daytime,3.0,True,feature_description,close_up_detail,food_dining,
18078562739434394,True,exterior_entrance,False,none,none,partial_view,daytime,3.0,True,access_location_info,documentary_photo,brand_worldview,
18054445741784695,True,activity,True,guest_lifestyle,none,no_view,night,3.0,True,season_event_announcement,styled_editorial,experience_activity,
18351600343238313,True,amenity_detail,False,none,none,no_view,daytime,4.0,False,none,close_up_detail,brand_worldview,
18032837350770559,True,room,True,guest_lifestyle,standard,city_view,daytime,3.0,False,none,styled_editorial,room_showcase,
18129977494414215,True,garden_outdoor_space,False,none,none,garden_view,night,4.0,False,none,styled_editorial,season_event,
18024243845029519,True,food_drink,False,none,none,no_view,daytime,4.0,False,none,styled_editorial,food_dining,
17971053332704814,True,lobby_lounge,True,guest_lifestyle,none,no_view,daytime,5.0,False,none,styled_editorial,brand_worldview,
18024534686442639,True,lobby_lounge,True,guest_lifestyle,none,no_view,daytime,4.0,True,feature_description,styled_editorial,experience_activity,
18039563615078389,True,room,True,guest_lifestyle,standard,city_view,daytime,3.0,False,none,styled_editorial,room_showcase,
18441290959025769,True,exterior_entrance,True,silhouette_distant,none,partial_view,daytime,4.0,True,facility_name_logo,documentary_photo,brand_worldview,
17997351611355388,True,view_from_window,True,guest_lifestyle,none,city_view,night,5.0,False,none,styled_editorial,view_scenery,
18020138447608503,True,restaurant_bar,False,none,none,garden_view,daytime,4.0,True,season_event_announcement,wide_establishing,season_event,
18106178879301325,True,room,False,none,traditional_japanese,mountain_view,daytime,4.0,True,feature_description,styled_editorial,room_showcase,
18097184032611362,True,food_drink,True,hand_detail,none,garden_view,daytime,2.0,True,facility_name_logo,close_up_detail,food_dining,
18422253412035046,True,pool_spa,True,guest_lifestyle,none,garden_view,daytime,5.0,False,none,drone_aerial,experience_activity,
17928895334770733,True,exterior_entrance,True,silhouette_distant,none,other,golden_hour_sunset,4.0,False,none,wide_establishing,experience_activity,
17946033599999548,True,garden_outdoor_space,False,none,none,garden_view,daytime,4.0,False,none,wide_establishing,view_scenery,
17953665345116191,True,garden_outdoor_space,True,silhouette_distant,none,ocean_view,daytime,4.0,True,facility_name_logo,close_up_detail,experience_activity,
18079815305252543,True,other,True,family,none,no_view,daytime,2.0,True,price_plan_info,other,price_plan_announcement,
17999348525381055,True,other,False,none,suite_highend,ocean_view,daytime,4.0,True,season_event_announcement,styled_editorial,season_event,
18048271423595636,True,lobby_lounge,True,staff,none,no_view,night,4.0,True,feature_description,styled_editorial,experience_activity,
18028439171469423,True,restaurant_bar,False,none,none,garden_view,daytime,4.0,True,facility_name_logo,styled_editorial,food_dining,
18055988441092661,True,activity,True,guest_lifestyle,none,other,daytime,3.0,True,feature_description,documentary_photo,experience_activity,
18064537658690938,True,garden_outdoor_space,False,none,none,city_view,daytime,3.0,False,none,drone_aerial,view_scenery,
17929531838885010,True,restaurant_bar,True,guest_lifestyle,none,no_view,daytime,3.0,True,season_event_announcement,styled_editorial,food_dining,
17879288631535917,True,amenity_detail,False,none,none,no_view,daytime,4.0,True,feature_description,flat_lay,brand_worldview,
17970187803022131,True,room,False,none,glamping_unique,mountain_view,daytime,3.0,False,none,styled_editorial,room_showcase,
17870802612592047,True,room,False,none,standard,city_view,daytime,3.0,False,none,wide_establishing,room_showcase,
18089172073752697,True,lobby_lounge,True,guest_lifestyle,none,no_view,daytime,5.0,False,none,styled_editorial,brand_worldview,
18045703354654935,True,food_drink,False,none,none,none,daytime,4.0,True,feature_description,styled_editorial,food_dining,
18091861747874220,True,room,False,none,traditional_japanese,partial_view,daytime,5.0,False,none,styled_editorial,room_showcase,
18066973513858378,True,food_drink,True,staff,none,none,daytime,4.0,False,none,close_up_detail,food_dining,
17877589574963658,True,exterior_entrance,True,couple,none,no_view,night,3.0,True,facility_name_logo,documentary_photo,brand_worldview,
18185396362339737,True,garden_outdoor_space,True,guest_lifestyle,none,garden_view,daytime,4.0,False,none,documentary_photo,view_scenery,
17882383794482758,True,view_from_window,True,silhouette_distant,none,mountain_view,daytime,4.0,False,none,wide_establishing,view_scenery,
17921558186906240,True,lobby_lounge,True,guest_lifestyle,none,garden_view,daytime,4.0,False,none,styled_editorial,brand_worldview,
18031379639330041,True,exterior_entrance,False,none,none,no_view,night,5.0,True,facility_name_logo,styled_editorial,brand_worldview,
17867400975511411,True,garden_outdoor_space,False,none,none,garden_view,daytime,4.0,False,none,styled_editorial,view_scenery,
18106767295774846,True,activity,True,hand_detail,none,ocean_view,golden_hour_sunset,4.0,False,none,documentary_photo,experience_activity,
18334641802174075,True,garden_outdoor_space,False,none,none,garden_view,daytime,4.0,False,none,styled_editorial,brand_worldview,
18419016655038129,True,lobby_lounge,True,staff,none,no_view,unknown,3.0,True,feature_description,styled_editorial,brand_worldview,
18118993915430206,True,other,True,guest_lifestyle,none,city_view,daytime,2.0,True,feature_description,documentary_photo,experience_activity,
18057847409154798,True,restaurant_bar,False,none,none,mountain_view,daytime,4.0,True,feature_description,styled_editorial,experience_activity,
17864351223225769,True,restaurant_bar,True,staff,none,garden_view,daytime,5.0,False,none,styled_editorial,food_dining,
18056370751972320,True,lobby_lounge,False,none,none,no_view,night,5.0,True,facility_name_logo,styled_editorial,brand_worldview,
18082565359914598,True,food_drink,False,none,none,none,daytime,4.0,False,none,close_up_detail,food_dining,
17994694859940831,True,other,False,none,none,no_view,daytime,1.0,True,other,close_up_detail,brand_worldview,
17880031647414364,True,garden_outdoor_space,True,guest_lifestyle,none,mountain_view,daytime,4.0,False,none,documentary_photo,view_scenery,
18088660084982048,True,other,False,none,none,none,unknown,3.0,True,price_plan_info,other,price_plan_announcement,
17890977270017781,True,lobby_lounge,False,none,none,no_view,night,5.0,True,other,documentary_photo,brand_worldview,
18024704456494190,True,restaurant_bar,False,none,none,none,daytime,5.0,True,feature_description,styled_editorial,food_dining,
18076617290040092,True,garden_outdoor_space,False,none,none,ocean_view,daytime,5.0,False,none,wide_establishing,view_scenery,
17953727891956294,True,room,False,none,suite_highend,city_view,daytime,5.0,False,none,styled_editorial,food_dining,
18050826454528597,True,activity,False,none,none,mountain_view,daytime,3.0,True,ranking_award,wide_establishing,experience_activity,
17972470475949931,True,garden_outdoor_space,True,silhouette_distant,none,ocean_view,daytime,4.0,False,none,wide_establishing,view_scenery,
17852745084178475,True,exterior_entrance,True,silhouette_distant,none,city_view,night,4.0,True,facility_name_logo,styled_editorial,brand_worldview,
18081225598612710,True,restaurant_bar,False,none,none,no_view,unknown,5.0,True,season_event_announcement,styled_editorial,food_dining,
17964906185610226,True,food_drink,False,none,none,no_view,daytime,3.0,False,none,close_up_detail,food_dining,
17995416260422078,True,garden_outdoor_space,True,guest_lifestyle,none,ocean_view,golden_hour_sunset,4.0,False,none,styled_editorial,experience_activity,
18169517377370614,True,lobby_lounge,False,none,none,no_view,unknown,3.0,True,facility_name_logo,styled_editorial,season_event,
18540129556009309,True,lobby_lounge,False,none,none,no_view,daytime,3.0,True,season_event_announcement,documentary_photo,season_event,
17945015963674589,True,pool_spa,False,none,none,ocean_view,daytime,3.0,True,feature_description,documentary_photo,experience_activity,
17869557057066712,True,activity,True,family,none,mountain_view,daytime,4.0,False,none,styled_editorial,experience_activity,
18024014558138346,True,food_drink,False,none,none,city_view,daytime,4.0,False,none,styled_editorial,food_dining,
17876807967047527,True,lobby_lounge,True,staff,none,city_view,daytime,4.0,True,facility_name_logo,styled_editorial,brand_worldview,
18017351426604674,True,food_drink,False,none,none,none,daytime,4.0,False,none,styled_editorial,food_dining,
18127112938416091,True,food_drink,False,none,none,none,unknown,4.0,False,none,styled_editorial,food_dining,
17938328634207241,True,activity,True,guest_lifestyle,none,no_view,daytime,2.0,True,feature_description,close_up_detail,experience_activity,
18042950459397910,True,room,False,none,suite_highend,ocean_view,golden_hour_sunset,5.0,True,feature_description,styled_editorial,room_showcase,
17907776607201233,True,restaurant_bar,False,none,none,none,unknown,4.0,True,season_event_announcement,styled_editorial,season_event,
18246047383266633,True,exterior_entrance,False,none,none,garden_view,daytime,5.0,True,facility_name_logo,styled_editorial,brand_worldview,
18044257525701935,True,lobby_lounge,True,guest_lifestyle,none,no_view,daytime,4.0,False,none,styled_editorial,food_dining,
17999003483748803,True,room,False,none,suite_highend,partial_view,daytime,5.0,False,none,styled_editorial,room_showcase,
18109574569854602,True,activity,True,guest_lifestyle,none,city_view,golden_hour_sunset,4.0,True,season_event_announcement,styled_editorial,season_event,
17943803381815049,True,garden_outdoor_space,False,none,none,garden_view,daytime,4.0,False,none,close_up_detail,view_scenery,
18142431634314979,True,activity,False,none,none,mountain_view,daytime,3.0,True,feature_description,documentary_photo,experience_activity,
17888056782035690,True,garden_outdoor_space,True,staff,none,garden_view,daytime,4.0,False,none,wide_establishing,brand_worldview,
18074185934226259,True,room,False,none,suite_highend,mountain_view,night,5.0,False,none,styled_editorial,room_showcase,
18041253974768145,True,food_drink,False,none,none,no_view,unknown,5.0,True,season_event_announcement,styled_editorial,price_plan_announcement,
18040334402521728,True,food_drink,False,none,none,none,unknown,4.0,True,season_event_announcement,styled_editorial,season_event,
17893643903956113,True,garden_outdoor_space,False,none,none,garden_view,daytime,4.0,False,none,close_up_detail,view_scenery,
17966155694546680,True,lobby_lounge,True,guest_lifestyle,none,city_view,daytime,4.0,False,none,styled_editorial,experience_activity,
18128689690336114,True,room,True,family,suite_highend,city_view,daytime,5.0,True,season_event_announcement,styled_editorial,season_event,
18289377604236632,True,food_drink,False,none,none,none,night,5.0,False,none,styled_editorial,food_dining,
18028986509233082,True,lobby_lounge,True,guest_lifestyle,none,no_view,daytime,4.0,False,none,styled_editorial,experience_activity,
18108803080886973,True,other,True,guest_lifestyle,none,ocean_view,daytime,4.0,False,none,wide_establishing,view_scenery,
18063665084227433,True,lobby_lounge,False,none,none,no_view,night,4.0,True,season_event_announcement,styled_editorial,season_event,
18105738931407286,True,restaurant_bar,True,guest_lifestyle,none,city_view,daytime,4.0,False,none,styled_editorial,experience_activity,
17975812745655763,True,food_drink,False,none,none,no_view,unknown,4.0,True,season_event_announcement,close_up_detail,season_event,
18336542092138186,True,other,True,silhouette_distant,none,no_view,daytime,4.0,True,facility_name_logo,wide_establishing,brand_worldview,
18058531435734423,True,food_drink,False,none,none,none,unknown,4.0,True,season_event_announcement,styled_editorial,season_event,
17916939059823258,True,room,False,none,traditional_japanese,garden_view,daytime,4.0,False,none,styled_editorial,room_showcase,
18073807892473223,True,exterior_entrance,False,none,villa_private,garden_view,daytime,4.0,False,none,styled_editorial,brand_worldview,
17886689510977489,True,lobby_lounge,True,staff,none,no_view,daytime,4.0,False,none,styled_editorial,brand_worldview,
17928506492940903,True,food_drink,False,none,none,no_view,daytime,3.0,False,none,close_up_detail,food_dining,
18026639105363417,True,activity,True,guest_lifestyle,none,other,daytime,2.0,False,none,documentary_photo,experience_activity,
18137881471388143,True,food_drink,False,none,none,no_view,daytime,4.0,False,none,close_up_detail,food_dining,
18096615617102545,True,view_from_window,True,guest_lifestyle,none,mountain_view,daytime,4.0,False,none,styled_editorial,view_scenery,
17872040193171675,True,other,False,none,none,city_view,night,4.0,True,feature_description,wide_establishing,view_scenery,
18337943662172998,True,food_drink,False,none,none,no_view,daytime,5.0,True,season_event_announcement,styled_editorial,season_event,
18055751110807881,True,food_drink,False,none,none,no_view,daytime,4.0,False,none,styled_editorial,food_dining,
18415718377036456,True,bathroom,False,none,none,no_view,unknown,5.0,True,season_event_announcement,styled_editorial,experience_activity,
18223800277268385,True,lobby_lounge,False,none,none,no_view,unknown,4.0,True,facility_name_logo,styled_editorial,brand_worldview,
17998200353542265,True,food_drink,False,none,none,none,unknown,5.0,True,ranking_award,styled_editorial,food_dining,
17903136783242745,True,garden_outdoor_space,False,none,none,other,daytime,1.0,False,none,close_up_detail,brand_worldview,
18494174146002900,True,exterior_entrance,False,none,standard,ocean_view,daytime,4.0,True,season_event_announcement,drone_aerial,season_event,
18053708596538743,True,pool_spa,False,none,none,partial_view,daytime,3.0,True,feature_description,wide_establishing,experience_activity,
18039784934565484,True,lobby_lounge,False,none,none,no_view,daytime,5.0,False,none,styled_editorial,brand_worldview,
18070650310885125,True,other,False,none,none,ocean_view,golden_hour_sunset,4.0,False,none,styled_editorial,view_scenery,
18042582085996400,True,lobby_lounge,False,none,traditional_japanese,no_view,daytime,4.0,True,facility_name_logo,styled_editorial,brand_worldview,
18174145348394400,True,activity,True,guest_lifestyle,none,other,daytime,3.0,False,none,documentary_photo,experience_activity,
18129174886422334,True,other,True,staff,none,none,daytime,3.0,False,facility_name_logo,close_up_detail,brand_worldview,
17883260943399332,True,food_drink,True,hand_detail,none,none,unknown,4.0,False,none,close_up_detail,food_dining,
17949650021747701,True,restaurant_bar,True,staff,none,no_view,unknown,4.0,False,none,styled_editorial,food_dining,
17969194730899781,True,exterior_entrance,False,none,none,none,daytime,4.0,True,season_event_announcement,styled_editorial,brand_worldview,
18315265162276789,True,activity,True,hand_detail,none,no_view,daytime,4.0,False,none,close_up_detail,experience_activity,
17960409551634768,True,food_drink,True,hand_detail,none,none,daytime,4.0,False,none,styled_editorial,food_dining,
18043794277664747,True,room,False,none,villa_private,garden_view,daytime,4.0,False,none,styled_editorial,experience_activity,
18003409739908848,True,garden_outdoor_space,False,none,none,garden_view,daytime,4.0,False,none,wide_establishing,view_scenery,
17930806101000597,True,lobby_lounge,True,guest_lifestyle,none,city_view,daytime,4.0,False,none,styled_editorial,brand_worldview,
18006243635907372,True,activity,True,hand_detail,none,none,daytime,3.0,True,feature_description,close_up_detail,experience_activity,
18100075936807246,True,food_drink,False,none,none,none,daytime,5.0,False,none,close_up_detail,food_dining,
18026495003446907,True,garden_outdoor_space,True,guest_lifestyle,none,city_view,night,4.0,True,season_event_announcement,wide_establishing,season_event,
18057703883213431,True,activity,False,none,none,ocean_view,night,5.0,False,none,wide_establishing,view_scenery,
18036152519300360,True,food_drink,False,none,none,none,daytime,4.0,False,none,styled_editorial,food_dining,
18028311554099776,True,lobby_lounge,True,guest_lifestyle,none,garden_view,daytime,4.0,False,none,styled_editorial,experience_activity,
17923361484303088,True,food_drink,False,none,none,no_view,daytime,4.0,True,facility_name_logo,styled_editorial,food_dining,
17867427405016066,True,other,False,none,none,none,daytime,4.0,True,season_event_announcement,styled_editorial,season_event,
18067552751006892,True,food_drink,True,hand_detail,none,garden_view,daytime,4.0,False,none,styled_editorial,food_dining,
17993997446789477,True,food_drink,False,none,none,no_view,daytime,4.0,False,none,styled_editorial,food_dining,
18059641706314212,True,exterior_entrance,False,none,none,none,daytime,4.0,True,facility_name_logo,documentary_photo,brand_worldview,
17904485061402535,True,garden_outdoor_space,False,none,none,none,daytime,3.0,False,none,close_up_detail,brand_worldview,
18046531654608119,True,food_drink,True,hand_detail,none,partial_view,daytime,4.0,False,none,close_up_detail,food_dining,
17983571120665036,True,restaurant_bar,False,none,none,city_view,daytime,4.0,True,season_event_announcement,styled_editorial,food_dining,
18018398807148641,True,garden_outdoor_space,False,none,none,ocean_view,daytime,3.0,False,none,wide_establishing,experience_activity,
18035211515409044,True,room,False,none,suite_highend,ocean_view,daytime,5.0,False,none,styled_editorial,room_showcase,
18038466793641847,True,food_drink,False,none,none,none,daytime,4.0,True,facility_name_logo,close_up_detail,food_dining,
18116185180671429,True,food_drink,False,none,none,no_view,daytime,5.0,False,none,close_up_detail,food_dining,
18042393227649175,True,room,False,none,villa_private,garden_view,daytime,5.0,False,none,styled_editorial,room_showcase,
18095290811270546,True,restaurant_bar,False,none,none,no_view,daytime,4.0,True,season_event_announcement,documentary_photo,season_event,
17876654235440716,True,lobby_lounge,False,none,none,garden_view,daytime,4.0,False,none,styled_editorial,brand_worldview,
17922791940279046,True,activity,False,none,none,ocean_view,night,4.0,False,none,wide_establishing,season_event,
18496639303031588,True,room,False,none,suite_highend,ocean_view,daytime,4.0,False,none,styled_editorial,room_showcase,
18067011089198754,True,activity,True,silhouette_distant,none,other,daytime,3.0,True,feature_description,documentary_photo,experience_activity,
18045495076592014,True,room,True,guest_lifestyle,suite_highend,city_view,daytime,4.0,False,none,styled_editorial,room_showcase,
18342170146081511,True,food_drink,False,none,none,no_view,daytime,4.0,False,none,close_up_detail,food_dining,
18044341922520459,True,lobby_lounge,False,none,none,city_view,daytime,4.0,True,season_event_announcement,documentary_photo,brand_worldview,
17909220926958599,True,food_drink,False,none,none,no_view,unknown,5.0,False,none,styled_editorial,food_dining,
18286718401204867,True,garden_outdoor_space,True,guest_lifestyle,none,garden_view,daytime,4.0,False,none,styled_editorial,experience_activity,
17903266640933141,True,food_drink,False,none,none,no_view,daytime,4.0,True,facility_name_logo,close_up_detail,food_dining,
18057901535123033,True,lobby_lounge,True,guest_lifestyle,none,city_view,daytime,4.0,False,none,styled_editorial,brand_worldview,
18038389687708376,True,exterior_entrance,False,none,none,garden_view,daytime,4.0,False,none,wide_establishing,season_event,
18032350366813184,True,pool_spa,False,none,none,ocean_view,golden_hour_sunset,4.0,True,facility_name_logo,wide_establishing,experience_activity,
17874383328306136,True,room,True,hand_detail,traditional_japanese,no_view,daytime,4.0,False,none,close_up_detail,room_showcase,
18170541085342088,True,food_drink,False,none,none,none,unknown,4.0,True,season_event_announcement,close_up_detail,food_dining,
18069952330924022,True,room,False,none,suite_highend,city_view,daytime,5.0,True,feature_description,styled_editorial,room_showcase,
17989615280446665,True,food_drink,False,none,none,no_view,daytime,4.0,False,none,close_up_detail,food_dining,
18089737621987966,True,food_drink,True,hand_detail,none,none,unknown,3.0,False,none,close_up_detail,food_dining,
18429731665047063,True,room,False,none,traditional_japanese,garden_view,daytime,4.0,False,none,styled_editorial,room_showcase,
18081636176604530,True,restaurant_bar,False,none,none,partial_view,daytime,5.0,False,none,styled_editorial,brand_worldview,
17993845265679534,True,view_from_window,False,none,none,mountain_view,golden_hour_sunset,5.0,False,none,wide_establishing,view_scenery,
18001679075864477,True,restaurant_bar,True,staff,none,no_view,unknown,4.0,True,feature_description,styled_editorial,brand_worldview,
17895548241278853,True,restaurant_bar,False,none,none,garden_view,daytime,5.0,False,none,styled_editorial,food_dining,
18083944786636577,True,pool_spa,False,none,none,ocean_view,daytime,4.0,False,none,styled_editorial,experience_activity,
18000625244639920,True,restaurant_bar,True,guest_lifestyle,none,city_view,golden_hour_sunset,3.0,False,none,styled_editorial,food_dining,
18117060124633097,True,room,False,none,suite_highend,garden_view,daytime,5.0,False,none,styled_editorial,room_showcase,
18126244885582859,True,other,True,guest_lifestyle,none,garden_view,daytime,3.0,False,none,styled_editorial,view_scenery,
18345517213166163,True,food_drink,False,none,none,none,daytime,5.0,True,season_event_announcement,styled_editorial,season_event,
18228050092267416,True,pool_spa,False,none,none,no_view,night,5.0,False,none,close_up_detail,experience_activity,
18066781199449041,True,room,False,none,suite_highend,city_view,night,5.0,False,none,styled_editorial,room_showcase,
18089447626512031,True,activity,True,other,suite_highend,city_view,night,4.0,True,season_event_announcement,other,season_event,
17846165469680111,True,lobby_lounge,True,guest_lifestyle,none,partial_view,daytime,4.0,True,facility_name_logo,styled_editorial,brand_worldview,
18070258652276059,True,restaurant_bar,True,staff,none,garden_view,daytime,4.0,False,none,styled_editorial,food_dining,
17979725876526311,True,room,True,guest_lifestyle,standard,no_view,daytime,3.0,False,none,documentary_photo,experience_activity,
18382876780111321,True,restaurant_bar,True,hand_detail,none,garden_view,daytime,4.0,True,season_event_announcement,styled_editorial,season_event,
17911959419876854,True,room,False,none,glamping_unique,partial_view,daytime,3.0,True,facility_name_logo,styled_editorial,room_showcase,
18243479893302065,True,room,True,guest_lifestyle,standard,no_view,daytime,4.0,False,none,styled_editorial,room_showcase,
18108123061376504,True,activity,True,silhouette_distant,none,ocean_view,golden_hour_sunset,4.0,False,none,documentary_photo,experience_activity,
18218987035286339,True,lobby_lounge,True,guest_lifestyle,none,no_view,daytime,4.0,True,season_event_announcement,styled_editorial,season_event,
17856041064182298,True,room,False,none,traditional_japanese,mountain_view,daytime,5.0,False,none,styled_editorial,room_showcase,
17908918023010212,True,amenity_detail,False,none,none,no_view,unknown,4.0,False,none,styled_editorial,experience_activity,
18060728267273072,True,room,False,none,suite_highend,no_view,daytime,4.0,False,none,styled_editorial,room_showcase,
18205584160327571,True,view_from_window,False,none,none,city_view,daytime,4.0,False,none,drone_aerial,view_scenery,
17849205699444156,True,pool_spa,False,none,suite_highend,ocean_view,daytime,5.0,False,none,styled_editorial,room_showcase,
18027994432825363,True,pool_spa,True,family,none,ocean_view,daytime,4.0,False,none,wide_establishing,experience_activity,
18027051910965313,True,pool_spa,False,none,none,no_view,daytime,3.0,True,feature_description,close_up_detail,experience_activity,
18258175081235366,True,restaurant_bar,False,none,none,no_view,night,4.0,False,none,close_up_detail,food_dining,
18058450487174835,True,food_drink,False,none,none,no_view,daytime,4.0,True,feature_description,close_up_detail,food_dining,
17871299232316761,True,food_drink,False,none,none,none,daytime,4.0,False,none,close_up_detail,food_dining,
18044534794560346,True,food_drink,False,none,none,no_view,unknown,5.0,False,none,styled_editorial,food_dining,
18043030973175433,True,restaurant_bar,True,guest_lifestyle,none,mountain_view,daytime,4.0,False,none,styled_editorial,experience_activity,
18313227358189259,True,view_from_window,False,none,none,ocean_view,golden_hour_sunset,5.0,False,none,wide_establishing,view_scenery,
17842939398467560,True,restaurant_bar,False,none,none,no_view,daytime,4.0,False,none,close_up_detail,food_dining,
18134337013539785,True,food_drink,False,none,none,no_view,daytime,4.0,True,feature_description,close_up_detail,food_dining,
17972651603512621,True,room,True,guest_lifestyle,standard,city_view,daytime,3.0,False,none,styled_editorial,room_showcase,
18342226273107842,True,pool_spa,False,none,none,mountain_view,daytime,4.0,False,none,wide_establishing,experience_activity,
18017031164109927,True,restaurant_bar,True,guest_lifestyle,none,no_view,night,4.0,False,none,wide_establishing,food_dining,
18071612321065522,True,view_from_window,False,none,none,other,night,4.0,False,none,wide_establishing,view_scenery,
17991636218578531,True,room,False,none,none,partial_view,golden_hour_sunset,5.0,True,user_voice_review,documentary_photo,brand_worldview,
18410523196023278,True,garden_outdoor_space,False,none,none,garden_view,daytime,4.0,True,feature_description,documentary_photo,experience_activity,
17947347278983404,True,lobby_lounge,False,none,none,partial_view,daytime,4.0,False,none,styled_editorial,food_dining,
18025019156623974,True,room,False,none,standard,partial_view,daytime,4.0,False,none,styled_editorial,room_showcase,
18007718849206365,True,amenity_detail,False,none,none,no_view,daytime,4.0,True,facility_name_logo,flat_lay,brand_worldview,
18077268680560886,True,restaurant_bar,True,staff,none,no_view,unknown,4.0,True,facility_name_logo,styled_editorial,brand_worldview,
18066894376508187,True,pool_spa,False,none,none,ocean_view,daytime,5.0,False,none,styled_editorial,experience_activity,
18068449556511886,True,pool_spa,False,none,none,ocean_view,daytime,5.0,False,none,wide_establishing,view_scenery,
18307803319179065,True,garden_outdoor_space,False,none,none,garden_view,daytime,3.0,True,season_event_announcement,styled_editorial,season_event,
18036259583145304,True,lobby_lounge,False,none,none,no_view,daytime,5.0,False,none,wide_establishing,brand_worldview,
17911411346897278,True,activity,True,guest_lifestyle,none,none,daytime,4.0,False,none,styled_editorial,experience_activity,
18077839522462781,True,pool_spa,False,none,none,garden_view,daytime,4.0,False,none,styled_editorial,experience_activity,
18011536943741964,True,food_drink,False,none,none,none,unknown,5.0,True,feature_description,styled_editorial,food_dining,
17927097525086253,True,bathroom,False,none,traditional_japanese,garden_view,daytime,5.0,False,none,styled_editorial,room_showcase,
18088167740523441,True,food_drink,False,none,none,no_view,unknown,5.0,True,facility_name_logo,close_up_detail,food_dining,
17846892135126174,True,lobby_lounge,False,none,none,no_view,daytime,3.0,True,facility_name_logo,styled_editorial,brand_worldview,
18064444058136236,True,lobby_lounge,True,guest_lifestyle,none,city_view,daytime,3.0,False,none,documentary_photo,brand_worldview,
18063870407293944,True,garden_outdoor_space,False,none,none,garden_view,daytime,3.0,True,season_event_announcement,close_up_detail,season_event,
18014350145317877,True,restaurant_bar,True,guest_lifestyle,none,no_view,night,4.0,False,none,styled_editorial,food_dining,
18320498956090526,True,exterior_entrance,True,guest_lifestyle,traditional_japanese,mountain_view,night,4.0,False,none,styled_editorial,brand_worldview,
17846172747194087,True,amenity_detail,False,none,none,no_view,unknown,4.0,False,none,close_up_detail,brand_worldview,
17963438084697554,True,lobby_lounge,False,none,none,no_view,night,4.0,False,none,styled_editorial,season_event,
18062277311109149,True,room,False,none,traditional_japanese,ocean_view,daytime,5.0,False,none,styled_editorial,room_showcase,
18035059636879772,True,other,True,guest_lifestyle,none,partial_view,daytime,3.0,False,none,documentary_photo,experience_activity,
17939534330790896,True,pool_spa,False,none,none,no_view,night,4.0,True,other,wide_establishing,experience_activity,
18029775152229375,True,garden_outdoor_space,True,guest_lifestyle,none,garden_view,daytime,4.0,False,none,documentary_photo,experience_activity,
17861237646495546,True,pool_spa,False,none,villa_private,garden_view,daytime,4.0,False,none,styled_editorial,experience_activity,
18050391941469318,True,restaurant_bar,False,none,none,none,daytime,5.0,True,season_event_announcement,styled_editorial,food_dining,
18048658559087891,True,food_drink,False,none,none,no_view,daytime,4.0,False,none,close_up_detail,food_dining,
18050465008829020,True,view_from_window,True,guest_lifestyle,none,city_view,daytime,4.0,False,none,wide_establishing,experience_activity,
18300065554229641,True,food_drink,False,none,none,no_view,unknown,4.0,False,none,styled_editorial,food_dining,
17985485957973457,True,pool_spa,False,none,other,garden_view,golden_hour_sunset,4.0,True,feature_description,styled_editorial,experience_activity,
17999307674214726,True,room,False,none,standard,ocean_view,daytime,4.0,False,none,styled_editorial,room_showcase,
18146805901363937,True,room,False,none,suite_highend,no_view,daytime,4.0,False,none,styled_editorial,room_showcase,
18101110760304823,True,activity,False,none,none,garden_view,daytime,3.0,True,season_event_announcement,wide_establishing,season_event,
17956051157698633,True,room,False,none,suite_highend,garden_view,daytime,5.0,False,none,styled_editorial,room_showcase,
18051044723140635,True,restaurant_bar,False,none,none,garden_view,daytime,5.0,False,none,styled_editorial,food_dining,
18034062781750162,True,food_drink,False,none,none,no_view,unknown,5.0,False,none,flat_lay,food_dining,
18079700090574948,True,garden_outdoor_space,False,none,none,garden_view,daytime,4.0,True,feature_description,styled_editorial,brand_worldview,
17869051635297441,True,food_drink,False,none,none,none,unknown,5.0,False,none,flat_lay,food_dining,
17924952222267728,True,lobby_lounge,False,none,none,no_view,unknown,5.0,False,none,styled_editorial,brand_worldview,
18294345034089047,True,restaurant_bar,True,guest_lifestyle,none,garden_view,daytime,4.0,False,none,styled_editorial,food_dining,
18089780911402216,True,garden_outdoor_space,False,none,none,garden_view,daytime,4.0,False,none,documentary_photo,season_event,
18064115753345307,True,activity,True,staff,traditional_japanese,no_view,daytime,4.0,False,none,documentary_photo,experience_activity,
18072659842540448,True,exterior_entrance,True,guest_lifestyle,none,city_view,daytime,4.0,True,season_event_announcement,styled_editorial,brand_worldview,
18006333881157494,True,restaurant_bar,True,staff,none,no_view,night,4.0,False,none,styled_editorial,food_dining,
18284277259080705,True,garden_outdoor_space,True,guest_lifestyle,none,garden_view,daytime,4.0,False,none,styled_editorial,experience_activity,
17953693707128312,True,garden_outdoor_space,False,none,none,mountain_view,daytime,4.0,False,none,wide_establishing,view_scenery,
17989214609953265,True,room,False,none,standard,city_view,golden_hour_sunset,4.0,True,season_event_announcement,styled_editorial,season_event,
17868382533416700,True,garden_outdoor_space,True,guest_lifestyle,none,city_view,night,5.0,True,season_event_announcement,wide_establishing,season_event,
17899565085391060,True,exterior_entrance,False,none,none,none,daytime,5.0,False,none,documentary_photo,brand_worldview,
18057419378484311,True,exterior_entrance,False,none,none,garden_view,daytime,4.0,True,facility_name_logo,styled_editorial,brand_worldview,
18067097731844550,True,food_drink,False,none,none,no_view,daytime,4.0,False,none,close_up_detail,food_dining,
18020291228473698,True,restaurant_bar,True,guest_lifestyle,none,garden_view,daytime,3.0,False,none,documentary_photo,food_dining,
18029771429493833,True,exterior_entrance,False,none,none,garden_view,daytime,3.0,True,facility_name_logo,styled_editorial,brand_worldview,
17853663609149802,True,room,False,none,suite_highend,mountain_view,daytime,4.0,False,none,styled_editorial,room_showcase,
18440862874031879,True,room,True,guest_lifestyle,standard,city_view,daytime,4.0,False,none,styled_editorial,room_showcase,
17892614835147830,True,bathroom,False,none,suite_highend,garden_view,daytime,5.0,False,none,styled_editorial,room_showcase,
18100317616437544,True,other,False,none,none,none,unknown,4.0,True,season_event_announcement,styled_editorial,season_event,
17895629027992716,True,activity,True,family,none,garden_view,daytime,3.0,True,feature_description,styled_editorial,experience_activity,
18085910947415020,True,exterior_entrance,True,guest_lifestyle,none,city_view,daytime,4.0,True,feature_description,styled_editorial,experience_activity,
18010055774459920,True,garden_outdoor_space,False,none,glamping_unique,garden_view,daytime,4.0,True,feature_description,styled_editorial,experience_activity,
18151005706445730,True,room,True,guest_lifestyle,standard,city_view,daytime,3.0,False,none,styled_editorial,room_showcase,
18071159381346400,True,lobby_lounge,False,none,none,no_view,night,5.0,False,none,styled_editorial,season_event,
18331389676217945,True,garden_outdoor_space,False,none,none,garden_view,daytime,3.0,False,none,close_up_detail,view_scenery,
18436177696063787,True,food_drink,False,none,none,no_view,unknown,4.0,False,none,styled_editorial,food_dining,
18056347513605354,True,view_from_window,True,guest_lifestyle,none,city_view,daytime,4.0,False,none,styled_editorial,view_scenery,
18054626341845637,True,food_drink,False,none,none,no_view,daytime,5.0,True,facility_name_logo,styled_editorial,food_dining,
18215794222316912,True,other,True,hand_detail,standard,ocean_view,daytime,4.0,True,season_event_announcement,styled_editorial,season_event,
17854415700628286,True,garden_outdoor_space,False,none,none,city_view,daytime,5.0,True,ranking_award,wide_establishing,brand_worldview,
18301317382200195,True,other,False,none,none,none,unknown,3.0,True,season_event_announcement,other,season_event,
18038608594633858,True,food_drink,False,none,none,no_view,unknown,5.0,False,none,close_up_detail,food_dining,
17978757440644017,True,restaurant_bar,False,none,none,no_view,unknown,5.0,True,feature_description,documentary_photo,brand_worldview,
17968368473650033,True,activity,True,guest_lifestyle,none,mountain_view,daytime,4.0,True,feature_description,styled_editorial,experience_activity,
18070815481724252,True,restaurant_bar,True,guest_lifestyle,none,no_view,daytime,3.0,False,none,styled_editorial,food_dining,
17890755971917166,True,activity,True,guest_lifestyle,traditional_japanese,garden_view,daytime,4.0,False,none,styled_editorial,experience_activity,
17881670481068268,True,garden_outdoor_space,True,silhouette_distant,none,ocean_view,daytime,5.0,False,none,drone_aerial,brand_worldview,
18021894314084313,True,room,False,none,standard,garden_view,daytime,4.0,False,none,styled_editorial,room_showcase,
17899564515410289,True,food_drink,True,hand_detail,none,no_view,daytime,4.0,False,none,close_up_detail,food_dining,
18033976483791988,True,pool_spa,False,none,none,garden_view,daytime,4.0,True,feature_description,wide_establishing,experience_activity,
18066485716661875,True,room,False,none,standard,garden_view,daytime,4.0,False,none,styled_editorial,room_showcase,
18412988074017542,True,room,False,none,suite_highend,ocean_view,daytime,4.0,False,none,styled_editorial,room_showcase,
18118196389596065,True,food_drink,True,hand_detail,none,no_view,daytime,3.0,True,feature_description,close_up_detail,food_dining,
18031491419282200,True,room,False,none,suite_highend,no_view,daytime,5.0,False,none,styled_editorial,room_showcase,
17998088474306729,True,pool_spa,True,guest_lifestyle,none,garden_view,daytime,5.0,False,none,drone_aerial,experience_activity,
18057788275892640,True,food_drink,False,none,none,none,unknown,5.0,False,none,styled_editorial,food_dining,
18066624085573402,True,room,True,guest_lifestyle,standard,no_view,unknown,4.0,True,feature_description,styled_editorial,room_showcase,
18495894220003847,True,restaurant_bar,True,guest_lifestyle,none,ocean_view,daytime,4.0,False,none,wide_establishing,view_scenery,
17934707090964383,True,lobby_lounge,False,none,none,no_view,daytime,4.0,True,facility_name_logo,close_up_detail,brand_worldview,
17879855066963378,True,garden_outdoor_space,False,none,none,garden_view,daytime,5.0,False,none,wide_establishing,view_scenery,
18030805480797795,True,room,False,none,suite_highend,ocean_view,golden_hour_sunset,5.0,True,price_plan_info,styled_editorial,room_showcase,
18105142984491360,True,food_drink,False,none,none,no_view,daytime,5.0,True,feature_description,styled_editorial,food_dining,
18111055921494972,True,restaurant_bar,False,none,none,city_view,daytime,5.0,False,none,styled_editorial,food_dining,
18012834017268284,True,room,True,guest_lifestyle,traditional_japanese,garden_view,daytime,4.0,False,none,styled_editorial,experience_activity,
18151737151364249,True,room,True,guest_lifestyle,standard,city_view,daytime,4.0,False,none,styled_editorial,room_showcase,
17909806220892686,True,room,True,guest_lifestyle,standard,no_view,daytime,4.0,False,none,styled_editorial,room_showcase,
18088634443944242,True,food_drink,False,none,none,none,daytime,4.0,False,none,styled_editorial,food_dining,
18063972712446711,True,exterior_entrance,True,silhouette_distant,none,city_view,daytime,4.0,True,season_event_announcement,wide_establishing,brand_worldview,
17955964283746066,True,activity,True,guest_lifestyle,none,other,daytime,3.0,False,none,styled_editorial,experience_activity,
17872924440583376,True,food_drink,False,none,none,no_view,daytime,4.0,True,season_event_announcement,styled_editorial,food_dining,
18071721376587043,True,room,False,none,standard,mountain_view,daytime,4.0,True,season_event_announcement,styled_editorial,season_event,
17936260475734273,True,pool_spa,True,guest_lifestyle,none,other,daytime,3.0,True,feature_description,documentary_photo,brand_worldview,
17870761773050169,True,pool_spa,False,none,none,partial_view,golden_hour_sunset,4.0,False,none,styled_editorial,brand_worldview,
18308797099216054,True,activity,True,couple,none,none,daytime,3.0,True,feature_description,styled_editorial,experience_activity,
18039841013162111,True,food_drink,False,none,none,none,daytime,4.0,True,season_event_announcement,styled_editorial,season_event,
18322969600189352,True,room,True,couple,suite_highend,city_view,daytime,4.0,False,none,styled_editorial,room_showcase,
17945977335153078,True,room,False,none,standard,ocean_view,daytime,4.0,True,price_plan_info,styled_editorial,price_plan_announcement,
17904526853989529,True,garden_outdoor_space,True,other,none,garden_view,daytime,2.0,True,feature_description,documentary_photo,experience_activity,
18026706641591238,True,activity,True,silhouette_distant,none,mountain_view,daytime,4.0,True,feature_description,wide_establishing,experience_activity,
17891335419330880,True,room,False,none,standard,no_view,night,3.0,False,none,styled_editorial,room_showcase,
17966835710790327,True,pool_spa,False,none,none,garden_view,daytime,4.0,False,none,wide_establishing,experience_activity,
18101475298728345,True,garden_outdoor_space,False,none,none,garden_view,daytime,4.0,False,none,wide_establishing,view_scenery,
18365419366146253,True,activity,True,silhouette_distant,none,ocean_view,golden_hour_sunset,4.0,False,none,wide_establishing,experience_activity,
18074447891252714,True,lobby_lounge,False,none,none,no_view,unknown,5.0,False,none,styled_editorial,brand_worldview,
17905112270859001,True,bathroom,True,hand_detail,villa_private,no_view,daytime,4.0,True,feature_description,styled_editorial,experience_activity,
17980650383750531,True,other,False,none,none,ocean_view,night,4.0,False,none,wide_establishing,view_scenery,
17902487433090244,True,food_drink,False,none,none,no_view,unknown,5.0,True,other,styled_editorial,food_dining,
17873120199468272,True,food_drink,True,guest_lifestyle,none,garden_view,daytime,4.0,False,none,close_up_detail,food_dining,
17904681291244850,True,room,False,none,standard,no_view,daytime,3.0,True,feature_description,styled_editorial,brand_worldview,
18055422623190853,True,room,False,none,villa_private,ocean_view,daytime,5.0,False,none,wide_establishing,room_showcase,
18072663997639389,True,food_drink,True,hand_detail,none,none,daytime,3.0,True,feature_description,close_up_detail,food_dining,
18072938749696454,True,garden_outdoor_space,True,silhouette_distant,none,city_view,daytime,4.0,True,facility_name_logo,wide_establishing,brand_worldview,
18050526742664706,True,food_drink,False,none,none,no_view,daytime,4.0,False,none,styled_editorial,food_dining,
17876338044023470,True,room,False,none,traditional_japanese,no_view,night,4.0,False,none,styled_editorial,room_showcase,
18071187194663914,True,food_drink,False,none,none,none,daytime,5.0,False,none,styled_editorial,food_dining,
18039065852380653,True,food_drink,True,guest_lifestyle,none,no_view,daytime,4.0,False,none,styled_editorial,food_dining,
17947620971805666,True,food_drink,False,none,none,none,daytime,4.0,True,facility_name_logo,styled_editorial,food_dining,
18039771043789580,True,garden_outdoor_space,False,none,none,garden_view,daytime,3.0,False,none,close_up_detail,view_scenery,
18402324895134199,True,lobby_lounge,False,none,none,no_view,unknown,4.0,False,none,styled_editorial,food_dining,
18252656008209916,True,restaurant_bar,False,none,none,city_view,daytime,4.0,True,facility_name_logo,styled_editorial,brand_worldview,
18132102442329887,True,lobby_lounge,False,none,none,garden_view,daytime,5.0,False,none,styled_editorial,brand_worldview,
18399142090199616,True,food_drink,False,none,none,no_view,daytime,5.0,True,facility_name_logo,styled_editorial,food_dining,
17872082667204049,True,restaurant_bar,True,guest_lifestyle,none,no_view,night,4.0,False,none,styled_editorial,food_dining,
18316735741259991,True,room,False,none,other,no_view,unknown,3.0,True,other,close_up_detail,experience_activity,
18001346612202556,True,room,False,none,suite_highend,no_view,unknown,4.0,True,feature_description,styled_editorial,room_showcase,
18033995215702994,True,pool_spa,False,none,none,mountain_view,daytime,4.0,False,none,documentary_photo,experience_activity,
18348025927208742,True,food_drink,False,none,none,none,unknown,3.0,False,none,close_up_detail,food_dining,
17891576766147235,True,room,False,none,standard,garden_view,daytime,4.0,False,none,documentary_photo,room_showcase,
18040637251766616,True,room,False,none,glamping_unique,no_view,night,4.0,False,none,styled_editorial,experience_activity,
18272048041251395,True,garden_outdoor_space,True,guest_lifestyle,none,city_view,daytime,4.0,True,season_event_announcement,wide_establishing,experience_activity,
17849600469397922,True,room,False,none,suite_highend,ocean_view,daytime,5.0,False,none,styled_editorial,room_showcase,
17952116723907661,True,garden_outdoor_space,True,guest_lifestyle,none,garden_view,daytime,4.0,False,none,wide_establishing,brand_worldview,
17853182715112529,True,food_drink,False,none,glamping_unique,partial_view,daytime,3.0,True,feature_description,close_up_detail,food_dining,
17894978400225914,True,pool_spa,False,none,traditional_japanese,mountain_view,daytime,5.0,False,none,styled_editorial,view_scenery,
18063048928842882,True,restaurant_bar,False,none,none,ocean_view,night,5.0,False,none,styled_editorial,food_dining,
18101424835345457,True,activity,True,guest_lifestyle,none,ocean_view,golden_hour_sunset,4.0,False,none,styled_editorial,experience_activity,
18304533379149333,True,pool_spa,False,none,none,garden_view,daytime,4.0,False,none,styled_editorial,experience_activity,
17872957299058029,True,room,True,guest_lifestyle,standard,city_view,daytime,4.0,False,none,styled_editorial,room_showcase,
18325541206300401,True,exterior_entrance,True,couple,none,city_view,night,4.0,True,season_event_announcement,styled_editorial,brand_worldview,
18058370674857704,True,room,False,none,suite_highend,mountain_view,daytime,4.0,False,none,styled_editorial,room_showcase,
18413140570180454,True,restaurant_bar,False,none,none,no_view,night,5.0,True,facility_name_logo,close_up_detail,food_dining,
18118717150399994,True,pool_spa,False,none,none,garden_view,daytime,4.0,True,season_event_announcement,wide_establishing,season_event,
18421090036013436,True,activity,True,staff,none,none,daytime,3.0,True,feature_description,styled_editorial,experience_activity,
17978664758843860,True,food_drink,False,none,none,none,daytime,4.0,False,none,styled_editorial,food_dining,
18051391439039661,True,food_drink,False,none,none,no_view,unknown,5.0,False,none,styled_editorial,food_dining,
18181211866331374,True,exterior_entrance,True,staff,none,no_view,night,5.0,False,facility_name_logo,styled_editorial,brand_worldview,
17854082007483981,True,bathroom,False,none,suite_highend,ocean_view,daytime,5.0,False,none,styled_editorial,room_showcase,
18011552969437577,True,food_drink,False,none,none,no_view,daytime,4.0,False,none,styled_editorial,food_dining,
18244421842284943,True,view_from_window,False,none,none,ocean_view,daytime,3.0,False,none,styled_editorial,view_scenery,
18071196818136660,True,room,False,none,standard,no_view,daytime,4.0,False,none,wide_establishing,room_showcase,
18085983245050170,True,lobby_lounge,False,none,none,no_view,night,5.0,True,season_event_announcement,styled_editorial,season_event,
18451037071019996,True,garden_outdoor_space,True,guest_lifestyle,none,city_view,daytime,3.0,True,other,documentary_photo,experience_activity,
18033848761884230,True,lobby_lounge,False,none,none,garden_view,daytime,4.0,True,feature_description,styled_editorial,brand_worldview,
18067437157537266,True,restaurant_bar,True,staff,none,no_view,unknown,4.0,True,other,styled_editorial,season_event,
18125928340514718,True,activity,False,none,none,partial_view,daytime,3.0,True,feature_description,styled_editorial,experience_activity,
17885688423496937,True,food_drink,False,none,none,no_view,daytime,3.0,False,none,styled_editorial,food_dining,
18041919289634549,True,food_drink,False,none,none,no_view,unknown,4.0,False,none,close_up_detail,food_dining,
18393631675078940,True,food_drink,True,guest_lifestyle,traditional_japanese,no_view,daytime,4.0,False,none,styled_editorial,food_dining,
18089279732259909,True,food_drink,False,none,none,no_view,daytime,5.0,False,none,styled_editorial,food_dining,
17967556358739398,True,exterior_entrance,False,none,none,garden_view,golden_hour_sunset,4.0,False,none,wide_establishing,brand_worldview,
18263496307224604,True,food_drink,False,none,none,partial_view,daytime,4.0,False,none,styled_editorial,food_dining,
17992456025947940,True,room,True,guest_lifestyle,standard,ocean_view,daytime,4.0,False,none,styled_editorial,room_showcase,
18075678365001099,True,exterior_entrance,False,none,none,no_view,night,4.0,True,season_event_announcement,documentary_photo,season_event,
18136977193344926,True,food_drink,False,none,none,city_view,daytime,4.0,False,none,styled_editorial,food_dining,
17968342025734835,True,food_drink,False,none,none,no_view,unknown,4.0,True,facility_name_logo,close_up_detail,food_dining,
17863156023034816,True,exterior_entrance,True,guest_lifestyle,none,ocean_view,daytime,4.0,False,none,drone_aerial,view_scenery,
17872052106476718,True,garden_outdoor_space,True,guest_lifestyle,none,garden_view,daytime,4.0,True,season_event_announcement,styled_editorial,experience_activity,
17936330294924061,True,activity,False,none,none,mountain_view,daytime,3.0,True,season_event_announcement,documentary_photo,season_event,
17861441136050209,True,lobby_lounge,False,none,none,city_view,daytime,4.0,False,none,styled_editorial,brand_worldview,
18036994438708412,True,lobby_lounge,True,hand_detail,suite_highend,no_view,daytime,4.0,False,none,close_up_detail,brand_worldview,
18066715012448234,True,other,False,none,none,none,daytime,4.0,False,none,styled_editorial,season_event,
18023642395879395,True,activity,True,guest_lifestyle,none,other,daytime,3.0,True,feature_description,styled_editorial,experience_activity,
18045061139240897,True,food_drink,False,none,none,none,daytime,4.0,False,none,close_up_detail,food_dining,
17903735639977646,True,food_drink,False,none,none,none,unknown,3.0,True,season_event_announcement,other,season_event,
18121410613717307,True,garden_outdoor_space,True,silhouette_distant,none,garden_view,daytime,4.0,True,season_event_announcement,styled_editorial,season_event,
18032724341095836,True,restaurant_bar,True,guest_lifestyle,none,city_view,daytime,4.0,False,none,styled_editorial,food_dining,
18011252927407187,True,room,True,guest_lifestyle,other,no_view,night,4.0,False,none,styled_editorial,room_showcase,
17914728215973413,True,restaurant_bar,True,hand_detail,none,city_view,daytime,4.0,False,none,close_up_detail,food_dining,
17988409913371277,True,food_drink,True,hand_detail,none,no_view,daytime,2.0,True,facility_name_logo,close_up_detail,food_dining,
18102471946371276,True,room,False,none,standard,no_view,daytime,4.0,False,none,styled_editorial,room_showcase,
18005867774270093,True,pool_spa,False,none,none,no_view,unknown,3.0,True,feature_description,documentary_photo,experience_activity,
17896042307917349,True,garden_outdoor_space,True,guest_lifestyle,none,garden_view,daytime,4.0,False,none,styled_editorial,experience_activity,
18011675567176829,True,room,False,none,standard,no_view,daytime,4.0,False,none,styled_editorial,room_showcase,
18078255476118610,True,food_drink,False,none,none,none,unknown,4.0,False,none,close_up_detail,food_dining,
18024825023494583,True,exterior_entrance,True,staff,traditional_japanese,no_view,night,5.0,False,facility_name_logo,styled_editorial,brand_worldview,
18095307784959186,True,pool_spa,True,hand_detail,none,no_view,night,4.0,False,none,close_up_detail,experience_activity,
18027045610766832,True,amenity_detail,False,none,traditional_japanese,no_view,daytime,3.0,True,feature_description,flat_lay,experience_activity,
17992334732502809,True,other,True,staff,none,none,daytime,4.0,True,feature_description,documentary_photo,brand_worldview,
17987781893639556,True,room,False,none,standard,ocean_view,daytime,3.0,False,none,styled_editorial,room_showcase,
18073373344474752,True,room,False,none,traditional_japanese,city_view,daytime,5.0,False,none,styled_editorial,room_showcase,
18057110392662759,True,food_drink,False,none,none,no_view,unknown,5.0,False,none,styled_editorial,food_dining,
17875853475372994,True,pool_spa,False,none,none,none,daytime,4.0,False,none,wide_establishing,experience_activity,
18513005551069326,True,food_drink,False,none,none,no_view,unknown,4.0,False,none,styled_editorial,food_dining,
18101032129406647,True,other,True,guest_lifestyle,other,no_view,daytime,4.0,True,season_event_announcement,styled_editorial,season_event,
17872421016580688,True,room,False,none,traditional_japanese,garden_view,daytime,4.0,False,none,styled_editorial,room_showcase,
18251133994234523,True,amenity_detail,True,hand_detail,none,no_view,daytime,4.0,False,none,close_up_detail,brand_worldview,
17975488832620311,True,food_drink,False,none,none,no_view,daytime,4.0,False,none,styled_editorial,food_dining,
18042678685780556,True,room,False,none,standard,no_view,daytime,4.0,False,none,wide_establishing,room_showcase,
18044592077304086,True,lobby_lounge,True,guest_lifestyle,none,no_view,unknown,4.0,True,feature_description,wide_establishing,food_dining,
18023715676950936,True,food_drink,True,guest_lifestyle,none,no_view,unknown,5.0,False,none,styled_editorial,food_dining,
17932502786800155,True,garden_outdoor_space,False,none,none,city_view,night,4.0,False,none,wide_establishing,view_scenery,
18101145284505320,True,garden_outdoor_space,False,none,none,garden_view,daytime,5.0,False,none,documentary_photo,view_scenery,
17985272648704132,True,food_drink,False,none,none,none,unknown,5.0,True,season_event_announcement,styled_editorial,season_event,
18095856571908788,True,room,False,none,standard,no_view,daytime,3.0,False,none,documentary_photo,room_showcase,
17959584197849411,True,room,True,hand_detail,standard,no_view,daytime,4.0,True,facility_name_logo,styled_editorial,room_showcase,
18132656824530850,True,garden_outdoor_space,False,none,none,garden_view,golden_hour_sunset,3.0,False,none,close_up_detail,view_scenery,
18169640467395394,True,food_drink,False,none,none,none,daytime,5.0,True,facility_name_logo,close_up_detail,food_dining,
18054403388209913,True,lobby_lounge,False,none,none,city_view,daytime,4.0,False,none,styled_editorial,food_dining,
17903545689244804,True,view_from_window,False,none,none,ocean_view,daytime,4.0,False,none,wide_establishing,view_scenery,
18065610802446742,True,room,False,none,suite_highend,ocean_view,daytime,5.0,False,none,styled_editorial,room_showcase,
18011652476416665,True,restaurant_bar,False,none,none,no_view,night,4.0,False,none,styled_editorial,food_dining,
18012872591021446,True,other,False,none,none,none,daytime,3.0,True,ranking_award,close_up_detail,other,
18198752188308466,True,food_drink,False,none,none,no_view,daytime,4.0,True,feature_description,close_up_detail,food_dining,
18016483295022875,True,pool_spa,False,none,none,mountain_view,daytime,5.0,False,none,styled_editorial,experience_activity,
18106220381510159,True,food_drink,False,none,none,no_view,daytime,4.0,False,none,styled_editorial,food_dining,
18032143142596512,True,room,False,none,standard,no_view,daytime,3.0,False,none,styled_editorial,room_showcase,
17984746682851692,True,room,False,none,suite_highend,no_view,daytime,4.0,False,none,styled_editorial,room_showcase,
17966648262058197,True,garden_outdoor_space,False,none,none,mountain_view,daytime,4.0,True,feature_description,wide_establishing,view_scenery,
17922571434326688,True,food_drink,False,none,none,none,daytime,4.0,True,season_event_announcement,styled_editorial,season_event,
18146273893312416,True,garden_outdoor_space,True,guest_lifestyle,none,city_view,daytime,3.0,False,none,styled_editorial,experience_activity,
17917409910082116,True,food_drink,False,none,none,none,daytime,5.0,False,none,styled_editorial,food_dining,
18005773460889041,True,food_drink,False,none,none,none,daytime,4.0,False,none,styled_editorial,food_dining,
18464073814096433,True,lobby_lounge,False,none,none,garden_view,daytime,5.0,False,none,styled_editorial,brand_worldview,
18315557950280321,True,view_from_window,False,none,none,mountain_view,daytime,3.0,False,none,wide_establishing,view_scenery,
17897575475932055,True,lobby_lounge,False,none,none,partial_view,daytime,4.0,True,facility_name_logo,documentary_photo,brand_worldview,
17920801917280468,True,restaurant_bar,True,couple,none,city_view,night,5.0,True,season_event_announcement,styled_editorial,season_event,
18012608326973173,True,food_drink,False,none,none,none,daytime,4.0,False,none,styled_editorial,food_dining,
18045153349619043,True,restaurant_bar,False,none,none,no_view,daytime,5.0,False,none,styled_editorial,food_dining,
18084718246862389,True,other,True,silhouette_distant,none,no_view,night,4.0,True,season_event_announcement,wide_establishing,season_event,
17990034689358173,True,other,False,none,none,none,unknown,3.0,True,season_event_announcement,close_up_detail,season_event,
17920651539331289,True,restaurant_bar,False,none,none,none,daytime,5.0,False,none,styled_editorial,food_dining,
17860866402519478,True,pool_spa,False,none,none,ocean_view,daytime,5.0,False,none,styled_editorial,view_scenery,
18250625113273401,True,restaurant_bar,True,staff,none,none,unknown,5.0,False,none,styled_editorial,food_dining,
18114378013517965,True,view_from_window,False,none,none,other,golden_hour_sunset,4.0,False,none,styled_editorial,view_scenery,
18063524281716593,True,exterior_entrance,True,guest_lifestyle,none,no_view,night,5.0,True,facility_name_logo,documentary_photo,brand_worldview,
17960875665031122,True,food_drink,False,none,none,none,daytime,5.0,True,feature_description,close_up_detail,food_dining,
17950870118689061,True,restaurant_bar,False,none,traditional_japanese,garden_view,daytime,4.0,False,none,wide_establishing,food_dining,
18069823676175330,True,room,False,none,suite_highend,none,night,4.0,False,none,close_up_detail,room_showcase,
18041609291784989,True,restaurant_bar,True,guest_lifestyle,none,partial_view,night,4.0,True,feature_description,styled_editorial,food_dining,
18033692338721290,True,food_drink,False,none,none,none,daytime,5.0,False,none,styled_editorial,food_dining,
18031332961836262,True,pool_spa,False,none,none,no_view,unknown,3.0,True,feature_description,documentary_photo,experience_activity,
17929946063908376,True,food_drink,False,none,none,no_view,unknown,4.0,True,facility_name_logo,styled_editorial,food_dining,
17901021915425056,True,activity,False,none,none,ocean_view,daytime,4.0,False,none,wide_establishing,view_scenery,
17862626070329433,True,food_drink,False,none,none,no_view,daytime,5.0,False,none,styled_editorial,food_dining,
18035305948935377,True,room,False,none,suite_highend,no_view,daytime,5.0,False,none,wide_establishing,room_showcase,
18089273141243996,True,pool_spa,False,none,suite_highend,ocean_view,daytime,5.0,True,price_plan_info,styled_editorial,price_plan_announcement,
17863308342096893,True,room,True,guest_lifestyle,traditional_japanese,no_view,night,4.0,False,none,styled_editorial,room_showcase,
18061713496616820,True,lobby_lounge,True,staff,none,city_view,daytime,3.0,False,none,styled_editorial,brand_worldview,
18111363175828846,True,pool_spa,False,none,none,none,night,5.0,False,none,wide_establishing,experience_activity,
18348748246179690,True,lobby_lounge,False,none,none,partial_view,night,4.0,False,none,styled_editorial,season_event,
17978262068727964,True,food_drink,True,hand_detail,none,no_view,daytime,4.0,False,none,close_up_detail,food_dining,
17978002163680411,True,room,True,guest_lifestyle,standard,city_view,daytime,4.0,False,none,styled_editorial,room_showcase,
17976261305569851,True,exterior_entrance,False,none,none,garden_view,daytime,4.0,False,none,wide_establishing,brand_worldview,
18028358497753117,True,garden_outdoor_space,True,guest_lifestyle,none,garden_view,daytime,4.0,False,none,styled_editorial,experience_activity,
18004853702522343,True,exterior_entrance,False,none,none,garden_view,daytime,5.0,True,facility_name_logo,wide_establishing,season_event,
17897422179429254,True,restaurant_bar,False,none,none,mountain_view,night,5.0,False,none,styled_editorial,view_scenery,
17919111959817633,True,food_drink,True,hand_detail,none,none,daytime,4.0,False,none,close_up_detail,food_dining,
18026398748356885,True,garden_outdoor_space,False,none,none,garden_view,daytime,4.0,False,none,styled_editorial,view_scenery,
18046349756174746,True,garden_outdoor_space,False,none,none,garden_view,daytime,4.0,False,none,styled_editorial,view_scenery,
18024359759095796,True,activity,True,hand_detail,other,no_view,night,5.0,False,none,styled_editorial,experience_activity,
18105718930409597,True,garden_outdoor_space,True,silhouette_distant,none,ocean_view,night,5.0,True,facility_name_logo,wide_establishing,view_scenery,
18056676394559840,True,food_drink,False,none,none,no_view,daytime,5.0,False,none,styled_editorial,food_dining,
18077502629036902,True,garden_outdoor_space,True,hand_detail,none,garden_view,daytime,4.0,True,facility_name_logo,close_up_detail,brand_worldview,
18388826170095007,True,room,False,none,standard,no_view,daytime,4.0,True,feature_description,styled_editorial,brand_worldview,
17854445202096994,True,lobby_lounge,True,guest_lifestyle,none,city_view,golden_hour_sunset,4.0,False,none,styled_editorial,brand_worldview,
18312583810193288,True,pool_spa,False,none,none,no_view,unknown,3.0,True,feature_description,styled_editorial,experience_activity,
18049622171611003,True,food_drink,True,hand_detail,none,city_view,daytime,4.0,False,none,styled_editorial,food_dining,
18072784763380469,True,food_drink,False,none,none,none,night,5.0,False,none,styled_editorial,food_dining,
17984909921394763,True,food_drink,False,none,none,none,unknown,5.0,False,none,styled_editorial,food_dining,
18035571410695456,True,room,False,none,none,no_view,daytime,4.0,False,none,close_up_detail,room_showcase,
18079627534701944,True,restaurant_bar,True,staff,none,no_view,unknown,4.0,False,none,close_up_detail,food_dining,
18022594939949559,True,pool_spa,False,none,none,partial_view,daytime,3.0,True,feature_description,documentary_photo,experience_activity,
18092983088116852,True,pool_spa,False,none,none,garden_view,daytime,4.0,False,none,wide_establishing,experience_activity,
17898512001232203,True,lobby_lounge,True,guest_lifestyle,none,no_view,daytime,4.0,False,none,documentary_photo,brand_worldview,
18062989289316791,True,restaurant_bar,False,none,none,city_view,daytime,4.0,False,none,close_up_detail,food_dining,
18097373563823837,True,lobby_lounge,False,none,none,none,daytime,4.0,False,none,close_up_detail,season_event,
18427622032024121,True,food_drink,False,none,none,garden_view,daytime,4.0,False,none,styled_editorial,food_dining,
18062172101319617,True,restaurant_bar,False,none,none,city_view,golden_hour_sunset,4.0,True,season_event_announcement,styled_editorial,experience_activity,
17851969959530104,True,activity,False,none,none,mountain_view,daytime,5.0,True,feature_description,styled_editorial,experience_activity,
18052976392605819,True,other,False,none,none,no_view,night,3.0,True,season_event_announcement,close_up_detail,season_event,
18030901388047426,True,restaurant_bar,False,none,none,partial_view,daytime,4.0,False,none,styled_editorial,food_dining,
18131598160383333,True,restaurant_bar,True,couple,none,city_view,night,5.0,False,none,styled_editorial,food_dining,
17959074566803964,True,restaurant_bar,False,none,traditional_japanese,garden_view,daytime,5.0,True,facility_name_logo,wide_establishing,food_dining,
18070730375647538,True,lobby_lounge,False,none,none,none,night,3.0,False,none,close_up_detail,season_event,
18105015640370692,True,view_from_window,False,none,none,ocean_view,daytime,3.0,False,none,drone_aerial,view_scenery,
18091424231237136,True,food_drink,False,none,none,none,daytime,4.0,True,facility_name_logo,styled_editorial,food_dining,
18046309301000324,True,room,False,none,standard,ocean_view,daytime,4.0,True,season_event_announcement,styled_editorial,season_event,
18007054328263828,True,exterior_entrance,False,none,traditional_japanese,mountain_view,daytime,4.0,False,none,drone_aerial,brand_worldview,
18048844549796553,True,restaurant_bar,False,none,none,no_view,daytime,4.0,True,facility_name_logo,close_up_detail,food_dining,
18049077316965035,True,lobby_lounge,True,guest_lifestyle,none,no_view,daytime,5.0,False,none,styled_editorial,brand_worldview,
17852322834128503,True,food_drink,False,none,none,none,daytime,3.0,False,none,close_up_detail,food_dining,
17919202512317227,True,garden_outdoor_space,False,none,none,garden_view,daytime,4.0,False,none,styled_editorial,season_event,
18063883708507734,True,activity,True,hand_detail,none,none,daytime,3.0,False,none,close_up_detail,experience_activity,
18009909914093061,True,food_drink,False,none,none,no_view,daytime,4.0,False,none,styled_editorial,food_dining,
18052740818160322,True,view_from_window,False,none,none,mountain_view,daytime,3.0,True,season_event_announcement,wide_establishing,view_scenery,
18077844796431788,True,room,False,none,standard,city_view,night,3.0,False,none,styled_editorial,room_showcase,
17975382422531646,True,garden_outdoor_space,False,none,none,garden_view,daytime,4.0,False,none,close_up_detail,view_scenery,
18370987180131087,True,food_drink,True,hand_detail,none,no_view,daytime,3.0,True,facility_name_logo,close_up_detail,food_dining,
18164058850422938,True,activity,False,none,none,other,night,4.0,True,other,wide_establishing,experience_activity,
18065144540380921,True,garden_outdoor_space,False,none,none,garden_view,daytime,4.0,False,none,documentary_photo,brand_worldview,
18034551478944424,True,restaurant_bar,False,none,none,city_view,daytime,5.0,False,none,styled_editorial,food_dining,
17847493143696783,True,exterior_entrance,False,none,none,garden_view,daytime,5.0,False,none,wide_establishing,brand_worldview,
18074697977082752,True,restaurant_bar,False,none,none,garden_view,daytime,3.0,False,none,styled_editorial,food_dining,
17857156185257129,True,activity,True,guest_lifestyle,none,ocean_view,golden_hour_sunset,4.0,False,none,styled_editorial,experience_activity,
18246635170305193,True,restaurant_bar,False,none,none,no_view,night,5.0,False,none,styled_editorial,food_dining,
18091812697906361,True,food_drink,True,hand_detail,none,none,daytime,5.0,False,none,close_up_detail,food_dining,
17997511847760744,True,food_drink,False,none,none,none,daytime,5.0,True,facility_name_logo,close_up_detail,food_dining,
18090748669634754,True,food_drink,False,none,none,no_view,unknown,4.0,False,none,close_up_detail,food_dining,
18000062927445052,True,room,False,none,none,city_view,daytime,5.0,False,none,styled_editorial,food_dining,
17989264340562537,True,room,False,none,suite_highend,city_view,daytime,5.0,False,none,styled_editorial,room_showcase,
17872024344188818,True,room,False,none,standard,city_view,daytime,3.0,True,price_plan_info,styled_editorial,price_plan_announcement,
17999833586368406,True,activity,True,guest_lifestyle,none,mountain_view,daytime,3.0,True,feature_description,documentary_photo,experience_activity,
18075784484364043,True,exterior_entrance,False,none,none,none,daytime,3.0,True,season_event_announcement,documentary_photo,season_event,
18074383148242381,True,other,True,guest_lifestyle,none,no_view,daytime,2.0,True,price_plan_info,other,price_plan_announcement,
17887663695241868,True,room,False,none,standard,no_view,night,4.0,False,none,styled_editorial,room_showcase,
18254793811144614,True,food_drink,False,none,none,no_view,daytime,5.0,False,none,flat_lay,food_dining,
18220309327261056,True,room,False,none,standard,ocean_view,daytime,4.0,False,none,styled_editorial,room_showcase,
17866374036416490,True,food_drink,False,none,none,none,daytime,5.0,False,none,styled_editorial,food_dining,
18307246930179363,True,lobby_lounge,False,none,none,city_view,daytime,5.0,True,facility_name_logo,styled_editorial,food_dining,
17864475198672269,True,food_drink,False,none,none,garden_view,daytime,4.0,False,none,styled_editorial,food_dining,
17933915147800292,True,room,False,none,none,no_view,daytime,3.0,True,facility_name_logo,close_up_detail,room_showcase,
17860217211095239,True,room,True,guest_lifestyle,standard,city_view,daytime,3.0,False,none,styled_editorial,room_showcase,
18176043805394302,True,restaurant_bar,False,none,none,garden_view,golden_hour_sunset,5.0,False,none,styled_editorial,food_dining,
18013788491217364,True,amenity_detail,False,none,none,no_view,daytime,4.0,False,none,styled_editorial,brand_worldview,
17933063075747418,True,activity,True,guest_lifestyle,none,ocean_view,daytime,4.0,False,none,wide_establishing,experience_activity,
17997159644342364,True,room,False,none,suite_highend,partial_view,daytime,4.0,False,none,styled_editorial,room_showcase,
17974374833955453,True,food_drink,False,none,none,no_view,unknown,5.0,True,feature_description,styled_editorial,food_dining,
18024108604971191,True,bathroom,False,none,traditional_japanese,garden_view,daytime,4.0,False,none,styled_editorial,room_showcase,
18051467366020479,True,garden_outdoor_space,False,none,none,garden_view,daytime,5.0,False,none,wide_establishing,season_event,
18073472327322125,True,food_drink,False,none,none,no_view,daytime,4.0,False,none,flat_lay,food_dining,
18098167891463617,True,restaurant_bar,True,guest_lifestyle,none,partial_view,night,5.0,False,none,styled_editorial,food_dining,
18414698326107678,True,food_drink,False,none,none,none,daytime,3.0,True,price_plan_info,close_up_detail,food_dining,
18479218657009544,True,lobby_lounge,False,none,none,partial_view,daytime,5.0,False,none,styled_editorial,brand_worldview,
17928743310034059,True,other,False,none,none,other,daytime,5.0,False,none,documentary_photo,view_scenery,
18104695093633659,True,food_drink,True,hand_detail,none,no_view,daytime,4.0,False,none,close_up_detail,food_dining,
18026948426425597,True,food_drink,False,none,none,none,unknown,4.0,True,season_event_announcement,close_up_detail,season_event,
18438144475108213,True,lobby_lounge,False,none,other,garden_view,daytime,4.0,False,none,styled_editorial,brand_worldview,
18058311226538978,True,activity,False,none,none,none,daytime,3.0,True,season_event_announcement,styled_editorial,season_event,
17867692449252407,True,garden_outdoor_space,False,none,none,city_view,night,5.0,False,none,styled_editorial,brand_worldview,
18010761119385619,True,lobby_lounge,True,other,none,no_view,night,5.0,False,none,styled_editorial,season_event,
18016395449270089,True,pool_spa,False,none,traditional_japanese,garden_view,daytime,5.0,False,none,styled_editorial,experience_activity,
18340698721113758,True,room,False,none,traditional_japanese,mountain_view,daytime,5.0,False,none,styled_editorial,room_showcase,
17863848675257132,True,lobby_lounge,False,none,none,no_view,unknown,5.0,False,none,wide_establishing,brand_worldview,
18008780609424381,True,lobby_lounge,False,none,none,no_view,unknown,5.0,False,none,wide_establishing,season_event,
18325671931150346,True,view_from_window,False,none,none,city_view,golden_hour_sunset,4.0,True,other,wide_establishing,view_scenery,
18382926076072629,True,pool_spa,False,none,none,garden_view,daytime,4.0,False,none,styled_editorial,experience_activity,
18070800508490871,True,food_drink,False,none,none,none,unknown,3.0,True,season_event_announcement,close_up_detail,food_dining,
18550188688056520,True,other,True,silhouette_distant,none,ocean_view,daytime,4.0,False,none,wide_establishing,view_scenery,
18099070531384775,True,amenity_detail,False,none,none,no_view,daytime,4.0,True,facility_name_logo,close_up_detail,brand_worldview,
17926341804255997,True,room,False,none,traditional_japanese,other,daytime,4.0,False,none,styled_editorial,room_showcase,
18101851906792489,True,food_drink,False,none,none,none,unknown,5.0,False,none,flat_lay,food_dining,
18068059597892538,True,room,False,none,standard,no_view,daytime,4.0,False,none,close_up_detail,room_showcase,
18016917698658817,True,amenity_detail,False,none,none,no_view,daytime,4.0,True,facility_name_logo,close_up_detail,brand_worldview,
18060105692047657,True,restaurant_bar,True,staff,none,no_view,unknown,5.0,True,price_plan_info,styled_editorial,price_plan_announcement,
18057853507570654,True,food_drink,False,none,none,no_view,daytime,5.0,True,facility_name_logo,styled_editorial,food_dining,
18096906184561998,True,food_drink,False,none,none,no_view,unknown,4.0,False,none,styled_editorial,food_dining,
18065370340814785,True,pool_spa,False,none,none,garden_view,daytime,4.0,False,none,styled_editorial,experience_activity,
18170482789328147,True,room,True,couple,suite_highend,ocean_view,daytime,4.0,False,none,styled_editorial,room_showcase,
17971991219917696,True,other,False,none,none,ocean_view,night,4.0,False,none,styled_editorial,view_scenery,
18282976906266118,True,restaurant_bar,True,staff,none,no_view,daytime,5.0,False,none,styled_editorial,food_dining,
18039118922592577,True,restaurant_bar,False,none,none,no_view,night,5.0,False,none,styled_editorial,food_dining,
18038490053587841,True,other,True,guest_lifestyle,none,other,daytime,3.0,True,season_event_announcement,documentary_photo,season_event,
17893478981995415,True,activity,True,guest_lifestyle,none,ocean_view,daytime,4.0,False,none,styled_editorial,experience_activity,
18079715911394029,True,room,False,none,suite_highend,no_view,unknown,4.0,True,feature_description,wide_establishing,experience_activity,
17849693922151334,True,food_drink,False,none,glamping_unique,no_view,daytime,4.0,True,season_event_announcement,styled_editorial,experience_activity,
18190580758318900,True,lobby_lounge,True,guest_lifestyle,none,mountain_view,daytime,4.0,True,season_event_announcement,wide_establishing,season_event,
18048447644062861,True,activity,True,guest_lifestyle,none,mountain_view,daytime,3.0,True,feature_description,styled_editorial,experience_activity,
18158144113404808,True,lobby_lounge,False,none,none,city_view,night,5.0,False,none,styled_editorial,season_event,
18045159824365326,True,food_drink,False,none,none,no_view,daytime,4.0,False,none,styled_editorial,food_dining,
18058395896514027,True,room,False,none,traditional_japanese,ocean_view,daytime,4.0,False,none,wide_establishing,room_showcase,
17860758168566418,True,food_drink,False,none,none,no_view,daytime,3.0,True,feature_description,close_up_detail,food_dining,
17894638965444013,True,room,False,none,other,no_view,daytime,4.0,True,facility_name_logo,styled_editorial,experience_activity,
18026055431254886,True,food_drink,False,none,none,no_view,night,5.0,False,none,styled_editorial,food_dining,
18017844665632411,True,garden_outdoor_space,True,silhouette_distant,none,ocean_view,golden_hour_sunset,5.0,False,none,wide_establishing,view_scenery,
18073769131650896,True,food_drink,False,none,none,none,unknown,4.0,False,none,styled_editorial,food_dining,
18017476253162776,True,food_drink,False,none,none,none,daytime,3.0,False,none,close_up_detail,food_dining,
18058268494580150,True,view_from_window,False,none,none,ocean_view,daytime,5.0,False,none,wide_establishing,view_scenery,
17993496143669173,True,food_drink,False,none,none,partial_view,daytime,4.0,False,none,styled_editorial,food_dining,
18431001364137332,True,other,False,none,none,mountain_view,daytime,4.0,False,none,wide_establishing,view_scenery,
18388318498084210,True,food_drink,False,none,none,no_view,night,5.0,False,none,styled_editorial,food_dining,
18295450054087116,True,food_drink,False,none,none,no_view,daytime,4.0,False,none,styled_editorial,food_dining,
17998447544394742,True,lobby_lounge,True,guest_lifestyle,none,no_view,night,5.0,False,none,styled_editorial,experience_activity,
17890679361232882,True,restaurant_bar,True,couple,none,garden_view,daytime,4.0,False,none,styled_editorial,food_dining,
18110504534308005,True,food_drink,False,none,none,none,unknown,5.0,False,none,flat_lay,food_dining,
17994432314948770,True,food_drink,False,none,none,none,daytime,3.0,True,feature_description,close_up_detail,food_dining,
18036659828232681,True,food_drink,False,none,none,no_view,unknown,5.0,False,none,close_up_detail,food_dining,
18069732500090690,True,food_drink,True,hand_detail,none,no_view,daytime,4.0,False,none,close_up_detail,food_dining,
18027826963815065,True,exterior_entrance,False,none,none,garden_view,daytime,4.0,True,facility_name_logo,styled_editorial,brand_worldview,
18018326708212294,True,room,True,guest_lifestyle,suite_highend,no_view,daytime,5.0,True,feature_description,styled_editorial,room_showcase,
17857594866399074,True,food_drink,False,none,none,none,daytime,5.0,False,none,styled_editorial,food_dining,
18234491008252712,True,room,False,none,standard,ocean_view,daytime,4.0,False,none,styled_editorial,room_showcase,
17858606913129695,True,food_drink,False,none,none,none,unknown,3.0,False,none,close_up_detail,food_dining,
18099120196710106,True,food_drink,False,none,none,no_view,unknown,5.0,False,none,styled_editorial,food_dining,
17851138302544424,True,food_drink,False,none,none,no_view,daytime,5.0,False,none,styled_editorial,food_dining,
17889902709021938,True,activity,True,other,none,none,unknown,2.0,True,other,wide_establishing,experience_activity,
18072957937875595,True,food_drink,False,none,none,none,night,4.0,False,none,close_up_detail,food_dining,
18410337262018273,True,garden_outdoor_space,False,none,glamping_unique,garden_view,daytime,4.0,True,other,styled_editorial,season_event,
18088979737808394,True,room,False,none,villa_private,ocean_view,daytime,5.0,False,none,wide_establishing,room_showcase,
17895864936235470,True,lobby_lounge,True,silhouette_distant,none,city_view,daytime,4.0,False,none,styled_editorial,brand_worldview,
17963260469799748,True,garden_outdoor_space,False,none,none,garden_view,daytime,5.0,False,none,wide_establishing,brand_worldview,
17962402292853381,True,lobby_lounge,False,none,none,none,unknown,4.0,False,none,styled_editorial,brand_worldview,
17883166545486648,True,food_drink,False,none,none,none,daytime,4.0,False,none,styled_editorial,food_dining,
18054755153318976,True,room,True,guest_lifestyle,standard,city_view,daytime,4.0,False,none,styled_editorial,experience_activity,
18099758119821379,True,restaurant_bar,False,none,none,garden_view,daytime,4.0,False,none,styled_editorial,food_dining,
18057806122879982,True,room,True,guest_lifestyle,standard,city_view,daytime,4.0,True,feature_description,styled_editorial,room_showcase,
17997017831554460,True,amenity_detail,False,none,none,no_view,daytime,5.0,False,none,close_up_detail,brand_worldview,
17936103701796691,True,exterior_entrance,True,silhouette_distant,none,mountain_view,daytime,4.0,False,none,wide_establishing,brand_worldview,
17843055015624208,True,view_from_window,False,none,none,city_view,night,4.0,False,none,wide_establishing,view_scenery,
18113219992553368,True,view_from_window,False,none,suite_highend,city_view,daytime,4.0,False,none,styled_editorial,view_scenery,
18095756867132425,True,amenity_detail,False,none,none,none,unknown,4.0,True,season_event_announcement,styled_editorial,season_event,
17847996588494192,True,garden_outdoor_space,False,none,none,garden_view,daytime,4.0,False,none,styled_editorial,view_scenery,
17854941846687392,True,garden_outdoor_space,False,none,none,garden_view,daytime,4.0,False,none,close_up_detail,season_event,
18081523364414516,True,amenity_detail,False,none,none,no_view,unknown,3.0,True,feature_description,close_up_detail,room_showcase,
18006320939392060,True,activity,True,guest_lifestyle,none,city_view,golden_hour_sunset,4.0,False,none,wide_establishing,experience_activity,
18099238141812689,True,garden_outdoor_space,False,none,none,garden_view,night,4.0,False,none,styled_editorial,view_scenery,
17991788372882192,True,restaurant_bar,False,none,none,ocean_view,night,4.0,True,feature_description,styled_editorial,view_scenery,
17849861619416758,True,room,False,none,standard,city_view,daytime,5.0,False,none,wide_establishing,room_showcase,
17939724428784906,True,restaurant_bar,True,guest_lifestyle,none,city_view,daytime,4.0,False,none,styled_editorial,food_dining,
18125474749451228,True,room,False,none,standard,no_view,daytime,3.0,False,none,close_up_detail,room_showcase,
17994888263567695,True,activity,False,none,other,ocean_view,daytime,4.0,True,feature_description,styled_editorial,experience_activity,
18090158374425428,True,lobby_lounge,True,guest_lifestyle,none,no_view,unknown,5.0,False,none,styled_editorial,brand_worldview,
18478064665054921,True,lobby_lounge,False,none,none,no_view,unknown,4.0,False,none,styled_editorial,brand_worldview,
18274429501277841,True,activity,False,none,none,mountain_view,daytime,4.0,True,season_event_announcement,drone_aerial,season_event,
17951612882876436,True,exterior_entrance,False,none,none,garden_view,daytime,5.0,True,facility_name_logo,drone_aerial,brand_worldview,
17876256093038172,True,exterior_entrance,False,none,none,no_view,daytime,4.0,True,season_event_announcement,wide_establishing,brand_worldview,
17886824423979670,True,food_drink,False,none,none,none,unknown,4.0,False,none,close_up_detail,food_dining,
18088657664357448,True,pool_spa,False,none,none,partial_view,daytime,4.0,False,none,documentary_photo,experience_activity,
18123576358613463,True,food_drink,True,guest_lifestyle,none,no_view,daytime,4.0,True,season_event_announcement,styled_editorial,season_event,
18105335584901304,True,garden_outdoor_space,True,guest_lifestyle,none,garden_view,daytime,4.0,False,none,styled_editorial,view_scenery,
18334345795211198,True,room,False,none,suite_highend,no_view,night,4.0,False,none,styled_editorial,room_showcase,
18094514921328085,True,food_drink,False,none,none,no_view,daytime,5.0,False,none,close_up_detail,food_dining,
18314573374095708,True,food_drink,False,none,none,none,daytime,5.0,False,none,styled_editorial,food_dining,
17939750354728555,True,food_drink,False,none,none,none,daytime,4.0,True,feature_description,close_up_detail,food_dining,
18024833771371965,True,pool_spa,False,none,none,ocean_view,golden_hour_sunset,4.0,False,none,wide_establishing,view_scenery,
18433258075015129,True,exterior_entrance,False,none,none,no_view,daytime,4.0,True,facility_name_logo,wide_establishing,brand_worldview,
17851230003401701,True,food_drink,False,none,none,no_view,daytime,5.0,False,none,styled_editorial,food_dining,
18082635862711432,True,food_drink,True,hand_detail,none,none,daytime,3.0,False,none,close_up_detail,food_dining,
18049502894124277,True,food_drink,False,none,none,none,daytime,4.0,False,none,close_up_detail,food_dining,
18011492501194097,True,room,True,guest_lifestyle,standard,no_view,daytime,3.0,False,none,documentary_photo,room_showcase,
18092735404855470,True,food_drink,True,hand_detail,none,none,daytime,5.0,True,season_event_announcement,close_up_detail,season_event,
18056858119509832,True,restaurant_bar,False,none,none,no_view,unknown,4.0,True,facility_name_logo,styled_editorial,brand_worldview,
18165040348402678,True,activity,False,none,none,ocean_view,golden_hour_sunset,5.0,False,none,wide_establishing,experience_activity,
18263326129263847,True,other,False,none,none,mountain_view,daytime,3.0,True,other,close_up_detail,other,
18221432485315724,True,pool_spa,True,staff,none,no_view,night,5.0,True,facility_name_logo,styled_editorial,brand_worldview,
17883211784934956,True,exterior_entrance,False,none,none,city_view,daytime,3.0,True,season_event_announcement,documentary_photo,season_event,
18047962805296803,True,exterior_entrance,False,none,none,no_view,daytime,4.0,True,price_plan_info,wide_establishing,price_plan_announcement,
18116070097369075,True,food_drink,True,hand_detail,none,no_view,night,5.0,False,none,close_up_detail,food_dining,
18345233788120080,True,room,True,guest_lifestyle,standard,no_view,daytime,4.0,True,season_event_announcement,styled_editorial,season_event,
18070183826523670,True,food_drink,False,none,none,none,daytime,4.0,True,facility_name_logo,styled_editorial,food_dining,
17990261165781192,True,activity,True,staff,none,no_view,daytime,3.0,True,feature_description,documentary_photo,brand_worldview,
18070822156581728,True,restaurant_bar,False,none,none,ocean_view,daytime,4.0,True,season_event_announcement,styled_editorial,season_event,
18015315908193288,True,garden_outdoor_space,False,none,none,mountain_view,daytime,3.0,True,season_event_announcement,wide_establishing,season_event,
17867934975198127,True,exterior_entrance,False,none,none,mountain_view,daytime,4.0,True,season_event_announcement,wide_establishing,season_event,
18000570599373508,True,restaurant_bar,False,none,none,no_view,night,5.0,False,none,styled_editorial,food_dining,
18072836008482223,True,restaurant_bar,True,guest_lifestyle,none,garden_view,daytime,4.0,False,none,styled_editorial,food_dining,
18367953298204148,True,garden_outdoor_space,True,guest_lifestyle,none,ocean_view,daytime,4.0,False,none,styled_editorial,experience_activity,
18432810541055918,True,food_drink,False,none,none,garden_view,daytime,4.0,False,none,styled_editorial,food_dining,
18020242667317023,True,food_drink,False,none,none,mountain_view,daytime,3.0,False,none,close_up_detail,food_dining,
17969870402608315,True,garden_outdoor_space,False,none,none,garden_view,daytime,4.0,False,none,wide_establishing,view_scenery,
17899916571411099,True,food_drink,False,none,none,none,unknown,3.0,False,none,styled_editorial,food_dining,
18074269738911546,True,view_from_window,False,none,none,city_view,daytime,3.0,True,other,wide_establishing,view_scenery,
18021517397817336,True,food_drink,False,none,none,no_view,unknown,4.0,True,season_event_announcement,other,food_dining,
17916237824950882,True,lobby_lounge,False,none,none,no_view,unknown,5.0,False,none,styled_editorial,brand_worldview,
17989504073967679,True,food_drink,False,none,none,no_view,unknown,4.0,True,season_event_announcement,styled_editorial,food_dining,
18088479217984630,True,garden_outdoor_space,False,none,none,garden_view,daytime,4.0,False,none,documentary_photo,season_event,
18029488034280587,True,lobby_lounge,True,guest_lifestyle,none,no_view,daytime,4.0,False,none,styled_editorial,brand_worldview,
18051185984390335,True,food_drink,False,none,none,no_view,daytime,5.0,False,none,styled_editorial,food_dining,
18061253162465066,True,food_drink,False,none,none,none,daytime,4.0,False,none,close_up_detail,food_dining,
18005864129155444,True,room,False,none,traditional_japanese,garden_view,daytime,4.0,False,none,wide_establishing,room_showcase,
18461137165076708,True,lobby_lounge,True,silhouette_distant,traditional_japanese,mountain_view,daytime,5.0,False,none,styled_editorial,view_scenery,
17955408314944214,True,other,False,none,none,ocean_view,night,5.0,False,none,styled_editorial,view_scenery,
17849141463675547,True,view_from_window,True,silhouette_distant,none,ocean_view,golden_hour_sunset,4.0,False,none,wide_establishing,view_scenery,
18455986972006693,True,room,True,guest_lifestyle,traditional_japanese,garden_view,daytime,4.0,True,user_voice_review,styled_editorial,brand_worldview,
17938395282152406,True,room,False,none,standard,ocean_view,daytime,4.0,True,season_event_announcement,styled_editorial,price_plan_announcement,
18004885268580130,True,food_drink,False,none,none,none,daytime,4.0,False,none,styled_editorial,food_dining,
18063270865809549,True,lobby_lounge,False,none,none,none,daytime,4.0,True,season_event_announcement,close_up_detail,season_event,
18055885915851721,True,garden_outdoor_space,True,silhouette_distant,none,ocean_view,golden_hour_sunset,4.0,True,feature_description,styled_editorial,view_scenery,
18105695452798938,True,garden_outdoor_space,False,none,none,city_view,daytime,4.0,False,none,documentary_photo,view_scenery,
17886212520033713,True,room,True,guest_lifestyle,traditional_japanese,other,daytime,4.0,False,none,styled_editorial,brand_worldview,
18077682410476443,True,pool_spa,False,none,none,ocean_view,daytime,5.0,False,none,styled_editorial,view_scenery,
18360171247181668,True,food_drink,False,none,none,none,daytime,4.0,False,none,close_up_detail,food_dining,
18023801969428386,True,other,False,none,none,ocean_view,daytime,4.0,False,none,wide_establishing,view_scenery,
17888826036091415,True,other,True,guest_lifestyle,none,ocean_view,daytime,4.0,True,season_event_announcement,other,season_event,
18086419183543209,True,exterior_entrance,True,guest_lifestyle,none,city_view,daytime,3.0,True,season_event_announcement,wide_establishing,brand_worldview,
18570103213060228,True,food_drink,False,none,none,no_view,unknown,5.0,True,feature_description,styled_editorial,food_dining,
18056391347004493,True,activity,True,silhouette_distant,none,ocean_view,daytime,4.0,False,none,wide_establishing,experience_activity,
17862784443235338,True,room,False,none,standard,mountain_view,daytime,3.0,True,season_event_announcement,styled_editorial,season_event,
17857360668104023,True,food_drink,False,none,none,none,daytime,5.0,False,none,flat_lay,food_dining,
18131023840486401,True,view_from_window,False,none,suite_highend,ocean_view,daytime,5.0,False,none,styled_editorial,view_scenery,
18072266597611901,True,food_drink,False,none,none,none,unknown,4.0,False,none,styled_editorial,food_dining,
17843146608144011,True,food_drink,False,none,none,no_view,daytime,4.0,False,none,styled_editorial,food_dining,
18109381168663916,True,garden_outdoor_space,True,other,none,none,golden_hour_sunset,4.0,False,none,styled_editorial,experience_activity,
17908851806985469,True,room,True,guest_lifestyle,suite_highend,partial_view,daytime,5.0,True,feature_description,styled_editorial,room_showcase,
17993774825870919,True,other,True,hand_detail,standard,ocean_view,daytime,3.0,True,season_event_announcement,styled_editorial,season_event,
18042722764631102,True,room,False,none,glamping_unique,garden_view,daytime,4.0,False,none,styled_editorial,room_showcase,
18349076884097533,True,activity,False,none,none,other,daytime,3.0,True,feature_description,documentary_photo,experience_activity,
17892195270333536,True,food_drink,False,none,none,none,daytime,5.0,False,none,flat_lay,food_dining,
18038291668915051,True,restaurant_bar,True,staff,none,no_view,unknown,5.0,False,none,wide_establishing,food_dining,
18189875473368553,True,pool_spa,False,none,none,ocean_view,golden_hour_sunset,5.0,False,none,styled_editorial,view_scenery,
18073791290316551,True,view_from_window,False,none,none,mountain_view,daytime,4.0,True,season_event_announcement,wide_establishing,view_scenery,
18087785536674574,True,lobby_lounge,False,none,none,city_view,night,4.0,False,none,styled_editorial,brand_worldview,
18026556026371732,True,room,False,none,suite_highend,ocean_view,daytime,4.0,True,season_event_announcement,styled_editorial,season_event,
18389475910083997,True,garden_outdoor_space,False,none,none,garden_view,night,4.0,True,season_event_announcement,styled_editorial,season_event,
17884653210475842,True,lobby_lounge,False,none,none,no_view,night,5.0,True,feature_description,styled_editorial,brand_worldview,
18367855981207548,True,food_drink,True,hand_detail,none,no_view,daytime,3.0,False,none,close_up_detail,food_dining,
17875461984221702,True,activity,True,family,none,mountain_view,daytime,3.0,True,feature_description,documentary_photo,experience_activity,
17950855409647204,True,pool_spa,False,none,none,no_view,unknown,3.0,True,feature_description,styled_editorial,experience_activity,
18308794693133629,True,restaurant_bar,True,guest_lifestyle,none,no_view,unknown,3.0,True,other,documentary_photo,food_dining,
18108375202845617,True,room,False,none,suite_highend,garden_view,daytime,5.0,False,none,styled_editorial,room_showcase,
18305828212158793,True,garden_outdoor_space,False,none,traditional_japanese,mountain_view,daytime,4.0,False,none,wide_establishing,view_scenery,
18105353257719264,True,pool_spa,False,none,none,mountain_view,daytime,5.0,False,none,styled_editorial,experience_activity,
18099517210519692,True,lobby_lounge,True,guest_lifestyle,none,no_view,daytime,3.0,True,feature_description,styled_editorial,experience_activity,
18047563721700599,True,pool_spa,False,none,villa_private,garden_view,daytime,4.0,False,none,documentary_photo,experience_activity,
18024826360905606,True,restaurant_bar,True,guest_lifestyle,none,garden_view,daytime,4.0,False,none,styled_editorial,food_dining,
18042549563214671,True,room,True,guest_lifestyle,standard,no_view,daytime,3.0,False,none,styled_editorial,room_showcase,
18154884250420120,True,lobby_lounge,False,none,none,no_view,unknown,5.0,False,none,wide_establishing,brand_worldview,
18043951819730025,True,activity,True,guest_lifestyle,none,other,daytime,2.0,True,other,wide_establishing,experience_activity,
17916447195344027,True,garden_outdoor_space,True,silhouette_distant,none,ocean_view,daytime,5.0,False,none,wide_establishing,view_scenery,
18097642255730009,True,restaurant_bar,False,none,none,city_view,daytime,4.0,True,season_event_announcement,wide_establishing,experience_activity,
18021312677074715,True,other,False,none,none,none,unknown,1.0,True,other,other,other,
18036384476622088,True,room,False,none,traditional_japanese,ocean_view,daytime,4.0,True,feature_description,styled_editorial,room_showcase,
18078961645735674,True,food_drink,False,none,none,no_view,unknown,5.0,True,feature_description,close_up_detail,food_dining,
18110378716864723,True,food_drink,True,hand_detail,none,no_view,unknown,4.0,False,none,close_up_detail,food_dining,
18041062532597283,True,food_drink,False,none,none,no_view,daytime,4.0,False,none,close_up_detail,food_dining,
18168409870412861,True,other,True,other,none,none,daytime,3.0,True,season_event_announcement,styled_editorial,season_event,
17973387872933640,True,food_drink,False,none,none,no_view,daytime,5.0,False,none,styled_editorial,food_dining,
17949774054085697,True,food_drink,False,none,none,none,unknown,4.0,True,season_event_announcement,styled_editorial,season_event,
17915182847873478,True,food_drink,True,guest_lifestyle,none,no_view,daytime,3.0,True,feature_description,close_up_detail,food_dining,
17844863514370744,True,food_drink,False,none,none,no_view,daytime,5.0,False,none,styled_editorial,food_dining,
17993360264675812,True,food_drink,False,none,none,no_view,daytime,4.0,True,price_plan_info,close_up_detail,food_dining,
17867428641091277,True,exterior_entrance,True,silhouette_distant,none,ocean_view,daytime,3.0,False,none,drone_aerial,view_scenery,
17860691856130637,True,lobby_lounge,True,staff,none,no_view,night,4.0,False,none,styled_editorial,brand_worldview,
18002492135357775,True,pool_spa,False,none,none,no_view,unknown,3.0,True,feature_description,documentary_photo,experience_activity,
17903657373132069,True,food_drink,False,none,none,partial_view,daytime,4.0,False,none,close_up_detail,food_dining,
18044247664889920,True,lobby_lounge,True,guest_lifestyle,none,garden_view,daytime,4.0,False,none,styled_editorial,brand_worldview,
18021789134530189,True,food_drink,False,none,none,no_view,daytime,4.0,True,feature_description,styled_editorial,food_dining,
18063219250557282,True,garden_outdoor_space,False,none,none,garden_view,daytime,4.0,False,none,close_up_detail,view_scenery,
18082075244517161,True,food_drink,False,none,none,garden_view,daytime,5.0,False,none,styled_editorial,food_dining,
18033696938099296,True,garden_outdoor_space,True,guest_lifestyle,none,garden_view,daytime,3.0,False,none,styled_editorial,food_dining,
17934144123050413,True,garden_outdoor_space,False,none,none,garden_view,daytime,4.0,False,none,wide_establishing,season_event,
17878179333079450,True,garden_outdoor_space,False,none,villa_private,other,daytime,5.0,False,none,styled_editorial,view_scenery,
18056519126596448,True,room,True,family,other,no_view,daytime,3.0,True,feature_description,documentary_photo,room_showcase,
18065135545923348,True,room,False,none,standard,ocean_view,daytime,3.0,True,season_event_announcement,styled_editorial,season_event,
18067068556893830,True,food_drink,False,none,none,none,daytime,5.0,False,none,flat_lay,food_dining,
18030336314195182,True,food_drink,False,none,none,none,unknown,4.0,True,season_event_announcement,styled_editorial,season_event,
17926806017836817,True,lobby_lounge,False,none,none,no_view,night,4.0,True,season_event_announcement,wide_establishing,brand_worldview,
18115319272533241,True,food_drink,False,none,none,none,daytime,4.0,False,none,styled_editorial,food_dining,
18382077625156208,True,food_drink,False,none,none,none,daytime,5.0,True,feature_description,styled_editorial,food_dining,
18361351849132980,True,lobby_lounge,True,guest_lifestyle,none,ocean_view,daytime,4.0,True,season_event_announcement,styled_editorial,season_event,
18372430558150844,True,view_from_window,False,none,suite_highend,city_view,daytime,5.0,True,other,styled_editorial,brand_worldview,
17961128807931754,True,view_from_window,False,none,none,city_view,night,4.0,False,none,wide_establishing,view_scenery,
18026525305883826,True,food_drink,False,none,none,no_view,daytime,4.0,False,none,styled_editorial,food_dining,
18230639917310689,True,view_from_window,True,silhouette_distant,none,ocean_view,daytime,5.0,False,none,drone_aerial,view_scenery,
18007351175905128,True,pool_spa,True,guest_lifestyle,none,ocean_view,daytime,4.0,False,none,styled_editorial,experience_activity,
18137145406346478,True,food_drink,False,none,none,none,unknown,4.0,False,none,flat_lay,food_dining,
18088252750729283,True,garden_outdoor_space,True,guest_lifestyle,none,garden_view,daytime,4.0,True,feature_description,styled_editorial,experience_activity,
18008762096775086,True,food_drink,False,none,none,no_view,daytime,5.0,False,none,close_up_detail,food_dining,
18033608990473352,True,room,False,none,none,no_view,night,4.0,False,none,styled_editorial,brand_worldview,
18010584692047552,True,food_drink,False,none,none,no_view,daytime,5.0,True,facility_name_logo,close_up_detail,food_dining,
18038899840812825,True,food_drink,False,none,none,no_view,daytime,5.0,False,none,close_up_detail,food_dining,
18322804276269582,True,room,False,none,standard,city_view,daytime,4.0,False,none,styled_editorial,room_showcase,
18060060506688987,True,exterior_entrance,False,none,none,city_view,daytime,1.0,True,facility_name_logo,wide_establishing,food_dining,
18022654886653382,True,food_drink,False,none,none,no_view,daytime,4.0,False,none,close_up_detail,food_dining,
17878192533249432,True,food_drink,False,none,none,none,daytime,4.0,True,facility_name_logo,close_up_detail,food_dining,
17992122056865033,True,room,False,none,traditional_japanese,no_view,night,5.0,False,none,close_up_detail,room_showcase,
18004179335912137,True,restaurant_bar,False,none,none,garden_view,daytime,4.0,False,none,styled_editorial,food_dining,
18084539116766613,True,food_drink,False,none,none,none,daytime,4.0,False,none,styled_editorial,food_dining,
17957902703898473,True,lobby_lounge,True,staff,none,no_view,daytime,4.0,True,feature_description,documentary_photo,brand_worldview,
17910539736085205,True,food_drink,False,none,none,none,daytime,4.0,False,none,close_up_detail,food_dining,
18365344351139960,True,food_drink,False,none,none,no_view,unknown,4.0,True,season_event_announcement,styled_editorial,season_event,
18044908163298459,True,food_drink,False,none,none,no_view,daytime,4.0,True,season_event_announcement,close_up_detail,food_dining,
18125867512353270,True,bathroom,False,none,standard,no_view,daytime,4.0,False,none,close_up_detail,room_showcase,
18029053399864945,True,pool_spa,False,none,none,other,daytime,4.0,True,feature_description,styled_editorial,experience_activity,
17868877113401971,True,exterior_entrance,True,other,none,no_view,daytime,1.0,True,access_location_info,documentary_photo,experience_activity,
17976228488855016,True,room,False,none,suite_highend,city_view,night,5.0,True,season_event_announcement,styled_editorial,season_event,
17924825736076690,True,pool_spa,False,none,none,garden_view,daytime,5.0,True,facility_name_logo,wide_establishing,brand_worldview,
18013348376068379,True,restaurant_bar,True,guest_lifestyle,none,no_view,daytime,3.0,True,facility_name_logo,styled_editorial,food_dining,
18120017311471813,True,view_from_window,False,none,none,city_view,night,5.0,False,none,wide_establishing,view_scenery,
18086663014957398,True,pool_spa,False,none,villa_private,ocean_view,daytime,5.0,False,none,styled_editorial,experience_activity,
18029030608950599,True,activity,True,guest_lifestyle,none,city_view,daytime,3.0,True,facility_name_logo,wide_establishing,experience_activity,
17987022875620951,True,food_drink,True,hand_detail,none,no_view,unknown,4.0,False,none,close_up_detail,food_dining,
17965338260634582,True,other,False,none,standard,ocean_view,daytime,3.0,True,season_event_announcement,styled_editorial,season_event,
18000367757849280,True,pool_spa,False,none,none,none,daytime,3.0,True,feature_description,styled_editorial,experience_activity,
17994324014896256,True,room,True,guest_lifestyle,standard,partial_view,daytime,3.0,False,none,styled_editorial,room_showcase,
18231745672303322,True,pool_spa,False,none,none,ocean_view,golden_hour_sunset,4.0,False,none,wide_establishing,view_scenery,
18183136114321905,True,food_drink,False,none,none,none,daytime,4.0,False,none,close_up_detail,food_dining,
18014092283380669,True,lobby_lounge,False,none,none,no_view,daytime,4.0,True,price_plan_info,documentary_photo,season_event,
18022208206959891,True,other,False,none,none,none,unknown,3.0,True,season_event_announcement,other,season_event,
18080904328569451,True,food_drink,False,none,none,none,daytime,5.0,False,none,styled_editorial,food_dining,
17844345999381511,True,restaurant_bar,False,none,none,none,night,4.0,True,season_event_announcement,styled_editorial,season_event,
18022953557052221,True,garden_outdoor_space,False,none,glamping_unique,other,night,4.0,False,none,styled_editorial,experience_activity,
18098686196278195,True,restaurant_bar,False,none,none,none,unknown,4.0,False,none,styled_editorial,food_dining,
17958289073619201,True,exterior_entrance,False,none,none,no_view,night,4.0,True,season_event_announcement,documentary_photo,season_event,
18034237094140637,True,garden_outdoor_space,True,guest_lifestyle,none,garden_view,daytime,4.0,False,none,wide_establishing,experience_activity,
18210701842312914,True,room,False,none,standard,no_view,daytime,4.0,False,none,close_up_detail,room_showcase,
18019419152226388,True,exterior_entrance,False,none,none,no_view,daytime,5.0,True,feature_description,documentary_photo,brand_worldview,
17938245660038950,True,garden_outdoor_space,False,none,none,garden_view,daytime,1.0,False,none,close_up_detail,view_scenery,
18375151021128155,True,other,True,other,none,mountain_view,daytime,3.0,False,none,documentary_photo,view_scenery,
18376912387204222,True,food_drink,False,none,none,garden_view,daytime,4.0,True,facility_name_logo,flat_lay,food_dining,
18099885173097613,True,food_drink,False,none,none,no_view,daytime,4.0,False,none,styled_editorial,food_dining,
17998567880522318,True,activity,False,none,glamping_unique,no_view,night,4.0,True,season_event_announcement,styled_editorial,experience_activity,
18536852617044261,True,food_drink,False,none,none,no_view,unknown,4.0,False,none,close_up_detail,food_dining,
17850819264161658,True,food_drink,False,none,none,no_view,daytime,4.0,False,none,styled_editorial,food_dining,
18093009890088043,True,garden_outdoor_space,False,none,suite_highend,garden_view,daytime,4.0,False,none,wide_establishing,view_scenery,
18028437997901580,True,lobby_lounge,True,staff,none,no_view,daytime,5.0,False,none,styled_editorial,brand_worldview,
17863109055402493,True,restaurant_bar,True,hand_detail,none,no_view,daytime,5.0,False,none,close_up_detail,food_dining,
17899945982927840,True,restaurant_bar,True,guest_lifestyle,none,partial_view,daytime,4.0,False,none,styled_editorial,experience_activity,
17878020917981531,True,room,False,none,traditional_japanese,mountain_view,daytime,4.0,False,none,styled_editorial,room_showcase,
18060440440503240,True,food_drink,False,none,none,none,daytime,4.0,False,none,flat_lay,food_dining,
18036292994056439,True,exterior_entrance,False,none,suite_highend,garden_view,daytime,5.0,True,season_event_announcement,drone_aerial,season_event,
17905852704050279,True,food_drink,False,none,none,none,unknown,4.0,True,season_event_announcement,styled_editorial,season_event,
18000530111865659,True,garden_outdoor_space,False,none,none,ocean_view,daytime,5.0,False,none,styled_editorial,view_scenery,
18160526266423339,True,food_drink,True,hand_detail,none,no_view,daytime,3.0,True,price_plan_info,close_up_detail,food_dining,
18211769155302671,True,room,False,none,other,ocean_view,daytime,4.0,True,feature_description,styled_editorial,experience_activity,
18464273224065782,True,food_drink,False,none,none,no_view,unknown,5.0,False,none,styled_editorial,food_dining,
18426917809103459,True,garden_outdoor_space,False,none,none,ocean_view,daytime,4.0,False,none,wide_establishing,view_scenery,
18091796255518075,True,room,True,guest_lifestyle,standard,no_view,daytime,3.0,False,none,styled_editorial,experience_activity,
18127467304401664,True,lobby_lounge,True,guest_lifestyle,none,no_view,daytime,4.0,False,none,styled_editorial,food_dining,
17918687738914379,True,restaurant_bar,False,none,none,no_view,night,5.0,False,none,styled_editorial,food_dining,
18083738077695294,True,restaurant_bar,True,hand_detail,none,no_view,daytime,3.0,False,none,close_up_detail,food_dining,
18343573942101471,True,pool_spa,False,none,none,mountain_view,daytime,3.0,True,feature_description,documentary_photo,experience_activity,
18042742757563070,True,lobby_lounge,False,none,none,partial_view,daytime,4.0,False,none,styled_editorial,brand_worldview,
18093384869136909,True,room,True,guest_lifestyle,standard,no_view,daytime,4.0,False,none,styled_editorial,experience_activity,
17989156214470722,True,other,False,none,none,ocean_view,daytime,4.0,False,none,drone_aerial,view_scenery,
17928188966937785,True,restaurant_bar,True,other,none,no_view,night,3.0,True,facility_name_logo,styled_editorial,brand_worldview,
18066931789495910,True,food_drink,False,none,none,no_view,daytime,5.0,False,none,styled_editorial,food_dining,
17983782806868737,True,food_drink,False,none,none,no_view,daytime,4.0,False,none,close_up_detail,food_dining,
18017193560647285,True,food_drink,False,none,none,no_view,daytime,4.0,False,none,close_up_detail,food_dining,
18354708673117325,True,exterior_entrance,False,none,none,mountain_view,night,4.0,False,none,wide_establishing,brand_worldview,
18083342720253349,True,restaurant_bar,False,none,none,no_view,unknown,5.0,False,none,styled_editorial,food_dining,
17993662817573045,True,restaurant_bar,True,guest_lifestyle,none,city_view,daytime,4.0,False,none,styled_editorial,food_dining,
18266533300172399,True,activity,True,guest_lifestyle,none,none,daytime,3.0,True,feature_description,styled_editorial,experience_activity,
18368592820206318,True,food_drink,False,none,none,none,daytime,5.0,False,none,close_up_detail,food_dining,
18055392373489823,True,restaurant_bar,False,none,none,no_view,night,4.0,False,none,styled_editorial,food_dining,
18002426600350469,True,lobby_lounge,True,guest_lifestyle,none,no_view,daytime,4.0,False,none,styled_editorial,experience_activity,
18032906168472600,True,food_drink,False,none,none,none,unknown,4.0,False,none,styled_editorial,food_dining,
17923016267896810,True,room,False,none,standard,no_view,daytime,3.0,False,none,close_up_detail,room_showcase,
17865249234613769,True,other,False,none,none,none,daytime,4.0,False,none,styled_editorial,other,
18037470248518310,True,exterior_entrance,True,silhouette_distant,none,no_view,night,4.0,True,facility_name_logo,styled_editorial,brand_worldview,
17923026969319688,True,food_drink,False,none,none,none,daytime,4.0,False,none,styled_editorial,food_dining,
18156036145456300,True,food_drink,True,hand_detail,none,no_view,daytime,4.0,False,none,styled_editorial,food_dining,
18040753612701448,True,restaurant_bar,True,guest_lifestyle,none,city_view,daytime,4.0,False,none,styled_editorial,food_dining,
18021707213294277,True,food_drink,False,none,none,none,daytime,4.0,True,other,styled_editorial,food_dining,
18150768520431733,True,food_drink,False,none,none,none,daytime,5.0,True,season_event_announcement,styled_editorial,season_event,
18094841683444460,True,lobby_lounge,True,staff,none,no_view,daytime,4.0,False,none,styled_editorial,brand_worldview,
18047602612617593,True,food_drink,True,guest_lifestyle,none,no_view,unknown,4.0,False,none,close_up_detail,food_dining,
18014546239991510,True,exterior_entrance,True,guest_lifestyle,none,none,daytime,4.0,True,season_event_announcement,wide_establishing,brand_worldview,
17884099353163742,True,garden_outdoor_space,True,guest_lifestyle,none,ocean_view,daytime,4.0,False,none,wide_establishing,view_scenery,
17892516452976006,True,food_drink,False,none,none,no_view,unknown,5.0,False,none,styled_editorial,food_dining,
18023242724593605,True,restaurant_bar,True,hand_detail,none,no_view,daytime,4.0,False,none,close_up_detail,food_dining,
17921733357297820,True,amenity_detail,False,none,none,ocean_view,daytime,3.0,True,feature_description,close_up_detail,brand_worldview,
17880227346512731,True,lobby_lounge,False,none,none,partial_view,daytime,4.0,False,none,styled_editorial,food_dining,
17968340447619466,True,exterior_entrance,True,guest_lifestyle,none,no_view,daytime,2.0,True,facility_name_logo,documentary_photo,brand_worldview,
18324952792203560,True,restaurant_bar,False,none,none,ocean_view,daytime,5.0,False,none,wide_establishing,view_scenery,
18005580008910335,True,activity,True,couple,none,no_view,daytime,3.0,True,feature_description,styled_editorial,experience_activity,
18020591600478811,True,garden_outdoor_space,True,guest_lifestyle,none,none,daytime,3.0,False,none,styled_editorial,experience_activity,
18098411702060057,True,bathroom,False,none,suite_highend,ocean_view,golden_hour_sunset,5.0,False,none,styled_editorial,room_showcase,
18078116935435138,True,room,False,none,standard,no_view,unknown,4.0,True,season_event_announcement,styled_editorial,season_event,
18055864498876924,True,exterior_entrance,False,none,none,ocean_view,daytime,4.0,True,season_event_announcement,drone_aerial,season_event,
18082205051004374,True,restaurant_bar,True,staff,none,no_view,unknown,4.0,False,none,styled_editorial,food_dining,
17895801135438806,True,lobby_lounge,True,guest_lifestyle,traditional_japanese,garden_view,daytime,4.0,False,none,styled_editorial,experience_activity,
18092464618911937,True,pool_spa,False,none,none,ocean_view,daytime,5.0,False,none,styled_editorial,view_scenery,
17926973741969738,True,garden_outdoor_space,False,none,none,garden_view,night,5.0,False,none,styled_editorial,view_scenery,
17913029357930646,True,lobby_lounge,True,guest_lifestyle,none,partial_view,daytime,4.0,False,none,documentary_photo,experience_activity,
17968211276717524,True,restaurant_bar,True,guest_lifestyle,none,city_view,night,3.0,False,none,wide_establishing,food_dining,
17988726056348218,True,pool_spa,False,none,none,no_view,unknown,3.0,True,feature_description,styled_editorial,experience_activity,
18002300342302737,True,food_drink,False,none,none,no_view,daytime,5.0,False,none,styled_editorial,food_dining,
18036933596777415,True,food_drink,False,none,none,none,unknown,3.0,True,feature_description,close_up_detail,food_dining,
18133502008404494,True,other,False,none,none,no_view,night,4.0,False,none,wide_establishing,brand_worldview,
18033873400779872,True,pool_spa,False,none,none,no_view,unknown,4.0,False,none,styled_editorial,experience_activity,
18117865510520141,True,lobby_lounge,False,none,none,garden_view,daytime,4.0,False,none,styled_editorial,brand_worldview,
18358983211121678,True,garden_outdoor_space,True,silhouette_distant,none,city_view,daytime,4.0,True,season_event_announcement,drone_aerial,experience_activity,
17896937876977717,True,exterior_entrance,False,none,none,city_view,daytime,3.0,True,facility_name_logo,documentary_photo,season_event,
18372535495192398,True,activity,False,none,none,partial_view,daytime,4.0,False,none,styled_editorial,experience_activity,
17888907687191630,True,food_drink,True,hand_detail,none,no_view,night,4.0,False,none,close_up_detail,food_dining,
17905245536968853,True,room,False,none,other,no_view,night,3.0,True,season_event_announcement,styled_editorial,season_event,
17958287538086956,True,other,False,none,none,none,daytime,2.0,False,none,close_up_detail,other,
17992060985650717,True,food_drink,False,none,none,no_view,daytime,5.0,False,none,flat_lay,food_dining,
18456455509004760,True,restaurant_bar,False,none,none,garden_view,daytime,4.0,False,none,close_up_detail,food_dining,
18583571620024580,True,food_drink,False,none,none,none,unknown,5.0,False,none,flat_lay,food_dining,
18011002265362883,True,lobby_lounge,False,none,none,no_view,daytime,5.0,False,none,styled_editorial,food_dining,
18168107563343008,True,pool_spa,False,none,none,garden_view,daytime,5.0,False,none,wide_establishing,experience_activity,
18065634272359799,True,food_drink,False,none,none,no_view,daytime,5.0,False,none,close_up_detail,food_dining,
17996280857767057,True,restaurant_bar,False,none,traditional_japanese,mountain_view,daytime,5.0,False,none,styled_editorial,food_dining,
17862548868080871,True,activity,False,none,none,ocean_view,daytime,3.0,True,season_event_announcement,wide_establishing,season_event,
18378364699103951,True,room,False,none,standard,mountain_view,daytime,4.0,True,season_event_announcement,styled_editorial,season_event,
17975226941732262,True,food_drink,False,none,none,no_view,daytime,5.0,False,none,styled_editorial,food_dining,
18273201235232133,True,amenity_detail,False,none,none,no_view,unknown,4.0,True,season_event_announcement,styled_editorial,season_event,
18027253556658248,True,room,False,none,suite_highend,mountain_view,daytime,4.0,True,season_event_announcement,styled_editorial,season_event,
17960862824769164,True,restaurant_bar,True,guest_lifestyle,none,city_view,daytime,4.0,False,none,styled_editorial,food_dining,
18148151665427904,True,garden_outdoor_space,False,none,none,garden_view,daytime,3.0,True,season_event_announcement,documentary_photo,season_event,
18020366353968754,True,view_from_window,False,none,none,city_view,daytime,4.0,False,none,wide_establishing,view_scenery,
18324843289137967,True,activity,False,none,none,no_view,night,3.0,False,none,documentary_photo,experience_activity,
17872605792226989,True,view_from_window,False,none,none,mountain_view,daytime,4.0,False,none,styled_editorial,view_scenery,
17870541624595565,True,other,False,none,none,no_view,unknown,3.0,True,other,close_up_detail,other,
17935744481831447,True,garden_outdoor_space,False,none,none,mountain_view,daytime,5.0,True,season_event_announcement,styled_editorial,season_event,
17890337732988270,True,garden_outdoor_space,True,guest_lifestyle,none,mountain_view,daytime,4.0,False,facility_name_logo,styled_editorial,experience_activity,
17887797837495402,True,garden_outdoor_space,False,none,none,garden_view,daytime,2.0,False,none,close_up_detail,view_scenery,
18311443738122292,True,lobby_lounge,True,staff,none,city_view,daytime,4.0,False,none,styled_editorial,brand_worldview,
18060733814339199,True,view_from_window,False,none,none,ocean_view,daytime,5.0,False,none,wide_establishing,view_scenery,
18040658834283275,True,exterior_entrance,False,none,villa_private,garden_view,daytime,5.0,True,facility_name_logo,drone_aerial,brand_worldview,
18019567694038686,True,room,False,none,traditional_japanese,mountain_view,daytime,4.0,False,none,documentary_photo,room_showcase,
18351960277229590,True,view_from_window,False,none,none,ocean_view,daytime,4.0,False,none,styled_editorial,view_scenery,
17944119858173288,True,garden_outdoor_space,True,silhouette_distant,none,garden_view,night,4.0,False,none,wide_establishing,season_event,
17919459092877501,True,garden_outdoor_space,True,guest_lifestyle,none,ocean_view,golden_hour_sunset,4.0,False,none,documentary_photo,view_scenery,
17915779854111402,True,restaurant_bar,True,hand_detail,none,no_view,daytime,4.0,False,none,styled_editorial,food_dining,
17922140055170810,True,garden_outdoor_space,False,none,villa_private,ocean_view,daytime,5.0,False,none,drone_aerial,view_scenery,
18025517851868412,True,exterior_entrance,False,none,none,no_view,daytime,4.0,False,none,close_up_detail,season_event,
17900365791178978,True,restaurant_bar,True,staff,none,garden_view,daytime,5.0,False,none,styled_editorial,food_dining,
18042578563755575,True,restaurant_bar,True,guest_lifestyle,none,no_view,unknown,4.0,False,none,styled_editorial,food_dining,
18083106476020826,True,garden_outdoor_space,False,none,none,none,golden_hour_sunset,3.0,False,none,styled_editorial,brand_worldview,
17896712154107225,True,food_drink,False,none,none,no_view,unknown,5.0,True,season_event_announcement,styled_editorial,food_dining,
18041747561535383,True,room,True,hand_detail,other,no_view,daytime,4.0,True,facility_name_logo,close_up_detail,room_showcase,
17854103487137742,True,food_drink,False,none,none,none,daytime,5.0,True,feature_description,close_up_detail,food_dining,
17927004402099415,True,exterior_entrance,False,none,none,other,daytime,5.0,True,facility_name_logo,wide_establishing,brand_worldview,
18094483853155721,True,food_drink,False,none,none,no_view,unknown,5.0,False,none,styled_editorial,food_dining,
18483470785079744,True,food_drink,False,none,none,no_view,unknown,5.0,False,none,styled_editorial,food_dining,
18030705118821744,True,amenity_detail,True,hand_detail,none,no_view,unknown,4.0,False,none,close_up_detail,brand_worldview,
18099142505071571,True,view_from_window,False,none,none,city_view,daytime,4.0,True,other,wide_establishing,view_scenery,
18073886801309550,True,lobby_lounge,False,none,none,garden_view,daytime,4.0,False,none,styled_editorial,food_dining,
18092519044893641,True,garden_outdoor_space,False,none,none,garden_view,golden_hour_sunset,4.0,False,none,styled_editorial,view_scenery,
17852368404645417,True,pool_spa,False,none,none,garden_view,night,4.0,False,none,styled_editorial,experience_activity,
18112832773787285,True,activity,True,other,none,garden_view,daytime,4.0,False,none,documentary_photo,experience_activity,
18045089864278682,True,garden_outdoor_space,False,none,none,mountain_view,daytime,4.0,True,season_event_announcement,styled_editorial,season_event,
18185540032290482,True,exterior_entrance,False,none,none,no_view,daytime,4.0,False,none,documentary_photo,brand_worldview,
18456657514105920,True,food_drink,False,none,none,no_view,daytime,4.0,False,none,close_up_detail,food_dining,
17863931970239339,True,food_drink,False,none,none,none,daytime,4.0,True,feature_description,styled_editorial,food_dining,
18085724495607340,True,food_drink,False,none,none,none,daytime,3.0,True,feature_description,close_up_detail,food_dining,
17885855103502546,True,other,False,none,standard,no_view,unknown,3.0,True,price_plan_info,styled_editorial,price_plan_announcement,
17908467993193383,True,restaurant_bar,True,hand_detail,none,no_view,daytime,4.0,False,none,close_up_detail,food_dining,
18110370796891342,True,garden_outdoor_space,False,none,traditional_japanese,garden_view,daytime,4.0,True,feature_description,styled_editorial,brand_worldview,
17912920598909463,True,restaurant_bar,False,none,none,no_view,daytime,5.0,False,none,styled_editorial,food_dining,
18065143261553784,True,activity,True,guest_lifestyle,none,mountain_view,daytime,4.0,False,none,styled_editorial,experience_activity,
18094547189469200,True,garden_outdoor_space,False,none,none,garden_view,daytime,3.0,False,none,documentary_photo,view_scenery,
18179732233308959,True,restaurant_bar,True,hand_detail,none,garden_view,daytime,4.0,True,season_event_announcement,styled_editorial,season_event,
17906978078866149,True,room,False,none,suite_highend,partial_view,daytime,4.0,False,none,styled_editorial,room_showcase,
18269728795257040,True,room,False,none,standard,city_view,daytime,4.0,False,none,styled_editorial,room_showcase,
18087406774430264,True,pool_spa,False,none,traditional_japanese,mountain_view,daytime,4.0,False,none,wide_establishing,experience_activity,
17845913136215252,True,room,False,none,suite_highend,city_view,daytime,4.0,False,none,styled_editorial,room_showcase,
17934781343821476,True,garden_outdoor_space,False,none,glamping_unique,ocean_view,golden_hour_sunset,4.0,True,feature_description,drone_aerial,experience_activity,
18053975245574157,True,restaurant_bar,True,guest_lifestyle,none,city_view,daytime,2.0,False,none,documentary_photo,food_dining,
18465371302019547,True,lobby_lounge,True,guest_lifestyle,none,partial_view,daytime,4.0,False,none,styled_editorial,experience_activity,
17862819228561184,True,restaurant_bar,False,none,none,no_view,daytime,4.0,False,none,styled_editorial,food_dining,
17903867148237716,True,garden_outdoor_space,False,none,none,ocean_view,golden_hour_sunset,5.0,False,none,styled_editorial,view_scenery,
17928510893860388,True,other,True,other,none,none,unknown,5.0,True,season_event_announcement,styled_editorial,season_event,
18012740177484182,True,room,False,none,traditional_japanese,garden_view,night,5.0,False,none,styled_editorial,room_showcase,
17895340517954335,True,room,False,none,standard,no_view,daytime,4.0,False,none,styled_editorial,room_showcase,
18147844390408833,True,exterior_entrance,False,none,none,city_view,daytime,4.0,True,price_plan_info,styled_editorial,price_plan_announcement,
18085347086077848,True,lobby_lounge,False,none,none,partial_view,daytime,5.0,False,none,wide_establishing,season_event,
17931043430924680,True,room,False,none,suite_highend,city_view,daytime,5.0,False,none,styled_editorial,room_showcase,
18083603318096079,True,pool_spa,True,staff,none,partial_view,daytime,4.0,False,none,styled_editorial,experience_activity,
18021589331052396,True,room,True,guest_lifestyle,traditional_japanese,ocean_view,daytime,4.0,False,none,styled_editorial,room_showcase,
17998749065804443,True,pool_spa,False,none,none,mountain_view,daytime,4.0,True,feature_description,wide_establishing,experience_activity,
18084586879532506,True,lobby_lounge,False,none,none,partial_view,daytime,4.0,False,none,styled_editorial,brand_worldview,
18047287708938402,True,lobby_lounge,True,guest_lifestyle,none,garden_view,daytime,5.0,False,none,styled_editorial,brand_worldview,
18116796322739749,True,pool_spa,False,none,none,ocean_view,golden_hour_sunset,5.0,False,none,styled_editorial,view_scenery,
18023743232036138,True,food_drink,False,none,none,none,daytime,4.0,True,feature_description,styled_editorial,food_dining,
17907115932053513,True,food_drink,True,hand_detail,none,no_view,unknown,4.0,False,none,close_up_detail,food_dining,
18074841025689648,True,food_drink,False,none,none,none,unknown,5.0,False,none,close_up_detail,food_dining,
18079530191533686,True,lobby_lounge,True,silhouette_distant,none,garden_view,daytime,4.0,False,none,wide_establishing,brand_worldview,
17969636198583057,True,pool_spa,False,none,none,no_view,night,4.0,False,none,wide_establishing,experience_activity,
18099230482820994,True,garden_outdoor_space,True,guest_lifestyle,none,garden_view,daytime,4.0,False,none,wide_establishing,season_event,
18110436904608304,True,lobby_lounge,True,other,none,no_view,unknown,4.0,True,season_event_announcement,styled_editorial,season_event,
18015378538963441,True,food_drink,False,none,none,none,night,5.0,False,none,styled_editorial,food_dining,
18024466567934982,True,exterior_entrance,False,none,none,mountain_view,daytime,4.0,False,none,wide_establishing,brand_worldview,
18102765085762281,True,garden_outdoor_space,False,none,none,garden_view,daytime,3.0,False,none,close_up_detail,view_scenery,
18057002047780068,True,garden_outdoor_space,True,silhouette_distant,villa_private,garden_view,daytime,4.0,False,none,styled_editorial,brand_worldview,
18092199811427084,True,lobby_lounge,False,none,none,garden_view,daytime,4.0,True,price_plan_info,wide_establishing,price_plan_announcement,
18275136460260923,True,lobby_lounge,False,none,none,city_view,daytime,5.0,False,none,styled_editorial,brand_worldview,
18040953581544404,True,food_drink,False,none,none,no_view,daytime,5.0,False,none,close_up_detail,food_dining,
18053809417979467,True,view_from_window,False,none,none,city_view,night,5.0,True,facility_name_logo,wide_establishing,view_scenery,
17918795181341860,True,exterior_entrance,False,none,none,garden_view,daytime,3.0,False,none,close_up_detail,brand_worldview,
18070284740435488,True,lobby_lounge,False,none,none,garden_view,daytime,4.0,False,none,styled_editorial,brand_worldview,
17856991419171391,True,restaurant_bar,True,guest_lifestyle,none,no_view,night,4.0,False,none,styled_editorial,brand_worldview,
18329833555136141,True,lobby_lounge,True,staff,none,city_view,daytime,3.0,False,none,styled_editorial,season_event,
17907080156825976,True,restaurant_bar,True,staff,none,no_view,daytime,4.0,True,feature_description,documentary_photo,food_dining,
18534014227031470,True,food_drink,False,none,none,none,unknown,5.0,True,feature_description,styled_editorial,food_dining,
18543551263069756,True,food_drink,True,hand_detail,none,no_view,daytime,2.0,True,feature_description,close_up_detail,experience_activity,
17859547932631438,True,garden_outdoor_space,True,guest_lifestyle,traditional_japanese,garden_view,daytime,4.0,True,season_event_announcement,styled_editorial,season_event,
18021931654919639,True,food_drink,False,none,none,no_view,daytime,5.0,False,none,styled_editorial,food_dining,
18303729679281518,True,restaurant_bar,True,guest_lifestyle,none,city_view,daytime,3.0,True,facility_name_logo,documentary_photo,food_dining,
18001378526732317,True,room,False,none,standard,no_view,unknown,4.0,True,other,styled_editorial,experience_activity,
17918052875935539,True,exterior_entrance,True,guest_lifestyle,none,garden_view,daytime,4.0,True,facility_name_logo,wide_establishing,brand_worldview,
17978480330718167,True,restaurant_bar,False,none,none,garden_view,daytime,5.0,False,none,styled_editorial,food_dining,
18019065265962579,True,room,False,none,standard,partial_view,daytime,3.0,False,none,styled_editorial,room_showcase,
18540388198067757,True,garden_outdoor_space,True,guest_lifestyle,none,garden_view,night,4.0,False,none,wide_establishing,view_scenery,
18034237282895028,True,garden_outdoor_space,True,guest_lifestyle,none,city_view,daytime,3.0,False,none,styled_editorial,experience_activity,
17866429917078797,True,lobby_lounge,False,none,none,no_view,unknown,4.0,False,none,styled_editorial,brand_worldview,
18094333552602971,True,activity,True,guest_lifestyle,none,ocean_view,daytime,4.0,False,none,styled_editorial,experience_activity,
18116155582656254,True,room,True,guest_lifestyle,other,ocean_view,daytime,4.0,True,season_event_announcement,styled_editorial,season_event,
18044307046625285,True,pool_spa,False,none,none,mountain_view,daytime,4.0,False,none,wide_establishing,experience_activity,
18042281465675175,True,other,False,none,none,ocean_view,daytime,4.0,False,none,wide_establishing,experience_activity,
18075344959490054,True,other,True,silhouette_distant,none,city_view,daytime,3.0,True,access_location_info,wide_establishing,other,
17922170240888627,True,food_drink,False,none,none,none,daytime,5.0,True,facility_name_logo,flat_lay,food_dining,
18083065763088703,True,activity,True,guest_lifestyle,none,ocean_view,daytime,3.0,False,none,styled_editorial,experience_activity,
18317292439270441,True,pool_spa,False,none,traditional_japanese,garden_view,daytime,4.0,False,none,styled_editorial,view_scenery,
17883368754482472,True,food_drink,False,none,none,none,daytime,4.0,False,none,styled_editorial,food_dining,
18091716199899098,True,food_drink,True,guest_lifestyle,none,garden_view,daytime,3.0,False,none,styled_editorial,food_dining,
17866754274053635,True,pool_spa,True,silhouette_distant,none,no_view,daytime,4.0,True,facility_name_logo,styled_editorial,experience_activity,
18061529984487938,True,food_drink,True,hand_detail,none,no_view,daytime,3.0,False,none,styled_editorial,food_dining,
18097591624839900,True,restaurant_bar,False,none,none,city_view,night,5.0,False,none,styled_editorial,food_dining,
18412961002021638,True,activity,True,family,none,no_view,daytime,3.0,False,none,styled_editorial,experience_activity,
18041969629689875,True,pool_spa,False,none,traditional_japanese,garden_view,daytime,5.0,False,none,styled_editorial,view_scenery,
18009168746152142,True,garden_outdoor_space,True,silhouette_distant,none,ocean_view,golden_hour_sunset,4.0,True,facility_name_logo,styled_editorial,view_scenery,
18088075183756795,True,activity,True,guest_lifestyle,none,ocean_view,daytime,4.0,True,feature_description,styled_editorial,experience_activity,
17982294308822617,True,lobby_lounge,False,none,none,no_view,unknown,4.0,False,none,styled_editorial,brand_worldview,
18044288218647294,True,food_drink,False,none,none,none,daytime,4.0,False,none,close_up_detail,food_dining,
18273356542217321,True,garden_outdoor_space,True,silhouette_distant,none,partial_view,night,4.0,False,none,styled_editorial,experience_activity,
17938135268936393,True,room,True,guest_lifestyle,standard,no_view,night,3.0,False,none,documentary_photo,room_showcase,
18142252117314467,True,food_drink,False,none,none,none,night,4.0,False,none,close_up_detail,food_dining,
18084600358813347,True,pool_spa,False,none,traditional_japanese,garden_view,daytime,4.0,False,none,styled_editorial,experience_activity,
18055452688610062,True,activity,True,guest_lifestyle,none,no_view,daytime,3.0,False,none,styled_editorial,experience_activity,
17899072761063388,True,lobby_lounge,False,none,none,city_view,daytime,4.0,False,none,wide_establishing,brand_worldview,
18168322123412366,True,food_drink,False,none,none,none,unknown,5.0,True,season_event_announcement,styled_editorial,season_event,
17891322957254866,True,exterior_entrance,True,silhouette_distant,standard,ocean_view,daytime,4.0,True,season_event_announcement,drone_aerial,season_event,
18053767696567261,True,food_drink,False,none,none,none,unknown,3.0,False,none,styled_editorial,food_dining,
18050783320600296,True,lobby_lounge,True,staff,none,no_view,daytime,4.0,True,facility_name_logo,styled_editorial,brand_worldview,
18452634838067010,True,activity,True,other,none,none,daytime,4.0,False,none,wide_establishing,experience_activity,
18056702548525358,True,lobby_lounge,True,guest_lifestyle,none,no_view,unknown,4.0,False,none,documentary_photo,food_dining,
18051741839196868,True,exterior_entrance,False,none,none,no_view,daytime,4.0,True,season_event_announcement,documentary_photo,brand_worldview,
18248032462258854,True,garden_outdoor_space,False,none,none,city_view,daytime,4.0,False,none,wide_establishing,view_scenery,
18058626109874741,True,lobby_lounge,False,none,none,no_view,daytime,4.0,False,none,close_up_detail,brand_worldview,
18015653774271608,True,other,False,none,none,mountain_view,daytime,4.0,True,price_plan_info,styled_editorial,price_plan_announcement,
18179517613391621,True,lobby_lounge,False,none,none,city_view,daytime,4.0,True,feature_description,wide_establishing,experience_activity,
18048089765052738,True,lobby_lounge,True,guest_lifestyle,none,garden_view,daytime,4.0,False,none,styled_editorial,brand_worldview,
18360105733230345,True,restaurant_bar,False,none,traditional_japanese,garden_view,daytime,5.0,False,none,styled_editorial,food_dining,
18036037402903478,True,exterior_entrance,False,none,glamping_unique,none,daytime,3.0,True,feature_description,styled_editorial,experience_activity,
18029422261802134,True,restaurant_bar,True,hand_detail,none,no_view,night,4.0,False,none,close_up_detail,food_dining,
18105503965518139,True,exterior_entrance,False,none,none,none,daytime,4.0,False,none,styled_editorial,brand_worldview,
17844086082185864,True,garden_outdoor_space,True,family,none,garden_view,daytime,4.0,False,none,wide_establishing,experience_activity,
17931428310250931,True,garden_outdoor_space,False,none,none,mountain_view,daytime,4.0,False,none,wide_establishing,view_scenery,
18154600753348954,True,food_drink,False,none,none,garden_view,daytime,5.0,False,none,styled_editorial,food_dining,
18054415814323642,True,food_drink,False,none,none,no_view,unknown,5.0,True,facility_name_logo,styled_editorial,food_dining,
18082693147432556,True,garden_outdoor_space,False,none,none,garden_view,daytime,3.0,True,access_location_info,wide_establishing,season_event,
18079124795047066,True,view_from_window,False,none,none,city_view,daytime,3.0,True,season_event_announcement,wide_establishing,view_scenery,
18094532704746518,True,lobby_lounge,False,none,none,no_view,daytime,5.0,False,none,styled_editorial,brand_worldview,
18020752600946654,True,room,False,none,suite_highend,no_view,unknown,4.0,False,none,styled_editorial,room_showcase,
18032849545758220,True,pool_spa,False,none,none,partial_view,night,5.0,False,none,styled_editorial,experience_activity,
18038278165866323,True,food_drink,False,none,none,no_view,daytime,4.0,True,season_event_announcement,close_up_detail,food_dining,
17869419552312733,True,food_drink,False,none,none,no_view,daytime,5.0,False,none,close_up_detail,food_dining,
18265669234289263,True,lobby_lounge,False,none,none,no_view,unknown,5.0,False,none,styled_editorial,brand_worldview,
18057498739584186,True,activity,True,guest_lifestyle,none,no_view,daytime,3.0,True,access_location_info,documentary_photo,experience_activity,
18043373207476921,True,food_drink,False,none,none,no_view,daytime,4.0,False,none,styled_editorial,season_event,
17875757148583856,True,garden_outdoor_space,False,none,none,garden_view,daytime,4.0,False,none,wide_establishing,view_scenery,
17970128420699368,True,lobby_lounge,False,none,none,no_view,daytime,4.0,True,feature_description,documentary_photo,brand_worldview,
17975115002705652,True,food_drink,False,none,none,none,unknown,4.0,False,none,close_up_detail,food_dining,
17939186355057429,True,food_drink,False,none,none,no_view,daytime,4.0,False,none,close_up_detail,food_dining,
18075875866946983,True,food_drink,False,none,none,no_view,unknown,5.0,True,season_event_announcement,styled_editorial,season_event,
18029640092098401,True,food_drink,True,hand_detail,none,none,daytime,4.0,False,none,close_up_detail,food_dining,
17977506656598197,True,pool_spa,False,none,none,garden_view,daytime,4.0,True,feature_description,documentary_photo,experience_activity,
18031326770466755,True,food_drink,False,none,none,no_view,daytime,5.0,True,feature_description,styled_editorial,food_dining,
18205219822316946,True,garden_outdoor_space,False,none,none,other,night,4.0,True,feature_description,wide_establishing,experience_activity,
17845454901173712,True,food_drink,False,none,none,no_view,unknown,4.0,False,none,styled_editorial,food_dining,
17908495530205151,True,other,False,none,none,other,daytime,3.0,True,feature_description,wide_establishing,experience_activity,
18261310513227271,True,other,True,staff,standard,no_view,daytime,3.0,True,season_event_announcement,styled_editorial,season_event,
18436022134047128,True,exterior_entrance,True,guest_lifestyle,none,no_view,daytime,3.0,True,facility_name_logo,wide_establishing,brand_worldview,
17980730069799157,True,exterior_entrance,False,none,none,city_view,night,4.0,False,none,wide_establishing,brand_worldview,
18023454728560582,True,restaurant_bar,False,none,none,no_view,night,4.0,True,feature_description,styled_editorial,food_dining,
18359350135226769,True,restaurant_bar,True,family,traditional_japanese,no_view,unknown,3.0,True,feature_description,styled_editorial,experience_activity,
18125717629480677,True,food_drink,False,none,none,no_view,daytime,4.0,False,none,close_up_detail,food_dining,
18075679190537465,True,room,False,none,villa_private,garden_view,daytime,4.0,False,none,styled_editorial,room_showcase,
18148607527415342,True,pool_spa,False,none,none,ocean_view,daytime,5.0,False,none,wide_establishing,view_scenery,
18006602489767286,True,view_from_window,False,none,none,city_view,night,5.0,False,none,styled_editorial,view_scenery,
18309952030270668,True,exterior_entrance,False,none,none,no_view,night,5.0,True,ranking_award,styled_editorial,brand_worldview,
18055423301347779,True,activity,False,none,none,partial_view,daytime,3.0,True,access_location_info,wide_establishing,experience_activity,
18010808393822636,True,activity,True,family,none,no_view,daytime,1.0,False,none,documentary_photo,experience_activity,
18078775724398935,True,pool_spa,False,none,none,no_view,daytime,4.0,False,none,close_up_detail,experience_activity,
18077304739918123,True,activity,False,none,none,no_view,daytime,3.0,True,feature_description,wide_establishing,experience_activity,
17926050966037782,True,restaurant_bar,True,hand_detail,none,no_view,daytime,4.0,True,feature_description,styled_editorial,food_dining,
18094341647501620,True,room,False,none,suite_highend,city_view,night,4.0,True,feature_description,styled_editorial,room_showcase,
18401163034145406,True,pool_spa,False,none,none,ocean_view,golden_hour_sunset,5.0,True,feature_description,styled_editorial,experience_activity,
18039808397133254,True,activity,True,guest_lifestyle,none,mountain_view,night,4.0,False,none,wide_establishing,experience_activity,
18019081283667173,True,room,False,none,suite_highend,partial_view,daytime,4.0,True,feature_description,styled_editorial,room_showcase,
18046390394002472,True,food_drink,False,none,none,none,daytime,5.0,False,none,styled_editorial,food_dining,
18141483901502383,True,activity,True,hand_detail,none,no_view,daytime,2.0,True,feature_description,close_up_detail,experience_activity,
17954091752902615,True,lobby_lounge,False,none,none,no_view,daytime,4.0,True,season_event_announcement,styled_editorial,season_event,
18174109495343624,True,activity,False,none,none,garden_view,daytime,4.0,False,none,styled_editorial,experience_activity,
18045359902697430,True,room,False,none,standard,no_view,daytime,4.0,False,none,styled_editorial,room_showcase,
18074474180488844,True,exterior_entrance,False,none,traditional_japanese,no_view,daytime,4.0,True,facility_name_logo,styled_editorial,brand_worldview,
18026010599370379,True,room,False,none,suite_highend,city_view,daytime,4.0,False,none,styled_editorial,room_showcase,
18077399480170456,True,food_drink,False,none,none,no_view,daytime,4.0,True,facility_name_logo,styled_editorial,food_dining,
17942838510195355,True,food_drink,True,hand_detail,none,no_view,daytime,4.0,False,none,close_up_detail,food_dining,
18015709109442298,True,activity,False,none,none,ocean_view,daytime,4.0,False,none,wide_establishing,experience_activity,
18350603362201754,True,food_drink,False,none,none,none,daytime,4.0,True,season_event_announcement,styled_editorial,food_dining,
18123215101493622,True,garden_outdoor_space,True,hand_detail,none,garden_view,daytime,4.0,True,feature_description,styled_editorial,experience_activity,
17903809023269857,True,activity,True,guest_lifestyle,none,no_view,daytime,4.0,False,none,styled_editorial,experience_activity,
18077097046919239,True,food_drink,False,none,traditional_japanese,no_view,night,5.0,False,none,styled_editorial,food_dining,
18053221847300672,True,exterior_entrance,False,none,none,no_view,daytime,1.0,True,facility_name_logo,documentary_photo,brand_worldview,
18118888303645445,True,exterior_entrance,False,none,traditional_japanese,garden_view,daytime,4.0,False,none,wide_establishing,brand_worldview,
17975937563817723,True,other,False,none,none,none,daytime,4.0,True,season_event_announcement,styled_editorial,season_event,
18023368730555976,True,activity,True,hand_detail,none,city_view,daytime,3.0,True,feature_description,styled_editorial,experience_activity,
18029073218665531,True,garden_outdoor_space,True,guest_lifestyle,glamping_unique,no_view,night,4.0,True,feature_description,styled_editorial,experience_activity,
18115756225560049,True,food_drink,False,none,none,no_view,daytime,5.0,False,none,styled_editorial,food_dining,
17980655279846311,True,pool_spa,False,none,none,garden_view,daytime,3.0,True,feature_description,documentary_photo,experience_activity,
18027840493951496,True,pool_spa,False,none,none,ocean_view,daytime,5.0,False,none,drone_aerial,experience_activity,
17902586060937182,True,lobby_lounge,False,none,none,no_view,unknown,3.0,True,facility_name_logo,wide_establishing,brand_worldview,
17987456285478004,True,activity,True,hand_detail,none,no_view,daytime,3.0,True,feature_description,close_up_detail,experience_activity,
17896129032293167,True,activity,False,none,none,other,daytime,1.0,True,feature_description,styled_editorial,experience_activity,
18060610796221883,True,view_from_window,False,none,none,city_view,night,5.0,False,none,wide_establishing,view_scenery,
18052977049861025,True,view_from_window,True,silhouette_distant,none,ocean_view,daytime,4.0,False,none,documentary_photo,view_scenery,
17846246067274292,True,pool_spa,False,none,none,ocean_view,golden_hour_sunset,4.0,True,feature_description,styled_editorial,experience_activity,
18114701326704009,True,room,True,guest_lifestyle,suite_highend,city_view,daytime,4.0,False,none,styled_editorial,room_showcase,
17928586242250442,True,exterior_entrance,True,family,none,none,daytime,3.0,True,feature_description,documentary_photo,experience_activity,
18319473184212923,True,exterior_entrance,True,guest_lifestyle,traditional_japanese,garden_view,daytime,4.0,True,season_event_announcement,styled_editorial,brand_worldview,
18054318947361101,True,exterior_entrance,False,none,traditional_japanese,garden_view,daytime,4.0,True,feature_description,wide_establishing,experience_activity,
18385514359137157,True,food_drink,False,none,none,no_view,daytime,4.0,True,feature_description,styled_editorial,food_dining,
17960068413042423,True,pool_spa,False,none,none,no_view,night,4.0,False,none,styled_editorial,experience_activity,
18101792176780533,True,food_drink,False,none,none,none,daytime,5.0,False,none,flat_lay,food_dining,
18057425554644251,True,room,True,guest_lifestyle,traditional_japanese,no_view,daytime,3.0,False,none,styled_editorial,room_showcase,
17958688158098455,True,food_drink,False,none,none,none,daytime,4.0,False,none,close_up_detail,food_dining,
17905835217174949,True,garden_outdoor_space,True,guest_lifestyle,none,ocean_view,daytime,3.0,True,feature_description,wide_establishing,experience_activity,
17911477392348312,True,room,False,none,traditional_japanese,no_view,night,4.0,False,none,styled_editorial,room_showcase,
18130149103440259,True,restaurant_bar,False,none,none,none,daytime,5.0,True,season_event_announcement,styled_editorial,food_dining,
18089601533507319,True,restaurant_bar,True,guest_lifestyle,none,no_view,night,5.0,True,feature_description,styled_editorial,experience_activity,
17844611394221959,True,lobby_lounge,False,none,none,no_view,unknown,3.0,False,none,styled_editorial,brand_worldview,
18120235822559224,True,other,False,none,none,ocean_view,golden_hour_sunset,5.0,True,price_plan_info,styled_editorial,price_plan_announcement,
17924565872891658,True,exterior_entrance,False,none,none,no_view,daytime,3.0,True,facility_name_logo,wide_establishing,brand_worldview,
18068120462122014,True,other,True,family,none,no_view,daytime,3.0,True,price_plan_info,documentary_photo,price_plan_announcement,
18078936454540335,True,food_drink,False,none,none,no_view,daytime,4.0,False,none,styled_editorial,food_dining,
17984250713902563,True,garden_outdoor_space,False,none,traditional_japanese,garden_view,night,4.0,True,feature_description,styled_editorial,brand_worldview,
17882502858172639,True,other,False,none,other,no_view,night,4.0,True,feature_description,styled_editorial,experience_activity,
18037930487025013,True,food_drink,False,none,none,none,unknown,5.0,False,none,styled_editorial,food_dining,
18081150793729359,True,restaurant_bar,True,hand_detail,none,no_view,daytime,4.0,False,none,close_up_detail,food_dining,
18068470763533992,True,pool_spa,False,none,traditional_japanese,garden_view,daytime,4.0,False,none,close_up_detail,experience_activity,
18099046361052977,True,exterior_entrance,False,none,none,ocean_view,daytime,3.0,True,price_plan_info,wide_establishing,price_plan_announcement,
17985597002961544,True,activity,False,none,none,none,unknown,3.0,True,season_event_announcement,other,season_event,
18066631049437492,True,pool_spa,False,none,none,mountain_view,daytime,5.0,True,facility_name_logo,styled_editorial,experience_activity,
18291690364201376,True,exterior_entrance,True,other,none,no_view,night,4.0,True,season_event_announcement,styled_editorial,experience_activity,
18137747623516825,True,restaurant_bar,False,none,none,garden_view,golden_hour_sunset,4.0,True,feature_description,styled_editorial,food_dining,
18120666769628274,True,restaurant_bar,False,none,none,no_view,unknown,4.0,True,facility_name_logo,styled_editorial,food_dining,
18120806140646164,True,food_drink,False,none,none,none,unknown,4.0,True,facility_name_logo,close_up_detail,food_dining,
17891382525180542,True,food_drink,True,hand_detail,none,no_view,daytime,3.0,True,facility_name_logo,close_up_detail,food_dining,
18076600250399397,True,food_drink,True,hand_detail,none,no_view,daytime,3.0,False,none,close_up_detail,food_dining,
17967833865032426,True,restaurant_bar,False,none,none,none,daytime,5.0,True,season_event_announcement,styled_editorial,season_event,
18095416151009745,True,room,False,none,standard,no_view,night,3.0,False,none,styled_editorial,room_showcase,
18063303961666288,True,activity,False,none,glamping_unique,no_view,night,4.0,True,feature_description,close_up_detail,experience_activity,
18076969720822494,True,restaurant_bar,False,none,none,no_view,unknown,4.0,True,price_plan_info,styled_editorial,price_plan_announcement,
18031077185033656,True,garden_outdoor_space,False,none,none,no_view,night,3.0,True,feature_description,styled_editorial,price_plan_announcement,
18283644073265440,True,amenity_detail,False,none,suite_highend,no_view,daytime,4.0,False,none,close_up_detail,room_showcase,
18089814637975848,True,room,False,none,standard,city_view,daytime,4.0,False,none,styled_editorial,room_showcase,
18019245668531401,True,restaurant_bar,False,none,none,partial_view,daytime,2.0,True,facility_name_logo,wide_establishing,food_dining,
18088269134254576,True,room,True,family,suite_highend,city_view,daytime,4.0,False,none,styled_editorial,room_showcase,
18052190122862534,True,activity,True,family,none,none,daytime,2.0,False,none,close_up_detail,experience_activity,
17886832407060473,True,lobby_lounge,True,staff,none,no_view,daytime,3.0,False,none,documentary_photo,experience_activity,
18103110455309997,True,garden_outdoor_space,False,none,none,garden_view,daytime,3.0,True,other,wide_establishing,experience_activity,
18056095226065374,True,food_drink,False,none,none,no_view,unknown,5.0,False,none,styled_editorial,food_dining,
18119607106638077,True,activity,False,none,none,no_view,unknown,1.0,True,feature_description,documentary_photo,experience_activity,
18059958962135069,True,room,False,none,standard,no_view,daytime,4.0,False,none,wide_establishing,room_showcase,
17969294537718706,True,pool_spa,False,none,traditional_japanese,mountain_view,daytime,3.0,True,feature_description,documentary_photo,experience_activity,
18391921522134097,True,room,False,none,suite_highend,ocean_view,daytime,5.0,False,none,styled_editorial,room_showcase,
17921072946126944,True,garden_outdoor_space,False,none,traditional_japanese,garden_view,daytime,4.0,True,feature_description,wide_establishing,experience_activity,
18014762843842393,True,room,False,none,suite_highend,ocean_view,daytime,5.0,True,price_plan_info,styled_editorial,price_plan_announcement,
18026643428358552,True,food_drink,False,none,none,no_view,daytime,4.0,False,none,close_up_detail,food_dining,
18100291484508891,True,activity,False,none,none,other,daytime,3.0,True,feature_description,documentary_photo,experience_activity,
18106204957600909,True,pool_spa,False,none,none,mountain_view,daytime,4.0,True,facility_name_logo,styled_editorial,experience_activity,
17989467764974122,True,activity,False,none,none,no_view,unknown,2.0,True,season_event_announcement,styled_editorial,experience_activity,
17843722464686189,True,amenity_detail,False,none,none,none,daytime,4.0,True,facility_name_logo,close_up_detail,brand_worldview,
17879564088467382,True,lobby_lounge,True,guest_lifestyle,none,no_view,daytime,4.0,False,none,documentary_photo,brand_worldview,
17851202496622349,True,exterior_entrance,False,none,none,none,daytime,4.0,True,season_event_announcement,wide_establishing,season_event,
18094247729131374,True,lobby_lounge,False,none,none,no_view,night,4.0,False,none,styled_editorial,brand_worldview,
18058455901751383,True,room,False,none,standard,city_view,golden_hour_sunset,4.0,False,none,styled_editorial,room_showcase,
18035179210923349,True,activity,True,hand_detail,none,none,daytime,2.0,False,none,close_up_detail,experience_activity,
18040345514602488,True,other,False,none,suite_highend,no_view,unknown,5.0,True,feature_description,styled_editorial,experience_activity,
17858710209427995,True,exterior_entrance,True,silhouette_distant,none,city_view,daytime,3.0,True,other,wide_establishing,experience_activity,
17926185924197606,True,food_drink,False,none,none,none,unknown,5.0,True,feature_description,styled_editorial,food_dining,
18168399280365464,True,food_drink,False,none,none,no_view,daytime,4.0,False,none,styled_editorial,food_dining,
18382312951199915,True,food_drink,False,none,none,no_view,daytime,4.0,False,none,styled_editorial,food_dining,
17867256915599738,True,view_from_window,True,silhouette_distant,none,other,daytime,5.0,False,none,drone_aerial,view_scenery,
18100821586815653,True,lobby_lounge,True,guest_lifestyle,standard,city_view,daytime,4.0,True,facility_name_logo,styled_editorial,brand_worldview,
17977314137843021,True,other,False,none,none,none,unknown,4.0,True,season_event_announcement,other,season_event,
17967228167762193,True,food_drink,True,hand_detail,none,no_view,daytime,3.0,True,feature_description,close_up_detail,food_dining,
17945110301966903,True,garden_outdoor_space,False,none,none,garden_view,daytime,4.0,True,feature_description,styled_editorial,experience_activity,
18082775104971440,True,pool_spa,True,guest_lifestyle,traditional_japanese,no_view,daytime,4.0,True,feature_description,styled_editorial,experience_activity,
17920413279127991,True,room,False,none,standard,no_view,night,3.0,True,feature_description,wide_establishing,experience_activity,
18047036231232133,True,food_drink,False,none,none,none,daytime,4.0,True,feature_description,flat_lay,food_dining,
18388917427120311,True,amenity_detail,False,none,none,no_view,unknown,3.0,False,none,close_up_detail,room_showcase,
17988792353793157,True,room,True,couple,traditional_japanese,no_view,golden_hour_sunset,4.0,False,none,styled_editorial,experience_activity,
18075394409005766,True,food_drink,False,none,none,no_view,daytime,4.0,False,none,styled_editorial,season_event,
18334180684222092,True,view_from_window,False,none,none,city_view,daytime,3.0,True,access_location_info,wide_establishing,view_scenery,
18118246306658539,True,lobby_lounge,False,none,none,partial_view,daytime,4.0,False,none,styled_editorial,brand_worldview,
17903390172201606,True,other,True,family,none,none,daytime,3.0,True,season_event_announcement,styled_editorial,season_event,
17923022982023306,True,restaurant_bar,True,silhouette_distant,none,no_view,unknown,4.0,True,season_event_announcement,close_up_detail,season_event,
18188026585345793,True,pool_spa,True,guest_lifestyle,none,ocean_view,daytime,4.0,True,feature_description,styled_editorial,experience_activity,
18091499495095846,True,restaurant_bar,True,staff,none,partial_view,golden_hour_sunset,5.0,False,none,styled_editorial,food_dining,
18081262175381415,True,exterior_entrance,False,none,none,none,daytime,4.0,False,none,styled_editorial,brand_worldview,
18001869047229627,True,food_drink,False,none,none,none,daytime,4.0,True,feature_description,flat_lay,food_dining,
18114951460688164,True,activity,True,family,none,ocean_view,daytime,2.0,False,none,documentary_photo,experience_activity,
17925285522290493,True,garden_outdoor_space,True,family,none,mountain_view,daytime,4.0,True,access_location_info,styled_editorial,experience_activity,
18110732626482351,True,room,False,none,suite_highend,partial_view,daytime,4.0,False,none,styled_editorial,room_showcase,
18119197918644995,True,food_drink,False,none,none,no_view,unknown,3.0,True,facility_name_logo,close_up_detail,food_dining,
17921119659016078,True,pool_spa,True,guest_lifestyle,none,mountain_view,daytime,4.0,True,feature_description,drone_aerial,experience_activity,
18121408513734877,True,restaurant_bar,False,none,none,mountain_view,daytime,4.0,False,none,styled_editorial,food_dining,
18048110785749481,True,garden_outdoor_space,True,guest_lifestyle,none,garden_view,daytime,4.0,False,none,styled_editorial,experience_activity,
18458361850020566,True,other,False,none,none,none,unknown,3.0,True,access_location_info,other,brand_worldview,
17918453700083854,True,room,False,none,traditional_japanese,garden_view,daytime,5.0,False,none,styled_editorial,room_showcase,
18061810205470379,True,activity,True,family,none,garden_view,daytime,4.0,True,feature_description,styled_editorial,experience_activity,
18446204356002260,True,lobby_lounge,False,none,none,no_view,daytime,5.0,False,none,styled_editorial,brand_worldview,
18073602781756877,True,pool_spa,False,none,none,no_view,unknown,4.0,False,none,close_up_detail,experience_activity,
18047468125787529,True,restaurant_bar,False,none,none,no_view,night,5.0,False,none,styled_editorial,food_dining,
17970072443881480,True,exterior_entrance,True,silhouette_distant,none,garden_view,daytime,4.0,True,facility_name_logo,styled_editorial,brand_worldview,
18010917059397063,True,other,True,silhouette_distant,none,mountain_view,daytime,4.0,False,none,wide_establishing,view_scenery,
18095625620042559,True,restaurant_bar,False,none,none,no_view,night,5.0,True,feature_description,styled_editorial,brand_worldview,
17990949938581241,True,room,False,none,traditional_japanese,mountain_view,daytime,4.0,False,none,styled_editorial,room_showcase,
18105396682704553,True,lobby_lounge,False,none,none,city_view,night,5.0,True,facility_name_logo,styled_editorial,brand_worldview,
17910297363163847,True,activity,True,family,none,ocean_view,daytime,4.0,True,feature_description,styled_editorial,experience_activity,
18388881496123862,True,food_drink,False,none,none,no_view,night,4.0,False,none,styled_editorial,food_dining,
18267603088235729,True,exterior_entrance,False,none,none,mountain_view,daytime,4.0,True,price_plan_info,drone_aerial,price_plan_announcement,
18004954844911210,True,food_drink,True,hand_detail,none,no_view,daytime,3.0,True,season_event_announcement,styled_editorial,season_event,
18046295750566396,True,exterior_entrance,False,none,none,no_view,daytime,3.0,True,price_plan_info,documentary_photo,food_dining,
18024104327010350,True,lobby_lounge,False,none,none,partial_view,golden_hour_sunset,5.0,False,none,styled_editorial,brand_worldview,
17913532166898664,True,food_drink,False,none,none,none,night,4.0,True,feature_description,styled_editorial,food_dining,
17937556116036545,True,garden_outdoor_space,True,silhouette_distant,none,mountain_view,daytime,4.0,True,price_plan_info,documentary_photo,price_plan_announcement,
18091802251582730,True,activity,True,other,none,city_view,daytime,2.0,True,feature_description,documentary_photo,experience_activity,
17990155103902712,True,activity,False,none,glamping_unique,no_view,unknown,4.0,True,feature_description,close_up_detail,experience_activity,
18001490159807181,True,activity,True,guest_lifestyle,none,other,daytime,3.0,True,season_event_announcement,documentary_photo,experience_activity,
18028522208414521,True,pool_spa,True,guest_lifestyle,none,ocean_view,golden_hour_sunset,4.0,True,feature_description,wide_establishing,experience_activity,
17965468121900150,True,room,False,none,suite_highend,no_view,golden_hour_sunset,4.0,False,none,styled_editorial,room_showcase,
17983944215745885,True,garden_outdoor_space,False,none,none,city_view,daytime,4.0,False,none,wide_establishing,view_scenery,
18075895268210440,True,food_drink,False,none,none,no_view,daytime,4.0,False,none,close_up_detail,food_dining,
17975566424982492,True,restaurant_bar,False,none,none,ocean_view,daytime,4.0,True,feature_description,styled_editorial,food_dining,
17969005895885901,True,restaurant_bar,False,none,none,ocean_view,daytime,4.0,True,other,styled_editorial,food_dining,
18003125711712176,True,food_drink,False,none,none,no_view,daytime,5.0,False,none,styled_editorial,food_dining,
18032247173412778,True,food_drink,False,none,none,none,daytime,4.0,True,season_event_announcement,styled_editorial,food_dining,
18100458364427394,True,food_drink,False,none,none,no_view,unknown,5.0,False,none,styled_editorial,food_dining,
17919864177104028,True,exterior_entrance,False,none,traditional_japanese,none,golden_hour_sunset,5.0,True,facility_name_logo,wide_establishing,brand_worldview,
18337074730173788,True,activity,False,none,none,mountain_view,daytime,4.0,True,feature_description,documentary_photo,experience_activity,
18335879728243372,True,other,False,none,none,ocean_view,daytime,3.0,True,other,wide_establishing,experience_activity,
18101619790522112,True,garden_outdoor_space,True,silhouette_distant,none,ocean_view,golden_hour_sunset,3.0,True,season_event_announcement,wide_establishing,season_event,
18282513310231736,True,pool_spa,False,none,traditional_japanese,garden_view,golden_hour_sunset,5.0,False,none,styled_editorial,room_showcase,
18106961653917785,True,exterior_entrance,True,guest_lifestyle,none,city_view,daytime,4.0,False,none,wide_establishing,brand_worldview,
17931891252038724,True,food_drink,True,hand_detail,none,no_view,daytime,5.0,False,none,close_up_detail,food_dining,
18027247310346788,True,pool_spa,False,none,none,garden_view,daytime,4.0,False,none,styled_editorial,experience_activity,
18150218554364265,True,lobby_lounge,True,guest_lifestyle,none,no_view,daytime,4.0,False,none,styled_editorial,experience_activity,
17999564396359774,True,activity,False,none,none,garden_view,daytime,3.0,False,none,close_up_detail,experience_activity,
17860543530086874,True,room,False,none,standard,partial_view,daytime,3.0,True,facility_name_logo,styled_editorial,room_showcase,
18414957220127953,True,food_drink,False,none,none,none,unknown,4.0,True,season_event_announcement,styled_editorial,season_event,
18169531489353506,True,other,False,none,none,no_view,unknown,3.0,False,none,documentary_photo,brand_worldview,
18069518405522809,True,food_drink,False,none,none,no_view,daytime,4.0,False,none,styled_editorial,food_dining,
18162613777393658,True,lobby_lounge,False,none,none,no_view,night,4.0,True,season_event_announcement,styled_editorial,season_event,
18056308583401893,True,food_drink,False,none,none,no_view,daytime,4.0,False,none,styled_editorial,food_dining,
18127096111584503,True,lobby_lounge,True,staff,none,no_view,unknown,4.0,True,feature_description,styled_editorial,brand_worldview,
18077566303972745,True,food_drink,False,none,none,none,daytime,4.0,False,none,styled_editorial,food_dining,
18112456774587388,True,exterior_entrance,False,none,none,garden_view,daytime,4.0,False,none,wide_establishing,brand_worldview,
17884967472078668,True,pool_spa,False,none,none,mountain_view,daytime,5.0,False,none,wide_establishing,experience_activity,
17902701552060624,True,food_drink,False,none,none,partial_view,daytime,4.0,False,none,close_up_detail,food_dining,
18554648623054965,True,exterior_entrance,False,none,none,none,night,5.0,True,ranking_award,wide_establishing,brand_worldview,
18091209262443118,True,pool_spa,False,none,none,mountain_view,daytime,4.0,False,none,wide_establishing,experience_activity,
17916548724125231,True,restaurant_bar,False,none,none,garden_view,daytime,3.0,False,none,styled_editorial,food_dining,
18388935118098492,True,other,True,other,none,no_view,unknown,2.0,False,none,close_up_detail,season_event,
18249632245248745,True,food_drink,False,none,none,no_view,daytime,3.0,False,none,close_up_detail,food_dining,
18099999922740341,True,other,True,silhouette_distant,none,city_view,daytime,3.0,True,feature_description,wide_establishing,experience_activity,
18154496893458497,True,room,False,none,standard,no_view,daytime,2.0,False,none,close_up_detail,experience_activity,
17898724464426199,True,lobby_lounge,True,guest_lifestyle,none,no_view,unknown,4.0,False,none,styled_editorial,brand_worldview,
18331470427228812,True,food_drink,True,hand_detail,none,partial_view,daytime,4.0,True,facility_name_logo,close_up_detail,food_dining,
17921040090223665,True,food_drink,False,none,none,no_view,unknown,5.0,False,none,flat_lay,food_dining,
17851422735655905,True,activity,True,silhouette_distant,none,city_view,golden_hour_sunset,3.0,True,feature_description,styled_editorial,experience_activity,
18044356702914938,True,pool_spa,False,none,none,mountain_view,daytime,4.0,True,feature_description,styled_editorial,experience_activity,
17912175909186058,True,activity,False,none,none,city_view,daytime,3.0,True,feature_description,wide_establishing,experience_activity,
17960935973776732,True,pool_spa,True,guest_lifestyle,none,partial_view,daytime,4.0,True,facility_name_logo,wide_establishing,experience_activity,
17861692476543918,True,restaurant_bar,False,none,none,none,night,4.0,True,facility_name_logo,styled_editorial,food_dining,
17894763654444992,True,restaurant_bar,True,couple,none,partial_view,night,4.0,False,none,styled_editorial,experience_activity,
17927326902129185,True,lobby_lounge,False,none,none,no_view,daytime,4.0,True,facility_name_logo,close_up_detail,brand_worldview,
17997737747586968,True,garden_outdoor_space,True,silhouette_distant,villa_private,garden_view,daytime,4.0,False,none,styled_editorial,room_showcase,
17856078441249564,True,room,False,none,suite_highend,partial_view,daytime,4.0,False,none,styled_editorial,room_showcase,
18466615213012221,True,activity,False,none,none,other,daytime,1.0,True,feature_description,documentary_photo,experience_activity,
18078998878475551,True,room,False,none,traditional_japanese,city_view,night,4.0,False,none,styled_editorial,room_showcase,
18094237145159540,True,activity,True,guest_lifestyle,none,ocean_view,golden_hour_sunset,4.0,True,season_event_announcement,styled_editorial,experience_activity,
18123730264529348,True,pool_spa,False,none,none,ocean_view,daytime,4.0,True,feature_description,wide_establishing,experience_activity,
18059079194238654,True,food_drink,False,none,none,no_view,daytime,5.0,False,none,styled_editorial,food_dining,
18095774815486880,True,room,False,none,glamping_unique,ocean_view,golden_hour_sunset,4.0,True,feature_description,styled_editorial,room_showcase,
17998020359866894,True,garden_outdoor_space,True,couple,none,city_view,daytime,4.0,True,season_event_announcement,wide_establishing,season_event,
17928860310257246,True,exterior_entrance,False,none,none,no_view,daytime,3.0,True,facility_name_logo,wide_establishing,brand_worldview,
18039032315379157,True,food_drink,False,none,none,city_view,daytime,5.0,False,none,styled_editorial,food_dining,
17873297406261746,True,food_drink,False,none,none,none,night,5.0,False,none,styled_editorial,food_dining,
18092186626899789,True,lobby_lounge,False,none,none,partial_view,daytime,4.0,True,facility_name_logo,styled_editorial,brand_worldview,
18053641940269979,True,pool_spa,True,guest_lifestyle,none,none,daytime,3.0,True,season_event_announcement,styled_editorial,season_event,
18149207986376352,True,amenity_detail,False,none,none,none,unknown,3.0,False,none,close_up_detail,brand_worldview,
18105940453613827,True,food_drink,False,none,none,none,unknown,5.0,False,none,styled_editorial,food_dining,
18245045614287765,True,activity,True,hand_detail,none,ocean_view,golden_hour_sunset,3.0,True,ranking_award,styled_editorial,brand_worldview,
18064864474890369,True,restaurant_bar,False,none,none,none,unknown,5.0,False,none,styled_editorial,food_dining,
17851314993649506,True,room,False,none,suite_highend,no_view,unknown,4.0,True,season_event_announcement,styled_editorial,season_event,
17881012833509006,True,food_drink,False,none,none,none,daytime,3.0,True,facility_name_logo,styled_editorial,food_dining,
17845047657330600,True,exterior_entrance,False,none,none,ocean_view,night,4.0,True,feature_description,wide_establishing,other,
18055428809553746,True,food_drink,False,none,none,none,night,4.0,True,season_event_announcement,styled_editorial,season_event,
18199993639311506,True,other,False,none,none,ocean_view,daytime,4.0,True,other,drone_aerial,experience_activity,
18357391732226501,True,exterior_entrance,True,silhouette_distant,none,city_view,daytime,4.0,True,facility_name_logo,wide_establishing,brand_worldview,
17899134471299528,True,activity,True,guest_lifestyle,glamping_unique,garden_view,night,3.0,True,season_event_announcement,styled_editorial,season_event,
18379723816196847,True,pool_spa,False,none,suite_highend,ocean_view,golden_hour_sunset,5.0,False,none,styled_editorial,experience_activity,
18046557563760148,True,food_drink,False,none,none,no_view,daytime,5.0,True,season_event_announcement,flat_lay,food_dining,
18322748449270150,True,garden_outdoor_space,True,guest_lifestyle,none,garden_view,daytime,3.0,False,none,styled_editorial,experience_activity,
18369677245166363,True,food_drink,False,none,none,no_view,daytime,5.0,False,none,styled_editorial,food_dining,
17960223026989407,True,other,False,none,none,other,daytime,5.0,False,none,close_up_detail,view_scenery,
17987956328869210,True,room,False,none,traditional_japanese,ocean_view,golden_hour_sunset,5.0,False,none,styled_editorial,room_showcase,
18278536615267638,True,room,False,none,suite_highend,no_view,daytime,4.0,False,none,styled_editorial,room_showcase,
18130107832408291,True,food_drink,True,hand_detail,none,no_view,daytime,4.0,False,none,close_up_detail,food_dining,
18073893920210013,True,garden_outdoor_space,True,silhouette_distant,none,mountain_view,daytime,2.0,True,feature_description,documentary_photo,experience_activity,
18061245059182006,True,room,False,none,standard,mountain_view,daytime,3.0,False,none,wide_establishing,room_showcase,
18094565677889672,True,room,False,none,standard,no_view,daytime,4.0,True,facility_name_logo,styled_editorial,room_showcase,
18098345330024026,True,food_drink,False,none,none,none,daytime,4.0,False,none,styled_editorial,food_dining,
18029454284582103,True,view_from_window,False,none,none,city_view,golden_hour_sunset,4.0,False,none,wide_establishing,view_scenery,
17877282165577657,True,restaurant_bar,False,none,none,garden_view,daytime,4.0,True,season_event_announcement,styled_editorial,season_event,
18050294846612615,True,exterior_entrance,True,guest_lifestyle,none,no_view,daytime,4.0,True,facility_name_logo,styled_editorial,brand_worldview,
18026071925133714,True,lobby_lounge,False,none,none,partial_view,daytime,5.0,False,none,close_up_detail,food_dining,
17850903651487404,True,exterior_entrance,False,none,none,ocean_view,daytime,5.0,True,season_event_announcement,drone_aerial,season_event,
18032350700090848,True,activity,False,none,none,no_view,daytime,4.0,False,none,styled_editorial,experience_activity,
18068778514662254,True,garden_outdoor_space,True,guest_lifestyle,none,ocean_view,daytime,4.0,False,none,wide_establishing,experience_activity,
18072373679276481,True,garden_outdoor_space,True,family,none,city_view,daytime,3.0,True,feature_description,styled_editorial,experience_activity,
17929201563267966,True,restaurant_bar,True,staff,none,partial_view,night,4.0,False,none,styled_editorial,food_dining,
18060750197559256,True,food_drink,True,hand_detail,none,none,daytime,4.0,False,none,close_up_detail,food_dining,
18078138892936636,True,lobby_lounge,False,none,none,city_view,daytime,4.0,True,season_event_announcement,documentary_photo,season_event,
17962549310675791,True,room,False,none,traditional_japanese,no_view,daytime,4.0,False,none,styled_editorial,room_showcase,
17865705210360914,True,food_drink,False,none,none,none,unknown,4.0,False,none,styled_editorial,food_dining,
18051465440375826,True,amenity_detail,False,none,none,no_view,daytime,2.0,False,none,documentary_photo,other,
17891902758160170,True,lobby_lounge,True,staff,none,no_view,unknown,5.0,True,feature_description,documentary_photo,brand_worldview,
17979302186931595,True,room,True,staff,standard,no_view,unknown,3.0,True,ranking_award,documentary_photo,brand_worldview,
18101436202611605,True,view_from_window,False,none,none,ocean_view,golden_hour_sunset,5.0,True,feature_description,wide_establishing,view_scenery,
17842543386456535,True,experience_activity,True,silhouette_distant,none,ocean_view,daytime,5.0,False,none,drone_aerial,experience_activity,
18081059611890144,True,restaurant_bar,False,none,none,no_view,night,4.0,False,none,flat_lay,food_dining,
17920012437052401,True,food_drink,False,none,none,no_view,daytime,3.0,True,feature_description,close_up_detail,food_dining,
17871079941204209,True,food_drink,False,none,none,no_view,daytime,5.0,False,none,styled_editorial,food_dining,
17996161373954632,True,food_drink,False,none,none,no_view,daytime,5.0,False,none,styled_editorial,food_dining,
17968038612043938,True,restaurant_bar,False,none,none,none,unknown,3.0,True,price_plan_info,documentary_photo,price_plan_announcement,
18002586767583017,True,food_drink,False,none,none,no_view,daytime,5.0,False,none,flat_lay,food_dining,
18070577266521833,True,garden_outdoor_space,False,none,glamping_unique,garden_view,daytime,4.0,True,feature_description,wide_establishing,experience_activity,
18055038359019869,True,restaurant_bar,True,guest_lifestyle,none,city_view,night,4.0,False,none,styled_editorial,food_dining,
17851934400254783,True,food_drink,False,none,none,none,daytime,3.0,False,none,close_up_detail,food_dining,
18086433208617399,True,pool_spa,True,silhouette_distant,none,no_view,daytime,3.0,False,none,documentary_photo,experience_activity,
18032111042565012,True,food_drink,False,none,none,ocean_view,daytime,4.0,True,facility_name_logo,styled_editorial,food_dining,
17927146620237091,True,garden_outdoor_space,False,none,none,mountain_view,daytime,4.0,True,access_location_info,wide_establishing,brand_worldview,
17982351191691177,True,amenity_detail,False,none,none,none,daytime,3.0,True,feature_description,close_up_detail,season_event,
18085375595364715,True,other,False,none,none,none,unknown,3.0,True,season_event_announcement,other,season_event,
18023135132209940,True,restaurant_bar,True,guest_lifestyle,none,city_view,daytime,4.0,False,none,documentary_photo,food_dining,
17954307902988964,True,restaurant_bar,False,none,none,city_view,night,5.0,True,feature_description,styled_editorial,food_dining,
18098422012633777,True,food_drink,False,none,none,none,daytime,4.0,False,none,close_up_detail,food_dining,
18141641158465006,True,food_drink,False,none,none,none,unknown,4.0,True,price_plan_info,close_up_detail,food_dining,
18057977290661103,True,activity,True,family,none,garden_view,daytime,2.0,True,facility_name_logo,styled_editorial,experience_activity,
18062151335618512,True,lobby_lounge,False,none,none,no_view,unknown,4.0,True,feature_description,styled_editorial,brand_worldview,
17967074283023568,True,food_drink,False,none,none,no_view,daytime,4.0,False,none,styled_editorial,food_dining,
18029549828552243,True,food_drink,False,none,none,none,daytime,3.0,True,feature_description,close_up_detail,food_dining,
17871832491327405,True,garden_outdoor_space,False,none,none,ocean_view,daytime,4.0,False,none,styled_editorial,view_scenery,
18069397229148453,True,pool_spa,False,none,none,no_view,daytime,3.0,True,season_event_announcement,documentary_photo,season_event,
17893025304310975,True,garden_outdoor_space,False,none,none,garden_view,daytime,3.0,False,none,documentary_photo,brand_worldview,
17879967582183802,True,garden_outdoor_space,False,none,none,garden_view,daytime,4.0,False,none,wide_establishing,view_scenery,
17961564785841372,True,room,False,none,traditional_japanese,no_view,night,4.0,False,none,close_up_detail,room_showcase,
18226531009308792,True,food_drink,False,none,none,none,daytime,4.0,False,none,flat_lay,food_dining,
18322098865254322,True,food_drink,False,none,none,none,daytime,4.0,True,feature_description,flat_lay,food_dining,
18070641203636134,True,food_drink,False,none,none,none,daytime,5.0,True,feature_description,styled_editorial,food_dining,
18123186853719237,True,garden_outdoor_space,False,none,none,garden_view,golden_hour_sunset,4.0,False,none,styled_editorial,season_event,
18041301029574510,True,food_drink,False,none,none,none,daytime,4.0,True,feature_description,styled_editorial,food_dining,
18169810075403471,True,food_drink,False,none,none,no_view,unknown,4.0,False,none,close_up_detail,food_dining,
17953451267771263,True,garden_outdoor_space,False,none,traditional_japanese,mountain_view,daytime,4.0,False,none,wide_establishing,brand_worldview,
18005199677513532,True,garden_outdoor_space,False,none,none,mountain_view,daytime,3.0,False,none,documentary_photo,experience_activity,
18292729627168983,True,food_drink,False,none,none,none,daytime,4.0,False,none,flat_lay,food_dining,
18011925695257329,True,restaurant_bar,False,none,traditional_japanese,no_view,unknown,4.0,False,none,wide_establishing,room_showcase,
18088312157261593,True,room,False,none,suite_highend,partial_view,daytime,4.0,True,feature_description,styled_editorial,room_showcase,
18127399561442145,True,garden_outdoor_space,False,none,none,other,daytime,5.0,False,none,wide_establishing,view_scenery,
18114206461703340,True,food_drink,False,none,none,garden_view,daytime,5.0,True,season_event_announcement,styled_editorial,food_dining,
17888117970311286,True,food_drink,False,none,none,no_view,daytime,5.0,True,feature_description,styled_editorial,food_dining,
17941614335728870,True,pool_spa,False,none,none,garden_view,daytime,4.0,False,none,styled_editorial,experience_activity,
18073184683826651,True,garden_outdoor_space,True,family,none,mountain_view,daytime,3.0,True,price_plan_info,styled_editorial,experience_activity,
18057931076201599,True,food_drink,False,none,none,no_view,daytime,3.0,False,none,close_up_detail,food_dining,
18099553625091095,True,activity,True,guest_lifestyle,none,none,daytime,3.0,True,feature_description,styled_editorial,experience_activity,
18117533542659487,True,activity,True,family,glamping_unique,garden_view,daytime,4.0,True,season_event_announcement,styled_editorial,experience_activity,
18088849337602522,True,lobby_lounge,False,none,traditional_japanese,garden_view,daytime,4.0,False,none,styled_editorial,brand_worldview,
18010061027593627,True,room,False,none,standard,city_view,daytime,4.0,False,none,styled_editorial,room_showcase,
18117623818659171,True,garden_outdoor_space,False,none,none,garden_view,daytime,3.0,True,price_plan_info,styled_editorial,price_plan_announcement,
18060082396713444,True,restaurant_bar,True,guest_lifestyle,none,partial_view,night,4.0,True,facility_name_logo,styled_editorial,experience_activity,
17965718147907930,True,restaurant_bar,False,none,none,no_view,night,4.0,True,facility_name_logo,styled_editorial,brand_worldview,
18145481758417667,True,pool_spa,False,none,traditional_japanese,garden_view,night,5.0,False,none,styled_editorial,experience_activity,
18306058681091280,True,room,True,guest_lifestyle,standard,city_view,daytime,4.0,False,none,styled_editorial,room_showcase,
18104364706931316,True,room,False,none,suite_highend,ocean_view,daytime,4.0,False,none,styled_editorial,room_showcase,
18031523633797199,True,room,True,hand_detail,suite_highend,partial_view,golden_hour_sunset,4.0,True,price_plan_info,styled_editorial,price_plan_announcement,
17870580177315465,True,activity,False,none,none,none,daytime,3.0,False,none,close_up_detail,experience_activity,
18108788392652233,True,food_drink,False,none,none,no_view,daytime,5.0,False,none,styled_editorial,food_dining,
18093342599236029,True,garden_outdoor_space,True,guest_lifestyle,none,garden_view,daytime,4.0,False,none,styled_editorial,experience_activity,
18081857162583346,True,activity,False,none,none,no_view,daytime,2.0,True,feature_description,documentary_photo,experience_activity,
18056246422951256,True,activity,False,none,none,no_view,daytime,4.0,False,none,styled_editorial,experience_activity,
18314522737208118,True,other,False,none,none,none,unknown,2.0,True,season_event_announcement,other,season_event,
18100653313996901,True,view_from_window,True,couple,none,ocean_view,golden_hour_sunset,5.0,False,none,wide_establishing,view_scenery,
18009571913229712,True,food_drink,False,none,none,none,unknown,4.0,False,none,styled_editorial,food_dining,
18109794493461620,True,restaurant_bar,False,none,none,none,unknown,4.0,False,none,styled_editorial,food_dining,
18044784944379708,True,restaurant_bar,True,hand_detail,none,no_view,daytime,5.0,False,none,styled_editorial,food_dining,
17943939197985807,True,room,False,none,traditional_japanese,ocean_view,daytime,4.0,False,none,styled_editorial,room_showcase,
17850772482660930,True,activity,True,guest_lifestyle,none,other,daytime,4.0,False,none,wide_establishing,experience_activity,
18178650340390307,True,lobby_lounge,False,none,suite_highend,ocean_view,daytime,5.0,True,price_plan_info,styled_editorial,room_showcase,
17869532073134417,True,food_drink,False,none,none,no_view,daytime,5.0,False,none,styled_editorial,food_dining,
17888456178424953,True,restaurant_bar,True,hand_detail,none,city_view,night,4.0,False,none,styled_editorial,food_dining,
18450101200073613,True,pool_spa,False,none,none,ocean_view,night,4.0,False,none,wide_establishing,view_scenery,
18092160817470712,True,room,False,none,suite_highend,ocean_view,daytime,4.0,False,none,wide_establishing,room_showcase,
17915566578271315,True,pool_spa,False,none,none,mountain_view,golden_hour_sunset,4.0,True,season_event_announcement,styled_editorial,season_event,
18001748090769675,True,amenity_detail,False,none,none,none,daytime,4.0,True,facility_name_logo,styled_editorial,brand_worldview,
18093707762056655,True,activity,False,none,none,no_view,unknown,3.0,True,feature_description,documentary_photo,experience_activity,
18106536853846327,True,pool_spa,False,none,none,mountain_view,daytime,4.0,True,access_location_info,styled_editorial,experience_activity,
17928130863026373,True,food_drink,False,none,none,none,daytime,3.0,False,none,close_up_detail,food_dining,
18008289962799654,True,activity,False,none,none,none,daytime,3.0,True,other,documentary_photo,experience_activity,
17940770711948295,True,food_drink,False,none,none,no_view,daytime,4.0,False,none,flat_lay,food_dining,
17850531282575434,True,lobby_lounge,False,none,traditional_japanese,no_view,unknown,4.0,False,none,styled_editorial,brand_worldview,
17914652319159343,True,exterior_entrance,False,none,none,garden_view,daytime,4.0,True,facility_name_logo,styled_editorial,brand_worldview,
18135266581362658,True,activity,False,none,none,garden_view,daytime,4.0,True,season_event_announcement,styled_editorial,experience_activity,
18048755765350259,True,lobby_lounge,True,guest_lifestyle,none,garden_view,night,4.0,True,feature_description,styled_editorial,experience_activity,
17997468812557102,True,restaurant_bar,False,none,none,no_view,daytime,5.0,False,none,styled_editorial,food_dining,
17965351892765243,True,garden_outdoor_space,False,none,none,garden_view,daytime,4.0,False,none,styled_editorial,brand_worldview,
18098101073472518,True,food_drink,False,none,none,none,daytime,4.0,False,none,close_up_detail,food_dining,
17868296457666840,True,room,True,family,standard,no_view,daytime,3.0,False,none,styled_editorial,experience_activity,
18088459688179196,True,food_drink,False,none,none,no_view,daytime,4.0,True,season_event_announcement,styled_editorial,season_event,
18317468215214510,True,exterior_entrance,False,none,none,none,daytime,3.0,True,other,wide_establishing,experience_activity,
18063583723579875,True,pool_spa,False,none,none,garden_view,daytime,3.0,False,none,wide_establishing,experience_activity,
18044976155030350,True,garden_outdoor_space,True,couple,none,mountain_view,daytime,4.0,True,other,wide_establishing,experience_activity,
18062653537958087,True,food_drink,False,none,none,none,daytime,4.0,True,feature_description,close_up_detail,food_dining,
18092237726013764,True,food_drink,False,none,none,none,daytime,5.0,False,none,flat_lay,food_dining,
18053049581686854,True,food_drink,False,none,none,no_view,daytime,4.0,True,season_event_announcement,styled_editorial,season_event,
18042177454735998,True,restaurant_bar,True,guest_lifestyle,none,no_view,daytime,3.0,True,facility_name_logo,styled_editorial,experience_activity,
18075409384991955,True,activity,True,guest_lifestyle,none,mountain_view,golden_hour_sunset,3.0,True,feature_description,documentary_photo,experience_activity,
17916443937143053,True,other,True,other,none,no_view,daytime,4.0,False,none,styled_editorial,other,
18331751746234641,True,food_drink,False,none,none,no_view,daytime,5.0,False,none,styled_editorial,food_dining,
18100022065849048,True,room,False,none,none,no_view,daytime,4.0,True,facility_name_logo,styled_editorial,room_showcase,
18134341009319777,True,other,True,silhouette_distant,none,ocean_view,daytime,4.0,True,season_event_announcement,wide_establishing,season_event,
18004437617833535,True,food_drink,True,hand_detail,none,no_view,daytime,4.0,False,none,close_up_detail,food_dining,
17998162472847446,True,room,False,none,suite_highend,no_view,daytime,4.0,False,none,styled_editorial,room_showcase,
17885479503487429,True,pool_spa,True,guest_lifestyle,none,city_view,daytime,4.0,True,ranking_award,wide_establishing,view_scenery,
18100486666966495,True,activity,False,none,none,ocean_view,daytime,4.0,True,other,documentary_photo,experience_activity,
18464676277052477,True,lobby_lounge,True,hand_detail,none,partial_view,daytime,4.0,True,feature_description,styled_editorial,experience_activity,
18197520502351229,True,activity,True,guest_lifestyle,none,none,night,4.0,True,season_event_announcement,styled_editorial,season_event,
18126225634482312,True,restaurant_bar,True,staff,none,none,unknown,4.0,True,season_event_announcement,styled_editorial,season_event,
17899500186317311,True,amenity_detail,False,none,none,no_view,daytime,4.0,True,feature_description,close_up_detail,brand_worldview,
17874138447508933,True,food_drink,False,none,none,none,unknown,4.0,True,facility_name_logo,flat_lay,food_dining,
18102497386685801,True,food_drink,False,none,none,none,daytime,5.0,True,season_event_announcement,styled_editorial,food_dining,
18325289938210239,True,restaurant_bar,True,guest_lifestyle,none,city_view,night,4.0,False,none,styled_editorial,food_dining,
17943014492980499,True,exterior_entrance,False,none,none,no_view,daytime,4.0,False,none,close_up_detail,brand_worldview,
18066224234555386,True,lobby_lounge,False,none,traditional_japanese,garden_view,daytime,4.0,True,feature_description,styled_editorial,brand_worldview,
17941662591137506,True,food_drink,False,none,none,no_view,daytime,4.0,True,season_event_announcement,styled_editorial,season_event,
17879046387418463,True,room,False,none,suite_highend,ocean_view,daytime,5.0,False,none,wide_establishing,room_showcase,
17894921459970948,True,food_drink,False,none,none,none,daytime,4.0,False,none,close_up_detail,food_dining,
18527609749002144,True,activity,True,guest_lifestyle,none,mountain_view,daytime,3.0,False,none,styled_editorial,experience_activity,
18106772146500393,True,room,False,none,traditional_japanese,no_view,daytime,4.0,False,none,styled_editorial,room_showcase,
18089609065892584,True,pool_spa,False,none,none,mountain_view,daytime,5.0,True,facility_name_logo,styled_editorial,experience_activity,
17933663255990347,True,food_drink,False,none,none,none,unknown,4.0,False,none,styled_editorial,food_dining,
18097334458844695,True,pool_spa,False,none,none,no_view,night,4.0,True,feature_description,styled_editorial,experience_activity,
18101976070945204,True,other,True,family,none,none,daytime,4.0,False,none,styled_editorial,experience_activity,
18035990183566086,True,food_drink,False,none,none,none,daytime,4.0,True,season_event_announcement,flat_lay,food_dining,
17880402267216457,True,activity,True,silhouette_distant,none,none,daytime,3.0,True,season_event_announcement,other,season_event,
17937724169963121,True,restaurant_bar,True,family,none,no_view,daytime,4.0,True,feature_description,styled_editorial,food_dining,
18078767881618638,True,activity,True,guest_lifestyle,none,no_view,daytime,3.0,False,none,styled_editorial,experience_activity,
18088825345778023,True,garden_outdoor_space,False,none,none,garden_view,daytime,4.0,True,feature_description,styled_editorial,brand_worldview,
18025444523386131,True,view_from_window,False,none,none,ocean_view,daytime,5.0,False,none,wide_establishing,view_scenery,
18355663789163857,True,pool_spa,False,none,none,no_view,unknown,5.0,True,facility_name_logo,styled_editorial,experience_activity,
18036339632470928,True,other,True,staff,none,other,daytime,1.0,False,none,documentary_photo,brand_worldview,
18085511542468008,True,activity,False,none,none,no_view,unknown,3.0,True,ranking_award,documentary_photo,experience_activity,
17915340323987431,True,pool_spa,True,guest_lifestyle,none,no_view,daytime,4.0,False,none,close_up_detail,experience_activity,
17875821003585294,True,food_drink,False,none,none,none,daytime,5.0,False,none,styled_editorial,food_dining,
18041770288804522,True,activity,True,silhouette_distant,none,city_view,daytime,3.0,True,season_event_announcement,wide_establishing,experience_activity,
17965138998059734,True,garden_outdoor_space,False,none,none,garden_view,daytime,4.0,False,none,styled_editorial,experience_activity,
18085596520821367,True,garden_outdoor_space,False,none,none,ocean_view,daytime,4.0,False,none,wide_establishing,view_scenery,
18059341808345314,True,pool_spa,False,none,traditional_japanese,mountain_view,night,5.0,False,none,styled_editorial,experience_activity,
18264205585295447,True,restaurant_bar,False,none,none,no_view,daytime,3.0,True,season_event_announcement,styled_editorial,food_dining,
18083930320478319,True,garden_outdoor_space,True,guest_lifestyle,none,city_view,daytime,4.0,False,none,styled_editorial,experience_activity,
18079434974103676,True,lobby_lounge,False,none,none,garden_view,daytime,4.0,True,feature_description,wide_establishing,brand_worldview,
18077245792791467,True,garden_outdoor_space,False,none,none,ocean_view,golden_hour_sunset,5.0,True,feature_description,styled_editorial,brand_worldview,
18053127050602488,True,lobby_lounge,True,guest_lifestyle,none,none,daytime,5.0,True,price_plan_info,styled_editorial,price_plan_announcement,
18100201666806383,True,food_drink,True,hand_detail,none,no_view,daytime,4.0,False,none,flat_lay,food_dining,
18018143189622777,True,exterior_entrance,True,silhouette_distant,none,none,daytime,3.0,False,none,wide_establishing,brand_worldview,
18060656593799511,True,room,False,none,standard,mountain_view,daytime,3.0,False,none,wide_establishing,room_showcase,
18050706196803744,True,food_drink,False,none,none,none,night,5.0,True,season_event_announcement,styled_editorial,season_event,
18115074442794958,True,garden_outdoor_space,False,none,none,ocean_view,daytime,5.0,False,none,wide_establishing,view_scenery,
18080891687486085,True,food_drink,False,none,none,none,daytime,5.0,False,none,flat_lay,food_dining,
18053852024202004,True,activity,True,silhouette_distant,none,ocean_view,daytime,1.0,True,feature_description,wide_establishing,experience_activity,
18119257207722976,True,food_drink,False,none,none,no_view,daytime,5.0,False,none,styled_editorial,food_dining,
18139636954455215,True,bathroom,False,none,none,no_view,unknown,4.0,False,none,close_up_detail,room_showcase,
18104636044892143,True,room,False,none,suite_highend,mountain_view,night,5.0,False,none,styled_editorial,room_showcase,
18139907470442909,True,other,False,none,none,garden_view,daytime,3.0,True,ranking_award,wide_establishing,experience_activity,
18452616610096745,True,restaurant_bar,False,none,none,no_view,daytime,5.0,True,season_event_announcement,styled_editorial,food_dining,
18058761076926292,True,view_from_window,False,none,none,city_view,daytime,4.0,True,season_event_announcement,wide_establishing,view_scenery,
18099286172037835,True,exterior_entrance,True,hand_detail,none,partial_view,daytime,4.0,True,facility_name_logo,styled_editorial,brand_worldview,
18004514327589876,True,pool_spa,False,none,suite_highend,city_view,night,5.0,True,feature_description,styled_editorial,experience_activity,
18041818577305944,True,pool_spa,False,none,none,ocean_view,daytime,3.0,False,none,wide_establishing,experience_activity,
18072077903265704,True,garden_outdoor_space,False,none,villa_private,garden_view,daytime,4.0,False,none,styled_editorial,view_scenery,
18003714761903979,True,garden_outdoor_space,False,none,none,garden_view,night,5.0,True,feature_description,wide_establishing,brand_worldview,
18025927811754281,True,lobby_lounge,False,none,none,no_view,unknown,4.0,False,none,styled_editorial,brand_worldview,
18070000228619290,True,bathroom,False,none,traditional_japanese,garden_view,daytime,5.0,False,none,styled_editorial,room_showcase,
18216476122295544,True,activity,True,guest_lifestyle,none,ocean_view,daytime,3.0,True,facility_name_logo,drone_aerial,experience_activity,
17955921663021142,True,food_drink,True,hand_detail,none,none,daytime,3.0,False,none,close_up_detail,food_dining,
18056769926331455,True,activity,False,none,none,ocean_view,daytime,3.0,True,other,wide_establishing,experience_activity,
18069965740908284,True,activity,True,guest_lifestyle,none,none,daytime,3.0,True,access_location_info,styled_editorial,experience_activity,
18348000241148013,True,pool_spa,False,none,none,ocean_view,daytime,4.0,True,feature_description,wide_establishing,experience_activity,
17865584073560357,True,exterior_entrance,False,none,none,mountain_view,daytime,3.0,True,access_location_info,drone_aerial,brand_worldview,
18106652989673249,True,other,True,silhouette_distant,none,ocean_view,daytime,4.0,False,none,drone_aerial,view_scenery,
17899004442206762,True,room,False,none,traditional_japanese,garden_view,daytime,4.0,False,none,styled_editorial,room_showcase,
18380909455093879,True,lobby_lounge,False,none,none,no_view,daytime,5.0,True,ranking_award,close_up_detail,food_dining,
18071280524260594,True,pool_spa,True,hand_detail,none,no_view,unknown,4.0,True,season_event_announcement,styled_editorial,season_event,
18076713128175598,True,garden_outdoor_space,True,family,glamping_unique,mountain_view,daytime,4.0,True,other,styled_editorial,experience_activity,
18064260860172484,True,room,False,none,suite_highend,mountain_view,daytime,4.0,False,none,styled_editorial,room_showcase,
18048564158628816,True,room,False,none,standard,city_view,daytime,4.0,False,none,styled_editorial,room_showcase,
18045216250828973,True,garden_outdoor_space,True,guest_lifestyle,none,ocean_view,daytime,3.0,False,none,wide_establishing,experience_activity,
17882993481115433,True,food_drink,False,none,none,no_view,night,5.0,False,none,styled_editorial,food_dining,
18084390278270031,True,pool_spa,False,none,none,mountain_view,daytime,5.0,True,feature_description,wide_establishing,view_scenery,
18089315098657339,True,food_drink,False,none,none,no_view,daytime,3.0,True,season_event_announcement,styled_editorial,season_event,
17932287920906877,True,lobby_lounge,False,none,none,no_view,daytime,4.0,True,feature_description,documentary_photo,food_dining,
18099591329076971,True,food_drink,True,hand_detail,none,no_view,night,4.0,True,feature_description,close_up_detail,food_dining,
18051238529202842,True,food_drink,True,hand_detail,none,none,unknown,3.0,False,none,close_up_detail,food_dining,
18071535103982780,True,lobby_lounge,False,none,none,city_view,daytime,4.0,False,none,styled_editorial,experience_activity,
18431421121108446,True,pool_spa,False,none,none,mountain_view,golden_hour_sunset,4.0,True,facility_name_logo,wide_establishing,brand_worldview,
18377177224085397,True,activity,True,hand_detail,none,no_view,daytime,4.0,False,none,close_up_detail,experience_activity,
18062346452183812,True,food_drink,False,none,none,city_view,daytime,4.0,False,none,styled_editorial,food_dining,
18346976371211823,True,room,True,guest_lifestyle,glamping_unique,garden_view,daytime,4.0,False,none,styled_editorial,room_showcase,
18032752586427396,True,other,True,hand_detail,standard,city_view,daytime,4.0,True,price_plan_info,styled_editorial,price_plan_announcement,
18094953217929992,True,amenity_detail,False,none,none,none,unknown,4.0,False,none,close_up_detail,brand_worldview,
18382269301194523,True,room,False,none,standard,city_view,night,4.0,False,none,styled_editorial,food_dining,
17958964071098345,True,activity,True,family,none,garden_view,daytime,4.0,False,none,documentary_photo,experience_activity,
18043588786851248,True,room,False,none,standard,no_view,unknown,3.0,False,none,styled_editorial,room_showcase,
18055150598713407,True,restaurant_bar,False,none,none,city_view,night,5.0,False,none,styled_editorial,food_dining,
18074063141202187,True,garden_outdoor_space,False,none,none,other,night,4.0,True,season_event_announcement,styled_editorial,season_event,
18044848301455690,True,garden_outdoor_space,True,family,none,mountain_view,daytime,4.0,True,season_event_announcement,wide_establishing,season_event,
17975794265757798,True,activity,False,none,glamping_unique,no_view,night,4.0,True,feature_description,wide_establishing,experience_activity,
18048467825407312,True,lobby_lounge,True,silhouette_distant,none,no_view,daytime,4.0,False,none,styled_editorial,season_event,
18266374708172000,True,room,True,guest_lifestyle,standard,city_view,daytime,4.0,False,none,styled_editorial,room_showcase,
18102033415585931,True,activity,True,guest_lifestyle,none,ocean_view,daytime,4.0,False,none,styled_editorial,experience_activity,
17969008616889480,True,lobby_lounge,True,guest_lifestyle,none,no_view,daytime,4.0,False,none,styled_editorial,brand_worldview,
17966455962034236,True,restaurant_bar,True,guest_lifestyle,none,ocean_view,daytime,5.0,False,none,wide_establishing,experience_activity,
17882681256015130,True,exterior_entrance,False,none,none,mountain_view,daytime,4.0,True,facility_name_logo,wide_establishing,brand_worldview,
17966734835852557,True,pool_spa,False,none,none,ocean_view,daytime,5.0,True,season_event_announcement,styled_editorial,season_event,
18417540070096541,True,lobby_lounge,False,none,none,no_view,daytime,4.0,False,none,close_up_detail,food_dining,
17863147572242142,True,food_drink,True,hand_detail,none,no_view,daytime,4.0,False,none,close_up_detail,brand_worldview,
18028499528559802,True,pool_spa,False,none,none,ocean_view,daytime,4.0,True,season_event_announcement,wide_establishing,season_event,
18085832534356064,True,room,False,none,standard,no_view,daytime,3.0,False,none,styled_editorial,room_showcase,
18101724091718671,True,room,False,none,standard,city_view,night,3.0,False,none,wide_establishing,room_showcase,
18014297165542804,True,room,True,guest_lifestyle,traditional_japanese,garden_view,daytime,4.0,False,none,styled_editorial,room_showcase,
18091385651019966,True,garden_outdoor_space,False,none,villa_private,garden_view,daytime,4.0,False,none,wide_establishing,view_scenery,
17937788417959079,True,activity,False,none,none,other,daytime,2.0,True,feature_description,wide_establishing,experience_activity,
18060094528983805,True,lobby_lounge,False,none,none,garden_view,night,5.0,False,none,styled_editorial,brand_worldview,
18086475662226564,True,lobby_lounge,False,none,none,no_view,daytime,5.0,True,facility_name_logo,styled_editorial,brand_worldview,
17949071636796171,True,other,False,none,none,mountain_view,golden_hour_sunset,4.0,True,price_plan_info,wide_establishing,price_plan_announcement,
17921538557925844,True,room,False,none,traditional_japanese,garden_view,daytime,4.0,False,none,styled_editorial,room_showcase,
18378290674137822,True,activity,True,hand_detail,none,none,daytime,4.0,False,none,close_up_detail,experience_activity,
17850656037450810,True,lobby_lounge,True,hand_detail,none,no_view,daytime,3.0,False,facility_name_logo,close_up_detail,brand_worldview,
18051321769842697,True,pool_spa,False,none,traditional_japanese,mountain_view,daytime,4.0,False,none,styled_editorial,room_showcase,
17921363631117583,True,food_drink,False,none,none,no_view,daytime,4.0,False,none,styled_editorial,food_dining,
18095470084896911,True,room,False,none,other,no_view,night,2.0,False,none,documentary_photo,room_showcase,
18319665088254403,True,room,True,couple,standard,city_view,night,4.0,False,none,styled_editorial,room_showcase,
18117762190645577,True,room,False,none,suite_highend,city_view,daytime,5.0,False,none,styled_editorial,room_showcase,
18543804727058343,True,exterior_entrance,False,none,none,mountain_view,daytime,5.0,True,facility_name_logo,wide_establishing,brand_worldview,
18064277074654522,True,view_from_window,True,silhouette_distant,none,city_view,golden_hour_sunset,4.0,True,season_event_announcement,wide_establishing,view_scenery,
17849488941201614,True,activity,True,guest_lifestyle,none,ocean_view,daytime,4.0,False,none,wide_establishing,experience_activity,
17924190285037254,True,food_drink,False,none,none,no_view,unknown,5.0,False,none,styled_editorial,food_dining,
18032854306878862,True,activity,True,family,none,no_view,daytime,3.0,False,none,wide_establishing,experience_activity,
18005017103446775,True,bathroom,False,none,traditional_japanese,mountain_view,daytime,4.0,True,feature_description,styled_editorial,experience_activity,
17845946715222320,True,food_drink,False,none,none,no_view,daytime,4.0,True,feature_description,flat_lay,food_dining,
17940388971136256,True,exterior_entrance,True,silhouette_distant,traditional_japanese,none,night,5.0,True,facility_name_logo,wide_establishing,brand_worldview,
17943761469000065,True,room,False,none,suite_highend,garden_view,daytime,4.0,False,none,styled_editorial,room_showcase,
18076211366158528,True,restaurant_bar,True,hand_detail,none,none,unknown,4.0,True,feature_description,close_up_detail,food_dining,
18127931230563213,True,garden_outdoor_space,False,none,none,other,daytime,3.0,True,season_event_announcement,documentary_photo,season_event,
18044584753845163,True,garden_outdoor_space,False,none,none,garden_view,daytime,4.0,False,none,wide_establishing,view_scenery,
17971983665975825,True,bathroom,False,none,none,no_view,daytime,3.0,True,feature_description,close_up_detail,experience_activity,
18062079565722155,True,pool_spa,False,none,none,no_view,daytime,4.0,False,none,styled_editorial,experience_activity,
18053175113471495,True,room,False,none,suite_highend,ocean_view,golden_hour_sunset,5.0,True,feature_description,styled_editorial,room_showcase,
18450540472009419,True,activity,True,silhouette_distant,none,city_view,night,3.0,True,season_event_announcement,wide_establishing,season_event,
18048127442333679,True,food_drink,False,none,none,no_view,daytime,4.0,False,none,styled_editorial,food_dining,
18111775351579453,True,food_drink,False,none,none,no_view,night,5.0,True,season_event_announcement,styled_editorial,season_event,
17842078992566957,True,restaurant_bar,True,staff,none,no_view,daytime,4.0,True,season_event_announcement,styled_editorial,season_event,
17935767135118878,True,garden_outdoor_space,False,none,villa_private,ocean_view,daytime,5.0,False,none,styled_editorial,view_scenery,
18077148097858384,True,lobby_lounge,False,none,none,garden_view,night,5.0,True,feature_description,styled_editorial,brand_worldview,
18547918342066376,True,lobby_lounge,True,silhouette_distant,none,no_view,daytime,5.0,False,none,styled_editorial,brand_worldview,
17933867541022442,True,activity,True,guest_lifestyle,standard,ocean_view,night,4.0,True,facility_name_logo,documentary_photo,experience_activity,
18267846466279022,True,activity,True,guest_lifestyle,none,none,daytime,4.0,False,none,close_up_detail,experience_activity,
18072215404541397,True,lobby_lounge,True,silhouette_distant,none,garden_view,daytime,5.0,False,none,styled_editorial,brand_worldview,
18104834575497035,True,activity,True,hand_detail,none,no_view,daytime,3.0,True,season_event_announcement,close_up_detail,season_event,
18042408881151463,True,pool_spa,False,none,none,ocean_view,daytime,5.0,False,none,wide_establishing,brand_worldview,
17962392504014738,True,food_drink,True,hand_detail,none,none,daytime,5.0,False,none,styled_editorial,food_dining,
18058310816540190,True,exterior_entrance,False,none,none,partial_view,daytime,3.0,True,facility_name_logo,wide_establishing,brand_worldview,
18040203608208714,True,lobby_lounge,False,none,none,no_view,daytime,4.0,True,feature_description,styled_editorial,brand_worldview,
17885826642374926,True,other,False,none,none,ocean_view,daytime,5.0,True,price_plan_info,wide_establishing,price_plan_announcement,
18049187651496377,True,food_drink,False,none,none,no_view,daytime,5.0,True,season_event_announcement,styled_editorial,season_event,
18018894254535978,True,garden_outdoor_space,False,none,none,garden_view,daytime,3.0,False,none,wide_establishing,view_scenery,
18113160379623612,True,room,False,none,standard,no_view,night,4.0,False,none,close_up_detail,room_showcase,
17894854596434488,True,restaurant_bar,True,staff,none,no_view,daytime,4.0,True,feature_description,styled_editorial,brand_worldview,
18366537985154058,True,lobby_lounge,True,other,none,no_view,unknown,4.0,False,none,styled_editorial,season_event,
18121924519376999,True,garden_outdoor_space,False,none,none,garden_view,daytime,4.0,False,none,styled_editorial,view_scenery,
17879885396984699,True,restaurant_bar,False,none,none,ocean_view,daytime,4.0,False,none,styled_editorial,food_dining,
17855940489157116,True,room,False,none,standard,no_view,unknown,3.0,True,feature_description,documentary_photo,price_plan_announcement,
18034433768467155,True,restaurant_bar,True,hand_detail,none,city_view,golden_hour_sunset,4.0,False,none,styled_editorial,experience_activity,
18043000220516620,True,other,True,guest_lifestyle,none,none,daytime,3.0,True,facility_name_logo,other,brand_worldview,
17848122699324499,True,pool_spa,True,silhouette_distant,villa_private,ocean_view,daytime,5.0,True,ranking_award,drone_aerial,brand_worldview,
18054426974385220,True,room,True,guest_lifestyle,none,city_view,daytime,4.0,False,none,styled_editorial,room_showcase,
18095840840106073,True,activity,True,guest_lifestyle,none,no_view,unknown,5.0,True,season_event_announcement,styled_editorial,season_event,
18089286358520835,True,food_drink,False,none,none,no_view,daytime,5.0,False,none,close_up_detail,food_dining,
18551601148033136,True,view_from_window,False,none,none,city_view,night,3.0,True,other,wide_establishing,experience_activity,
18138928687486507,True,food_drink,False,none,none,none,daytime,5.0,False,none,close_up_detail,food_dining,
18091805696178007,True,activity,True,other,none,no_view,unknown,2.0,True,ranking_award,documentary_photo,experience_activity,
18121950571360300,True,room,False,none,suite_highend,no_view,night,4.0,True,feature_description,styled_editorial,room_showcase,
18094642574169437,True,room,False,none,standard,no_view,daytime,4.0,False,none,styled_editorial,room_showcase,
18406701568179138,True,garden_outdoor_space,True,guest_lifestyle,none,garden_view,daytime,1.0,False,none,documentary_photo,experience_activity,
18075881347655590,True,restaurant_bar,True,staff,none,city_view,night,5.0,False,none,styled_editorial,food_dining,
18048397324734626,True,food_drink,False,none,none,none,unknown,4.0,False,none,styled_editorial,food_dining,
18019221128786965,True,room,True,guest_lifestyle,suite_highend,no_view,night,4.0,True,feature_description,styled_editorial,room_showcase,
17872696521219705,True,food_drink,False,none,none,no_view,daytime,4.0,False,none,styled_editorial,food_dining,
17959813679940015,True,activity,True,guest_lifestyle,none,mountain_view,daytime,4.0,True,feature_description,styled_editorial,experience_activity,
18141528910431814,True,garden_outdoor_space,False,none,none,mountain_view,daytime,3.0,True,feature_description,drone_aerial,experience_activity,
18051185741102690,True,restaurant_bar,False,none,none,no_view,unknown,3.0,True,season_event_announcement,close_up_detail,season_event,
17967228828024030,True,lobby_lounge,False,none,none,no_view,daytime,5.0,True,season_event_announcement,styled_editorial,season_event,
18063871991598284,True,room,True,guest_lifestyle,traditional_japanese,no_view,daytime,4.0,False,none,styled_editorial,experience_activity,
18321246691270140,True,activity,True,family,none,mountain_view,night,4.0,True,price_plan_info,styled_editorial,price_plan_announcement,
18104459629924535,True,garden_outdoor_space,True,silhouette_distant,none,garden_view,daytime,4.0,False,none,wide_establishing,season_event,
18110676535406142,True,food_drink,False,none,none,none,unknown,4.0,False,none,styled_editorial,food_dining,
18494600035044472,True,restaurant_bar,False,none,none,no_view,night,4.0,True,facility_name_logo,styled_editorial,brand_worldview,
18042512756338593,True,room,False,none,suite_highend,city_view,night,5.0,False,none,styled_editorial,room_showcase,
18039535379733301,True,room,False,none,other,garden_view,daytime,4.0,True,season_event_announcement,styled_editorial,season_event,
17882378898065807,True,pool_spa,False,none,none,garden_view,daytime,4.0,False,none,wide_establishing,brand_worldview,
18132614386418378,True,room,False,none,suite_highend,partial_view,night,5.0,True,feature_description,styled_editorial,room_showcase,
17937369516103745,True,food_drink,False,none,none,none,unknown,5.0,True,feature_description,styled_editorial,food_dining,
17916157737157001,True,pool_spa,False,none,other,no_view,unknown,5.0,False,none,styled_editorial,experience_activity,
18386411284183679,True,room,False,none,suite_highend,partial_view,daytime,4.0,False,none,styled_editorial,room_showcase,
17878537098217108,True,activity,False,none,none,garden_view,daytime,2.0,True,feature_description,documentary_photo,brand_worldview,
17984311955838368,True,restaurant_bar,False,none,none,no_view,night,4.0,True,feature_description,styled_editorial,experience_activity,
18071903846546430,True,lobby_lounge,False,none,none,no_view,night,4.0,True,facility_name_logo,styled_editorial,brand_worldview,
18098695777702416,True,exterior_entrance,False,none,none,mountain_view,daytime,4.0,True,feature_description,drone_aerial,brand_worldview,
18102091508290471,True,restaurant_bar,False,none,none,ocean_view,daytime,4.0,True,feature_description,wide_establishing,brand_worldview,
18041293709597906,True,food_drink,False,none,none,no_view,daytime,4.0,True,season_event_announcement,styled_editorial,food_dining,
18166532230415786,True,exterior_entrance,False,none,none,none,daytime,3.0,True,price_plan_info,wide_establishing,price_plan_announcement,
18006453347344643,True,exterior_entrance,False,none,none,ocean_view,daytime,4.0,True,season_event_announcement,drone_aerial,season_event,
17999120423919986,True,garden_outdoor_space,False,none,none,garden_view,daytime,3.0,True,feature_description,documentary_photo,experience_activity,
17958458510675933,True,food_drink,False,none,none,garden_view,daytime,4.0,False,none,styled_editorial,food_dining,
17938247037196490,True,view_from_window,False,none,none,mountain_view,daytime,3.0,True,facility_name_logo,wide_establishing,view_scenery,
18011994947701646,True,garden_outdoor_space,False,none,villa_private,garden_view,daytime,4.0,False,none,styled_editorial,brand_worldview,
17890930110122537,True,activity,False,none,none,city_view,night,3.0,True,feature_description,wide_establishing,experience_activity,
17914814300979278,True,activity,True,staff,none,other,daytime,4.0,False,none,styled_editorial,experience_activity,
18048627844671106,True,restaurant_bar,False,none,none,none,daytime,3.0,True,facility_name_logo,close_up_detail,food_dining,
18053516455924476,True,pool_spa,True,guest_lifestyle,none,garden_view,daytime,4.0,False,none,wide_establishing,experience_activity,
17999826110572966,True,room,False,none,other,no_view,unknown,4.0,True,feature_description,styled_editorial,room_showcase,
18065142286623691,True,food_drink,True,hand_detail,none,no_view,daytime,3.0,False,none,close_up_detail,food_dining,
17956409681947753,True,food_drink,False,none,none,no_view,daytime,5.0,False,none,styled_editorial,food_dining,
18037150997625357,True,view_from_window,False,none,none,mountain_view,daytime,4.0,False,none,drone_aerial,view_scenery,
18089628245002196,True,food_drink,False,none,none,no_view,unknown,5.0,True,season_event_announcement,styled_editorial,season_event,
18099526733477906,True,activity,True,guest_lifestyle,none,ocean_view,daytime,3.0,False,none,wide_establishing,experience_activity,
17936785820932254,True,lobby_lounge,True,guest_lifestyle,none,no_view,daytime,5.0,False,none,styled_editorial,brand_worldview,
17857700682529698,True,pool_spa,False,none,none,no_view,unknown,3.0,True,feature_description,documentary_photo,experience_activity,
18290659783220116,True,restaurant_bar,False,none,none,no_view,night,4.0,True,price_plan_info,styled_editorial,price_plan_announcement,
18166461016332483,True,other,False,none,none,no_view,unknown,4.0,True,season_event_announcement,wide_establishing,experience_activity,
17965635965768038,True,pool_spa,False,none,none,none,daytime,3.0,False,none,wide_establishing,experience_activity,
17920405127830934,True,food_drink,True,hand_detail,none,no_view,unknown,3.0,False,none,close_up_detail,food_dining,
17961736688916004,True,garden_outdoor_space,True,silhouette_distant,none,garden_view,daytime,4.0,False,none,wide_establishing,season_event,
18005561222353744,True,pool_spa,False,none,none,partial_view,daytime,3.0,True,feature_description,styled_editorial,experience_activity,
17863316172227551,True,activity,True,guest_lifestyle,none,ocean_view,daytime,4.0,True,feature_description,styled_editorial,experience_activity,
18007021574339270,True,room,False,none,traditional_japanese,mountain_view,daytime,5.0,False,none,styled_editorial,room_showcase,
18043072783779688,True,food_drink,False,none,none,no_view,unknown,4.0,False,none,styled_editorial,food_dining,
18101973649465227,True,pool_spa,False,none,none,garden_view,daytime,4.0,True,season_event_announcement,styled_editorial,season_event,
18440576626056645,True,activity,True,guest_lifestyle,none,city_view,daytime,4.0,True,feature_description,styled_editorial,experience_activity,
18064869662330330,True,pool_spa,False,none,none,garden_view,daytime,4.0,False,none,documentary_photo,experience_activity,
18365443747190201,True,room,False,none,suite_highend,no_view,daytime,5.0,True,season_event_announcement,styled_editorial,room_showcase,
18285238903172337,True,food_drink,False,none,none,no_view,unknown,4.0,True,feature_description,close_up_detail,food_dining,
18235331476278730,True,lobby_lounge,False,none,none,no_view,night,4.0,False,none,styled_editorial,brand_worldview,
18008212571855831,True,amenity_detail,False,none,none,none,daytime,4.0,True,feature_description,close_up_detail,brand_worldview,
18047769554739496,True,room,False,none,standard,ocean_view,daytime,3.0,False,none,documentary_photo,room_showcase,
18066893581784105,True,room,False,none,standard,partial_view,daytime,4.0,False,none,styled_editorial,room_showcase,
18392263426121435,True,lobby_lounge,True,guest_lifestyle,none,ocean_view,daytime,4.0,True,feature_description,styled_editorial,brand_worldview,
18370143796183624,True,activity,False,none,none,city_view,night,4.0,True,season_event_announcement,styled_editorial,season_event,
18151552021430475,True,pool_spa,True,couple,none,no_view,daytime,4.0,True,feature_description,styled_editorial,experience_activity,
18353111338129529,True,food_drink,False,none,none,none,daytime,5.0,False,none,styled_editorial,food_dining,
18077395933506936,True,food_drink,False,none,none,no_view,night,5.0,False,none,styled_editorial,food_dining,
18035449297789910,True,other,True,family,none,none,unknown,3.0,True,season_event_announcement,other,other,
18061666499497056,True,garden_outdoor_space,False,none,none,other,daytime,4.0,False,none,close_up_detail,season_event,
18005076755816279,True,restaurant_bar,False,none,none,no_view,night,4.0,True,season_event_announcement,styled_editorial,season_event,
18001643069872782,True,room,False,none,none,no_view,daytime,3.0,False,none,styled_editorial,room_showcase,
18069615694920925,True,food_drink,False,none,none,none,unknown,4.0,False,none,close_up_detail,food_dining,
18032667689772114,True,room,True,guest_lifestyle,other,no_view,daytime,4.0,True,feature_description,styled_editorial,experience_activity,
18041501524841301,True,pool_spa,True,guest_lifestyle,glamping_unique,partial_view,night,4.0,True,feature_description,styled_editorial,experience_activity,
18085430582502225,True,food_drink,True,hand_detail,none,no_view,unknown,3.0,False,none,close_up_detail,food_dining,
17907738150082089,True,room,True,guest_lifestyle,standard,no_view,daytime,4.0,True,price_plan_info,styled_editorial,price_plan_announcement,
18473996950022546,True,food_drink,False,none,none,none,night,4.0,True,feature_description,styled_editorial,food_dining,
17901292104098318,True,room,False,none,suite_highend,no_view,daytime,4.0,True,feature_description,styled_editorial,room_showcase,
17948532300130625,True,food_drink,False,none,none,no_view,unknown,3.0,True,price_plan_info,close_up_detail,food_dining,
18086753531211922,True,food_drink,False,none,none,no_view,daytime,5.0,False,none,styled_editorial,food_dining,
18033347060388948,True,restaurant_bar,True,guest_lifestyle,none,no_view,daytime,3.0,True,feature_description,styled_editorial,experience_activity,
18064270558550099,True,activity,True,silhouette_distant,none,other,daytime,3.0,True,feature_description,documentary_photo,experience_activity,
18108351571718809,True,activity,False,none,traditional_japanese,no_view,daytime,3.0,False,none,documentary_photo,experience_activity,
18091698977468189,True,restaurant_bar,False,none,none,no_view,daytime,4.0,True,feature_description,styled_editorial,food_dining,
18129856126390806,True,room,False,none,other,ocean_view,night,5.0,False,none,styled_editorial,room_showcase,
17965826570665423,True,room,False,none,suite_highend,no_view,unknown,4.0,True,feature_description,wide_establishing,room_showcase,
18013265726390901,True,food_drink,False,none,none,no_view,daytime,4.0,False,none,close_up_detail,food_dining,
17850593871688352,True,food_drink,False,none,none,ocean_view,daytime,5.0,True,season_event_announcement,styled_editorial,season_event,
18034055438183775,True,lobby_lounge,True,guest_lifestyle,none,city_view,daytime,4.0,False,none,styled_editorial,brand_worldview,
17861065761343131,True,room,False,none,suite_highend,no_view,daytime,4.0,False,none,close_up_detail,room_showcase,
18060239483110949,True,food_drink,False,none,none,garden_view,golden_hour_sunset,3.0,True,access_location_info,styled_editorial,food_dining,
17918792637224829,True,activity,True,guest_lifestyle,none,garden_view,daytime,3.0,True,feature_description,styled_editorial,experience_activity,
18093274985024030,True,activity,False,none,none,ocean_view,daytime,4.0,True,season_event_announcement,styled_editorial,experience_activity,
18112250635538571,True,food_drink,False,none,none,none,unknown,3.0,True,feature_description,close_up_detail,food_dining,
17950627193803289,True,food_drink,False,none,none,garden_view,daytime,5.0,False,none,styled_editorial,food_dining,
18067944071597576,True,other,True,other,none,none,unknown,1.0,False,none,other,brand_worldview,
18061655734958079,True,lobby_lounge,False,none,none,no_view,unknown,3.0,True,facility_name_logo,wide_establishing,brand_worldview,
18041102765540907,True,activity,True,hand_detail,none,no_view,daytime,4.0,False,none,close_up_detail,experience_activity,
18031314970945097,True,garden_outdoor_space,True,guest_lifestyle,none,garden_view,daytime,4.0,False,none,drone_aerial,season_event,
17905525295880076,True,room,False,none,standard,no_view,daytime,4.0,False,none,styled_editorial,room_showcase,
18124281253570994,True,room,False,none,standard,no_view,daytime,4.0,True,feature_description,styled_editorial,room_showcase,
18143227435445662,True,room,False,none,suite_highend,no_view,daytime,4.0,True,feature_description,styled_editorial,experience_activity,
17869462164600829,True,other,False,none,none,no_view,daytime,3.0,False,none,styled_editorial,brand_worldview,
17888615355073247,True,pool_spa,False,none,none,city_view,daytime,5.0,True,feature_description,styled_editorial,experience_activity,
18099075652765478,True,restaurant_bar,False,none,none,no_view,daytime,3.0,True,feature_description,wide_establishing,food_dining,
18084534229674831,True,other,True,staff,none,none,daytime,4.0,True,feature_description,styled_editorial,brand_worldview,
18027781712074493,True,other,True,silhouette_distant,none,city_view,daytime,3.0,True,feature_description,drone_aerial,experience_activity,
17961098819989448,True,food_drink,False,none,none,none,daytime,4.0,False,none,flat_lay,food_dining,
18074011855577187,True,exterior_entrance,False,none,none,garden_view,daytime,5.0,False,none,wide_establishing,brand_worldview,
17847074142566051,True,room,False,none,other,no_view,unknown,3.0,True,feature_description,styled_editorial,room_showcase,
17900412840177662,True,room,False,none,suite_highend,no_view,unknown,4.0,True,feature_description,styled_editorial,experience_activity,
18049823707859816,True,room,False,none,suite_highend,partial_view,daytime,4.0,False,none,styled_editorial,room_showcase,
18070447733286016,True,lobby_lounge,False,none,none,partial_view,daytime,4.0,True,facility_name_logo,styled_editorial,brand_worldview,
18466134040068565,True,other,False,none,none,other,daytime,3.0,False,none,wide_establishing,view_scenery,
18031762910625602,True,food_drink,False,none,none,none,daytime,5.0,False,none,flat_lay,food_dining,
18103198333701780,True,restaurant_bar,False,none,none,none,unknown,4.0,False,none,styled_editorial,food_dining,
17979560009893149,True,activity,True,family,none,none,daytime,4.0,False,none,styled_editorial,experience_activity,
18045338281793543,True,restaurant_bar,False,none,none,ocean_view,daytime,4.0,False,none,styled_editorial,food_dining,
18189199465369269,True,lobby_lounge,False,none,none,no_view,night,5.0,False,none,styled_editorial,brand_worldview,
18035602439077686,True,exterior_entrance,False,none,none,mountain_view,daytime,4.0,True,season_event_announcement,wide_establishing,season_event,
18057925027920490,True,pool_spa,False,none,none,mountain_view,daytime,4.0,True,season_event_announcement,wide_establishing,season_event,
18004248845909362,True,food_drink,False,none,none,city_view,daytime,4.0,True,feature_description,styled_editorial,experience_activity,
18058750939563225,True,garden_outdoor_space,True,family,none,mountain_view,daytime,4.0,True,facility_name_logo,wide_establishing,experience_activity,
17993285786783388,True,amenity_detail,False,none,none,no_view,daytime,4.0,True,facility_name_logo,flat_lay,brand_worldview,
17886441531511395,True,food_drink,True,staff,none,no_view,daytime,4.0,True,season_event_announcement,documentary_photo,season_event,
18095539061469092,True,garden_outdoor_space,False,none,none,mountain_view,daytime,3.0,True,feature_description,wide_establishing,experience_activity,
17996276219567976,True,food_drink,False,none,none,no_view,daytime,4.0,False,none,styled_editorial,food_dining,
17939657405871760,True,food_drink,True,hand_detail,none,other,daytime,2.0,True,feature_description,close_up_detail,experience_activity,
18054049141619128,True,room,False,none,traditional_japanese,mountain_view,daytime,4.0,False,none,styled_editorial,room_showcase,
18263033179273015,True,food_drink,False,none,none,no_view,daytime,5.0,True,facility_name_logo,styled_editorial,food_dining,
17871226932396488,True,pool_spa,False,none,traditional_japanese,mountain_view,golden_hour_sunset,5.0,False,none,styled_editorial,room_showcase,
17973126194818738,True,garden_outdoor_space,True,staff,none,ocean_view,daytime,4.0,False,none,wide_establishing,experience_activity,
18142048363476034,True,pool_spa,True,guest_lifestyle,none,ocean_view,daytime,4.0,False,none,drone_aerial,experience_activity,
18305256022265448,True,restaurant_bar,True,staff,none,no_view,night,4.0,False,none,close_up_detail,food_dining,
18100778383919096,True,pool_spa,False,none,none,garden_view,daytime,4.0,True,access_location_info,wide_establishing,experience_activity,
17886144476947909,True,room,False,none,other,no_view,unknown,4.0,True,feature_description,styled_editorial,experience_activity,
18079630624755034,True,restaurant_bar,True,hand_detail,none,no_view,daytime,3.0,True,facility_name_logo,close_up_detail,food_dining,
18064151063285260,True,other,False,none,other,no_view,night,4.0,True,feature_description,styled_editorial,experience_activity,
17847344397648408,True,restaurant_bar,False,none,none,city_view,daytime,5.0,False,none,styled_editorial,food_dining,
17914714926324682,True,food_drink,False,none,none,none,daytime,4.0,False,none,styled_editorial,food_dining,
18068662285985336,True,lobby_lounge,False,none,none,city_view,daytime,5.0,False,none,styled_editorial,brand_worldview,
17971047785831251,True,food_drink,False,none,none,none,unknown,4.0,False,none,flat_lay,food_dining,
18043154873290500,True,food_drink,False,none,none,no_view,daytime,3.0,False,none,close_up_detail,food_dining,
17962953777102114,True,activity,False,none,none,none,daytime,3.0,True,season_event_announcement,wide_establishing,season_event,
17983009787990795,True,food_drink,False,none,none,no_view,daytime,5.0,True,season_event_announcement,styled_editorial,food_dining,
17917204194151171,True,lobby_lounge,True,guest_lifestyle,none,no_view,daytime,4.0,False,none,styled_editorial,food_dining,
18033330623607739,True,pool_spa,True,guest_lifestyle,none,mountain_view,golden_hour_sunset,5.0,True,season_event_announcement,styled_editorial,season_event,
18018960533035199,True,activity,True,guest_lifestyle,none,other,daytime,3.0,False,none,styled_editorial,experience_activity,
18083673799891563,True,restaurant_bar,False,none,none,no_view,unknown,3.0,True,feature_description,close_up_detail,food_dining,
18425329195043423,True,activity,True,family,other,no_view,daytime,3.0,False,none,wide_establishing,experience_activity,
18044425439503045,True,food_drink,False,none,none,no_view,unknown,4.0,False,none,styled_editorial,food_dining,
17907564045383383,True,food_drink,False,none,none,no_view,daytime,5.0,False,none,styled_editorial,food_dining,
18021508679811308,True,exterior_entrance,False,none,none,mountain_view,daytime,4.0,True,facility_name_logo,drone_aerial,brand_worldview,
17869412892089465,True,restaurant_bar,True,guest_lifestyle,none,mountain_view,daytime,4.0,False,none,styled_editorial,experience_activity,
18459106525005919,True,food_drink,True,hand_detail,none,no_view,daytime,3.0,True,price_plan_info,close_up_detail,food_dining,
17867332344309311,True,activity,True,silhouette_distant,none,ocean_view,daytime,3.0,False,none,wide_establishing,experience_activity,
18109820878675854,True,activity,False,none,none,none,golden_hour_sunset,4.0,True,access_location_info,styled_editorial,experience_activity,
18307899106240843,True,lobby_lounge,True,guest_lifestyle,none,city_view,golden_hour_sunset,5.0,True,facility_name_logo,styled_editorial,brand_worldview,
18355020637229064,True,pool_spa,True,guest_lifestyle,none,garden_view,daytime,4.0,False,none,drone_aerial,experience_activity,
18084776798215765,True,food_drink,False,none,none,no_view,unknown,3.0,True,facility_name_logo,styled_editorial,food_dining,
18120800161554288,True,food_drink,False,none,none,none,daytime,5.0,False,none,styled_editorial,experience_activity,
18294520987164392,True,activity,False,none,none,garden_view,daytime,3.0,True,feature_description,styled_editorial,experience_activity,
17955008868105548,True,food_drink,False,none,none,none,daytime,4.0,False,none,styled_editorial,food_dining,
18208446913330899,True,restaurant_bar,False,none,none,no_view,night,5.0,True,season_event_announcement,styled_editorial,season_event,
18316348036247085,True,room,False,none,traditional_japanese,mountain_view,daytime,4.0,True,other,wide_establishing,brand_worldview,
18061259306014439,True,garden_outdoor_space,True,other,none,garden_view,daytime,4.0,True,feature_description,wide_establishing,experience_activity,
18059176808439331,True,room,False,none,suite_highend,partial_view,daytime,4.0,False,none,styled_editorial,room_showcase,
17893754595285899,True,food_drink,False,none,none,no_view,daytime,4.0,False,none,styled_editorial,food_dining,
17977640213728898,True,pool_spa,True,guest_lifestyle,none,ocean_view,night,4.0,False,none,wide_establishing,experience_activity,
17855906940456275,True,food_drink,False,none,none,none,daytime,4.0,False,none,styled_editorial,food_dining,
18115622350707503,True,room,True,couple,standard,city_view,night,4.0,False,none,styled_editorial,room_showcase,
18098388790440932,True,restaurant_bar,False,none,none,garden_view,daytime,4.0,False,none,wide_establishing,food_dining,
18115259377410457,True,pool_spa,False,none,traditional_japanese,mountain_view,daytime,5.0,False,none,styled_editorial,room_showcase,
18008845349553452,True,room,True,guest_lifestyle,standard,no_view,unknown,3.0,True,feature_description,styled_editorial,experience_activity,
18018108005563452,True,garden_outdoor_space,False,none,traditional_japanese,mountain_view,daytime,4.0,True,facility_name_logo,drone_aerial,brand_worldview,
18156283366436440,True,garden_outdoor_space,True,guest_lifestyle,none,mountain_view,daytime,5.0,False,none,wide_establishing,view_scenery,
18001380758651714,True,pool_spa,False,none,traditional_japanese,garden_view,daytime,5.0,False,none,styled_editorial,room_showcase,
17988935840560094,True,other,False,none,none,none,unknown,3.0,True,season_event_announcement,other,season_event,
17992969784800920,True,food_drink,False,none,none,no_view,daytime,4.0,True,facility_name_logo,styled_editorial,brand_worldview,
18408642622113962,True,food_drink,False,none,none,no_view,daytime,5.0,True,facility_name_logo,styled_editorial,food_dining,
17875744332297493,True,food_drink,False,none,none,no_view,daytime,4.0,False,none,styled_editorial,food_dining,
18101015092941872,True,food_drink,False,none,none,none,unknown,4.0,True,feature_description,close_up_detail,food_dining,
18032215814013505,True,activity,True,guest_lifestyle,none,other,daytime,3.0,False,none,styled_editorial,experience_activity,
18437395429065581,True,garden_outdoor_space,False,none,glamping_unique,partial_view,daytime,4.0,True,feature_description,wide_establishing,experience_activity,
18290199337212250,True,room,False,none,standard,no_view,daytime,4.0,False,none,documentary_photo,room_showcase,
17938928591915113,True,other,True,guest_lifestyle,standard,ocean_view,golden_hour_sunset,3.0,True,other,styled_editorial,season_event,
18136974799512846,True,food_drink,False,none,none,no_view,daytime,5.0,False,none,close_up_detail,food_dining,
18131405710405514,True,garden_outdoor_space,False,none,none,garden_view,daytime,4.0,True,facility_name_logo,wide_establishing,season_event,
18023247779615280,True,food_drink,False,none,none,garden_view,daytime,5.0,False,none,styled_editorial,food_dining,
18102082828847228,True,exterior_entrance,False,none,none,no_view,daytime,4.0,True,facility_name_logo,close_up_detail,brand_worldview,
17966877158852133,True,room,False,none,other,no_view,daytime,3.0,True,feature_description,close_up_detail,brand_worldview,
18469968382051339,True,food_drink,False,none,none,no_view,unknown,5.0,True,season_event_announcement,flat_lay,food_dining,
18122547943562974,True,restaurant_bar,True,guest_lifestyle,none,no_view,unknown,4.0,False,none,documentary_photo,food_dining,
18082539596519412,True,room,True,hand_detail,standard,no_view,unknown,4.0,True,feature_description,styled_editorial,brand_worldview,
17961993398856077,True,pool_spa,True,guest_lifestyle,none,ocean_view,daytime,4.0,False,none,wide_establishing,experience_activity,
18075781817084425,True,lobby_lounge,False,none,none,garden_view,daytime,4.0,False,none,styled_editorial,brand_worldview,
17994865271473265,True,activity,True,guest_lifestyle,none,partial_view,daytime,4.0,False,none,styled_editorial,experience_activity,
18459872992062363,True,restaurant_bar,False,none,none,no_view,night,5.0,True,facility_name_logo,styled_editorial,food_dining,
18291188758080398,True,pool_spa,False,none,none,garden_view,night,4.0,False,none,wide_establishing,experience_activity,
18557708281020813,True,pool_spa,False,none,none,city_view,daytime,5.0,False,none,styled_editorial,experience_activity,
17881971036545072,True,food_drink,True,hand_detail,none,none,night,4.0,False,none,close_up_detail,food_dining,
18062635249933651,True,room,False,none,suite_highend,ocean_view,daytime,4.0,True,feature_description,styled_editorial,room_showcase,
18047973872287545,True,activity,True,other,none,none,night,3.0,True,feature_description,wide_establishing,experience_activity,
17891402220311395,True,food_drink,True,hand_detail,none,no_view,daytime,4.0,False,none,close_up_detail,food_dining,
18200245573342411,True,food_drink,False,none,none,no_view,daytime,4.0,False,none,styled_editorial,food_dining,
18056417228228037,True,other,False,none,none,none,unknown,3.0,True,feature_description,documentary_photo,experience_activity,
18160372015380554,True,pool_spa,False,none,villa_private,garden_view,daytime,5.0,False,none,styled_editorial,room_showcase,
18131608576381925,True,food_drink,True,hand_detail,none,none,daytime,2.0,True,other,close_up_detail,experience_activity,
17985668150809785,True,room,False,none,other,no_view,night,4.0,True,feature_description,styled_editorial,room_showcase,
17954453645797176,True,room,True,hand_detail,none,no_view,daytime,3.0,False,none,close_up_detail,experience_activity,
18103631416380671,True,exterior_entrance,False,none,none,ocean_view,daytime,4.0,False,none,drone_aerial,view_scenery,
18349641013094011,True,activity,True,guest_lifestyle,none,garden_view,daytime,3.0,True,season_event_announcement,styled_editorial,experience_activity,
18363292846110014,True,food_drink,False,none,glamping_unique,none,golden_hour_sunset,4.0,True,feature_description,styled_editorial,experience_activity,
18237317989291570,True,garden_outdoor_space,False,none,none,garden_view,night,4.0,True,facility_name_logo,styled_editorial,brand_worldview,
18099401974540260,True,garden_outdoor_space,False,none,villa_private,garden_view,daytime,5.0,False,none,styled_editorial,experience_activity,
18455147251104321,True,exterior_entrance,True,staff,none,city_view,daytime,4.0,False,none,documentary_photo,brand_worldview,
17857955529255735,True,room,True,guest_lifestyle,standard,no_view,night,3.0,False,none,documentary_photo,room_showcase,
18081814046461214,True,garden_outdoor_space,False,none,none,garden_view,daytime,3.0,True,feature_description,other,experience_activity,
17971392068826581,True,food_drink,False,none,none,no_view,daytime,3.0,False,none,close_up_detail,food_dining,
17877421050355646,True,view_from_window,False,none,none,ocean_view,golden_hour_sunset,4.0,True,facility_name_logo,styled_editorial,view_scenery,
17897729394335081,True,exterior_entrance,False,none,none,garden_view,daytime,4.0,True,facility_name_logo,wide_establishing,brand_worldview,
17969863530045303,True,restaurant_bar,False,none,none,garden_view,daytime,4.0,True,season_event_announcement,styled_editorial,season_event,
17986246490808937,True,activity,False,none,none,no_view,daytime,1.0,True,feature_description,close_up_detail,experience_activity,
18008538653707700,True,activity,True,family,none,other,daytime,2.0,False,none,documentary_photo,experience_activity,
17857063140651796,True,activity,True,guest_lifestyle,glamping_unique,garden_view,daytime,3.0,True,feature_description,documentary_photo,experience_activity,
18101308393753343,True,activity,True,other,none,other,unknown,3.0,True,season_event_announcement,other,experience_activity,
17992145366902677,True,restaurant_bar,False,none,none,no_view,night,4.0,False,none,styled_editorial,brand_worldview,
18032099566777254,True,exterior_entrance,True,family,none,no_view,daytime,3.0,True,facility_name_logo,styled_editorial,brand_worldview,
18059099279466665,True,restaurant_bar,False,none,none,partial_view,daytime,4.0,False,none,styled_editorial,food_dining,
18334470991214809,True,lobby_lounge,True,guest_lifestyle,traditional_japanese,no_view,daytime,4.0,True,feature_description,styled_editorial,experience_activity,
18080499739462399,True,amenity_detail,False,none,none,partial_view,daytime,4.0,False,none,close_up_detail,brand_worldview,
17990503547494698,True,food_drink,True,hand_detail,none,garden_view,night,4.0,False,none,close_up_detail,food_dining,
18020633738606088,True,amenity_detail,False,none,none,no_view,unknown,4.0,False,none,styled_editorial,brand_worldview,
18117473788659075,True,food_drink,True,hand_detail,none,no_view,daytime,2.0,True,other,close_up_detail,food_dining,
18076550765634243,True,food_drink,False,none,none,none,daytime,5.0,True,facility_name_logo,styled_editorial,food_dining,
17861120517628771,True,view_from_window,True,guest_lifestyle,villa_private,garden_view,daytime,4.0,False,none,styled_editorial,view_scenery,
18041511241704004,True,pool_spa,True,hand_detail,none,no_view,daytime,4.0,False,none,close_up_detail,experience_activity,
18366510481147033,True,food_drink,False,none,none,no_view,daytime,5.0,False,none,styled_editorial,food_dining,
18011670194601127,True,room,True,family,none,no_view,daytime,3.0,False,none,styled_editorial,experience_activity,
17925476160053103,True,exterior_entrance,True,silhouette_distant,none,city_view,daytime,3.0,True,other,documentary_photo,food_dining,
18141123772466299,True,restaurant_bar,False,none,none,no_view,daytime,5.0,True,price_plan_info,flat_lay,food_dining,
17910392316023134,True,room,False,none,suite_highend,no_view,night,4.0,True,feature_description,styled_editorial,experience_activity,
17948262645109733,True,food_drink,False,none,none,no_view,daytime,3.0,False,none,close_up_detail,food_dining,
18141176329466256,True,room,False,none,standard,city_view,daytime,3.0,False,none,wide_establishing,room_showcase,
17861327646472367,True,food_drink,False,none,none,no_view,daytime,5.0,True,facility_name_logo,styled_editorial,food_dining,
18093336422037770,True,food_drink,False,none,none,no_view,daytime,2.0,True,season_event_announcement,styled_editorial,season_event,
17885402631167744,True,restaurant_bar,False,none,none,garden_view,daytime,5.0,False,none,styled_editorial,food_dining,
18037688590985164,True,activity,True,hand_detail,none,no_view,night,5.0,True,season_event_announcement,styled_editorial,season_event,
17921821772917558,True,food_drink,False,none,none,no_view,daytime,4.0,False,none,styled_editorial,food_dining,
18016071227818765,True,activity,False,none,none,other,daytime,3.0,True,season_event_announcement,documentary_photo,season_event,
17862384615240120,True,activity,False,none,none,ocean_view,daytime,4.0,False,none,styled_editorial,experience_activity,
18060964931151524,True,restaurant_bar,True,hand_detail,none,no_view,daytime,3.0,True,feature_description,styled_editorial,food_dining,
18023503223620002,True,room,False,none,traditional_japanese,garden_view,daytime,4.0,False,none,wide_establishing,room_showcase,
18033611827951094,True,room,True,family,standard,partial_view,daytime,3.0,False,none,wide_establishing,room_showcase,
17887746402474285,True,room,False,none,standard,no_view,night,4.0,False,none,close_up_detail,brand_worldview,
18052339738659996,True,pool_spa,False,none,none,other,golden_hour_sunset,4.0,False,none,wide_establishing,experience_activity,
17909210259216851,True,restaurant_bar,False,none,none,city_view,golden_hour_sunset,5.0,False,none,styled_editorial,view_scenery,
18062072249392944,True,food_drink,False,none,none,no_view,unknown,4.0,False,none,close_up_detail,food_dining,
18296814187224683,True,amenity_detail,False,none,none,no_view,daytime,3.0,True,feature_description,close_up_detail,brand_worldview,
18055238458699726,True,room,False,none,traditional_japanese,ocean_view,daytime,4.0,False,none,styled_editorial,room_showcase,
18077307817813301,True,food_drink,False,none,none,no_view,daytime,4.0,False,none,flat_lay,food_dining,
18359222725199321,True,view_from_window,False,none,none,city_view,night,4.0,False,none,documentary_photo,view_scenery,
18072549116274814,True,food_drink,False,none,none,no_view,daytime,4.0,False,none,styled_editorial,food_dining,
18053342261618248,True,garden_outdoor_space,True,guest_lifestyle,none,garden_view,daytime,4.0,True,feature_description,styled_editorial,experience_activity,
18001717055573437,True,food_drink,True,hand_detail,none,no_view,night,3.0,False,none,close_up_detail,food_dining,
18019527446472955,True,food_drink,False,none,none,no_view,unknown,4.0,False,none,styled_editorial,food_dining,
17968115840826611,True,view_from_window,False,none,none,garden_view,daytime,5.0,False,none,styled_editorial,view_scenery,
18050349298854974,True,food_drink,False,none,none,none,unknown,4.0,False,none,close_up_detail,food_dining,
17919240389995571,True,restaurant_bar,False,none,none,garden_view,daytime,4.0,False,none,wide_establishing,food_dining,
18019585352181044,True,room,False,none,suite_highend,ocean_view,daytime,4.0,False,none,styled_editorial,room_showcase,
17921855142005200,True,pool_spa,False,none,none,no_view,unknown,4.0,True,facility_name_logo,styled_editorial,experience_activity,
18075038116933413,True,view_from_window,True,silhouette_distant,none,city_view,daytime,4.0,False,none,styled_editorial,view_scenery,
17948458677118034,True,pool_spa,False,none,traditional_japanese,garden_view,daytime,5.0,True,season_event_announcement,styled_editorial,experience_activity,
17935591181941350,True,other,False,none,none,city_view,night,3.0,True,other,wide_establishing,view_scenery,
18064227845697991,True,restaurant_bar,True,hand_detail,none,none,unknown,4.0,False,none,close_up_detail,food_dining,
18079785920360409,True,food_drink,False,none,none,none,daytime,4.0,False,none,close_up_detail,food_dining,
17872492965483884,True,food_drink,False,none,none,no_view,daytime,4.0,True,feature_description,close_up_detail,food_dining,
18142771567334391,True,pool_spa,False,none,none,no_view,daytime,3.0,True,feature_description,wide_establishing,experience_activity,
18088765846430173,True,exterior_entrance,False,none,none,mountain_view,daytime,3.0,False,none,drone_aerial,view_scenery,
18276757831171495,True,activity,True,guest_lifestyle,none,city_view,night,3.0,True,feature_description,documentary_photo,experience_activity,
18085049590741077,True,lobby_lounge,False,none,none,no_view,night,4.0,True,feature_description,styled_editorial,brand_worldview,
17873135106167362,True,pool_spa,False,none,none,garden_view,daytime,4.0,True,feature_description,styled_editorial,experience_activity,
18131271748450881,True,activity,True,guest_lifestyle,none,no_view,daytime,4.0,True,feature_description,styled_editorial,experience_activity,
18577213666010063,True,garden_outdoor_space,True,silhouette_distant,none,garden_view,daytime,4.0,True,access_location_info,wide_establishing,view_scenery,
18056310407355613,True,other,False,none,none,city_view,daytime,3.0,True,feature_description,drone_aerial,experience_activity,
18054203495040657,True,activity,False,none,standard,other,night,4.0,True,season_event_announcement,styled_editorial,season_event,
17920426205990568,True,lobby_lounge,False,none,none,ocean_view,daytime,4.0,False,none,wide_establishing,view_scenery,
17907287526224095,True,food_drink,False,none,none,none,daytime,5.0,True,season_event_announcement,styled_editorial,season_event,
17893281939261043,True,restaurant_bar,True,staff,none,city_view,daytime,4.0,False,none,styled_editorial,brand_worldview,
17954809253635628,True,exterior_entrance,True,silhouette_distant,none,mountain_view,daytime,2.0,True,facility_name_logo,wide_establishing,experience_activity,
17971774565742507,True,exterior_entrance,False,none,none,ocean_view,daytime,4.0,True,feature_description,drone_aerial,experience_activity,
18034678523406624,True,food_drink,False,none,none,none,unknown,4.0,True,season_event_announcement,styled_editorial,food_dining,
18047580947643784,True,restaurant_bar,True,hand_detail,none,no_view,night,4.0,True,facility_name_logo,close_up_detail,food_dining,
18022844399083463,True,garden_outdoor_space,True,silhouette_distant,none,mountain_view,daytime,4.0,False,none,wide_establishing,view_scenery,
18067898048059291,True,food_drink,True,hand_detail,none,none,daytime,5.0,True,price_plan_info,styled_editorial,price_plan_announcement,
18450056470025604,True,lobby_lounge,False,none,none,mountain_view,daytime,5.0,False,none,wide_establishing,brand_worldview,
18046248655734714,True,food_drink,False,none,none,garden_view,daytime,4.0,False,none,flat_lay,food_dining,
17986571777574333,True,pool_spa,True,silhouette_distant,none,ocean_view,daytime,5.0,False,none,drone_aerial,experience_activity,
17947144850793804,True,food_drink,False,none,none,no_view,daytime,4.0,False,none,styled_editorial,food_dining,
18034240408970173,True,activity,True,staff,none,no_view,daytime,1.0,True,season_event_announcement,documentary_photo,experience_activity,
17885964176964196,True,food_drink,False,none,none,no_view,unknown,4.0,False,none,styled_editorial,food_dining,
17980352048702509,True,food_drink,True,staff,none,no_view,daytime,4.0,True,facility_name_logo,close_up_detail,food_dining,
18083810366620932,True,restaurant_bar,True,staff,none,no_view,daytime,5.0,True,price_plan_info,styled_editorial,food_dining,
17880526752535411,True,other,True,family,none,ocean_view,unknown,4.0,True,price_plan_info,drone_aerial,price_plan_announcement,
18078656947640066,True,food_drink,True,hand_detail,none,no_view,night,4.0,True,feature_description,close_up_detail,food_dining,
17911188309321774,True,pool_spa,False,none,none,ocean_view,daytime,5.0,False,none,styled_editorial,experience_activity,
18067345285559049,True,amenity_detail,False,none,none,none,unknown,5.0,True,facility_name_logo,close_up_detail,brand_worldview,
17930612504836439,True,food_drink,False,none,none,none,daytime,5.0,False,none,styled_editorial,food_dining,
18084819364733956,True,lobby_lounge,True,couple,none,no_view,night,4.0,False,none,styled_editorial,brand_worldview,
18019508267323385,True,room,False,none,other,no_view,unknown,4.0,True,feature_description,styled_editorial,room_showcase,
17957779334773507,True,food_drink,False,none,none,none,daytime,4.0,False,none,styled_editorial,food_dining,
17883673167480140,True,room,False,none,suite_highend,city_view,golden_hour_sunset,4.0,True,ranking_award,styled_editorial,brand_worldview,
18075432323215854,True,food_drink,False,none,none,no_view,daytime,4.0,False,none,styled_editorial,food_dining,
18029921948790412,True,pool_spa,False,none,none,ocean_view,daytime,4.0,False,none,wide_establishing,view_scenery,
18247819378291504,True,view_from_window,False,none,none,city_view,daytime,3.0,True,feature_description,wide_establishing,experience_activity,
18055546961449469,True,food_drink,False,none,none,none,daytime,4.0,True,season_event_announcement,styled_editorial,season_event,
18003441947809925,True,food_drink,False,none,none,no_view,daytime,5.0,False,none,styled_editorial,food_dining,
18335008912246645,True,exterior_entrance,True,silhouette_distant,none,none,daytime,4.0,False,none,wide_establishing,brand_worldview,
18113229784680242,True,activity,True,guest_lifestyle,none,no_view,daytime,4.0,True,facility_name_logo,styled_editorial,experience_activity,
18091162243785034,True,food_drink,False,none,none,none,unknown,5.0,False,none,styled_editorial,food_dining,
17935303392092330,True,other,True,silhouette_distant,none,mountain_view,daytime,4.0,False,none,documentary_photo,view_scenery,
18041810522418802,True,room,False,none,traditional_japanese,ocean_view,golden_hour_sunset,4.0,False,none,styled_editorial,room_showcase,
18100875304788680,True,restaurant_bar,False,none,none,garden_view,daytime,1.0,True,feature_description,wide_establishing,food_dining,
18088040090255962,True,activity,True,family,none,mountain_view,daytime,3.0,True,other,documentary_photo,experience_activity,
18089324014939549,True,room,False,none,traditional_japanese,ocean_view,daytime,5.0,False,none,styled_editorial,room_showcase,
18328888942121270,True,room,False,none,glamping_unique,ocean_view,daytime,4.0,True,price_plan_info,styled_editorial,experience_activity,
18084467762368968,True,restaurant_bar,False,none,none,garden_view,daytime,4.0,False,none,styled_editorial,food_dining,
17872163967112004,True,restaurant_bar,False,none,none,partial_view,daytime,4.0,False,none,wide_establishing,food_dining,
18033303683727496,True,room,False,none,suite_highend,no_view,unknown,5.0,True,feature_description,styled_editorial,room_showcase,
18356937571130627,True,garden_outdoor_space,False,none,none,garden_view,daytime,4.0,False,none,close_up_detail,season_event,
17864068215565492,True,activity,True,hand_detail,none,no_view,unknown,4.0,False,none,close_up_detail,experience_activity,
17938535520081481,True,food_drink,False,none,none,none,daytime,4.0,False,none,close_up_detail,food_dining,
18048316325307650,True,lobby_lounge,True,guest_lifestyle,none,no_view,daytime,3.0,True,feature_description,styled_editorial,experience_activity,
18047531360072044,True,food_drink,True,hand_detail,none,no_view,daytime,3.0,False,none,close_up_detail,food_dining,
17875701585513922,True,food_drink,False,none,none,no_view,daytime,4.0,False,none,styled_editorial,food_dining,
17947843400881208,True,room,False,none,suite_highend,partial_view,daytime,4.0,False,none,styled_editorial,room_showcase,
18014774567204974,True,bathroom,False,none,traditional_japanese,garden_view,daytime,5.0,False,none,styled_editorial,room_showcase,
18159810625436491,True,food_drink,True,hand_detail,none,none,daytime,3.0,True,season_event_announcement,styled_editorial,season_event,
18059985739496946,True,restaurant_bar,False,none,none,no_view,daytime,4.0,False,none,styled_editorial,food_dining,
18211517194316757,True,food_drink,True,hand_detail,none,no_view,unknown,4.0,True,feature_description,close_up_detail,food_dining,
17919738744060415,True,food_drink,False,none,none,none,daytime,4.0,True,feature_description,close_up_detail,food_dining,
17942876541079406,True,pool_spa,False,none,none,garden_view,daytime,4.0,True,feature_description,wide_establishing,experience_activity,
18070364468032240,True,food_drink,False,none,none,no_view,night,5.0,False,none,styled_editorial,food_dining,
17980701812931084,True,room,False,none,traditional_japanese,ocean_view,daytime,4.0,True,feature_description,styled_editorial,room_showcase,
18095200820471974,True,food_drink,False,none,none,no_view,daytime,3.0,True,facility_name_logo,flat_lay,food_dining,
18053197318765324,True,other,False,none,none,no_view,night,4.0,True,season_event_announcement,styled_editorial,season_event,
18085024048551474,True,food_drink,False,none,none,no_view,daytime,4.0,False,none,styled_editorial,food_dining,
17880802683191035,True,pool_spa,False,none,none,mountain_view,golden_hour_sunset,5.0,True,feature_description,styled_editorial,view_scenery,
18282882097207952,True,food_drink,True,hand_detail,none,none,daytime,3.0,True,ranking_award,other,food_dining,
18070547851698859,True,room,False,none,traditional_japanese,no_view,daytime,4.0,False,none,styled_editorial,room_showcase,
18036805666931257,True,restaurant_bar,False,none,none,no_view,unknown,4.0,True,season_event_announcement,styled_editorial,season_event,
18387138955185582,True,food_drink,False,none,none,no_view,daytime,5.0,False,none,styled_editorial,food_dining,
18541741777022842,True,restaurant_bar,False,none,none,no_view,night,4.0,True,season_event_announcement,styled_editorial,season_event,
18331071943192199,True,pool_spa,False,none,none,no_view,daytime,4.0,False,none,close_up_detail,experience_activity,
18072523214454867,True,view_from_window,False,none,none,mountain_view,golden_hour_sunset,5.0,False,none,wide_establishing,view_scenery,
18098100409547064,True,lobby_lounge,False,none,none,city_view,daytime,4.0,False,none,styled_editorial,brand_worldview,
17861452155447200,True,room,False,none,traditional_japanese,ocean_view,daytime,4.0,False,none,styled_editorial,room_showcase,
18304445281169921,True,activity,False,none,none,none,unknown,2.0,True,season_event_announcement,other,season_event,
18070899526976421,True,garden_outdoor_space,False,none,none,garden_view,daytime,5.0,False,none,styled_editorial,experience_activity,
17951776358733239,True,pool_spa,False,none,none,no_view,night,5.0,False,none,styled_editorial,experience_activity,
18016868192685421,True,room,True,couple,suite_highend,ocean_view,daytime,4.0,False,none,styled_editorial,room_showcase,
18094372934139548,True,activity,True,other,none,no_view,unknown,4.0,True,season_event_announcement,styled_editorial,season_event,
17957620211728552,True,garden_outdoor_space,True,hand_detail,none,garden_view,daytime,4.0,True,facility_name_logo,styled_editorial,experience_activity,
17964373601872506,True,food_drink,False,none,none,no_view,daytime,4.0,True,season_event_announcement,styled_editorial,food_dining,
17899346301153668,True,activity,True,silhouette_distant,none,mountain_view,daytime,3.0,True,feature_description,documentary_photo,experience_activity,
18053418373896572,True,other,False,none,none,none,daytime,4.0,True,other,wide_establishing,experience_activity,
18045739670756305,True,food_drink,False,none,none,no_view,daytime,4.0,False,none,styled_editorial,food_dining,
18367903486095446,True,room,False,none,standard,no_view,daytime,4.0,False,none,styled_editorial,room_showcase,
18530380402041235,True,room,False,none,standard,no_view,daytime,3.0,True,facility_name_logo,styled_editorial,room_showcase,
18109386136605326,True,lobby_lounge,True,guest_lifestyle,none,ocean_view,daytime,3.0,False,none,documentary_photo,view_scenery,
18073802570309053,True,food_drink,False,none,none,none,daytime,4.0,False,none,styled_editorial,food_dining,
18109328095642826,True,exterior_entrance,False,none,traditional_japanese,garden_view,daytime,4.0,True,facility_name_logo,wide_establishing,brand_worldview,
18522272098075825,True,garden_outdoor_space,True,silhouette_distant,none,garden_view,daytime,4.0,False,none,documentary_photo,season_event,
17871917148257122,True,exterior_entrance,False,none,none,none,daytime,3.0,True,access_location_info,wide_establishing,experience_activity,
18154983472430776,True,food_drink,False,none,none,no_view,daytime,5.0,True,season_event_announcement,styled_editorial,food_dining,
18039660986384686,True,food_drink,False,none,none,none,daytime,4.0,True,feature_description,flat_lay,food_dining,
18029258596901754,True,lobby_lounge,False,none,none,city_view,daytime,4.0,False,none,styled_editorial,room_showcase,
17845927167494865,True,room,True,guest_lifestyle,standard,no_view,daytime,4.0,False,none,styled_editorial,room_showcase,
18357121081159983,True,garden_outdoor_space,True,guest_lifestyle,traditional_japanese,ocean_view,daytime,4.0,False,none,styled_editorial,experience_activity,
18120003310448259,True,room,False,none,glamping_unique,partial_view,daytime,4.0,True,season_event_announcement,styled_editorial,season_event,
18033516977348511,True,activity,True,hand_detail,none,ocean_view,night,4.0,True,season_event_announcement,styled_editorial,season_event,
17854407444364873,True,pool_spa,False,none,none,no_view,unknown,4.0,False,none,wide_establishing,experience_activity,
17906628108030299,True,garden_outdoor_space,True,guest_lifestyle,none,garden_view,night,4.0,False,none,wide_establishing,experience_activity,
17891384955450680,True,restaurant_bar,False,none,none,partial_view,night,5.0,False,none,styled_editorial,brand_worldview,
18111878845876121,True,exterior_entrance,True,family,none,no_view,daytime,3.0,True,facility_name_logo,styled_editorial,brand_worldview,
18095648620585994,True,room,False,none,suite_highend,partial_view,unknown,4.0,True,feature_description,styled_editorial,room_showcase,
17926167414198043,True,activity,True,couple,glamping_unique,no_view,night,4.0,True,feature_description,documentary_photo,experience_activity,
17921472399183760,True,restaurant_bar,True,couple,none,partial_view,daytime,5.0,False,none,styled_editorial,food_dining,
18205906177328121,True,room,True,guest_lifestyle,none,no_view,daytime,3.0,True,other,styled_editorial,experience_activity,
18137109775326420,True,activity,False,none,none,none,unknown,3.0,True,season_event_announcement,other,season_event,
18054577481397183,True,room,True,guest_lifestyle,traditional_japanese,mountain_view,daytime,3.0,True,feature_description,styled_editorial,room_showcase,
18078281050888750,True,view_from_window,False,none,traditional_japanese,ocean_view,daytime,4.0,True,feature_description,styled_editorial,room_showcase,
18129099346423731,True,food_drink,False,none,none,none,daytime,5.0,False,none,flat_lay,food_dining,
18106595503554675,True,activity,False,none,none,city_view,night,4.0,True,season_event_announcement,wide_establishing,season_event,
17951822228704767,True,restaurant_bar,False,none,none,partial_view,daytime,4.0,False,none,styled_editorial,food_dining,
18096694630964688,True,food_drink,False,none,none,no_view,unknown,4.0,False,none,close_up_detail,food_dining,
18246965956281296,True,food_drink,False,none,none,none,daytime,3.0,True,feature_description,close_up_detail,brand_worldview,
17930492630865353,True,exterior_entrance,False,none,none,mountain_view,daytime,4.0,False,none,wide_establishing,brand_worldview,
18014798774368633,True,room,False,none,standard,no_view,night,4.0,False,none,styled_editorial,room_showcase,
18404565589123466,True,exterior_entrance,False,none,none,none,night,5.0,True,ranking_award,styled_editorial,brand_worldview,
17994758396949512,True,garden_outdoor_space,True,guest_lifestyle,traditional_japanese,garden_view,daytime,4.0,False,none,styled_editorial,experience_activity,
18071464667265441,True,food_drink,False,none,none,no_view,unknown,5.0,False,none,flat_lay,food_dining,
18170365771331529,True,restaurant_bar,False,none,none,ocean_view,golden_hour_sunset,4.0,False,none,wide_establishing,food_dining,
18086007272108960,True,pool_spa,True,guest_lifestyle,none,garden_view,night,4.0,True,feature_description,styled_editorial,experience_activity,
18098277397679678,True,room,False,none,standard,garden_view,daytime,4.0,False,none,styled_editorial,room_showcase,
18020770703530038,True,food_drink,False,none,none,no_view,daytime,5.0,True,season_event_announcement,styled_editorial,food_dining,
18096367970099676,True,garden_outdoor_space,False,none,villa_private,garden_view,daytime,4.0,True,season_event_announcement,wide_establishing,season_event,
18070924982524127,True,lobby_lounge,False,none,none,no_view,daytime,4.0,True,feature_description,styled_editorial,brand_worldview,
18099607639588087,True,other,True,hand_detail,none,ocean_view,daytime,4.0,True,price_plan_info,other,price_plan_announcement,
18064600513612709,True,garden_outdoor_space,False,none,none,garden_view,daytime,4.0,False,none,wide_establishing,brand_worldview,
18152901148346014,True,food_drink,False,none,none,none,daytime,5.0,False,none,styled_editorial,food_dining,
18334455493212876,True,food_drink,False,none,none,no_view,daytime,4.0,True,feature_description,close_up_detail,food_dining,
17919903615014144,True,room,True,couple,standard,no_view,night,4.0,False,none,documentary_photo,experience_activity,
17905691993987742,True,room,False,none,other,no_view,unknown,4.0,True,feature_description,styled_editorial,room_showcase,
18054151981590478,True,room,True,guest_lifestyle,glamping_unique,no_view,daytime,4.0,True,feature_description,styled_editorial,experience_activity,
18104785492742264,True,food_drink,False,none,none,none,unknown,5.0,True,ranking_award,styled_editorial,food_dining,
18049782413228495,True,room,False,none,other,no_view,unknown,4.0,True,feature_description,documentary_photo,experience_activity,
18044937419608453,True,activity,True,guest_lifestyle,none,other,daytime,4.0,True,feature_description,wide_establishing,experience_activity,
17942449841719829,True,garden_outdoor_space,True,guest_lifestyle,none,garden_view,daytime,4.0,False,none,styled_editorial,experience_activity,
18455434024020465,True,garden_outdoor_space,True,guest_lifestyle,none,city_view,daytime,2.0,True,facility_name_logo,documentary_photo,experience_activity,
18145189777427204,True,food_drink,False,none,none,none,daytime,4.0,False,none,styled_editorial,food_dining,
17886312015471885,True,room,False,none,suite_highend,other,night,5.0,True,feature_description,styled_editorial,room_showcase,
18095758336887670,True,food_drink,False,none,none,none,daytime,5.0,False,none,close_up_detail,food_dining,
18345845917227152,True,room,False,none,suite_highend,no_view,daytime,3.0,True,feature_description,styled_editorial,room_showcase,
18036348839554234,True,restaurant_bar,True,guest_lifestyle,none,no_view,daytime,4.0,False,none,styled_editorial,food_dining,
17997171374723058,True,restaurant_bar,True,silhouette_distant,none,no_view,night,4.0,True,feature_description,styled_editorial,experience_activity,
18132573193543017,True,food_drink,False,none,none,no_view,unknown,5.0,False,none,styled_editorial,food_dining,
18098899270724342,True,exterior_entrance,False,none,none,garden_view,daytime,3.0,True,facility_name_logo,styled_editorial,brand_worldview,
18075898934192837,True,room,True,guest_lifestyle,standard,no_view,daytime,4.0,True,feature_description,styled_editorial,room_showcase,
18078424520627190,True,food_drink,False,none,none,none,daytime,5.0,True,facility_name_logo,close_up_detail,food_dining,
18089368072871608,True,room,False,none,suite_highend,mountain_view,daytime,4.0,False,none,styled_editorial,room_showcase,
18419506666191904,True,room,False,none,traditional_japanese,ocean_view,daytime,4.0,True,feature_description,wide_establishing,room_showcase,
18073132649640900,True,exterior_entrance,True,silhouette_distant,none,garden_view,daytime,5.0,True,season_event_announcement,wide_establishing,season_event,
18223219657312381,True,exterior_entrance,False,none,none,no_view,night,4.0,False,none,styled_editorial,brand_worldview,
18037492664195623,True,lobby_lounge,False,none,none,city_view,golden_hour_sunset,5.0,True,facility_name_logo,styled_editorial,brand_worldview,
17984481572586842,True,view_from_window,False,none,traditional_japanese,garden_view,night,5.0,False,none,styled_editorial,view_scenery,
17995464011590688,True,other,False,none,none,none,unknown,1.0,True,access_location_info,documentary_photo,other,
18119921179638448,True,food_drink,False,none,none,no_view,daytime,5.0,False,none,flat_lay,food_dining,
18074729264199810,True,activity,True,guest_lifestyle,none,ocean_view,daytime,2.0,False,none,documentary_photo,experience_activity,
18098000128791016,True,food_drink,False,none,none,no_view,unknown,4.0,False,none,close_up_detail,food_dining,
18047101351779820,True,room,False,none,suite_highend,garden_view,daytime,4.0,False,none,styled_editorial,room_showcase,
17993292047945528,True,room,False,none,traditional_japanese,no_view,daytime,4.0,False,none,styled_editorial,room_showcase,
18098696266560110,True,activity,False,none,none,other,daytime,4.0,True,feature_description,wide_establishing,experience_activity,
18031624823055826,True,restaurant_bar,True,guest_lifestyle,none,city_view,daytime,5.0,False,none,styled_editorial,experience_activity,
17960635997848534,True,garden_outdoor_space,False,none,none,ocean_view,golden_hour_sunset,5.0,False,none,wide_establishing,experience_activity,
18036895526541120,True,lobby_lounge,True,staff,none,none,daytime,3.0,True,feature_description,close_up_detail,brand_worldview,
18118650484534794,True,food_drink,False,none,none,no_view,unknown,5.0,True,season_event_announcement,styled_editorial,season_event,
18348378238215443,True,other,True,guest_lifestyle,none,other,daytime,4.0,False,none,styled_editorial,experience_activity,
18059048249492299,True,food_drink,True,other,none,none,daytime,1.0,True,other,close_up_detail,food_dining,
18012656216535492,True,room,False,none,standard,city_view,daytime,4.0,False,none,styled_editorial,room_showcase,
17921134608293230,True,room,True,guest_lifestyle,glamping_unique,no_view,daytime,3.0,True,feature_description,styled_editorial,experience_activity,
18110537854381656,True,pool_spa,False,none,none,ocean_view,daytime,5.0,False,none,drone_aerial,experience_activity,
17859040080225712,True,other,False,none,suite_highend,city_view,night,4.0,True,feature_description,styled_editorial,experience_activity,
17977439054977980,True,food_drink,False,none,none,no_view,unknown,5.0,True,other,close_up_detail,food_dining,
17892607944261130,True,restaurant_bar,False,none,none,garden_view,daytime,4.0,False,none,styled_editorial,food_dining,
18090802567614127,True,room,False,none,suite_highend,no_view,daytime,4.0,True,feature_description,styled_editorial,room_showcase,
18432972886099255,True,other,False,none,none,other,daytime,3.0,True,other,other,other,
18077584610551196,True,lobby_lounge,False,none,none,no_view,unknown,5.0,False,none,styled_editorial,brand_worldview,
18103409479468499,True,pool_spa,True,guest_lifestyle,none,garden_view,daytime,4.0,False,none,wide_establishing,experience_activity,
18189734704312072,True,exterior_entrance,True,guest_lifestyle,traditional_japanese,no_view,golden_hour_sunset,4.0,False,none,styled_editorial,brand_worldview,
18168161311343630,True,food_drink,False,none,none,no_view,daytime,4.0,True,price_plan_info,flat_lay,food_dining,
17842683516319253,True,pool_spa,False,none,none,garden_view,daytime,4.0,False,none,wide_establishing,experience_activity,
18386957461157830,True,pool_spa,False,none,none,ocean_view,unknown,4.0,True,feature_description,styled_editorial,experience_activity,
18093154865149452,True,food_drink,False,none,none,no_view,unknown,4.0,False,none,styled_editorial,food_dining,
18539031700036398,True,garden_outdoor_space,False,none,none,mountain_view,daytime,4.0,True,feature_description,drone_aerial,view_scenery,
18066927275225377,True,restaurant_bar,False,none,none,no_view,daytime,5.0,True,season_event_announcement,flat_lay,food_dining,
18025916390563958,True,food_drink,False,none,none,no_view,daytime,4.0,True,feature_description,close_up_detail,food_dining,
18157267003384811,True,food_drink,False,none,none,no_view,daytime,4.0,True,feature_description,styled_editorial,food_dining,
18136841839422409,True,garden_outdoor_space,True,couple,none,garden_view,daytime,3.0,True,facility_name_logo,styled_editorial,experience_activity,
18061548455066435,True,bathroom,False,none,none,no_view,daytime,4.0,False,none,close_up_detail,experience_activity,
18032726126791997,True,amenity_detail,False,none,none,none,unknown,3.0,False,none,close_up_detail,brand_worldview,
18091456411867986,True,lobby_lounge,True,couple,none,no_view,night,5.0,False,none,styled_editorial,brand_worldview,
17869271577665615,True,food_drink,False,none,none,no_view,daytime,4.0,False,none,styled_editorial,food_dining,
18543343711025949,True,pool_spa,False,none,none,garden_view,daytime,4.0,True,feature_description,wide_establishing,experience_activity,
17916937368006044,True,restaurant_bar,False,none,none,garden_view,daytime,5.0,False,none,styled_editorial,brand_worldview,
17908750665123448,True,exterior_entrance,False,none,none,garden_view,daytime,4.0,True,facility_name_logo,wide_establishing,brand_worldview,
18268633144241908,True,room,False,none,suite_highend,no_view,night,4.0,True,price_plan_info,styled_editorial,price_plan_announcement,
17876936841554062,True,amenity_detail,False,none,none,no_view,daytime,3.0,True,feature_description,close_up_detail,brand_worldview,
18106858100508200,True,food_drink,False,none,none,no_view,daytime,4.0,True,price_plan_info,styled_editorial,price_plan_announcement,
18008488496250261,True,room,False,none,standard,no_view,night,4.0,True,other,documentary_photo,room_showcase,
18009400361604730,True,restaurant_bar,True,couple,none,city_view,night,5.0,True,feature_description,styled_editorial,experience_activity,
18576311359062354,True,garden_outdoor_space,True,guest_lifestyle,none,none,daytime,2.0,True,season_event_announcement,other,season_event,
18081225626411990,True,lobby_lounge,False,none,none,no_view,night,5.0,True,other,wide_establishing,experience_activity,
18025535312804151,True,exterior_entrance,False,none,none,garden_view,daytime,4.0,True,facility_name_logo,documentary_photo,brand_worldview,
18495765769066741,True,pool_spa,False,none,none,garden_view,daytime,4.0,False,none,styled_editorial,experience_activity,
18110710531783363,True,room,True,family,none,no_view,daytime,2.0,False,none,documentary_photo,experience_activity,
18208380313307717,True,food_drink,False,none,none,no_view,daytime,4.0,True,feature_description,styled_editorial,food_dining,
17900899368407307,True,restaurant_bar,True,staff,none,none,unknown,4.0,True,feature_description,close_up_detail,brand_worldview,
18050279335726884,True,room,False,none,glamping_unique,partial_view,daytime,3.0,True,feature_description,styled_editorial,experience_activity,
17988186416578948,True,garden_outdoor_space,True,silhouette_distant,none,garden_view,daytime,4.0,False,none,styled_editorial,brand_worldview,
18071203544057933,True,food_drink,False,none,none,none,daytime,4.0,False,none,styled_editorial,food_dining,
18257116045261020,True,food_drink,False,none,none,none,unknown,4.0,False,none,styled_editorial,food_dining,
18019452749216618,True,activity,True,guest_lifestyle,none,other,daytime,3.0,False,none,documentary_photo,experience_activity,
18092789888016739,True,exterior_entrance,False,none,none,garden_view,daytime,4.0,True,season_event_announcement,styled_editorial,season_event,
18110184829691706,True,bathroom,False,none,traditional_japanese,garden_view,daytime,4.0,False,none,close_up_detail,room_showcase,
18059502233445107,True,view_from_window,False,none,none,city_view,daytime,3.0,False,none,wide_establishing,view_scenery,
18087844487194428,True,food_drink,False,none,none,none,daytime,5.0,True,feature_description,styled_editorial,food_dining,
18096971051327083,True,restaurant_bar,True,family,none,city_view,daytime,5.0,True,season_event_announcement,styled_editorial,season_event,
18003947654187779,True,food_drink,False,none,none,no_view,daytime,5.0,False,none,flat_lay,food_dining,
17918110830267832,True,exterior_entrance,True,guest_lifestyle,none,other,daytime,4.0,False,none,wide_establishing,view_scenery,
18030014839990883,True,food_drink,False,none,none,none,unknown,3.0,False,none,styled_editorial,food_dining,
18055082702377112,True,activity,True,hand_detail,traditional_japanese,no_view,unknown,4.0,False,none,close_up_detail,experience_activity,
18032957222375243,True,activity,False,none,none,no_view,daytime,3.0,True,feature_description,documentary_photo,experience_activity,
18030873449095358,True,pool_spa,False,none,none,city_view,night,4.0,False,none,styled_editorial,experience_activity,
18048768599091080,True,food_drink,False,none,none,no_view,daytime,3.0,True,feature_description,close_up_detail,food_dining,
18130647928522453,True,food_drink,False,none,none,no_view,daytime,3.0,True,facility_name_logo,close_up_detail,food_dining,
18025459289162263,True,room,False,none,glamping_unique,ocean_view,golden_hour_sunset,4.0,True,ranking_award,styled_editorial,room_showcase,
18087701522599167,True,activity,False,none,none,partial_view,daytime,3.0,False,none,styled_editorial,experience_activity,
18025186019633224,True,food_drink,False,none,none,no_view,unknown,4.0,False,none,styled_editorial,food_dining,
18074601794369008,True,lobby_lounge,False,none,none,partial_view,daytime,4.0,False,none,styled_editorial,season_event,
17907277425079903,True,room,False,none,suite_highend,no_view,daytime,5.0,True,feature_description,styled_editorial,room_showcase,
18076669985628596,True,restaurant_bar,True,staff,none,no_view,unknown,4.0,False,none,styled_editorial,food_dining,
17980297460581376,True,food_drink,False,none,none,garden_view,daytime,4.0,False,none,styled_editorial,food_dining,
18104234321492679,True,lobby_lounge,False,none,none,no_view,daytime,5.0,True,facility_name_logo,styled_editorial,season_event,
18050151506209380,True,pool_spa,False,none,none,garden_view,daytime,4.0,True,feature_description,styled_editorial,experience_activity,
17927513373137455,True,room,False,none,suite_highend,city_view,night,5.0,True,facility_name_logo,styled_editorial,room_showcase,
18310582387145320,True,activity,False,none,none,no_view,unknown,4.0,False,none,close_up_detail,experience_activity,
17988612584654510,True,food_drink,True,hand_detail,none,no_view,daytime,4.0,False,none,close_up_detail,food_dining,
18219483274285334,True,lobby_lounge,False,none,none,ocean_view,daytime,4.0,True,feature_description,documentary_photo,experience_activity,
18060222475641153,True,food_drink,False,none,none,no_view,daytime,4.0,False,none,styled_editorial,food_dining,
18127445086508963,True,other,True,staff,none,no_view,unknown,1.0,True,other,documentary_photo,brand_worldview,
17977520546990432,True,restaurant_bar,False,none,none,no_view,daytime,4.0,False,none,styled_editorial,food_dining,
17947261803131403,True,food_drink,False,none,none,none,unknown,4.0,True,season_event_announcement,styled_editorial,season_event,
17896431219285278,True,restaurant_bar,False,none,none,no_view,daytime,4.0,True,facility_name_logo,close_up_detail,food_dining,
17882121078544242,True,restaurant_bar,True,staff,none,no_view,night,3.0,True,facility_name_logo,wide_establishing,food_dining,
18002712317584594,True,pool_spa,True,family,none,none,daytime,3.0,False,none,documentary_photo,experience_activity,
17932270250919359,True,pool_spa,False,none,none,ocean_view,daytime,4.0,False,none,wide_establishing,experience_activity,
18338085070229655,True,lobby_lounge,True,staff,traditional_japanese,no_view,night,5.0,False,none,styled_editorial,brand_worldview,
17878473792133447,True,room,False,none,standard,partial_view,daytime,4.0,False,none,styled_editorial,room_showcase,
18228368914289451,True,exterior_entrance,False,none,none,garden_view,daytime,4.0,True,feature_description,styled_editorial,experience_activity,
17932410278960700,True,food_drink,False,none,none,none,daytime,3.0,True,user_voice_review,documentary_photo,food_dining,
18107039977902940,True,pool_spa,True,hand_detail,none,no_view,daytime,4.0,True,feature_description,close_up_detail,experience_activity,
18356187163230623,True,room,False,none,standard,garden_view,daytime,5.0,False,none,styled_editorial,room_showcase,
18121826767571341,True,other,False,none,none,ocean_view,daytime,2.0,True,feature_description,documentary_photo,experience_activity,
17941521878728743,True,exterior_entrance,True,silhouette_distant,none,no_view,night,4.0,False,none,styled_editorial,brand_worldview,
18431673109186772,True,garden_outdoor_space,True,silhouette_distant,none,ocean_view,daytime,5.0,False,none,drone_aerial,view_scenery,
18112258435700254,True,garden_outdoor_space,True,couple,none,mountain_view,daytime,4.0,False,none,styled_editorial,experience_activity,
18130500304477700,True,food_drink,True,hand_detail,none,none,daytime,5.0,True,facility_name_logo,styled_editorial,food_dining,
17863551507128574,True,food_drink,True,guest_lifestyle,none,partial_view,daytime,3.0,True,feature_description,styled_editorial,food_dining,
18032595389792770,True,room,False,none,suite_highend,city_view,daytime,5.0,False,none,styled_editorial,room_showcase,
18038479310098455,True,exterior_entrance,False,none,none,none,daytime,4.0,True,facility_name_logo,documentary_photo,brand_worldview,
18103300202314144,True,garden_outdoor_space,False,none,none,mountain_view,daytime,1.0,False,none,wide_establishing,view_scenery,
18082452211693484,True,restaurant_bar,True,guest_lifestyle,none,garden_view,daytime,4.0,False,none,styled_editorial,food_dining,
18106021522759678,True,restaurant_bar,False,none,none,city_view,night,4.0,True,price_plan_info,styled_editorial,price_plan_announcement,
17940571259768830,True,pool_spa,False,none,none,no_view,night,4.0,False,none,styled_editorial,experience_activity,
18060210068246492,True,food_drink,False,none,none,none,unknown,5.0,False,none,styled_editorial,food_dining,
18046993480929653,True,activity,True,silhouette_distant,none,city_view,night,4.0,True,season_event_announcement,styled_editorial,experience_activity,
18078946151181202,True,food_drink,False,none,none,partial_view,daytime,4.0,True,feature_description,styled_editorial,food_dining,
17878244421220099,True,view_from_window,True,silhouette_distant,none,city_view,daytime,4.0,False,none,wide_establishing,view_scenery,
18101152333815217,True,restaurant_bar,False,none,none,partial_view,daytime,4.0,True,facility_name_logo,styled_editorial,food_dining,
18046808960672913,True,lobby_lounge,True,staff,none,no_view,daytime,3.0,False,none,documentary_photo,brand_worldview,
18039492848715745,True,room,True,guest_lifestyle,none,city_view,golden_hour_sunset,4.0,False,none,styled_editorial,room_showcase,
18168769906413883,True,lobby_lounge,False,none,none,city_view,daytime,4.0,False,none,styled_editorial,brand_worldview,
18086036437492657,True,garden_outdoor_space,False,none,none,ocean_view,night,5.0,False,none,wide_establishing,view_scenery,
18250401121273778,True,restaurant_bar,True,hand_detail,none,no_view,daytime,4.0,True,other,styled_editorial,food_dining,
17926174692256482,True,food_drink,False,none,none,no_view,daytime,5.0,True,facility_name_logo,styled_editorial,food_dining,
17947877522983714,True,food_drink,False,none,none,no_view,daytime,3.0,True,season_event_announcement,styled_editorial,food_dining,
17936496800869243,True,lobby_lounge,False,none,none,no_view,unknown,4.0,False,none,styled_editorial,brand_worldview,
17934113178141324,True,room,False,none,other,garden_view,daytime,4.0,False,none,styled_editorial,room_showcase,
18501648250012295,True,garden_outdoor_space,False,none,none,garden_view,daytime,4.0,False,none,close_up_detail,brand_worldview,
18057374857649225,True,food_drink,False,none,none,none,daytime,4.0,False,none,styled_editorial,food_dining,
18061679620884265,True,food_drink,False,none,none,none,unknown,5.0,False,none,close_up_detail,food_dining,
17875773624136530,True,exterior_entrance,False,none,none,none,daytime,5.0,True,facility_name_logo,styled_editorial,brand_worldview,
18047118650632864,True,garden_outdoor_space,False,none,glamping_unique,garden_view,daytime,3.0,True,feature_description,wide_establishing,experience_activity,
17938886138858370,True,view_from_window,False,none,none,mountain_view,daytime,4.0,False,none,wide_establishing,view_scenery,
17987243177850960,True,lobby_lounge,False,none,none,no_view,daytime,4.0,True,feature_description,styled_editorial,food_dining,
17872922103586788,True,room,False,none,standard,no_view,night,4.0,False,none,wide_establishing,room_showcase,
18080385182146129,True,pool_spa,False,none,none,no_view,night,4.0,False,none,styled_editorial,experience_activity,
18026660666254336,True,activity,True,guest_lifestyle,none,city_view,daytime,3.0,True,feature_description,documentary_photo,experience_activity,
17917554822187248,True,restaurant_bar,True,couple,none,city_view,night,5.0,False,none,styled_editorial,food_dining,
17909414871237081,True,amenity_detail,False,none,none,garden_view,daytime,3.0,False,none,close_up_detail,brand_worldview,
18000871250384235,True,activity,False,none,none,no_view,daytime,5.0,False,none,wide_establishing,experience_activity,
17908025640137486,True,room,False,none,traditional_japanese,ocean_view,golden_hour_sunset,4.0,False,none,documentary_photo,room_showcase,
17868096237611075,True,restaurant_bar,True,guest_lifestyle,none,ocean_view,daytime,4.0,False,none,styled_editorial,experience_activity,
18101530270522753,True,garden_outdoor_space,False,none,none,garden_view,daytime,4.0,False,none,documentary_photo,view_scenery,
18020349272194954,True,room,True,guest_lifestyle,standard,partial_view,daytime,3.0,False,none,styled_editorial,room_showcase,
18004062716556250,True,lobby_lounge,False,none,none,ocean_view,daytime,4.0,False,none,wide_establishing,view_scenery,
18075359948082065,True,room,False,none,traditional_japanese,ocean_view,golden_hour_sunset,4.0,False,none,styled_editorial,room_showcase,
17959645284019257,True,food_drink,False,none,none,none,daytime,4.0,False,none,close_up_detail,food_dining,
18296407828220069,True,exterior_entrance,False,none,none,no_view,daytime,3.0,True,facility_name_logo,wide_establishing,brand_worldview,
17992055072855136,True,restaurant_bar,True,couple,traditional_japanese,no_view,night,4.0,True,feature_description,styled_editorial,experience_activity,
17921801472180533,True,garden_outdoor_space,False,none,none,garden_view,daytime,4.0,True,facility_name_logo,wide_establishing,brand_worldview,
18061861481269430,True,pool_spa,False,none,none,mountain_view,daytime,4.0,True,feature_description,styled_editorial,experience_activity,
18224225446310111,True,pool_spa,False,none,none,ocean_view,golden_hour_sunset,5.0,True,feature_description,styled_editorial,view_scenery,
17989401452762996,True,food_drink,False,none,none,no_view,daytime,4.0,True,season_event_announcement,styled_editorial,food_dining,
18060580420839361,True,room,False,none,standard,garden_view,daytime,4.0,False,none,styled_editorial,room_showcase,
18034027505355006,True,pool_spa,False,none,none,ocean_view,golden_hour_sunset,4.0,True,feature_description,wide_establishing,experience_activity,
18097231450869724,True,exterior_entrance,False,none,none,mountain_view,night,4.0,True,facility_name_logo,wide_establishing,brand_worldview,
18001575275829229,True,food_drink,False,none,none,none,daytime,5.0,False,none,styled_editorial,food_dining,
17989947278780100,True,restaurant_bar,False,none,none,no_view,daytime,4.0,False,none,styled_editorial,food_dining,
18075325190340327,True,lobby_lounge,False,none,suite_highend,garden_view,daytime,5.0,False,none,styled_editorial,view_scenery,
18433873021098013,True,pool_spa,False,none,none,ocean_view,night,4.0,True,feature_description,styled_editorial,experience_activity,
18392247367115658,True,food_drink,True,hand_detail,none,no_view,daytime,4.0,True,feature_description,close_up_detail,food_dining,
18044920288893775,True,garden_outdoor_space,False,none,none,other,night,4.0,False,none,wide_establishing,experience_activity,
17882854773399567,True,bathroom,False,none,suite_highend,ocean_view,golden_hour_sunset,5.0,False,none,styled_editorial,room_showcase,
18014722679619942,True,food_drink,False,none,none,no_view,unknown,5.0,False,none,close_up_detail,food_dining,
18055170428173761,True,pool_spa,True,family,none,garden_view,daytime,4.0,False,none,wide_establishing,experience_activity,
17998194191723805,True,activity,True,guest_lifestyle,none,no_view,daytime,4.0,False,none,documentary_photo,experience_activity,
18071956124115086,True,food_drink,False,none,none,garden_view,daytime,4.0,True,feature_description,styled_editorial,food_dining,
18044776547412960,True,food_drink,False,none,none,no_view,daytime,4.0,False,none,close_up_detail,food_dining,
17973096329733946,True,room,False,none,standard,no_view,unknown,4.0,False,none,styled_editorial,room_showcase,
18085717478111193,True,room,False,none,traditional_japanese,no_view,daytime,4.0,False,none,styled_editorial,room_showcase,
18042526237981160,True,exterior_entrance,False,none,none,none,golden_hour_sunset,4.0,False,none,wide_establishing,brand_worldview,
17935075055864894,True,room,False,none,traditional_japanese,mountain_view,night,4.0,False,none,styled_editorial,room_showcase,
17928306252166485,True,room,False,none,glamping_unique,no_view,daytime,4.0,True,feature_description,styled_editorial,room_showcase,
18175547002355602,True,food_drink,False,none,none,no_view,daytime,5.0,False,none,flat_lay,food_dining,
18084922087793980,True,room,False,none,suite_highend,no_view,unknown,5.0,True,feature_description,styled_editorial,room_showcase,
18076626683016042,True,food_drink,False,none,glamping_unique,none,daytime,4.0,True,season_event_announcement,styled_editorial,food_dining,
17994028580938686,True,food_drink,False,none,none,none,unknown,5.0,False,none,flat_lay,food_dining,
18080178773359186,True,food_drink,False,none,none,none,daytime,4.0,True,season_event_announcement,styled_editorial,food_dining,
18170696566366635,True,room,True,family,standard,no_view,daytime,3.0,True,feature_description,styled_editorial,experience_activity,
18131019277372174,True,pool_spa,True,silhouette_distant,glamping_unique,no_view,night,4.0,True,season_event_announcement,styled_editorial,experience_activity,
18067667021477404,True,pool_spa,True,guest_lifestyle,none,ocean_view,golden_hour_sunset,4.0,True,season_event_announcement,styled_editorial,experience_activity,
17871036873308171,True,pool_spa,True,guest_lifestyle,none,ocean_view,night,5.0,False,none,wide_establishing,experience_activity,
18324290842236064,True,food_drink,True,hand_detail,none,no_view,unknown,4.0,True,season_event_announcement,close_up_detail,food_dining,
18087046535260277,True,food_drink,False,none,none,no_view,daytime,4.0,False,none,styled_editorial,food_dining,
17859124884416163,True,pool_spa,False,none,none,garden_view,daytime,4.0,True,feature_description,wide_establishing,experience_activity,
18062304919921122,True,other,False,none,suite_highend,no_view,daytime,4.0,True,feature_description,close_up_detail,room_showcase,
18127744756585750,True,lobby_lounge,True,couple,none,ocean_view,daytime,4.0,False,none,styled_editorial,experience_activity,
18066541499690823,True,garden_outdoor_space,True,guest_lifestyle,none,garden_view,daytime,4.0,True,feature_description,styled_editorial,experience_activity,
17981811215828653,True,food_drink,False,none,none,no_view,unknown,5.0,False,none,close_up_detail,food_dining,
18061782380429438,True,room,False,none,traditional_japanese,no_view,daytime,3.0,True,feature_description,close_up_detail,experience_activity,
17878441809429323,True,lobby_lounge,True,guest_lifestyle,none,city_view,golden_hour_sunset,5.0,True,facility_name_logo,styled_editorial,brand_worldview,
18160931563378587,True,lobby_lounge,True,guest_lifestyle,none,no_view,daytime,4.0,True,feature_description,styled_editorial,experience_activity,
18021774713733435,True,food_drink,False,none,none,none,unknown,4.0,False,none,styled_editorial,food_dining,
18167708758374069,True,pool_spa,False,none,none,garden_view,night,4.0,False,none,styled_editorial,experience_activity,
17999389331782575,True,restaurant_bar,False,none,none,garden_view,daytime,4.0,False,none,styled_editorial,food_dining,
18032498333484319,True,garden_outdoor_space,False,none,none,garden_view,daytime,3.0,True,price_plan_info,documentary_photo,experience_activity,
18024349463645731,True,activity,True,guest_lifestyle,glamping_unique,garden_view,daytime,4.0,True,price_plan_info,styled_editorial,experience_activity,
18073389332378756,True,amenity_detail,True,hand_detail,none,no_view,daytime,4.0,True,feature_description,close_up_detail,brand_worldview,
17991550742908959,True,pool_spa,False,none,none,no_view,daytime,4.0,False,none,styled_editorial,experience_activity,
18106076590517927,True,activity,True,silhouette_distant,none,garden_view,daytime,4.0,True,feature_description,documentary_photo,experience_activity,
17904640752074423,True,food_drink,True,hand_detail,none,no_view,daytime,4.0,False,none,close_up_detail,food_dining,
18396113965113181,True,room,False,none,suite_highend,city_view,night,5.0,False,none,styled_editorial,room_showcase,
18062860114816571,True,room,False,none,standard,mountain_view,daytime,4.0,False,none,wide_establishing,room_showcase,
18066375578135835,True,lobby_lounge,True,couple,none,no_view,daytime,4.0,False,none,styled_editorial,brand_worldview,
17938532736016831,True,pool_spa,False,none,villa_private,ocean_view,daytime,5.0,False,none,styled_editorial,room_showcase,
18047224460402000,True,amenity_detail,True,hand_detail,none,no_view,daytime,3.0,False,none,styled_editorial,brand_worldview,
17897414790094403,True,room,True,guest_lifestyle,none,no_view,unknown,3.0,True,feature_description,styled_editorial,experience_activity,
18061734034545074,True,activity,True,guest_lifestyle,none,ocean_view,daytime,5.0,True,facility_name_logo,drone_aerial,brand_worldview,
18070873681646810,True,restaurant_bar,False,none,none,no_view,night,5.0,False,none,styled_editorial,food_dining,
18070595866552336,True,amenity_detail,False,none,none,no_view,unknown,3.0,True,price_plan_info,documentary_photo,other,
17934248444941816,True,room,True,guest_lifestyle,standard,city_view,daytime,3.0,False,none,styled_editorial,room_showcase,
18034949126054572,True,room,False,none,standard,no_view,daytime,4.0,False,none,styled_editorial,room_showcase,
18220107346285656,True,garden_outdoor_space,True,family,none,mountain_view,daytime,3.0,False,none,styled_editorial,experience_activity,
18166909006330912,True,other,False,none,none,no_view,unknown,4.0,True,facility_name_logo,other,brand_worldview,
18057573224275089,True,lobby_lounge,True,guest_lifestyle,none,garden_view,daytime,4.0,False,none,styled_editorial,experience_activity,
18157724206443922,True,other,False,none,none,city_view,golden_hour_sunset,4.0,True,feature_description,drone_aerial,brand_worldview,
17924066478155601,True,restaurant_bar,True,guest_lifestyle,none,partial_view,daytime,4.0,False,none,wide_establishing,food_dining,
18076350134404138,True,food_drink,False,none,none,no_view,daytime,4.0,True,feature_description,flat_lay,food_dining,
18002614778499914,True,pool_spa,False,none,none,mountain_view,daytime,4.0,False,none,styled_editorial,experience_activity,
17854174392371741,True,exterior_entrance,False,none,none,none,daytime,4.0,True,facility_name_logo,wide_establishing,brand_worldview,
18176630089354122,True,pool_spa,True,guest_lifestyle,suite_highend,no_view,daytime,4.0,True,feature_description,styled_editorial,experience_activity,
18062721464514512,True,pool_spa,False,none,none,no_view,daytime,4.0,False,none,drone_aerial,experience_activity,
18037666045756235,True,room,False,none,suite_highend,ocean_view,daytime,4.0,False,none,styled_editorial,room_showcase,
17980436699895231,True,exterior_entrance,False,none,none,other,daytime,4.0,False,none,wide_establishing,brand_worldview,
18055608341009446,True,garden_outdoor_space,True,guest_lifestyle,none,ocean_view,daytime,5.0,False,none,drone_aerial,experience_activity,
18116878081679730,True,garden_outdoor_space,True,staff,none,mountain_view,daytime,4.0,True,facility_name_logo,wide_establishing,brand_worldview,
17916966710843279,True,exterior_entrance,True,family,none,no_view,daytime,3.0,True,facility_name_logo,documentary_photo,brand_worldview,
17905232673214842,True,food_drink,False,none,none,no_view,daytime,4.0,False,none,styled_editorial,food_dining,
18174239665368711,True,lobby_lounge,False,none,none,garden_view,daytime,5.0,False,none,styled_editorial,brand_worldview,
17929117275007190,True,activity,True,family,none,no_view,daytime,2.0,False,none,documentary_photo,experience_activity,
17892683091045666,True,garden_outdoor_space,False,none,none,ocean_view,daytime,4.0,False,none,wide_establishing,view_scenery,
17881904796216476,True,food_drink,True,hand_detail,none,no_view,daytime,4.0,False,none,close_up_detail,food_dining,
18037998707268466,True,activity,True,guest_lifestyle,none,garden_view,daytime,4.0,True,feature_description,styled_editorial,experience_activity,
18090581122826566,True,other,True,silhouette_distant,none,other,daytime,4.0,True,season_event_announcement,other,season_event,
18055530722379379,True,lobby_lounge,True,guest_lifestyle,none,city_view,daytime,5.0,False,none,styled_editorial,brand_worldview,
18103792861497346,True,lobby_lounge,True,guest_lifestyle,none,garden_view,daytime,5.0,True,feature_description,styled_editorial,experience_activity,
18090558910463296,True,garden_outdoor_space,False,none,none,garden_view,daytime,3.0,False,none,close_up_detail,view_scenery,
18062034902060847,True,room,False,none,traditional_japanese,no_view,daytime,4.0,False,none,styled_editorial,room_showcase,
17856868926146822,True,activity,True,family,none,ocean_view,daytime,3.0,False,none,documentary_photo,experience_activity,
18094759100169878,True,exterior_entrance,False,none,none,mountain_view,daytime,4.0,True,access_location_info,drone_aerial,brand_worldview,
17865518331255152,True,restaurant_bar,True,hand_detail,none,garden_view,daytime,4.0,False,none,styled_editorial,food_dining,
18265718752215174,True,activity,True,guest_lifestyle,other,no_view,daytime,4.0,False,none,styled_editorial,experience_activity,
18209354986335409,True,activity,True,guest_lifestyle,none,garden_view,daytime,2.0,True,access_location_info,styled_editorial,brand_worldview,
18046836724930389,True,view_from_window,False,none,none,ocean_view,golden_hour_sunset,4.0,False,none,styled_editorial,view_scenery,
18119242321487581,True,view_from_window,False,none,none,ocean_view,night,3.0,True,feature_description,wide_establishing,experience_activity,
17934728970135830,True,exterior_entrance,True,guest_lifestyle,none,city_view,daytime,4.0,False,none,styled_editorial,brand_worldview,
18137659369330370,True,lobby_lounge,False,none,none,garden_view,daytime,5.0,False,none,styled_editorial,brand_worldview,
18084388280479683,True,pool_spa,False,none,none,partial_view,daytime,4.0,True,feature_description,styled_editorial,experience_activity,
18166650979408323,True,activity,False,none,none,ocean_view,daytime,4.0,False,none,documentary_photo,experience_activity,
18073532551689431,True,food_drink,False,none,none,no_view,daytime,5.0,False,none,styled_editorial,food_dining,
18329995552197857,True,garden_outdoor_space,False,none,glamping_unique,garden_view,daytime,4.0,True,feature_description,styled_editorial,experience_activity,
18084630529536098,True,exterior_entrance,False,none,none,no_view,daytime,4.0,True,facility_name_logo,close_up_detail,brand_worldview,
18073978964235948,True,room,False,none,suite_highend,no_view,night,4.0,False,none,styled_editorial,room_showcase,
18145183576494358,True,restaurant_bar,False,none,none,ocean_view,daytime,4.0,True,feature_description,styled_editorial,food_dining,
18088131430988003,True,room,False,none,suite_highend,garden_view,daytime,4.0,False,none,wide_establishing,room_showcase,
18047599000591339,True,food_drink,True,hand_detail,none,no_view,daytime,3.0,False,none,flat_lay,food_dining,
18081455332613097,True,garden_outdoor_space,False,none,none,garden_view,daytime,4.0,True,season_event_announcement,wide_establishing,season_event,
18076009187094803,True,pool_spa,False,none,villa_private,garden_view,daytime,5.0,False,none,styled_editorial,room_showcase,
17917858502855767,True,room,False,none,suite_highend,no_view,daytime,4.0,False,none,styled_editorial,room_showcase,
18097062862878273,True,pool_spa,False,none,none,other,night,4.0,True,access_location_info,styled_editorial,experience_activity,
18047512307281501,True,other,True,guest_lifestyle,none,none,unknown,3.0,True,access_location_info,other,brand_worldview,
18057692272866397,True,activity,True,hand_detail,none,none,daytime,3.0,True,season_event_announcement,close_up_detail,season_event,
17865929913325667,True,exterior_entrance,False,none,none,city_view,night,5.0,True,ranking_award,wide_establishing,brand_worldview,
18366895939102410,True,activity,True,family,none,other,daytime,3.0,False,none,documentary_photo,experience_activity,
18349287970233426,True,activity,True,guest_lifestyle,none,ocean_view,daytime,5.0,False,none,styled_editorial,experience_activity,
18316831471267759,True,lobby_lounge,False,none,none,no_view,daytime,5.0,True,feature_description,styled_editorial,food_dining,
18090879943978517,True,food_drink,False,none,none,none,daytime,4.0,False,none,close_up_detail,food_dining,
18153397519346366,True,room,False,none,suite_highend,no_view,night,5.0,True,feature_description,styled_editorial,experience_activity,
17982353039554375,True,room,False,none,standard,garden_view,daytime,4.0,False,none,styled_editorial,room_showcase,
18076045793229217,True,other,False,none,none,none,unknown,2.0,True,season_event_announcement,other,season_event,
17864605398491392,True,room,False,none,other,ocean_view,daytime,4.0,True,feature_description,styled_editorial,room_showcase,
18048402550843426,True,room,False,none,traditional_japanese,no_view,daytime,5.0,False,none,styled_editorial,room_showcase,
17876084016104467,True,pool_spa,True,guest_lifestyle,none,garden_view,daytime,4.0,False,none,styled_editorial,experience_activity,
18508330540009761,True,activity,True,silhouette_distant,none,city_view,night,3.0,True,feature_description,documentary_photo,experience_activity,
18084708634916247,True,activity,True,family,none,partial_view,daytime,3.0,True,feature_description,close_up_detail,experience_activity,
18118459639737680,True,room,False,none,traditional_japanese,no_view,daytime,3.0,True,feature_description,styled_editorial,room_showcase,
18060256288977598,True,food_drink,True,hand_detail,none,none,daytime,3.0,False,none,close_up_detail,food_dining,
18106169632651995,True,food_drink,False,none,none,none,unknown,5.0,False,none,close_up_detail,food_dining,
17930134448747432,True,food_drink,False,none,none,none,daytime,4.0,True,feature_description,flat_lay,food_dining,
18328624330220927,True,room,False,none,suite_highend,mountain_view,golden_hour_sunset,5.0,True,feature_description,styled_editorial,room_showcase,
18060059555252685,True,pool_spa,False,none,none,ocean_view,golden_hour_sunset,4.0,True,feature_description,styled_editorial,experience_activity,
18255358261287169,True,garden_outdoor_space,True,couple,none,ocean_view,golden_hour_sunset,4.0,False,none,wide_establishing,view_scenery,
18094082167887171,True,other,False,none,standard,no_view,daytime,3.0,True,feature_description,styled_editorial,brand_worldview,
18145085206485302,True,activity,False,none,none,city_view,daytime,4.0,True,other,wide_establishing,experience_activity,
18105764752684382,True,other,False,none,traditional_japanese,ocean_view,daytime,4.0,True,price_plan_info,styled_editorial,price_plan_announcement,
18389836072148431,True,pool_spa,True,guest_lifestyle,none,ocean_view,daytime,4.0,False,none,wide_establishing,experience_activity,
18027008473940939,True,exterior_entrance,False,none,none,mountain_view,golden_hour_sunset,4.0,True,facility_name_logo,wide_establishing,brand_worldview,
18082126171907739,True,lobby_lounge,True,staff,none,partial_view,daytime,5.0,False,none,styled_editorial,food_dining,
18013957646654574,True,other,True,guest_lifestyle,standard,ocean_view,daytime,4.0,True,price_plan_info,styled_editorial,price_plan_announcement,
18056936105121430,True,room,True,couple,standard,no_view,daytime,4.0,False,none,styled_editorial,room_showcase,
18061801171937249,True,pool_spa,False,none,none,no_view,night,4.0,False,none,styled_editorial,experience_activity,
18081100759807522,True,room,False,none,villa_private,ocean_view,daytime,5.0,False,none,styled_editorial,room_showcase,
17924793404916332,True,exterior_entrance,True,couple,traditional_japanese,mountain_view,night,4.0,True,facility_name_logo,styled_editorial,brand_worldview,
17889847755334395,True,garden_outdoor_space,True,guest_lifestyle,none,garden_view,daytime,4.0,True,season_event_announcement,wide_establishing,season_event,
18095227480801721,True,restaurant_bar,False,none,none,no_view,unknown,5.0,True,feature_description,styled_editorial,food_dining,
18043923040878290,True,amenity_detail,False,none,none,garden_view,daytime,4.0,False,none,close_up_detail,experience_activity,
17944088976062745,True,room,False,none,suite_highend,partial_view,daytime,5.0,False,none,styled_editorial,room_showcase,
18032152115241721,True,lobby_lounge,False,none,none,no_view,night,4.0,False,none,documentary_photo,season_event,
17955478146100017,True,room,False,none,traditional_japanese,no_view,unknown,4.0,True,facility_name_logo,styled_editorial,room_showcase,
18137483743477461,True,room,True,couple,traditional_japanese,no_view,daytime,3.0,True,feature_description,styled_editorial,room_showcase,
18125438032379743,True,other,False,none,none,other,daytime,3.0,True,feature_description,wide_establishing,view_scenery,
17875441188066141,True,food_drink,False,none,none,garden_view,daytime,5.0,False,none,styled_editorial,food_dining,
17869415709589487,True,room,False,none,traditional_japanese,garden_view,daytime,4.0,False,none,styled_editorial,room_showcase,
18333770983126865,True,food_drink,False,none,none,no_view,daytime,4.0,False,none,flat_lay,food_dining,
17895213762378930,True,room,False,none,traditional_japanese,ocean_view,daytime,4.0,True,feature_description,styled_editorial,room_showcase,
18054029158917698,True,other,True,other,none,other,daytime,4.0,True,feature_description,wide_establishing,experience_activity,
18082444294875350,True,food_drink,False,none,none,none,daytime,4.0,False,none,styled_editorial,food_dining,
18506744365001362,True,lobby_lounge,True,guest_lifestyle,none,no_view,daytime,3.0,False,none,styled_editorial,brand_worldview,
18329987146232760,True,other,False,none,none,none,unknown,4.0,True,season_event_announcement,styled_editorial,experience_activity,
18067790522322056,True,restaurant_bar,True,hand_detail,none,no_view,night,4.0,False,none,close_up_detail,food_dining,
18124996921588319,True,food_drink,False,none,none,none,unknown,4.0,True,season_event_announcement,styled_editorial,food_dining,
18084544310347259,True,room,False,none,traditional_japanese,mountain_view,daytime,4.0,True,season_event_announcement,styled_editorial,season_event,
18124540063594168,True,garden_outdoor_space,False,none,none,mountain_view,daytime,3.0,False,none,close_up_detail,view_scenery,
18018187358781492,True,food_drink,True,hand_detail,none,partial_view,daytime,4.0,False,none,flat_lay,food_dining,
18057115139452841,True,lobby_lounge,True,guest_lifestyle,none,garden_view,daytime,4.0,False,none,styled_editorial,brand_worldview,
18515441908053836,True,other,True,other,none,city_view,daytime,1.0,True,feature_description,documentary_photo,experience_activity,
18093315745793575,True,exterior_entrance,False,none,none,no_view,daytime,4.0,True,facility_name_logo,styled_editorial,brand_worldview,
18433481875069393,True,pool_spa,False,none,none,ocean_view,daytime,5.0,False,none,styled_editorial,view_scenery,
18043865669479019,True,activity,False,none,none,none,daytime,5.0,True,facility_name_logo,wide_establishing,experience_activity,
18066969931805548,True,lobby_lounge,False,none,none,partial_view,daytime,4.0,False,none,close_up_detail,brand_worldview,
18049854283631100,True,pool_spa,False,none,none,ocean_view,daytime,3.0,True,season_event_announcement,drone_aerial,season_event,
17904713103298996,True,restaurant_bar,True,hand_detail,none,no_view,daytime,4.0,False,none,flat_lay,food_dining,
18156933259384212,True,food_drink,True,hand_detail,none,no_view,daytime,4.0,False,none,styled_editorial,food_dining,
17849141916141867,True,view_from_window,True,silhouette_distant,none,city_view,daytime,4.0,False,none,wide_establishing,view_scenery,
18117646738633951,True,activity,True,silhouette_distant,none,ocean_view,daytime,4.0,True,season_event_announcement,drone_aerial,season_event,
17920779720096157,True,lobby_lounge,False,none,none,city_view,night,5.0,False,none,styled_editorial,food_dining,
18046148600486425,True,exterior_entrance,False,none,none,mountain_view,night,4.0,False,none,wide_establishing,brand_worldview,
18033358144808046,True,food_drink,True,hand_detail,none,none,daytime,4.0,False,none,close_up_detail,food_dining,
18069287486388356,True,restaurant_bar,True,staff,none,no_view,golden_hour_sunset,5.0,False,none,styled_editorial,food_dining,
18272757928168069,True,food_drink,True,hand_detail,none,garden_view,daytime,3.0,False,none,close_up_detail,food_dining,
18054773210391031,True,food_drink,False,none,none,no_view,daytime,4.0,True,other,styled_editorial,food_dining,
17990351720973881,True,activity,True,other,none,none,daytime,1.0,True,feature_description,documentary_photo,experience_activity,
18004905032345257,True,pool_spa,False,none,none,partial_view,unknown,3.0,True,feature_description,styled_editorial,experience_activity,
18015370481684140,True,food_drink,False,none,none,no_view,daytime,4.0,False,none,styled_editorial,food_dining,
18113108029813265,True,amenity_detail,False,none,suite_highend,no_view,unknown,5.0,False,none,close_up_detail,room_showcase,
18037393007541015,True,room,False,none,glamping_unique,no_view,night,4.0,True,feature_description,styled_editorial,room_showcase,
18289884796256959,True,room,False,none,suite_highend,no_view,daytime,5.0,False,none,styled_editorial,food_dining,
18061384796705601,True,garden_outdoor_space,False,none,none,garden_view,daytime,4.0,True,season_event_announcement,wide_establishing,season_event,
18327402115267471,True,food_drink,False,none,none,none,daytime,4.0,False,none,close_up_detail,food_dining,
18312472786278908,True,pool_spa,False,none,none,mountain_view,daytime,4.0,True,facility_name_logo,wide_establishing,experience_activity,
18085665512524069,True,food_drink,False,none,none,none,daytime,3.0,True,feature_description,close_up_detail,food_dining,
18110163802859889,True,exterior_entrance,True,silhouette_distant,none,none,daytime,4.0,True,facility_name_logo,documentary_photo,brand_worldview,
18119145916522035,True,lobby_lounge,True,silhouette_distant,none,no_view,night,5.0,False,none,styled_editorial,experience_activity,
17929128228043779,True,activity,True,guest_lifestyle,none,no_view,unknown,3.0,True,facility_name_logo,styled_editorial,experience_activity,
17992790972784072,True,food_drink,True,hand_detail,none,none,daytime,4.0,False,none,close_up_detail,food_dining,
18029225327667291,True,exterior_entrance,True,silhouette_distant,none,city_view,daytime,4.0,True,other,wide_establishing,experience_activity,
18049045796353411,True,food_drink,False,none,none,no_view,daytime,4.0,True,season_event_announcement,styled_editorial,season_event,
18048721430611048,True,pool_spa,False,none,none,mountain_view,daytime,4.0,True,feature_description,wide_establishing,experience_activity,
18025109093780223,True,exterior_entrance,False,none,none,city_view,golden_hour_sunset,4.0,False,none,drone_aerial,brand_worldview,
18012314696554531,True,food_drink,False,none,none,no_view,daytime,4.0,True,feature_description,styled_editorial,food_dining,
18059278013472270,True,food_drink,False,none,standard,no_view,daytime,4.0,True,season_event_announcement,styled_editorial,experience_activity,
17952646935129667,True,food_drink,False,none,none,no_view,daytime,4.0,True,feature_description,styled_editorial,food_dining,
18013219064721705,True,other,False,none,standard,no_view,night,4.0,True,season_event_announcement,styled_editorial,season_event,
18111184012617439,True,other,True,hand_detail,none,ocean_view,golden_hour_sunset,4.0,True,price_plan_info,styled_editorial,price_plan_announcement,
18124914583597372,True,restaurant_bar,False,none,none,no_view,daytime,4.0,True,feature_description,close_up_detail,food_dining,
17909609799157232,True,room,False,none,standard,no_view,daytime,3.0,True,other,styled_editorial,room_showcase,
18114549124626319,True,room,False,none,standard,city_view,daytime,4.0,False,none,styled_editorial,room_showcase,
17943388509005301,True,restaurant_bar,True,staff,none,partial_view,daytime,4.0,True,feature_description,documentary_photo,brand_worldview,
18069632684239096,True,restaurant_bar,False,none,none,no_view,daytime,4.0,True,season_event_announcement,styled_editorial,food_dining,
18063188585221272,True,activity,False,none,none,mountain_view,daytime,4.0,False,none,wide_establishing,experience_activity,
18059155984996583,True,pool_spa,False,none,traditional_japanese,garden_view,daytime,5.0,False,none,styled_editorial,room_showcase,
18003424451880597,True,other,True,other,none,none,unknown,3.0,True,season_event_announcement,documentary_photo,other,
17986201010961596,True,room,True,guest_lifestyle,traditional_japanese,no_view,unknown,3.0,True,feature_description,close_up_detail,experience_activity,
17991563507758477,True,restaurant_bar,False,none,none,partial_view,daytime,3.0,False,none,documentary_photo,food_dining,
17849748672259020,True,exterior_entrance,False,none,none,garden_view,daytime,4.0,True,feature_description,styled_editorial,experience_activity,
17870212278372363,True,room,False,none,suite_highend,no_view,daytime,4.0,False,none,styled_editorial,room_showcase,
18085442149984868,True,pool_spa,False,none,traditional_japanese,garden_view,daytime,4.0,False,none,styled_editorial,experience_activity,
18034274813492795,True,lobby_lounge,True,staff,none,no_view,unknown,4.0,True,user_voice_review,close_up_detail,brand_worldview,
17870785473514213,True,view_from_window,False,none,none,mountain_view,daytime,5.0,False,none,drone_aerial,view_scenery,
18075300127508341,True,pool_spa,False,none,other,garden_view,night,5.0,True,feature_description,styled_editorial,room_showcase,
18352282981239256,True,food_drink,True,hand_detail,none,no_view,daytime,4.0,False,none,close_up_detail,food_dining,
17906398823966419,True,food_drink,False,none,none,ocean_view,daytime,3.0,True,feature_description,close_up_detail,food_dining,
18059998427444046,True,other,False,none,suite_highend,city_view,daytime,4.0,True,price_plan_info,styled_editorial,price_plan_announcement,
18297272446086533,True,pool_spa,True,guest_lifestyle,traditional_japanese,city_view,daytime,4.0,False,none,styled_editorial,experience_activity,
18019392590496349,True,pool_spa,False,none,none,garden_view,daytime,4.0,True,feature_description,styled_editorial,experience_activity,
17923210235979400,True,lobby_lounge,False,none,none,no_view,night,5.0,False,none,wide_establishing,brand_worldview,
18317621104127355,True,food_drink,False,none,none,none,unknown,3.0,True,feature_description,close_up_detail,food_dining,
17936333562156342,True,room,False,none,traditional_japanese,ocean_view,daytime,4.0,False,none,wide_establishing,room_showcase,
17910143568298816,True,pool_spa,True,silhouette_distant,none,ocean_view,daytime,5.0,False,none,drone_aerial,view_scenery,
18122963962574138,True,room,True,guest_lifestyle,standard,no_view,daytime,4.0,False,none,styled_editorial,room_showcase,
18140742409409348,True,lobby_lounge,False,none,none,none,unknown,4.0,True,season_event_announcement,styled_editorial,season_event,
17967574268847867,True,food_drink,False,none,none,none,unknown,5.0,False,none,close_up_detail,food_dining,
18009365891241927,True,room,False,none,suite_highend,no_view,daytime,4.0,False,none,styled_editorial,room_showcase,
18059026148220114,True,food_drink,True,hand_detail,none,city_view,daytime,2.0,True,other,close_up_detail,food_dining,
18114621064713661,True,other,True,family,standard,ocean_view,unknown,3.0,True,price_plan_info,styled_editorial,price_plan_announcement,
18299829919277687,True,food_drink,False,none,none,no_view,daytime,4.0,True,season_event_announcement,styled_editorial,season_event,
17871272109405896,True,food_drink,False,none,none,no_view,unknown,4.0,False,none,styled_editorial,food_dining,
18034172399342277,True,food_drink,False,none,none,no_view,daytime,4.0,False,none,styled_editorial,food_dining,
18200127646289539,True,pool_spa,False,none,none,mountain_view,daytime,4.0,False,none,close_up_detail,experience_activity,
17889121452260801,True,food_drink,False,none,none,no_view,daytime,5.0,True,ranking_award,styled_editorial,food_dining,
18099790081768857,True,restaurant_bar,False,none,none,no_view,unknown,4.0,True,season_event_announcement,styled_editorial,season_event,
18116966290468632,True,activity,False,none,none,no_view,unknown,3.0,True,season_event_announcement,styled_editorial,season_event,
18089480335786549,True,food_drink,False,none,suite_highend,ocean_view,daytime,4.0,True,feature_description,styled_editorial,food_dining,
17886170475359731,True,food_drink,False,none,none,no_view,daytime,3.0,True,feature_description,close_up_detail,food_dining,
18073990780523249,True,other,False,none,none,other,daytime,3.0,False,none,documentary_photo,other,
18387677023193528,True,food_drink,False,none,none,partial_view,daytime,5.0,False,none,styled_editorial,food_dining,
17861680215362923,True,pool_spa,False,none,none,ocean_view,golden_hour_sunset,5.0,False,none,styled_editorial,view_scenery,
18400716817179057,True,pool_spa,False,none,none,ocean_view,daytime,4.0,True,season_event_announcement,wide_establishing,season_event,
18114267226627492,True,room,True,guest_lifestyle,none,no_view,daytime,5.0,False,none,styled_editorial,brand_worldview,
18070450697573276,True,pool_spa,False,none,none,ocean_view,daytime,4.0,True,feature_description,wide_establishing,view_scenery,
18357280150186211,True,food_drink,False,none,none,no_view,unknown,4.0,True,feature_description,close_up_detail,food_dining,
17917587303044214,True,garden_outdoor_space,False,none,traditional_japanese,garden_view,daytime,4.0,True,other,close_up_detail,brand_worldview,
17933489784235675,True,garden_outdoor_space,False,none,none,mountain_view,daytime,5.0,False,none,wide_establishing,view_scenery,
18091286735582823,True,exterior_entrance,False,none,none,none,daytime,4.0,False,none,documentary_photo,brand_worldview,
18092146375688848,True,food_drink,False,none,none,none,unknown,5.0,True,feature_description,styled_editorial,food_dining,
17853119292375998,True,room,False,none,standard,ocean_view,daytime,4.0,False,none,wide_establishing,room_showcase,
17860233915092616,True,room,False,none,traditional_japanese,no_view,daytime,5.0,False,none,styled_editorial,room_showcase,
18093491338408622,True,pool_spa,False,none,none,none,daytime,4.0,False,none,styled_editorial,experience_activity,
17923064696966345,True,restaurant_bar,True,hand_detail,none,no_view,daytime,5.0,False,none,flat_lay,food_dining,
18011401163892244,True,food_drink,False,none,none,none,daytime,4.0,False,none,styled_editorial,food_dining,
18089210875691615,True,other,False,none,none,city_view,night,4.0,True,other,wide_establishing,experience_activity,
17910271554335146,True,lobby_lounge,False,none,none,no_view,daytime,4.0,False,none,styled_editorial,brand_worldview,
18023469695393318,True,bathroom,False,none,traditional_japanese,garden_view,daytime,5.0,False,none,styled_editorial,room_showcase,
18099130774791486,True,food_drink,False,none,none,no_view,daytime,5.0,False,none,styled_editorial,food_dining,
18210690898290733,True,food_drink,False,none,none,none,daytime,3.0,False,none,flat_lay,food_dining,
17997579602643600,True,food_drink,False,none,none,none,daytime,4.0,True,season_event_announcement,styled_editorial,season_event,
18093226640159221,True,room,False,none,other,no_view,night,3.0,True,facility_name_logo,documentary_photo,room_showcase,
18058013414154087,True,room,True,guest_lifestyle,standard,partial_view,daytime,3.0,False,none,documentary_photo,room_showcase,
17949604529696323,True,pool_spa,False,none,none,garden_view,daytime,4.0,False,none,styled_editorial,experience_activity,
18259786000295612,True,food_drink,True,hand_detail,none,no_view,unknown,4.0,False,none,close_up_detail,food_dining,
17875327485185229,True,other,True,silhouette_distant,none,city_view,night,3.0,True,access_location_info,wide_establishing,experience_activity,
18082659080594615,True,room,False,none,traditional_japanese,no_view,daytime,4.0,False,none,styled_editorial,room_showcase,
18072190492479324,True,pool_spa,False,none,none,no_view,night,5.0,False,none,styled_editorial,experience_activity,
18061687718423875,True,garden_outdoor_space,False,none,none,garden_view,daytime,3.0,True,facility_name_logo,documentary_photo,brand_worldview,
18346254979225781,True,restaurant_bar,False,none,none,none,night,5.0,True,season_event_announcement,styled_editorial,season_event,
17915316120214417,True,room,False,none,other,ocean_view,night,5.0,False,none,wide_establishing,room_showcase,
17904478412931701,True,lobby_lounge,False,none,none,no_view,night,4.0,True,feature_description,styled_editorial,brand_worldview,
17877951855446733,True,activity,False,none,none,mountain_view,unknown,3.0,True,season_event_announcement,documentary_photo,season_event,
17915984784347284,True,activity,True,guest_lifestyle,none,ocean_view,daytime,3.0,True,feature_description,documentary_photo,experience_activity,
18120556912448154,True,garden_outdoor_space,True,couple,none,garden_view,daytime,4.0,False,none,styled_editorial,experience_activity,
18085476232570943,True,pool_spa,False,none,none,mountain_view,daytime,4.0,True,season_event_announcement,wide_establishing,season_event,
18039539888147886,True,activity,True,family,none,none,daytime,4.0,True,facility_name_logo,wide_establishing,experience_activity,
18045555841838741,True,activity,True,guest_lifestyle,none,other,daytime,4.0,False,none,styled_editorial,experience_activity,
17868559005198069,True,lobby_lounge,False,none,none,no_view,daytime,4.0,False,none,styled_editorial,brand_worldview,
17980126922668472,True,pool_spa,False,none,none,mountain_view,night,5.0,False,none,styled_editorial,experience_activity,
17943909281939001,True,pool_spa,True,family,none,garden_view,daytime,4.0,False,none,wide_establishing,experience_activity,
18089183347860617,True,garden_outdoor_space,False,none,none,garden_view,daytime,4.0,False,none,documentary_photo,view_scenery,
17940764258900007,True,food_drink,True,hand_detail,none,no_view,daytime,2.0,False,none,close_up_detail,food_dining,
18051763145178093,True,lobby_lounge,False,none,none,partial_view,daytime,4.0,True,facility_name_logo,close_up_detail,brand_worldview,
17889332850308258,True,view_from_window,False,none,none,city_view,daytime,3.0,True,season_event_announcement,wide_establishing,season_event,
18115781089515395,True,restaurant_bar,True,guest_lifestyle,none,garden_view,daytime,4.0,True,feature_description,styled_editorial,food_dining,
18104976764490785,True,lobby_lounge,False,none,none,ocean_view,daytime,4.0,False,none,wide_establishing,brand_worldview,
17946293142078750,True,activity,True,guest_lifestyle,traditional_japanese,no_view,daytime,3.0,True,feature_description,styled_editorial,experience_activity,
17845310940674967,True,food_drink,False,none,none,no_view,daytime,5.0,False,none,flat_lay,food_dining,
18003313136730160,True,food_drink,True,hand_detail,none,no_view,daytime,4.0,False,none,close_up_detail,food_dining,
17895850926193785,True,food_drink,False,none,none,no_view,daytime,3.0,False,none,styled_editorial,food_dining,
18049891252815573,True,restaurant_bar,True,guest_lifestyle,none,garden_view,night,4.0,False,none,styled_editorial,experience_activity,
18282671509278997,True,activity,True,guest_lifestyle,none,none,daytime,2.0,True,feature_description,styled_editorial,experience_activity,
18341573182118848,True,pool_spa,False,none,none,partial_view,unknown,3.0,True,feature_description,styled_editorial,experience_activity,
18099031898295814,True,food_drink,True,hand_detail,none,no_view,unknown,5.0,True,season_event_announcement,close_up_detail,season_event,
18075195919814808,True,food_drink,True,hand_detail,none,no_view,daytime,3.0,False,none,close_up_detail,food_dining,
18057385523586175,True,restaurant_bar,False,none,none,city_view,daytime,4.0,False,none,wide_establishing,food_dining,
18075248363395708,True,garden_outdoor_space,True,family,none,other,golden_hour_sunset,4.0,True,facility_name_logo,wide_establishing,experience_activity,
18026740541583307,True,pool_spa,False,none,traditional_japanese,other,daytime,5.0,False,none,styled_editorial,experience_activity,
18514110061007510,True,garden_outdoor_space,False,none,none,mountain_view,daytime,5.0,True,season_event_announcement,drone_aerial,season_event,
18069570578219415,True,food_drink,False,none,none,none,night,4.0,False,none,styled_editorial,food_dining,
18079433609059772,True,pool_spa,False,none,villa_private,ocean_view,daytime,5.0,False,none,styled_editorial,room_showcase,
17847051897577953,True,exterior_entrance,True,silhouette_distant,none,none,golden_hour_sunset,4.0,True,facility_name_logo,wide_establishing,brand_worldview,
18090933526935943,True,lobby_lounge,False,none,none,no_view,unknown,4.0,True,facility_name_logo,wide_establishing,brand_worldview,
18483253084028000,True,room,True,guest_lifestyle,other,no_view,unknown,4.0,True,price_plan_info,styled_editorial,price_plan_announcement,
18319780432255311,True,room,False,none,standard,no_view,unknown,4.0,True,access_location_info,styled_editorial,room_showcase,
18081860081316803,True,food_drink,False,none,none,none,daytime,5.0,False,none,close_up_detail,food_dining,
17869541046457130,True,garden_outdoor_space,False,none,none,garden_view,daytime,4.0,False,none,styled_editorial,brand_worldview,
18063099583915483,True,garden_outdoor_space,False,none,none,garden_view,daytime,4.0,False,none,close_up_detail,experience_activity,
18010628984301613,True,food_drink,False,none,none,no_view,unknown,2.0,False,none,close_up_detail,food_dining,
18041467283534848,True,pool_spa,True,family,none,garden_view,daytime,4.0,True,feature_description,wide_establishing,experience_activity,
18121932352471863,True,lobby_lounge,False,none,none,garden_view,night,5.0,False,none,styled_editorial,brand_worldview,
18088616572955769,True,lobby_lounge,False,none,none,garden_view,night,4.0,True,season_event_announcement,wide_establishing,season_event,
18000924044888974,True,lobby_lounge,False,none,none,garden_view,night,5.0,False,none,styled_editorial,brand_worldview,
18071563934365860,True,room,False,none,other,no_view,unknown,4.0,True,facility_name_logo,styled_editorial,room_showcase,
17944736865175323,True,food_drink,True,hand_detail,none,no_view,daytime,4.0,True,season_event_announcement,styled_editorial,season_event,
17846298897271565,True,activity,False,none,none,no_view,unknown,1.0,True,ranking_award,documentary_photo,experience_activity,
17871513168176607,True,activity,True,guest_lifestyle,none,ocean_view,daytime,3.0,False,none,drone_aerial,experience_activity,
18056091512559738,True,lobby_lounge,True,couple,none,garden_view,daytime,4.0,True,season_event_announcement,styled_editorial,season_event,
18384402955139816,True,food_drink,False,none,none,no_view,daytime,5.0,False,none,flat_lay,food_dining,
17871900657476391,True,food_drink,False,none,none,garden_view,daytime,5.0,False,none,styled_editorial,food_dining,
17893059654036150,True,room,False,none,standard,no_view,daytime,4.0,False,none,styled_editorial,room_showcase,
18090148277000678,True,restaurant_bar,False,none,none,no_view,night,4.0,False,none,styled_editorial,food_dining,
17983588109697066,True,activity,False,none,none,none,unknown,3.0,True,other,documentary_photo,experience_activity,
18063034715105405,True,pool_spa,True,guest_lifestyle,none,ocean_view,daytime,5.0,False,none,drone_aerial,experience_activity,
18112726126624215,True,amenity_detail,False,none,none,no_view,daytime,4.0,False,none,flat_lay,brand_worldview,
18335075476171716,True,activity,False,none,none,no_view,daytime,3.0,True,feature_description,documentary_photo,experience_activity,
18053972236876135,True,activity,False,none,none,mountain_view,daytime,2.0,True,feature_description,wide_establishing,experience_activity,
17880043710516944,True,activity,True,guest_lifestyle,none,ocean_view,daytime,4.0,False,none,styled_editorial,experience_activity,
18245786665250918,True,room,False,none,traditional_japanese,no_view,daytime,4.0,False,none,styled_editorial,room_showcase,
18316512625213909,True,activity,False,none,none,no_view,unknown,1.0,True,feature_description,close_up_detail,experience_activity,
17984048873710743,True,room,False,none,standard,city_view,daytime,4.0,False,none,styled_editorial,room_showcase,
18036827524983357,True,room,False,none,standard,no_view,daytime,3.0,False,none,styled_editorial,room_showcase,
18086711843186714,True,food_drink,False,none,none,no_view,daytime,4.0,True,season_event_announcement,styled_editorial,season_event,
18132788692446034,True,room,False,none,none,no_view,daytime,3.0,True,feature_description,close_up_detail,room_showcase,
18517728466042674,True,restaurant_bar,True,guest_lifestyle,none,no_view,unknown,4.0,True,feature_description,styled_editorial,food_dining,
17996930738831237,True,restaurant_bar,True,guest_lifestyle,none,no_view,night,4.0,True,feature_description,styled_editorial,experience_activity,
18061087880613420,True,exterior_entrance,True,family,none,none,daytime,4.0,False,none,wide_establishing,brand_worldview,
17903297748059227,True,food_drink,False,none,none,no_view,unknown,5.0,False,none,styled_editorial,food_dining,
18038531341921400,True,room,True,guest_lifestyle,traditional_japanese,no_view,daytime,4.0,False,none,styled_editorial,room_showcase,
18088530812475984,True,activity,True,family,none,mountain_view,daytime,4.0,True,feature_description,styled_editorial,experience_activity,
18128611603498715,True,food_drink,False,none,none,none,daytime,3.0,True,feature_description,close_up_detail,food_dining,
18179040457372748,True,food_drink,False,none,none,no_view,unknown,5.0,True,season_event_announcement,styled_editorial,season_event,
17993502212771105,True,room,False,none,other,garden_view,daytime,4.0,True,other,styled_editorial,brand_worldview,
18006502574553928,True,food_drink,False,none,none,none,daytime,3.0,False,none,close_up_detail,food_dining,
17877081906575295,True,other,False,none,none,none,daytime,2.0,True,feature_description,documentary_photo,experience_activity,
18123143740722640,True,activity,True,silhouette_distant,none,ocean_view,daytime,3.0,True,season_event_announcement,wide_establishing,season_event,
18358419364120227,True,food_drink,False,none,none,no_view,daytime,5.0,True,feature_description,styled_editorial,food_dining,
18010364672386074,True,room,True,guest_lifestyle,standard,no_view,daytime,3.0,False,none,styled_editorial,room_showcase,
18070378735990681,True,room,False,none,traditional_japanese,no_view,night,4.0,True,feature_description,styled_editorial,room_showcase,
18021664328690446,True,activity,False,none,none,none,daytime,2.0,False,none,documentary_photo,experience_activity,
18002673143525105,True,restaurant_bar,False,none,traditional_japanese,garden_view,daytime,4.0,True,feature_description,styled_editorial,brand_worldview,
18054231527391259,True,exterior_entrance,False,none,none,no_view,daytime,4.0,True,facility_name_logo,wide_establishing,brand_worldview,
17857842282554850,True,pool_spa,False,none,traditional_japanese,mountain_view,daytime,4.0,False,none,wide_establishing,experience_activity,
17992918481950161,True,garden_outdoor_space,False,none,none,garden_view,daytime,5.0,False,none,wide_establishing,brand_worldview,
18072370337113669,True,view_from_window,True,silhouette_distant,none,mountain_view,golden_hour_sunset,5.0,False,none,wide_establishing,view_scenery,
17999338943686273,True,pool_spa,True,family,none,no_view,daytime,4.0,False,none,documentary_photo,experience_activity,
18086860142136036,True,view_from_window,False,none,none,mountain_view,golden_hour_sunset,5.0,True,season_event_announcement,styled_editorial,season_event,
18033494128954683,True,pool_spa,False,none,none,garden_view,golden_hour_sunset,3.0,True,feature_description,wide_establishing,experience_activity,
18511309099056911,True,activity,True,guest_lifestyle,none,city_view,night,4.0,False,none,wide_establishing,experience_activity,
18126152395452126,True,other,True,guest_lifestyle,none,city_view,daytime,3.0,True,feature_description,documentary_photo,experience_activity,
18444709864066897,True,garden_outdoor_space,False,none,none,garden_view,daytime,4.0,False,none,wide_establishing,experience_activity,
18439456750116448,True,restaurant_bar,False,none,none,no_view,daytime,4.0,True,season_event_announcement,flat_lay,season_event,
18051215887628159,True,room,False,none,traditional_japanese,city_view,daytime,4.0,False,none,styled_editorial,room_showcase,
18070493881853847,True,room,False,none,traditional_japanese,ocean_view,daytime,5.0,True,feature_description,styled_editorial,view_scenery,
18017318750239516,True,lobby_lounge,False,none,none,no_view,night,4.0,False,none,styled_editorial,brand_worldview,
17964629681994319,True,food_drink,False,none,none,no_view,unknown,5.0,False,none,flat_lay,food_dining,
18136331155348953,True,restaurant_bar,False,none,none,garden_view,daytime,3.0,False,none,close_up_detail,food_dining,
18027736417972799,True,pool_spa,False,none,none,no_view,night,4.0,False,none,close_up_detail,experience_activity,
18085070147083713,True,restaurant_bar,False,none,none,city_view,golden_hour_sunset,4.0,False,none,styled_editorial,food_dining,
18090256337192878,True,food_drink,False,none,none,none,daytime,4.0,False,none,close_up_detail,food_dining,
17945874045153478,True,room,False,none,glamping_unique,no_view,night,3.0,True,other,styled_editorial,experience_activity,
18584963044003631,True,room,False,none,glamping_unique,no_view,night,4.0,False,none,styled_editorial,room_showcase,
18035042794966115,True,food_drink,False,none,none,no_view,night,5.0,False,none,styled_editorial,food_dining,
18086527888934638,True,room,True,guest_lifestyle,glamping_unique,ocean_view,daytime,4.0,True,feature_description,wide_establishing,experience_activity,
17950413771021215,True,restaurant_bar,True,hand_detail,none,city_view,golden_hour_sunset,4.0,False,none,close_up_detail,food_dining,
18148456006452045,True,pool_spa,True,family,none,mountain_view,daytime,4.0,True,feature_description,styled_editorial,experience_activity,
18094534244035884,True,garden_outdoor_space,False,none,none,garden_view,daytime,3.0,True,feature_description,wide_establishing,experience_activity,
18562995919031764,True,food_drink,False,none,none,no_view,unknown,5.0,False,none,close_up_detail,food_dining,
18282280366270213,True,lobby_lounge,False,none,none,partial_view,daytime,5.0,False,none,styled_editorial,brand_worldview,
17893540950093730,True,room,False,none,traditional_japanese,no_view,daytime,4.0,False,none,documentary_photo,room_showcase,
18114502414637165,True,food_drink,False,none,none,none,daytime,4.0,True,season_event_announcement,styled_editorial,food_dining,
18145226053384547,True,garden_outdoor_space,False,none,none,garden_view,daytime,4.0,False,none,styled_editorial,brand_worldview,
18039713189263211,True,view_from_window,True,guest_lifestyle,none,ocean_view,daytime,4.0,True,facility_name_logo,styled_editorial,view_scenery,
17953168992046087,True,activity,True,guest_lifestyle,none,garden_view,daytime,4.0,False,none,styled_editorial,experience_activity,
17846367813696730,True,food_drink,False,none,none,none,daytime,5.0,False,none,styled_editorial,food_dining,
18064823792384453,True,amenity_detail,False,none,none,no_view,daytime,5.0,False,none,close_up_detail,brand_worldview,
18214096210309713,True,lobby_lounge,True,silhouette_distant,traditional_japanese,no_view,daytime,4.0,True,facility_name_logo,styled_editorial,brand_worldview,
18200062762322431,True,food_drink,False,none,none,no_view,daytime,5.0,False,none,close_up_detail,food_dining,
17945603444802578,True,food_drink,False,none,none,no_view,daytime,5.0,False,none,styled_editorial,food_dining,
17923567160933415,True,garden_outdoor_space,False,none,glamping_unique,garden_view,night,4.0,False,none,styled_editorial,experience_activity,
17957221857059967,True,pool_spa,True,hand_detail,suite_highend,ocean_view,daytime,5.0,True,season_event_announcement,styled_editorial,season_event,
17883948396305085,True,food_drink,False,none,traditional_japanese,garden_view,daytime,4.0,True,season_event_announcement,other,season_event,
17911955730376192,True,amenity_detail,False,none,none,none,daytime,4.0,True,season_event_announcement,close_up_detail,season_event,
18098347451034163,True,room,False,none,traditional_japanese,mountain_view,daytime,4.0,False,none,styled_editorial,room_showcase,
18094941163709545,True,exterior_entrance,False,none,none,none,daytime,5.0,True,facility_name_logo,wide_establishing,brand_worldview,
18056083649259015,True,room,False,none,traditional_japanese,no_view,night,4.0,False,none,close_up_detail,room_showcase,
18080731349631531,True,food_drink,False,none,none,no_view,daytime,5.0,False,none,styled_editorial,food_dining,
18057619535405154,True,pool_spa,False,none,none,ocean_view,daytime,5.0,True,facility_name_logo,wide_establishing,experience_activity,
17933053415819180,True,lobby_lounge,False,none,none,partial_view,daytime,3.0,True,feature_description,documentary_photo,experience_activity,
18096241141586619,True,lobby_lounge,False,none,none,no_view,unknown,4.0,False,none,styled_editorial,season_event,
18356239174135071,True,room,False,none,suite_highend,city_view,daytime,5.0,False,none,styled_editorial,room_showcase,
18074410186881396,True,food_drink,False,none,none,no_view,night,5.0,False,none,close_up_detail,food_dining,
18263486911289557,True,food_drink,False,none,none,no_view,daytime,5.0,False,none,styled_editorial,food_dining,
18024981737744648,True,view_from_window,False,none,none,other,night,4.0,False,none,close_up_detail,view_scenery,
18061080272024584,True,pool_spa,True,guest_lifestyle,other,ocean_view,daytime,4.0,True,feature_description,styled_editorial,experience_activity,
18011930957132648,True,food_drink,True,silhouette_distant,none,none,daytime,1.0,True,price_plan_info,close_up_detail,food_dining,
18024127958655275,True,food_drink,False,none,none,none,daytime,4.0,False,none,flat_lay,food_dining,
17909411220171909,True,other,True,other,none,mountain_view,daytime,4.0,True,feature_description,other,brand_worldview,
18100775764997531,True,food_drink,False,none,traditional_japanese,no_view,daytime,5.0,False,none,styled_editorial,food_dining,
18335533888143093,True,garden_outdoor_space,True,guest_lifestyle,none,mountain_view,daytime,3.0,True,feature_description,wide_establishing,experience_activity,
17882234640470335,True,exterior_entrance,False,none,none,none,daytime,4.0,False,none,documentary_photo,brand_worldview,
18518559271020245,True,food_drink,False,none,none,none,daytime,4.0,False,none,close_up_detail,food_dining,
18077563835532454,True,activity,True,silhouette_distant,none,ocean_view,daytime,5.0,True,season_event_announcement,wide_establishing,view_scenery,
17899121127042099,True,pool_spa,False,none,none,no_view,daytime,4.0,True,facility_name_logo,close_up_detail,brand_worldview,
17879625567268093,True,garden_outdoor_space,False,none,villa_private,ocean_view,daytime,4.0,False,none,drone_aerial,brand_worldview,
18140547079450686,True,room,True,guest_lifestyle,other,no_view,daytime,4.0,True,feature_description,styled_editorial,room_showcase,
18280239820284895,True,restaurant_bar,False,none,none,no_view,night,5.0,True,feature_description,styled_editorial,brand_worldview,
18039701125943291,True,view_from_window,False,none,none,mountain_view,daytime,3.0,False,none,wide_establishing,view_scenery,
18094766063053886,True,restaurant_bar,False,none,none,no_view,daytime,4.0,False,none,styled_editorial,food_dining,
18089309357278773,True,pool_spa,False,none,none,ocean_view,daytime,4.0,True,access_location_info,drone_aerial,view_scenery,
17936102472215159,True,room,False,none,standard,mountain_view,daytime,4.0,True,season_event_announcement,wide_establishing,room_showcase,
17859945420437276,True,food_drink,False,none,none,no_view,daytime,4.0,False,none,styled_editorial,food_dining,
17867608791530670,True,view_from_window,True,silhouette_distant,none,city_view,night,5.0,False,none,wide_establishing,view_scenery,
18064424543239194,True,food_drink,False,none,none,no_view,daytime,3.0,True,season_event_announcement,close_up_detail,food_dining,
18040610153160517,True,food_drink,False,none,none,none,night,4.0,True,feature_description,close_up_detail,food_dining,
17877304359233740,True,activity,False,none,none,other,daytime,2.0,True,feature_description,wide_establishing,experience_activity,
18004666424720941,True,food_drink,False,none,none,no_view,daytime,4.0,True,feature_description,styled_editorial,food_dining,
18057422852545627,True,other,True,other,none,city_view,daytime,2.0,True,access_location_info,documentary_photo,experience_activity,
18025574543011985,True,exterior_entrance,True,guest_lifestyle,none,none,daytime,4.0,True,facility_name_logo,wide_establishing,brand_worldview,
17922354105287554,True,garden_outdoor_space,False,none,none,garden_view,daytime,4.0,True,season_event_announcement,styled_editorial,season_event,
17868949455510736,True,exterior_entrance,False,none,none,no_view,daytime,4.0,True,season_event_announcement,styled_editorial,brand_worldview,
18052327349355052,True,food_drink,False,none,none,none,daytime,4.0,False,none,styled_editorial,food_dining,
18346908958146914,True,other,False,none,none,no_view,unknown,3.0,True,feature_description,styled_editorial,experience_activity,
18031132997355590,True,room,False,none,traditional_japanese,mountain_view,daytime,4.0,True,access_location_info,documentary_photo,room_showcase,
18027233843542825,True,other,False,none,none,city_view,night,2.0,True,feature_description,wide_establishing,experience_activity,
18157689775447404,True,activity,True,family,none,ocean_view,daytime,4.0,False,none,drone_aerial,experience_activity,
18053653052358983,True,exterior_entrance,False,none,none,ocean_view,daytime,4.0,True,facility_name_logo,wide_establishing,brand_worldview,
18070462631289426,True,room,True,guest_lifestyle,standard,city_view,daytime,4.0,False,none,styled_editorial,room_showcase,
18021438979923079,True,garden_outdoor_space,False,none,none,mountain_view,daytime,4.0,False,none,drone_aerial,view_scenery,
18080435930213023,True,room,True,guest_lifestyle,standard,no_view,daytime,3.0,False,none,styled_editorial,room_showcase,
18087984383103254,True,room,False,none,suite_highend,ocean_view,golden_hour_sunset,5.0,True,feature_description,styled_editorial,view_scenery,
18069221957226432,True,garden_outdoor_space,True,guest_lifestyle,none,garden_view,daytime,3.0,False,none,wide_establishing,experience_activity,
18408525925182377,True,pool_spa,False,none,none,garden_view,daytime,4.0,False,none,close_up_detail,experience_activity,
17904624693242707,True,food_drink,False,none,none,none,daytime,5.0,False,none,close_up_detail,food_dining,
18059672176617977,True,lobby_lounge,False,none,none,ocean_view,daytime,4.0,False,none,wide_establishing,view_scenery,
18019792535764640,True,other,False,none,none,other,daytime,4.0,True,season_event_announcement,wide_establishing,season_event,
18095703451572045,True,food_drink,False,none,none,no_view,unknown,5.0,True,season_event_announcement,styled_editorial,season_event,
18450294928097387,True,pool_spa,True,couple,other,partial_view,daytime,4.0,True,feature_description,styled_editorial,experience_activity,
17956934598056591,True,restaurant_bar,False,none,none,no_view,daytime,5.0,True,feature_description,styled_editorial,food_dining,
18020763965813784,True,garden_outdoor_space,False,none,none,garden_view,daytime,4.0,True,season_event_announcement,wide_establishing,season_event,
18024464579222705,True,room,False,none,standard,no_view,daytime,3.0,False,none,styled_editorial,room_showcase,
17999798690635050,True,garden_outdoor_space,True,family,none,mountain_view,daytime,3.0,True,facility_name_logo,wide_establishing,experience_activity,
18489992545052562,True,room,False,none,suite_highend,no_view,unknown,4.0,False,none,styled_editorial,room_showcase,
18095479189489690,True,lobby_lounge,False,none,none,garden_view,daytime,4.0,True,facility_name_logo,wide_establishing,brand_worldview,
18034335532930026,True,activity,True,hand_detail,none,no_view,daytime,4.0,False,none,close_up_detail,experience_activity,
17948703702152349,True,food_drink,False,none,none,garden_view,daytime,3.0,True,season_event_announcement,styled_editorial,food_dining,
18132636688323025,True,activity,True,staff,none,no_view,night,4.0,False,none,styled_editorial,experience_activity,
17869545105050607,True,food_drink,True,hand_detail,none,none,daytime,4.0,False,none,close_up_detail,food_dining,
18416051224132696,True,room,True,guest_lifestyle,suite_highend,no_view,unknown,4.0,True,feature_description,documentary_photo,room_showcase,
18093318329232278,True,room,False,none,villa_private,mountain_view,daytime,4.0,True,facility_name_logo,wide_establishing,room_showcase,
18025879502486789,True,pool_spa,True,guest_lifestyle,none,garden_view,daytime,4.0,False,none,styled_editorial,experience_activity,
17974355708621772,True,amenity_detail,False,none,none,no_view,unknown,3.0,False,none,close_up_detail,brand_worldview,
17905445190221103,True,garden_outdoor_space,True,guest_lifestyle,none,garden_view,daytime,3.0,False,none,wide_establishing,view_scenery,
17871011010232229,True,amenity_detail,False,none,standard,no_view,daytime,4.0,False,none,styled_editorial,brand_worldview,
17853168477571602,True,exterior_entrance,True,silhouette_distant,none,ocean_view,daytime,4.0,False,none,drone_aerial,view_scenery,
17997315995415009,True,food_drink,False,none,none,none,unknown,3.0,False,none,styled_editorial,food_dining,
18119309854537752,True,activity,False,none,none,no_view,unknown,4.0,True,ranking_award,documentary_photo,experience_activity,
18124024897520974,True,food_drink,False,none,none,no_view,daytime,5.0,False,none,styled_editorial,food_dining,
18044762966755704,True,other,False,none,none,no_view,daytime,3.0,True,feature_description,documentary_photo,other,
18112054882699263,True,food_drink,True,hand_detail,none,no_view,daytime,5.0,False,none,close_up_detail,food_dining,
17911007895030368,True,amenity_detail,False,none,none,no_view,unknown,3.0,True,feature_description,flat_lay,room_showcase,
18096618524137366,True,food_drink,False,none,none,none,daytime,4.0,False,none,close_up_detail,food_dining,
18122836036534287,True,food_drink,False,none,none,none,daytime,5.0,False,none,styled_editorial,food_dining,
18011072246583432,True,room,False,none,standard,no_view,golden_hour_sunset,4.0,False,none,styled_editorial,room_showcase,
18305730988234902,True,food_drink,True,hand_detail,none,city_view,night,4.0,True,feature_description,styled_editorial,experience_activity,
17959379288939903,True,food_drink,False,none,none,none,daytime,4.0,False,none,styled_editorial,food_dining,
17887175313372895,True,activity,False,none,none,none,unknown,1.0,True,season_event_announcement,other,season_event,
18060504047620843,True,pool_spa,False,none,none,mountain_view,daytime,5.0,True,feature_description,styled_editorial,experience_activity,
18037091779804856,True,lobby_lounge,False,none,none,no_view,night,5.0,True,feature_description,styled_editorial,food_dining,
18037999607062848,True,pool_spa,False,none,none,ocean_view,daytime,5.0,False,none,wide_establishing,view_scenery,
18058162916459144,True,restaurant_bar,True,guest_lifestyle,none,no_view,night,4.0,False,none,styled_editorial,food_dining,
18108520180663325,True,other,False,none,none,city_view,night,4.0,True,season_event_announcement,drone_aerial,season_event,
18247486066251439,True,other,False,none,none,none,unknown,3.0,True,access_location_info,other,other,
17923200024210801,True,food_drink,True,hand_detail,none,no_view,daytime,4.0,True,season_event_announcement,styled_editorial,food_dining,
18038014907746192,True,amenity_detail,False,none,none,none,daytime,4.0,False,none,close_up_detail,brand_worldview,
18373807228108767,True,room,True,guest_lifestyle,standard,partial_view,daytime,3.0,True,feature_description,styled_editorial,experience_activity,
18118262770541857,True,food_drink,True,hand_detail,none,none,unknown,4.0,True,feature_description,styled_editorial,food_dining,
17992097054775817,True,pool_spa,False,none,none,garden_view,daytime,5.0,False,none,styled_editorial,experience_activity,
18118727449447963,True,food_drink,True,hand_detail,none,garden_view,daytime,4.0,False,none,close_up_detail,food_dining,
18064163689953407,True,restaurant_bar,True,hand_detail,none,no_view,daytime,4.0,False,none,close_up_detail,food_dining,
18151694800326781,True,exterior_entrance,False,none,none,none,daytime,3.0,True,other,wide_establishing,experience_activity,
18205405117327468,True,other,True,hand_detail,none,none,daytime,4.0,True,other,styled_editorial,brand_worldview,
18044160733913175,True,restaurant_bar,False,none,none,ocean_view,daytime,4.0,False,none,styled_editorial,food_dining,
18165691318354387,True,food_drink,False,none,none,no_view,unknown,5.0,True,feature_description,styled_editorial,food_dining,
17910671343161355,True,restaurant_bar,False,none,none,no_view,daytime,4.0,True,season_event_announcement,styled_editorial,food_dining,
17882573112329325,True,view_from_window,False,none,none,ocean_view,golden_hour_sunset,4.0,True,season_event_announcement,wide_establishing,season_event,
18105065749902104,True,room,False,none,standard,no_view,daytime,4.0,False,none,styled_editorial,room_showcase,
18044113379765683,True,amenity_detail,True,hand_detail,none,none,daytime,3.0,True,feature_description,close_up_detail,experience_activity,
17893857540015501,True,exterior_entrance,False,none,traditional_japanese,no_view,night,4.0,True,facility_name_logo,styled_editorial,brand_worldview,
17891495001243497,True,pool_spa,False,none,none,garden_view,daytime,4.0,True,feature_description,wide_establishing,experience_activity,
17854000023563269,True,room,False,none,standard,no_view,daytime,4.0,False,none,styled_editorial,room_showcase,
17943558426012281,True,exterior_entrance,True,silhouette_distant,none,ocean_view,daytime,5.0,True,facility_name_logo,drone_aerial,brand_worldview,
18164416129308825,True,view_from_window,True,guest_lifestyle,none,ocean_view,daytime,4.0,True,facility_name_logo,drone_aerial,view_scenery,
18041302589153237,True,lobby_lounge,True,staff,none,no_view,night,4.0,False,none,close_up_detail,experience_activity,
18201229738340030,True,activity,False,none,none,city_view,night,4.0,True,season_event_announcement,styled_editorial,season_event,
18118141510589178,True,amenity_detail,False,none,none,no_view,daytime,4.0,False,none,documentary_photo,brand_worldview,
18151881751389534,True,view_from_window,False,none,none,mountain_view,night,5.0,False,none,wide_establishing,season_event,
17845265337274862,True,room,False,none,traditional_japanese,mountain_view,daytime,5.0,False,none,styled_editorial,room_showcase,
18151737526314814,True,pool_spa,False,none,none,other,daytime,4.0,True,feature_description,flat_lay,food_dining,
18054339970765784,True,pool_spa,False,none,none,garden_view,daytime,4.0,False,none,styled_editorial,experience_activity,
18075877378674096,True,food_drink,False,none,none,no_view,daytime,3.0,True,feature_description,styled_editorial,food_dining,
17890584894224912,True,garden_outdoor_space,False,none,none,ocean_view,night,5.0,True,facility_name_logo,styled_editorial,view_scenery,
17932409133055636,True,other,False,none,none,no_view,daytime,4.0,False,none,styled_editorial,brand_worldview,
18074108105319454,True,food_drink,False,none,none,no_view,unknown,5.0,False,none,styled_editorial,season_event,
17893910493243408,True,other,False,none,none,none,unknown,4.0,True,season_event_announcement,other,season_event,
18339598528149448,True,food_drink,False,none,none,none,unknown,5.0,False,none,styled_editorial,food_dining,
18065145371148954,True,food_drink,False,none,none,no_view,daytime,4.0,False,none,styled_editorial,food_dining,
18093235877325813,True,food_drink,False,none,none,no_view,daytime,4.0,False,none,styled_editorial,food_dining,
18179056807294398,True,activity,False,none,none,none,daytime,4.0,False,none,close_up_detail,experience_activity,
17960949995991348,True,food_drink,False,none,none,none,daytime,5.0,True,season_event_announcement,styled_editorial,season_event,
18069549470067614,True,food_drink,False,none,none,no_view,unknown,4.0,False,none,styled_editorial,food_dining,
18221162245262928,True,room,False,none,suite_highend,city_view,daytime,4.0,False,none,styled_editorial,room_showcase,
18087156749583193,True,other,False,none,none,no_view,daytime,2.0,True,feature_description,documentary_photo,brand_worldview,
18189313774370173,True,food_drink,False,none,none,no_view,unknown,4.0,False,none,close_up_detail,food_dining,
18309556861149787,True,food_drink,False,none,none,none,daytime,4.0,False,none,styled_editorial,food_dining,
17955649439970686,True,other,False,none,none,no_view,night,4.0,False,none,styled_editorial,brand_worldview,
18261680758250473,True,room,False,none,none,garden_view,daytime,4.0,True,facility_name_logo,styled_editorial,experience_activity,
18128009152530720,True,exterior_entrance,True,silhouette_distant,none,no_view,daytime,4.0,True,season_event_announcement,wide_establishing,brand_worldview,
18470482936010503,True,room,True,couple,glamping_unique,no_view,night,4.0,True,feature_description,styled_editorial,experience_activity,
18044741003164564,True,exterior_entrance,False,none,none,no_view,daytime,5.0,False,none,documentary_photo,brand_worldview,
18102598285686130,True,lobby_lounge,False,none,none,partial_view,night,5.0,True,feature_description,styled_editorial,experience_activity,
18097506484869358,True,room,False,none,glamping_unique,garden_view,daytime,4.0,False,none,close_up_detail,room_showcase,
17962726635006145,True,garden_outdoor_space,False,none,villa_private,garden_view,daytime,4.0,False,none,documentary_photo,view_scenery,
18079174706266028,True,lobby_lounge,True,guest_lifestyle,none,city_view,daytime,4.0,True,facility_name_logo,wide_establishing,brand_worldview,
18021412358395414,True,exterior_entrance,False,none,none,none,daytime,4.0,False,none,documentary_photo,brand_worldview,
17877772065053219,True,exterior_entrance,False,none,none,mountain_view,daytime,4.0,False,none,drone_aerial,view_scenery,
18336914779169721,True,exterior_entrance,False,none,none,no_view,daytime,4.0,True,access_location_info,wide_establishing,other,
18148523530323439,True,activity,False,none,glamping_unique,no_view,daytime,3.0,True,feature_description,styled_editorial,experience_activity,
18018774890544337,True,room,False,none,standard,city_view,daytime,3.0,False,none,styled_editorial,room_showcase,
18033520136045238,True,lobby_lounge,False,none,none,city_view,daytime,4.0,False,none,styled_editorial,brand_worldview,
17863662750094341,True,activity,True,guest_lifestyle,none,mountain_view,daytime,3.0,True,facility_name_logo,documentary_photo,experience_activity,
18063931436265995,True,food_drink,True,hand_detail,none,no_view,night,4.0,True,feature_description,styled_editorial,brand_worldview,
18030350390431467,True,food_drink,False,none,none,city_view,daytime,5.0,True,feature_description,styled_editorial,food_dining,
18070099357801867,True,room,False,none,suite_highend,garden_view,daytime,5.0,False,none,styled_editorial,room_showcase,
18063255821509495,True,room,True,guest_lifestyle,standard,no_view,night,3.0,False,none,styled_editorial,room_showcase,
18047619541739670,True,pool_spa,False,none,none,ocean_view,daytime,4.0,False,none,wide_establishing,experience_activity,
17860742775545703,True,other,False,none,none,none,unknown,4.0,True,access_location_info,other,brand_worldview,
17893576242078999,True,garden_outdoor_space,False,none,none,garden_view,daytime,4.0,True,season_event_announcement,styled_editorial,season_event,
18039738193987292,True,room,False,none,suite_highend,no_view,daytime,4.0,True,feature_description,styled_editorial,experience_activity,
17889346539348044,True,lobby_lounge,False,none,none,no_view,daytime,4.0,False,none,wide_establishing,brand_worldview,
18018843935758607,True,pool_spa,False,none,suite_highend,city_view,daytime,4.0,False,none,styled_editorial,room_showcase,
17861172747325756,True,other,False,none,none,none,night,4.0,True,facility_name_logo,other,brand_worldview,
18007841570711676,True,lobby_lounge,False,none,none,no_view,daytime,4.0,False,none,styled_editorial,brand_worldview,
18174708205307900,True,exterior_entrance,True,family,none,none,daytime,3.0,True,season_event_announcement,styled_editorial,brand_worldview,
17929891604864253,True,other,True,guest_lifestyle,none,city_view,daytime,3.0,True,feature_description,styled_editorial,brand_worldview,
18088998845189035,True,food_drink,False,none,none,none,daytime,4.0,True,season_event_announcement,flat_lay,food_dining,
18450967999008539,True,food_drink,False,none,none,no_view,unknown,5.0,False,none,styled_editorial,food_dining,
17927031900157869,True,food_drink,False,none,none,no_view,unknown,4.0,False,none,styled_editorial,food_dining,
17996029793948094,True,pool_spa,False,none,none,ocean_view,golden_hour_sunset,5.0,False,none,styled_editorial,experience_activity,
18550739467026260,True,exterior_entrance,False,none,none,mountain_view,night,4.0,True,season_event_announcement,wide_establishing,season_event,
18036557798101431,True,food_drink,False,none,none,none,daytime,4.0,True,feature_description,styled_editorial,food_dining,
18069221332666015,True,room,False,none,standard,city_view,daytime,3.0,False,none,wide_establishing,room_showcase,
18050497622719343,True,other,False,none,standard,no_view,daytime,2.0,True,feature_description,documentary_photo,experience_activity,
17921839377015583,True,activity,True,guest_lifestyle,none,no_view,daytime,3.0,False,none,styled_editorial,experience_activity,
18036492748863266,True,lobby_lounge,False,none,none,no_view,unknown,4.0,True,feature_description,styled_editorial,experience_activity,
17851888449240532,True,restaurant_bar,False,none,none,none,daytime,5.0,False,none,close_up_detail,food_dining,
18449900593114799,True,activity,False,none,none,other,unknown,4.0,True,season_event_announcement,styled_editorial,season_event,
17875788696469101,True,food_drink,True,hand_detail,none,no_view,daytime,5.0,False,none,close_up_detail,food_dining,
18141308593471061,True,room,False,none,suite_highend,city_view,night,5.0,False,none,styled_editorial,room_showcase,
17994216659727395,True,view_from_window,False,none,none,other,night,4.0,True,feature_description,wide_establishing,experience_activity,
17982537656853465,True,pool_spa,False,none,none,ocean_view,golden_hour_sunset,5.0,True,feature_description,styled_editorial,view_scenery,
18427950514186154,True,room,False,none,traditional_japanese,mountain_view,daytime,4.0,False,none,styled_editorial,room_showcase,
18048038710751569,True,food_drink,True,hand_detail,none,no_view,daytime,3.0,False,none,close_up_detail,food_dining,
17928672636261216,True,food_drink,False,none,none,none,daytime,4.0,True,facility_name_logo,flat_lay,food_dining,
18119279788719292,True,bathroom,False,none,traditional_japanese,garden_view,daytime,5.0,False,none,styled_editorial,room_showcase,
17867666664444814,True,restaurant_bar,True,staff,none,no_view,unknown,5.0,False,none,styled_editorial,food_dining,
18050281463072926,True,lobby_lounge,False,none,none,city_view,night,5.0,True,season_event_announcement,styled_editorial,season_event,
18049726606766858,True,room,False,none,standard,city_view,daytime,4.0,False,none,styled_editorial,room_showcase,
17846596173445649,True,lobby_lounge,False,none,none,no_view,unknown,5.0,False,none,styled_editorial,brand_worldview,
17868588576448246,True,exterior_entrance,False,none,none,city_view,daytime,3.0,True,facility_name_logo,wide_establishing,brand_worldview,
18032441876770987,True,food_drink,False,none,none,no_view,daytime,5.0,False,none,styled_editorial,food_dining,
17880464100193692,True,other,False,none,none,garden_view,daytime,4.0,True,feature_description,styled_editorial,experience_activity,
18096119701584020,True,activity,True,family,none,no_view,daytime,4.0,True,price_plan_info,styled_editorial,price_plan_announcement,
18388621216144445,True,other,True,silhouette_distant,none,city_view,daytime,3.0,True,feature_description,documentary_photo,experience_activity,
18058728583683181,True,pool_spa,True,silhouette_distant,none,ocean_view,daytime,5.0,False,none,drone_aerial,experience_activity,
17914891677104881,True,restaurant_bar,True,family,none,partial_view,daytime,4.0,True,price_plan_info,styled_editorial,price_plan_announcement,
18041756078175518,True,room,False,none,glamping_unique,partial_view,night,4.0,True,feature_description,styled_editorial,experience_activity,
18079545470455177,True,other,False,none,none,other,daytime,3.0,True,other,wide_establishing,experience_activity,
18390630679144583,True,exterior_entrance,False,none,none,none,daytime,4.0,False,none,wide_establishing,brand_worldview,
18288481705274885,True,activity,True,silhouette_distant,none,ocean_view,golden_hour_sunset,4.0,False,none,styled_editorial,experience_activity,
18086029075890439,True,pool_spa,False,none,other,ocean_view,daytime,4.0,True,feature_description,styled_editorial,experience_activity,
18017858954333000,True,food_drink,False,none,none,no_view,daytime,4.0,False,none,close_up_detail,food_dining,
18104782220506377,True,lobby_lounge,False,none,none,mountain_view,daytime,5.0,True,feature_description,styled_editorial,room_showcase,
18045395944942621,True,food_drink,False,none,none,none,daytime,4.0,False,none,close_up_detail,food_dining,
17982840585002982,True,other,True,other,none,none,unknown,4.0,False,none,close_up_detail,brand_worldview,
18167220961325314,True,view_from_window,False,none,traditional_japanese,mountain_view,daytime,4.0,True,feature_description,styled_editorial,view_scenery,
18138138463519553,True,food_drink,False,none,none,none,daytime,4.0,True,facility_name_logo,styled_editorial,food_dining,
18088528681661836,True,activity,True,guest_lifestyle,none,none,daytime,1.0,True,season_event_announcement,styled_editorial,season_event,
18003562274387061,True,restaurant_bar,False,none,none,ocean_view,daytime,4.0,False,none,wide_establishing,food_dining,
18061549025551507,True,room,False,none,other,no_view,unknown,4.0,True,feature_description,styled_editorial,room_showcase,
18549320263067393,True,food_drink,False,none,none,none,daytime,3.0,True,feature_description,close_up_detail,food_dining,
18057213848445003,True,activity,True,guest_lifestyle,none,no_view,daytime,4.0,False,none,styled_editorial,experience_activity,
18555296899064987,True,garden_outdoor_space,True,guest_lifestyle,glamping_unique,city_view,daytime,4.0,False,none,styled_editorial,experience_activity,
17914876878055580,True,pool_spa,False,none,none,garden_view,daytime,4.0,True,feature_description,wide_establishing,season_event,
18027650435118641,True,exterior_entrance,False,none,none,none,daytime,4.0,True,facility_name_logo,close_up_detail,brand_worldview,
18031938704374363,True,exterior_entrance,False,none,none,city_view,golden_hour_sunset,3.0,True,season_event_announcement,wide_establishing,brand_worldview,
17994911411682813,True,pool_spa,False,none,none,no_view,daytime,3.0,False,none,wide_establishing,brand_worldview,
18032214020703639,True,exterior_entrance,True,silhouette_distant,none,city_view,daytime,3.0,True,facility_name_logo,wide_establishing,experience_activity,
18388578034144539,True,pool_spa,False,none,none,ocean_view,golden_hour_sunset,4.0,True,feature_description,wide_establishing,view_scenery,
17936868155865304,True,room,False,none,suite_highend,no_view,daytime,5.0,True,feature_description,wide_establishing,room_showcase,
18002481884751427,True,room,True,guest_lifestyle,standard,no_view,daytime,4.0,True,feature_description,styled_editorial,room_showcase,
17860825005582136,True,activity,False,none,none,none,night,3.0,True,other,wide_establishing,season_event,
18059018180442441,True,food_drink,False,none,none,none,unknown,5.0,False,none,close_up_detail,food_dining,
17854701555608748,True,exterior_entrance,False,none,none,mountain_view,daytime,3.0,True,facility_name_logo,documentary_photo,brand_worldview,
18109241173436641,True,room,False,none,standard,city_view,daytime,4.0,True,facility_name_logo,styled_editorial,room_showcase,
18023568923451816,True,exterior_entrance,True,silhouette_distant,other,ocean_view,daytime,4.0,False,none,drone_aerial,view_scenery,
18028196791816353,True,exterior_entrance,False,none,none,city_view,daytime,3.0,True,feature_description,styled_editorial,experience_activity,
17903104536404121,True,food_drink,False,none,none,none,daytime,3.0,True,other,styled_editorial,other,
18036262847761348,True,room,False,none,standard,garden_view,daytime,3.0,True,feature_description,styled_editorial,room_showcase,
17848466370543951,True,garden_outdoor_space,False,none,none,garden_view,night,4.0,True,season_event_announcement,styled_editorial,season_event,
18011146670623545,True,exterior_entrance,False,none,none,ocean_view,daytime,4.0,True,facility_name_logo,drone_aerial,view_scenery,
17843297061569290,True,garden_outdoor_space,False,none,none,city_view,golden_hour_sunset,5.0,False,none,styled_editorial,view_scenery,
18062744905948964,True,food_drink,False,none,none,none,unknown,4.0,True,season_event_announcement,styled_editorial,season_event,
18057600350052846,True,activity,False,none,none,no_view,daytime,4.0,False,none,styled_editorial,experience_activity,
18175864237385957,True,garden_outdoor_space,True,guest_lifestyle,none,garden_view,daytime,4.0,False,none,wide_establishing,season_event,
18077449942817642,True,room,False,none,standard,ocean_view,daytime,4.0,False,none,styled_editorial,room_showcase,
18024222620701902,True,pool_spa,False,none,none,no_view,night,4.0,True,feature_description,styled_editorial,experience_activity,
18018454484546976,True,room,True,guest_lifestyle,none,no_view,unknown,3.0,True,feature_description,styled_editorial,experience_activity,
18060333784787608,True,room,False,none,suite_highend,no_view,daytime,5.0,False,none,styled_editorial,room_showcase,
18384304015141423,True,restaurant_bar,True,guest_lifestyle,none,none,daytime,4.0,True,feature_description,styled_editorial,food_dining,
17868405552127966,True,garden_outdoor_space,False,none,none,garden_view,daytime,4.0,True,season_event_announcement,wide_establishing,brand_worldview,
18064839917078832,True,restaurant_bar,False,none,none,no_view,night,4.0,False,none,styled_editorial,food_dining,
18068750929748326,True,activity,True,hand_detail,none,no_view,daytime,3.0,False,none,close_up_detail,experience_activity,
18002406140688411,True,pool_spa,False,none,none,mountain_view,daytime,4.0,True,feature_description,wide_establishing,experience_activity,
18282185380269884,True,garden_outdoor_space,False,none,none,ocean_view,daytime,3.0,False,none,wide_establishing,view_scenery,
17889430161433264,True,lobby_lounge,True,family,none,garden_view,night,4.0,True,feature_description,styled_editorial,experience_activity,
18028644569262784,True,restaurant_bar,False,none,none,ocean_view,daytime,4.0,False,none,wide_establishing,food_dining,
17852899569548902,True,activity,False,none,none,other,daytime,2.0,True,feature_description,close_up_detail,experience_activity,
17871345696099307,True,pool_spa,False,none,none,garden_view,daytime,4.0,False,none,wide_establishing,experience_activity,
18035270048614724,True,amenity_detail,False,none,other,no_view,unknown,3.0,True,price_plan_info,documentary_photo,price_plan_announcement,
18036109217114844,True,amenity_detail,False,none,none,no_view,daytime,3.0,False,none,close_up_detail,brand_worldview,
18092726968655294,True,lobby_lounge,False,none,none,city_view,daytime,5.0,False,none,styled_editorial,brand_worldview,
18010575272701957,True,activity,True,guest_lifestyle,glamping_unique,partial_view,night,4.0,True,feature_description,styled_editorial,experience_activity,
18021369527454784,True,pool_spa,False,none,none,no_view,unknown,4.0,True,feature_description,styled_editorial,experience_activity,
17986153655807904,True,food_drink,False,none,none,none,unknown,3.0,False,none,styled_editorial,food_dining,
17906099811185085,True,room,False,none,suite_highend,city_view,daytime,5.0,True,ranking_award,styled_editorial,room_showcase,
18061057853247310,True,activity,False,none,none,none,night,3.0,True,season_event_announcement,wide_establishing,season_event,
18131563006556088,True,garden_outdoor_space,False,none,none,garden_view,golden_hour_sunset,5.0,False,none,styled_editorial,view_scenery,
17882916375106268,True,other,False,none,none,city_view,daytime,3.0,True,other,wide_establishing,other,
18060760406651933,True,food_drink,True,hand_detail,none,no_view,daytime,4.0,False,none,close_up_detail,food_dining,
18305125075150235,True,food_drink,False,none,none,no_view,daytime,5.0,True,feature_description,flat_lay,food_dining,
18149074585452403,True,food_drink,True,guest_lifestyle,traditional_japanese,garden_view,daytime,4.0,True,feature_description,styled_editorial,food_dining,
18465342226016262,True,lobby_lounge,False,none,none,garden_view,daytime,5.0,False,none,styled_editorial,brand_worldview,
18093443980923728,True,view_from_window,False,none,none,ocean_view,daytime,5.0,False,none,wide_establishing,view_scenery,
18086245325013581,True,food_drink,False,none,none,none,daytime,4.0,True,season_event_announcement,styled_editorial,food_dining,
17985729242640511,True,exterior_entrance,False,none,none,garden_view,daytime,3.0,False,none,wide_establishing,brand_worldview,
17977569887724215,True,other,True,silhouette_distant,none,city_view,night,1.0,True,other,wide_establishing,experience_activity,
18044760902252843,True,food_drink,False,none,none,none,daytime,5.0,False,none,flat_lay,food_dining,
18025926548278713,True,pool_spa,False,none,none,city_view,night,5.0,False,none,wide_establishing,experience_activity,
17915523660140672,True,lobby_lounge,False,none,none,ocean_view,daytime,4.0,True,feature_description,styled_editorial,brand_worldview,
18077528441635356,True,food_drink,False,none,none,no_view,daytime,4.0,True,feature_description,close_up_detail,food_dining,
17882343006352455,True,food_drink,False,none,none,none,night,5.0,False,none,styled_editorial,food_dining,
18036683543479918,True,restaurant_bar,False,none,none,city_view,night,4.0,False,none,styled_editorial,food_dining,
18073351156914627,True,pool_spa,False,none,none,city_view,night,5.0,True,season_event_announcement,styled_editorial,season_event,
18031407173353349,True,pool_spa,False,none,traditional_japanese,mountain_view,daytime,5.0,False,none,styled_editorial,experience_activity,
17968928604012584,True,activity,True,couple,none,garden_view,night,4.0,False,none,styled_editorial,experience_activity,
18489380383013400,True,food_drink,False,none,none,none,daytime,3.0,True,season_event_announcement,styled_editorial,season_event,
17934161391068188,True,restaurant_bar,True,guest_lifestyle,none,mountain_view,daytime,4.0,False,none,styled_editorial,food_dining,
18172152844330291,True,room,False,none,other,no_view,daytime,3.0,False,none,styled_editorial,room_showcase,
18078013934530757,True,restaurant_bar,False,none,none,garden_view,daytime,4.0,False,none,close_up_detail,food_dining,
18028620152564546,True,room,False,none,suite_highend,no_view,night,4.0,True,feature_description,wide_establishing,room_showcase,
17859177825594483,True,pool_spa,False,none,suite_highend,mountain_view,daytime,4.0,False,none,styled_editorial,room_showcase,
18104155135739236,True,activity,True,guest_lifestyle,none,ocean_view,daytime,4.0,True,facility_name_logo,wide_establishing,brand_worldview,
18039697490118309,True,lobby_lounge,True,guest_lifestyle,none,garden_view,daytime,4.0,False,none,styled_editorial,experience_activity,
18004081682335005,True,restaurant_bar,True,hand_detail,none,garden_view,daytime,4.0,False,none,styled_editorial,food_dining,
18018494318222751,True,room,False,none,standard,ocean_view,daytime,4.0,False,none,styled_editorial,room_showcase,
18080424467096112,True,food_drink,False,none,none,no_view,unknown,3.0,False,none,close_up_detail,food_dining,
18128196034601599,True,room,False,none,villa_private,mountain_view,daytime,4.0,False,none,wide_establishing,room_showcase,
18050053589208880,True,garden_outdoor_space,False,none,none,garden_view,daytime,4.0,True,ranking_award,wide_establishing,season_event,
18103983433521074,True,food_drink,False,none,none,no_view,unknown,3.0,True,feature_description,close_up_detail,food_dining,
17861414052603798,True,room,False,none,suite_highend,ocean_view,daytime,4.0,False,none,styled_editorial,room_showcase,
18058683641688049,True,exterior_entrance,False,none,none,none,daytime,4.0,True,feature_description,documentary_photo,experience_activity,
18099231473474683,True,food_drink,False,none,none,no_view,daytime,4.0,True,facility_name_logo,styled_editorial,food_dining,
18061563875398210,True,garden_outdoor_space,True,silhouette_distant,none,ocean_view,daytime,4.0,False,none,wide_establishing,view_scenery,
17860825932532164,True,food_drink,False,none,none,none,unknown,3.0,True,season_event_announcement,other,season_event,
18160270189335216,True,food_drink,False,none,none,none,daytime,3.0,False,none,close_up_detail,food_dining,
18074911411675501,True,exterior_entrance,False,none,none,ocean_view,night,4.0,True,season_event_announcement,styled_editorial,season_event,
18092731214017470,True,garden_outdoor_space,False,none,none,garden_view,daytime,3.0,False,none,wide_establishing,view_scenery,
18096348253855489,True,exterior_entrance,False,none,none,no_view,night,4.0,False,none,wide_establishing,brand_worldview,
18100881532593627,True,pool_spa,False,none,suite_highend,ocean_view,daytime,5.0,True,feature_description,wide_establishing,room_showcase,
18079738337234668,True,restaurant_bar,True,guest_lifestyle,none,no_view,night,4.0,False,none,styled_editorial,experience_activity,
18027607742714550,True,food_drink,False,none,none,none,unknown,4.0,True,feature_description,close_up_detail,food_dining,
18066674746801575,True,other,True,silhouette_distant,none,none,daytime,4.0,False,none,wide_establishing,experience_activity,
17882008164413363,True,restaurant_bar,True,hand_detail,none,no_view,night,4.0,True,season_event_announcement,styled_editorial,season_event,
17876684823561894,True,other,True,other,none,none,unknown,4.0,True,season_event_announcement,other,other,
18082686053184972,True,pool_spa,False,none,none,mountain_view,golden_hour_sunset,4.0,True,feature_description,wide_establishing,brand_worldview,
18274143622234103,True,garden_outdoor_space,True,guest_lifestyle,none,garden_view,daytime,4.0,False,none,styled_editorial,experience_activity,
18056196847776597,True,restaurant_bar,True,staff,none,no_view,daytime,4.0,False,none,documentary_photo,food_dining,
17986407005668491,True,pool_spa,False,none,none,city_view,golden_hour_sunset,5.0,False,none,styled_editorial,experience_activity,
18131173732517861,True,room,False,none,standard,mountain_view,daytime,4.0,False,none,wide_establishing,room_showcase,
17860616223194123,True,food_drink,False,none,none,no_view,daytime,3.0,True,feature_description,styled_editorial,food_dining,
18032963417390140,True,restaurant_bar,False,none,none,no_view,daytime,5.0,True,other,styled_editorial,food_dining,
18541086382069515,True,activity,True,guest_lifestyle,none,no_view,daytime,3.0,False,none,styled_editorial,experience_activity,
18093611441122991,True,restaurant_bar,True,staff,none,city_view,night,5.0,False,none,styled_editorial,brand_worldview,
18075682700429776,True,lobby_lounge,False,none,none,ocean_view,golden_hour_sunset,4.0,False,none,styled_editorial,brand_worldview,
18071775616955564,True,exterior_entrance,False,none,none,none,daytime,4.0,False,none,wide_establishing,brand_worldview,
18062356946170115,True,room,True,couple,suite_highend,city_view,night,4.0,True,feature_description,styled_editorial,experience_activity,
18060273808585183,True,activity,True,guest_lifestyle,none,no_view,daytime,1.0,True,season_event_announcement,styled_editorial,season_event,
18087588826982591,True,activity,False,none,none,none,daytime,3.0,False,none,close_up_detail,experience_activity,
18054085637403128,True,activity,True,guest_lifestyle,traditional_japanese,garden_view,daytime,4.0,True,facility_name_logo,styled_editorial,experience_activity,
18086869676614059,True,garden_outdoor_space,True,silhouette_distant,none,garden_view,daytime,4.0,True,price_plan_info,wide_establishing,price_plan_announcement,
18089259049729821,True,restaurant_bar,True,hand_detail,none,no_view,daytime,3.0,False,none,close_up_detail,food_dining,
17933241300030999,True,view_from_window,False,none,none,mountain_view,daytime,3.0,False,none,wide_establishing,view_scenery,
18057163597846898,True,room,False,none,glamping_unique,no_view,night,4.0,True,feature_description,styled_editorial,room_showcase,
18083090617685442,True,garden_outdoor_space,True,guest_lifestyle,none,garden_view,daytime,2.0,True,facility_name_logo,wide_establishing,experience_activity,
18120340642643557,True,room,True,hand_detail,none,no_view,daytime,3.0,True,feature_description,close_up_detail,brand_worldview,
18108747854495233,True,other,True,family,none,no_view,unknown,4.0,False,none,styled_editorial,experience_activity,
17876014449272995,True,food_drink,False,none,none,none,daytime,4.0,False,none,styled_editorial,food_dining,
17888287140430015,True,food_drink,False,none,none,none,unknown,3.0,True,season_event_announcement,styled_editorial,food_dining,
17847614421496405,True,activity,False,none,none,mountain_view,daytime,3.0,True,feature_description,documentary_photo,experience_activity,
18004187426694837,True,lobby_lounge,False,none,none,partial_view,daytime,5.0,False,none,styled_editorial,brand_worldview,
17961326451088580,True,lobby_lounge,True,other,none,no_view,night,4.0,True,season_event_announcement,styled_editorial,season_event,
18073277102246124,True,food_drink,True,staff,none,no_view,night,4.0,True,season_event_announcement,styled_editorial,season_event,
18045362246696220,True,pool_spa,False,none,none,garden_view,daytime,3.0,True,feature_description,styled_editorial,experience_activity,
18571769707007449,True,food_drink,False,none,none,none,daytime,5.0,False,none,close_up_detail,food_dining,
18051764284599601,True,room,False,none,other,no_view,daytime,4.0,False,none,styled_editorial,room_showcase,
17976974621933983,True,other,False,none,none,no_view,unknown,5.0,True,season_event_announcement,other,season_event,
18109037443886125,True,activity,True,silhouette_distant,none,other,night,4.0,True,season_event_announcement,styled_editorial,season_event,
18044259677353144,True,food_drink,False,none,none,no_view,unknown,4.0,False,none,styled_editorial,food_dining,
17938034841020294,True,other,False,none,none,none,unknown,1.0,True,price_plan_info,other,price_plan_announcement,
18102330305491805,True,restaurant_bar,True,staff,none,city_view,night,4.0,False,none,styled_editorial,food_dining,
18098399020682782,True,exterior_entrance,False,none,villa_private,partial_view,daytime,4.0,True,feature_description,styled_editorial,brand_worldview,
17976677606772116,True,garden_outdoor_space,False,none,traditional_japanese,mountain_view,daytime,4.0,False,none,wide_establishing,brand_worldview,
18037976708464085,True,food_drink,False,none,none,no_view,night,5.0,False,none,styled_editorial,food_dining,
17936383395082843,True,exterior_entrance,False,none,none,mountain_view,daytime,3.0,True,facility_name_logo,wide_establishing,brand_worldview,
17917325711949153,True,room,True,guest_lifestyle,traditional_japanese,no_view,daytime,4.0,False,none,styled_editorial,experience_activity,
17948131830095675,True,pool_spa,False,none,none,ocean_view,daytime,4.0,True,facility_name_logo,styled_editorial,experience_activity,
18053416841576490,True,restaurant_bar,True,hand_detail,none,no_view,daytime,4.0,True,facility_name_logo,close_up_detail,food_dining,
17977852511801461,True,restaurant_bar,False,none,none,no_view,daytime,5.0,False,none,styled_editorial,food_dining,
17875681944463449,True,food_drink,False,none,none,no_view,daytime,4.0,True,season_event_announcement,styled_editorial,season_event,
18075649777660131,True,pool_spa,False,none,none,garden_view,daytime,4.0,True,season_event_announcement,styled_editorial,experience_activity,
17931291695942700,True,restaurant_bar,True,staff,none,no_view,daytime,4.0,False,none,styled_editorial,brand_worldview,
17933490936024069,True,pool_spa,False,none,none,ocean_view,daytime,3.0,True,season_event_announcement,wide_establishing,season_event,
18164563189325248,True,other,True,silhouette_distant,none,none,golden_hour_sunset,3.0,True,feature_description,wide_establishing,experience_activity,
18043585253629185,True,view_from_window,False,none,none,city_view,daytime,4.0,True,feature_description,styled_editorial,view_scenery,
18055503233383880,True,room,False,none,traditional_japanese,ocean_view,daytime,4.0,False,none,styled_editorial,room_showcase,
18154151557395974,True,food_drink,False,none,none,no_view,daytime,4.0,False,none,styled_editorial,food_dining,
18512652226065076,True,food_drink,True,hand_detail,none,garden_view,daytime,4.0,False,none,styled_editorial,food_dining,
17860614534454433,True,restaurant_bar,True,staff,none,no_view,daytime,4.0,True,season_event_announcement,styled_editorial,season_event,
18096629564157730,True,garden_outdoor_space,False,none,none,ocean_view,daytime,4.0,True,facility_name_logo,wide_establishing,brand_worldview,
18035414083881872,True,amenity_detail,False,none,none,none,unknown,4.0,True,season_event_announcement,close_up_detail,season_event,
17921457792126650,True,restaurant_bar,False,none,none,no_view,daytime,5.0,False,none,styled_editorial,food_dining,
17891423382364237,True,pool_spa,False,none,traditional_japanese,garden_view,night,5.0,False,none,styled_editorial,room_showcase,
18084801556691100,True,exterior_entrance,False,none,villa_private,garden_view,daytime,4.0,True,facility_name_logo,wide_establishing,brand_worldview,
18548877661066883,True,room,False,none,suite_highend,ocean_view,daytime,5.0,True,feature_description,styled_editorial,experience_activity,
18052918535494522,True,lobby_lounge,True,staff,none,no_view,daytime,4.0,False,none,documentary_photo,experience_activity,
17914584555347074,True,other,True,staff,none,no_view,unknown,3.0,False,none,documentary_photo,brand_worldview,
18352588723130045,True,food_drink,False,none,none,none,unknown,4.0,True,facility_name_logo,close_up_detail,food_dining,
18026828999124130,True,room,False,none,suite_highend,ocean_view,daytime,4.0,False,none,wide_establishing,room_showcase,
18133936630558778,True,pool_spa,False,none,none,garden_view,daytime,4.0,True,season_event_announcement,styled_editorial,season_event,
18092113849465117,True,room,False,none,suite_highend,no_view,daytime,5.0,True,feature_description,styled_editorial,room_showcase,
18126248872514395,True,food_drink,False,none,none,none,daytime,4.0,False,none,close_up_detail,food_dining,
18084540142607080,True,food_drink,False,none,none,city_view,golden_hour_sunset,4.0,False,none,styled_editorial,food_dining,
17938180251053591,True,pool_spa,False,none,none,mountain_view,daytime,5.0,True,feature_description,wide_establishing,view_scenery,
18116111773626445,True,food_drink,False,none,none,no_view,unknown,4.0,True,season_event_announcement,styled_editorial,food_dining,
18334134151219991,True,restaurant_bar,True,guest_lifestyle,none,city_view,daytime,4.0,False,none,styled_editorial,food_dining,
18041623058760246,True,garden_outdoor_space,True,silhouette_distant,traditional_japanese,garden_view,daytime,4.0,True,season_event_announcement,wide_establishing,season_event,
17971223669874564,True,restaurant_bar,True,staff,none,none,unknown,5.0,False,none,styled_editorial,food_dining,
18096688711704357,True,room,True,couple,traditional_japanese,mountain_view,daytime,5.0,True,season_event_announcement,styled_editorial,season_event,
17961804036078215,True,garden_outdoor_space,False,none,none,garden_view,daytime,4.0,False,none,wide_establishing,view_scenery,
18061930781239087,True,garden_outdoor_space,False,none,none,garden_view,daytime,4.0,True,access_location_info,drone_aerial,brand_worldview,
18112484164705986,True,activity,True,other,none,none,daytime,2.0,True,season_event_announcement,documentary_photo,experience_activity,
18064932736860337,True,pool_spa,True,silhouette_distant,none,ocean_view,daytime,5.0,False,none,drone_aerial,experience_activity,
18083673535858362,True,restaurant_bar,False,none,none,none,daytime,5.0,True,other,styled_editorial,food_dining,
18428090407054749,True,room,False,none,standard,no_view,daytime,4.0,False,none,wide_establishing,room_showcase,
17955976310914757,True,amenity_detail,False,none,none,no_view,daytime,3.0,True,feature_description,flat_lay,experience_activity,
18145965373398363,True,room,False,none,suite_highend,no_view,daytime,5.0,True,price_plan_info,styled_editorial,price_plan_announcement,
18103161448913813,True,garden_outdoor_space,False,none,none,garden_view,daytime,4.0,False,none,wide_establishing,view_scenery,
18132326644537161,True,food_drink,False,none,none,garden_view,daytime,5.0,False,none,styled_editorial,food_dining,
18292649890303748,True,activity,True,guest_lifestyle,none,no_view,daytime,3.0,True,season_event_announcement,other,experience_activity,
18055760645216146,True,exterior_entrance,False,none,none,no_view,night,3.0,True,facility_name_logo,documentary_photo,brand_worldview,
17996165573373444,True,food_drink,False,none,none,no_view,daytime,3.0,False,none,close_up_detail,food_dining,
18548278294050274,True,food_drink,False,none,none,partial_view,daytime,3.0,True,feature_description,close_up_detail,food_dining,
18080505230399961,True,room,False,none,standard,city_view,daytime,4.0,True,facility_name_logo,styled_editorial,room_showcase,
18064529428547807,True,room,False,none,standard,partial_view,daytime,4.0,False,none,styled_editorial,room_showcase,
18124079413373386,True,activity,False,none,glamping_unique,no_view,night,3.0,True,feature_description,styled_editorial,experience_activity,
17898763224009880,True,room,False,none,traditional_japanese,city_view,unknown,3.0,False,none,styled_editorial,room_showcase,
18061316281568716,True,food_drink,False,none,none,ocean_view,daytime,3.0,False,none,styled_editorial,food_dining,
17876308641341473,True,restaurant_bar,False,none,none,no_view,unknown,4.0,True,price_plan_info,styled_editorial,food_dining,
17866920150255716,True,pool_spa,False,none,none,garden_view,daytime,4.0,True,feature_description,styled_editorial,experience_activity,
18079097126460468,True,food_drink,False,none,none,no_view,unknown,5.0,False,none,styled_editorial,food_dining,
18004425809551338,True,activity,True,couple,none,mountain_view,daytime,4.0,True,feature_description,styled_editorial,experience_activity,
18051498431149066,True,amenity_detail,False,none,none,no_view,daytime,4.0,True,feature_description,close_up_detail,experience_activity,
17895112626182214,True,room,True,guest_lifestyle,standard,partial_view,daytime,3.0,False,none,documentary_photo,room_showcase,
18199806892347573,True,lobby_lounge,False,none,none,ocean_view,daytime,4.0,False,none,styled_editorial,brand_worldview,
18034935758045528,True,room,True,guest_lifestyle,standard,city_view,daytime,4.0,False,none,styled_editorial,room_showcase,
17860567647144670,True,view_from_window,False,none,none,city_view,night,5.0,False,none,styled_editorial,view_scenery,
17952556559921356,True,food_drink,False,none,none,no_view,daytime,4.0,False,none,styled_editorial,food_dining,
18086283178802431,True,activity,False,none,none,no_view,daytime,2.0,False,none,documentary_photo,experience_activity,
18303489952240287,True,food_drink,False,none,none,no_view,daytime,4.0,True,season_event_announcement,styled_editorial,season_event,
17895402570320501,True,food_drink,False,none,none,garden_view,daytime,5.0,False,none,styled_editorial,food_dining,
18107372095876623,True,other,False,none,standard,city_view,daytime,3.0,True,feature_description,other,experience_activity,
18513773224000672,True,activity,True,family,none,other,night,4.0,True,season_event_announcement,styled_editorial,season_event,
17909454057298191,True,view_from_window,True,guest_lifestyle,none,other,daytime,4.0,True,feature_description,styled_editorial,experience_activity,
18123930541401892,True,restaurant_bar,False,none,none,no_view,daytime,2.0,True,feature_description,documentary_photo,food_dining,
17847706548550893,True,pool_spa,False,none,none,ocean_view,golden_hour_sunset,5.0,False,none,styled_editorial,experience_activity,
17859640521585819,True,garden_outdoor_space,False,none,none,garden_view,daytime,3.0,False,none,documentary_photo,season_event,
17853772758124441,True,activity,True,guest_lifestyle,none,mountain_view,daytime,2.0,True,facility_name_logo,wide_establishing,experience_activity,
17904344598231061,True,restaurant_bar,False,none,none,no_view,night,4.0,True,facility_name_logo,styled_editorial,brand_worldview,
17847716040690149,True,food_drink,False,none,none,no_view,night,2.0,False,none,styled_editorial,food_dining,
18095135824518885,True,room,True,guest_lifestyle,standard,city_view,daytime,3.0,False,none,documentary_photo,room_showcase,
18078743314933811,True,garden_outdoor_space,False,none,none,other,golden_hour_sunset,4.0,True,feature_description,styled_editorial,view_scenery,
18048308057166193,True,food_drink,False,none,none,no_view,daytime,5.0,False,none,styled_editorial,food_dining,
18483774628053185,True,food_drink,False,none,none,no_view,daytime,5.0,False,none,flat_lay,food_dining,
18085591190184461,True,other,False,none,none,ocean_view,daytime,3.0,True,other,documentary_photo,experience_activity,
18489840556054549,True,room,False,none,traditional_japanese,no_view,night,5.0,False,none,styled_editorial,room_showcase,
18032245205249764,True,pool_spa,False,none,none,ocean_view,daytime,4.0,True,season_event_announcement,wide_establishing,season_event,
17874658743376664,True,food_drink,False,none,none,none,unknown,4.0,True,season_event_announcement,styled_editorial,season_event,
18049415837531496,True,view_from_window,True,silhouette_distant,none,ocean_view,golden_hour_sunset,4.0,False,none,wide_establishing,view_scenery,
17886753516172572,True,room,False,none,traditional_japanese,no_view,unknown,3.0,False,none,wide_establishing,room_showcase,
18130145809566514,True,other,True,couple,none,city_view,daytime,5.0,False,none,styled_editorial,experience_activity,
18036324245355616,True,food_drink,False,none,none,no_view,daytime,4.0,False,none,styled_editorial,food_dining,
18100380424579428,True,pool_spa,False,none,none,garden_view,daytime,4.0,True,feature_description,styled_editorial,price_plan_announcement,
18137603698354434,True,activity,True,family,none,mountain_view,daytime,3.0,True,facility_name_logo,wide_establishing,experience_activity,
17985214394977143,True,activity,True,guest_lifestyle,none,none,daytime,4.0,True,season_event_announcement,documentary_photo,season_event,
18041759702136927,True,lobby_lounge,True,staff,none,city_view,daytime,4.0,True,feature_description,documentary_photo,experience_activity,
18068640415551595,True,pool_spa,False,none,none,no_view,unknown,3.0,True,feature_description,documentary_photo,experience_activity,
18457575601096944,True,food_drink,False,none,none,no_view,daytime,5.0,False,none,styled_editorial,food_dining,
18111263128805385,True,pool_spa,True,guest_lifestyle,none,mountain_view,daytime,5.0,True,other,styled_editorial,experience_activity,
18066526709064998,True,food_drink,False,none,none,no_view,unknown,3.0,True,feature_description,flat_lay,food_dining,
17899270674233649,True,activity,True,hand_detail,none,no_view,daytime,4.0,True,season_event_announcement,close_up_detail,experience_activity,
18409124218120581,True,other,False,none,none,none,daytime,3.0,True,other,wide_establishing,experience_activity,
18105031481505246,True,view_from_window,False,none,none,ocean_view,daytime,4.0,True,access_location_info,wide_establishing,view_scenery,
18080624884659653,True,restaurant_bar,False,none,none,no_view,daytime,4.0,False,none,styled_editorial,brand_worldview,
18059469956211479,True,restaurant_bar,True,staff,none,no_view,unknown,4.0,True,feature_description,documentary_photo,food_dining,
17911973657862525,True,food_drink,False,none,none,none,daytime,3.0,True,feature_description,styled_editorial,food_dining,
18048802226741897,True,activity,False,none,none,ocean_view,night,4.0,False,none,wide_establishing,experience_activity,
17882195967359674,True,food_drink,False,none,none,no_view,daytime,4.0,True,feature_description,styled_editorial,food_dining,
18367494172129901,True,room,False,none,traditional_japanese,no_view,daytime,4.0,False,none,styled_editorial,room_showcase,
18079398499861669,True,food_drink,False,none,none,no_view,unknown,4.0,True,feature_description,close_up_detail,food_dining,
18028421885743954,True,pool_spa,True,guest_lifestyle,none,no_view,golden_hour_sunset,4.0,False,none,styled_editorial,experience_activity,
18013016657219708,True,activity,True,guest_lifestyle,none,no_view,unknown,4.0,False,none,styled_editorial,experience_activity,
18088378858739186,True,view_from_window,False,none,none,ocean_view,daytime,3.0,True,access_location_info,styled_editorial,brand_worldview,
18386894602091610,True,activity,False,none,none,none,daytime,3.0,True,season_event_announcement,close_up_detail,experience_activity,
17964220595760827,True,room,True,guest_lifestyle,standard,city_view,daytime,4.0,False,none,styled_editorial,room_showcase,
18070973116944376,True,food_drink,False,none,none,ocean_view,daytime,3.0,False,none,close_up_detail,food_dining,
18100314299492219,True,room,True,guest_lifestyle,suite_highend,garden_view,daytime,5.0,False,none,styled_editorial,room_showcase,
18103701556979797,True,pool_spa,False,none,none,city_view,night,4.0,True,season_event_announcement,styled_editorial,season_event,
18121520053485770,True,room,False,none,standard,no_view,daytime,3.0,False,none,styled_editorial,room_showcase,
18048401554776852,True,garden_outdoor_space,True,staff,none,garden_view,daytime,2.0,True,access_location_info,documentary_photo,experience_activity,
18094245268637279,True,pool_spa,False,none,none,garden_view,daytime,5.0,True,ranking_award,close_up_detail,brand_worldview,
18043520564325642,True,food_drink,False,none,none,no_view,daytime,5.0,False,none,styled_editorial,food_dining,
17938515986886609,True,lobby_lounge,False,none,none,no_view,daytime,4.0,False,none,styled_editorial,brand_worldview,
18036465653133205,True,pool_spa,False,none,none,garden_view,night,4.0,True,feature_description,styled_editorial,experience_activity,
18103789843505954,True,room,True,guest_lifestyle,standard,no_view,golden_hour_sunset,4.0,False,none,styled_editorial,room_showcase,
18044564852466215,True,restaurant_bar,False,none,none,garden_view,daytime,5.0,True,feature_description,styled_editorial,experience_activity,
17918789165841009,True,amenity_detail,False,none,traditional_japanese,no_view,daytime,4.0,False,none,flat_lay,room_showcase,
17934960063248812,True,lobby_lounge,False,none,none,garden_view,daytime,4.0,True,feature_description,styled_editorial,food_dining,
17968862471666499,True,lobby_lounge,True,other,none,no_view,daytime,4.0,False,none,documentary_photo,brand_worldview,
18083755877505309,True,food_drink,False,none,none,no_view,unknown,5.0,True,season_event_announcement,styled_editorial,season_event,
17882675139363578,True,activity,False,none,none,other,daytime,3.0,True,other,wide_establishing,experience_activity,
18367012942149432,True,food_drink,False,none,none,no_view,daytime,3.0,True,feature_description,close_up_detail,food_dining,
17875415985208473,True,pool_spa,False,none,none,garden_view,daytime,5.0,True,price_plan_info,drone_aerial,price_plan_announcement,
18112243870803073,True,activity,True,guest_lifestyle,none,garden_view,daytime,2.0,False,none,wide_establishing,experience_activity,
18006834503560995,True,amenity_detail,False,none,none,none,unknown,3.0,False,none,close_up_detail,brand_worldview,
17846966256428480,True,food_drink,False,none,none,none,daytime,4.0,True,season_event_announcement,close_up_detail,food_dining,
17857279914666033,True,garden_outdoor_space,False,none,none,ocean_view,golden_hour_sunset,5.0,True,feature_description,styled_editorial,view_scenery,
18072928669625140,True,room,False,none,traditional_japanese,mountain_view,daytime,4.0,False,none,styled_editorial,room_showcase,
17849815548523052,True,pool_spa,True,guest_lifestyle,none,ocean_view,daytime,4.0,True,feature_description,styled_editorial,experience_activity,
18227430100310529,True,lobby_lounge,False,none,none,mountain_view,daytime,5.0,False,none,wide_establishing,view_scenery,
17898868614061373,True,exterior_entrance,True,staff,none,none,daytime,4.0,True,other,styled_editorial,other,
18093942763879889,True,garden_outdoor_space,True,guest_lifestyle,villa_private,garden_view,daytime,4.0,True,facility_name_logo,drone_aerial,brand_worldview,
18065928577664271,True,pool_spa,False,none,none,mountain_view,daytime,4.0,False,none,wide_establishing,experience_activity,
17945605199865574,True,garden_outdoor_space,False,none,none,mountain_view,daytime,3.0,False,none,wide_establishing,view_scenery,
17940164364114978,True,room,False,none,standard,no_view,daytime,4.0,True,feature_description,styled_editorial,room_showcase,
18084117302185576,True,activity,False,none,none,other,night,3.0,True,feature_description,documentary_photo,season_event,
17974436666863113,True,room,True,guest_lifestyle,none,no_view,unknown,2.0,True,season_event_announcement,styled_editorial,season_event,
18089815106469641,True,room,False,none,suite_highend,garden_view,daytime,4.0,False,none,styled_editorial,room_showcase,
17877095379328090,True,room,False,none,standard,city_view,daytime,4.0,False,none,styled_editorial,room_showcase,
18075848108541213,True,food_drink,False,none,none,none,daytime,5.0,False,none,close_up_detail,food_dining,
18050318755641694,True,activity,True,guest_lifestyle,none,city_view,daytime,3.0,True,facility_name_logo,styled_editorial,experience_activity,
18096400018996556,True,food_drink,False,none,none,none,daytime,5.0,False,none,styled_editorial,food_dining,
18415902499070964,True,room,False,none,standard,city_view,daytime,3.0,False,none,styled_editorial,room_showcase,
18027771860101186,True,restaurant_bar,False,none,none,no_view,night,3.0,True,feature_description,close_up_detail,experience_activity,
18306285493276288,True,lobby_lounge,True,guest_lifestyle,none,no_view,daytime,4.0,False,none,styled_editorial,experience_activity,
18034756808734028,True,bathroom,False,none,suite_highend,partial_view,daytime,5.0,False,none,styled_editorial,room_showcase,
18041367572526043,True,food_drink,False,none,none,no_view,daytime,5.0,False,none,styled_editorial,food_dining,
18022663985347316,True,food_drink,False,none,none,none,daytime,4.0,False,none,styled_editorial,food_dining,
18050585927738334,True,food_drink,False,none,none,no_view,daytime,4.0,False,none,close_up_detail,food_dining,
17866682511602948,True,exterior_entrance,True,staff,none,no_view,daytime,3.0,True,facility_name_logo,wide_establishing,brand_worldview,
17844931692435790,True,lobby_lounge,False,none,none,no_view,daytime,4.0,True,facility_name_logo,close_up_detail,brand_worldview,
18059016412652773,True,room,False,none,suite_highend,city_view,daytime,5.0,False,none,styled_editorial,room_showcase,
17951979416886359,True,pool_spa,False,none,none,garden_view,daytime,4.0,False,none,styled_editorial,experience_activity,
18141503053452738,True,activity,True,hand_detail,none,no_view,daytime,1.0,False,none,close_up_detail,experience_activity,
18099478072524540,True,room,False,none,standard,no_view,golden_hour_sunset,4.0,False,none,styled_editorial,room_showcase,
17900993229214535,True,food_drink,True,hand_detail,none,none,daytime,4.0,False,none,styled_editorial,food_dining,
18093579665134288,True,room,False,none,suite_highend,ocean_view,daytime,5.0,False,none,styled_editorial,room_showcase,
18100209274980384,True,activity,False,none,none,other,daytime,3.0,False,none,close_up_detail,experience_activity,
17935803741214924,True,food_drink,False,none,none,none,daytime,4.0,True,feature_description,close_up_detail,food_dining,
18011333210616458,True,garden_outdoor_space,False,none,none,garden_view,daytime,4.0,False,none,wide_establishing,brand_worldview,
17882188734421484,True,room,False,none,suite_highend,no_view,unknown,4.0,True,feature_description,styled_editorial,room_showcase,
18099100573803560,True,amenity_detail,False,none,none,none,daytime,4.0,False,none,flat_lay,experience_activity,
17892440889048211,True,food_drink,True,guest_lifestyle,none,garden_view,daytime,3.0,False,none,styled_editorial,food_dining,
18073549975938267,True,activity,True,family,none,ocean_view,daytime,3.0,True,season_event_announcement,styled_editorial,experience_activity,
18091263082890554,True,amenity_detail,False,none,none,garden_view,daytime,4.0,False,none,wide_establishing,experience_activity,
18110214727581938,True,restaurant_bar,True,silhouette_distant,none,no_view,daytime,3.0,True,feature_description,close_up_detail,food_dining,
17967909176879383,True,activity,False,none,none,none,night,4.0,False,none,styled_editorial,experience_activity,
18105035984488472,True,food_drink,False,none,none,no_view,daytime,4.0,True,season_event_announcement,styled_editorial,food_dining,
17965780109797894,True,garden_outdoor_space,False,none,none,mountain_view,daytime,4.0,False,none,close_up_detail,brand_worldview,
18043090700007183,True,pool_spa,False,none,villa_private,garden_view,daytime,4.0,True,feature_description,styled_editorial,experience_activity,
18027928694451568,True,lobby_lounge,False,none,none,city_view,daytime,5.0,False,none,styled_editorial,food_dining,
18102963163471473,True,activity,True,guest_lifestyle,none,city_view,daytime,2.0,True,access_location_info,wide_establishing,experience_activity,
18056099125809951,True,food_drink,True,hand_detail,none,no_view,unknown,3.0,True,other,styled_editorial,food_dining,
18044877274913649,True,room,True,guest_lifestyle,standard,no_view,daytime,3.0,True,price_plan_info,styled_editorial,price_plan_announcement,
18136317820523041,True,pool_spa,False,none,suite_highend,ocean_view,daytime,4.0,False,none,styled_editorial,experience_activity,
18077141180224790,True,other,False,none,none,none,unknown,3.0,True,price_plan_info,other,price_plan_announcement,
18056295236010894,True,room,False,none,traditional_japanese,no_view,daytime,3.0,False,none,documentary_photo,room_showcase,
18089880293102681,True,exterior_entrance,False,none,none,ocean_view,daytime,4.0,True,ranking_award,wide_establishing,brand_worldview,
18095302385029819,True,food_drink,True,hand_detail,none,none,daytime,4.0,False,none,close_up_detail,food_dining,
17979291239797804,True,pool_spa,False,none,none,garden_view,daytime,4.0,True,feature_description,wide_establishing,experience_activity,
18098998439095619,True,lobby_lounge,False,none,none,partial_view,daytime,4.0,True,season_event_announcement,wide_establishing,season_event,
18346561402246418,True,room,False,none,standard,no_view,daytime,4.0,True,facility_name_logo,close_up_detail,brand_worldview,
18057616885905362,True,pool_spa,False,none,none,mountain_view,golden_hour_sunset,4.0,True,feature_description,styled_editorial,experience_activity,
17886780347998449,True,pool_spa,True,family,none,ocean_view,daytime,4.0,False,none,wide_establishing,experience_activity,
18075797870316617,True,food_drink,False,none,none,none,unknown,3.0,False,none,styled_editorial,food_dining,
17952125957840983,True,food_drink,True,hand_detail,none,no_view,daytime,4.0,True,facility_name_logo,styled_editorial,food_dining,
18322609186080437,True,pool_spa,False,none,none,mountain_view,daytime,4.0,False,none,styled_editorial,experience_activity,
18069318961531266,True,pool_spa,False,none,traditional_japanese,mountain_view,daytime,5.0,False,none,styled_editorial,experience_activity,
17935543253903258,True,restaurant_bar,False,none,traditional_japanese,garden_view,daytime,4.0,False,none,wide_establishing,food_dining,
18129777715452457,True,pool_spa,False,none,none,ocean_view,golden_hour_sunset,4.0,False,none,styled_editorial,experience_activity,
18119069014541450,True,pool_spa,False,none,none,no_view,unknown,4.0,True,feature_description,close_up_detail,experience_activity,
18129795724423490,True,food_drink,False,none,none,none,unknown,3.0,True,price_plan_info,close_up_detail,food_dining,
18404219899107344,True,room,False,none,traditional_japanese,no_view,daytime,4.0,False,none,styled_editorial,room_showcase,
17883792768248403,True,room,False,none,suite_highend,other,golden_hour_sunset,5.0,True,feature_description,styled_editorial,room_showcase,
18087693784921395,True,restaurant_bar,False,none,none,no_view,night,5.0,False,none,wide_establishing,food_dining,
18388863484140198,True,room,False,none,traditional_japanese,no_view,daytime,3.0,True,feature_description,styled_editorial,experience_activity,
17888637168329845,True,restaurant_bar,False,none,none,no_view,night,4.0,True,feature_description,close_up_detail,food_dining,
18414075361099877,True,restaurant_bar,True,guest_lifestyle,none,city_view,daytime,4.0,True,other,documentary_photo,food_dining,
17982200447987674,True,room,False,none,suite_highend,garden_view,daytime,4.0,False,none,styled_editorial,room_showcase,
18522390307046394,True,food_drink,False,none,none,none,daytime,5.0,False,none,styled_editorial,food_dining,
17909638763983029,True,activity,False,none,none,no_view,daytime,3.0,True,feature_description,styled_editorial,experience_activity,
18083286980626935,True,room,False,none,traditional_japanese,garden_view,daytime,3.0,False,none,documentary_photo,room_showcase,
18027560087701672,True,lobby_lounge,False,none,none,no_view,night,5.0,False,none,styled_editorial,brand_worldview,
17943624257952406,True,restaurant_bar,False,none,none,no_view,unknown,5.0,False,none,styled_editorial,food_dining,
17933490347861996,True,food_drink,True,hand_detail,none,no_view,unknown,3.0,True,feature_description,close_up_detail,brand_worldview,
17996434895660028,True,food_drink,False,none,none,no_view,daytime,4.0,True,feature_description,styled_editorial,food_dining,
18094491827132901,True,restaurant_bar,False,none,none,no_view,daytime,2.0,True,facility_name_logo,documentary_photo,experience_activity,
18191072962326930,True,pool_spa,False,none,none,ocean_view,golden_hour_sunset,5.0,True,feature_description,drone_aerial,brand_worldview,
18030592457480153,True,other,True,other,none,none,daytime,5.0,True,season_event_announcement,styled_editorial,season_event,
18120123460627758,True,restaurant_bar,False,none,none,garden_view,daytime,4.0,True,feature_description,styled_editorial,experience_activity,
18069111772833851,True,food_drink,False,none,none,no_view,daytime,3.0,False,none,styled_editorial,food_dining,
18025821218001897,True,activity,False,none,none,ocean_view,daytime,4.0,True,price_plan_info,styled_editorial,price_plan_announcement,
17953381106878559,True,garden_outdoor_space,False,none,none,garden_view,daytime,4.0,True,season_event_announcement,wide_establishing,season_event,
18077255614554150,True,exterior_entrance,False,none,none,garden_view,daytime,4.0,True,facility_name_logo,wide_establishing,brand_worldview,
18039417784995665,True,food_drink,False,none,none,none,night,5.0,False,none,styled_editorial,season_event,
18088162261656818,True,other,False,none,standard,none,daytime,2.0,True,feature_description,documentary_photo,brand_worldview,
18375116572161347,True,room,False,none,standard,city_view,daytime,4.0,True,feature_description,documentary_photo,room_showcase,
18604404163032664,True,restaurant_bar,True,couple,none,no_view,night,4.0,False,none,styled_editorial,food_dining,
17959554573026728,True,restaurant_bar,True,couple,none,city_view,night,5.0,True,season_event_announcement,styled_editorial,season_event,
18050597389917018,True,room,False,none,standard,city_view,night,4.0,False,none,styled_editorial,room_showcase,
18186804307327475,True,lobby_lounge,True,staff,none,no_view,daytime,3.0,True,season_event_announcement,styled_editorial,season_event,
18390197722181452,True,garden_outdoor_space,False,none,villa_private,partial_view,night,4.0,True,facility_name_logo,styled_editorial,experience_activity,
18361647922190465,True,pool_spa,False,none,traditional_japanese,mountain_view,daytime,4.0,False,none,wide_establishing,experience_activity,
18089796566500380,True,restaurant_bar,False,none,none,no_view,daytime,4.0,True,price_plan_info,styled_editorial,food_dining,
18037986020114487,True,food_drink,False,none,none,none,unknown,4.0,True,feature_description,close_up_detail,food_dining,
18115169089720466,True,other,True,guest_lifestyle,other,other,daytime,4.0,True,price_plan_info,styled_editorial,price_plan_announcement,
17855748705500991,True,activity,True,guest_lifestyle,none,ocean_view,daytime,4.0,True,season_event_announcement,drone_aerial,season_event,
18078249904975405,True,pool_spa,False,none,other,mountain_view,daytime,3.0,True,season_event_announcement,styled_editorial,experience_activity,
18078466088170452,True,food_drink,False,none,none,no_view,unknown,5.0,True,price_plan_info,close_up_detail,food_dining,
18110276911714939,True,other,True,other,none,other,daytime,3.0,True,other,wide_establishing,experience_activity,
18105225595523794,True,other,False,none,none,no_view,daytime,4.0,False,none,styled_editorial,brand_worldview,
18218144329316337,True,pool_spa,True,silhouette_distant,none,ocean_view,daytime,5.0,True,price_plan_info,styled_editorial,price_plan_announcement,
18047027236948751,True,room,False,none,suite_highend,garden_view,daytime,4.0,False,none,styled_editorial,room_showcase,
18087846251185286,True,garden_outdoor_space,True,silhouette_distant,none,garden_view,daytime,4.0,False,none,wide_establishing,season_event,
18050439896264581,True,other,False,none,none,none,daytime,1.0,True,other,close_up_detail,other,
17958338147659311,True,activity,True,guest_lifestyle,none,no_view,daytime,2.0,True,facility_name_logo,styled_editorial,experience_activity,
18068430043776642,True,pool_spa,False,none,none,mountain_view,daytime,5.0,False,none,wide_establishing,experience_activity,
18197109880348491,True,garden_outdoor_space,True,silhouette_distant,none,garden_view,daytime,3.0,True,season_event_announcement,documentary_photo,season_event,
18005681609682251,True,activity,True,other,none,no_view,night,3.0,False,none,styled_editorial,season_event,
17969240987776507,True,activity,False,none,none,none,unknown,3.0,True,season_event_announcement,flat_lay,season_event,
18152749489409472,True,amenity_detail,False,none,none,none,daytime,3.0,True,facility_name_logo,close_up_detail,brand_worldview,
17995937126563321,True,food_drink,False,none,none,no_view,daytime,4.0,False,none,styled_editorial,food_dining,
17967794133028837,True,lobby_lounge,True,staff,none,none,daytime,4.0,True,feature_description,documentary_photo,other,
18047933744653739,True,food_drink,False,none,none,no_view,daytime,5.0,False,none,flat_lay,food_dining,
18420136240110662,True,room,False,none,standard,no_view,daytime,4.0,False,none,styled_editorial,food_dining,
18023302373769257,True,activity,True,family,none,mountain_view,daytime,3.0,True,price_plan_info,styled_editorial,price_plan_announcement,
18096867883516281,True,view_from_window,False,none,none,city_view,night,4.0,True,feature_description,drone_aerial,view_scenery,
18339634045236022,True,garden_outdoor_space,True,silhouette_distant,villa_private,ocean_view,daytime,5.0,True,ranking_award,drone_aerial,brand_worldview,
18004438949720227,True,garden_outdoor_space,False,none,none,city_view,daytime,4.0,False,none,styled_editorial,view_scenery,
18059960392738305,True,pool_spa,False,none,none,garden_view,daytime,4.0,False,none,styled_editorial,experience_activity,
17894655387093592,True,food_drink,False,none,none,none,daytime,4.0,False,none,styled_editorial,food_dining,
17999511995655336,True,food_drink,False,none,none,no_view,night,4.0,True,season_event_announcement,styled_editorial,season_event,
17962944758643746,True,view_from_window,True,silhouette_distant,none,city_view,daytime,4.0,True,season_event_announcement,wide_establishing,view_scenery,
17917703208166088,True,food_drink,False,none,none,no_view,daytime,5.0,False,none,styled_editorial,food_dining,
18022708331459907,True,bathroom,False,none,suite_highend,garden_view,daytime,5.0,True,feature_description,styled_editorial,room_showcase,
17916899514249963,True,room,True,family,traditional_japanese,ocean_view,daytime,4.0,False,none,styled_editorial,view_scenery,
18084104573576967,True,food_drink,False,none,none,no_view,unknown,3.0,True,feature_description,close_up_detail,food_dining,
18005564693564926,True,room,False,none,standard,mountain_view,daytime,4.0,False,none,styled_editorial,room_showcase,
18019812107780895,True,pool_spa,False,none,none,garden_view,daytime,5.0,True,feature_description,styled_editorial,experience_activity,
17992321013757506,True,restaurant_bar,True,guest_lifestyle,none,no_view,daytime,3.0,True,access_location_info,documentary_photo,experience_activity,
17852514588279740,True,room,False,none,suite_highend,ocean_view,daytime,5.0,False,none,styled_editorial,room_showcase,
18404384158127268,True,exterior_entrance,False,none,none,none,daytime,4.0,True,facility_name_logo,styled_editorial,brand_worldview,
18091367932686460,True,activity,True,guest_lifestyle,none,no_view,daytime,3.0,True,feature_description,styled_editorial,experience_activity,
18077355980004624,True,pool_spa,False,none,none,mountain_view,daytime,4.0,True,season_event_announcement,styled_editorial,season_event,
18055499791986962,True,food_drink,False,none,none,none,daytime,4.0,True,season_event_announcement,styled_editorial,food_dining,
18381079375080831,True,pool_spa,False,none,suite_highend,ocean_view,golden_hour_sunset,5.0,False,none,styled_editorial,view_scenery,
17886910194161505,True,food_drink,False,none,none,none,daytime,4.0,True,season_event_announcement,styled_editorial,food_dining,
18079579042743226,True,room,False,none,suite_highend,no_view,unknown,4.0,True,feature_description,styled_editorial,room_showcase,
18253388062295452,True,food_drink,True,guest_lifestyle,none,no_view,daytime,4.0,True,feature_description,styled_editorial,food_dining,
18090743570499951,True,room,True,couple,standard,no_view,night,3.0,True,season_event_announcement,styled_editorial,season_event,
17863661508145267,True,room,True,guest_lifestyle,standard,no_view,daytime,3.0,True,feature_description,styled_editorial,room_showcase,
18079329389385881,True,activity,True,other,none,no_view,night,2.0,True,other,documentary_photo,experience_activity,
18107156959507815,True,food_drink,False,none,none,no_view,daytime,4.0,True,feature_description,close_up_detail,food_dining,
18073064519352325,True,restaurant_bar,False,none,none,no_view,unknown,4.0,True,feature_description,styled_editorial,food_dining,
17933528787208050,True,activity,True,hand_detail,none,garden_view,daytime,3.0,True,season_event_announcement,styled_editorial,season_event,
17929387244959945,True,room,False,none,other,mountain_view,daytime,4.0,False,none,styled_editorial,room_showcase,
17913431195975743,True,room,False,none,traditional_japanese,city_view,daytime,4.0,False,none,styled_editorial,room_showcase,
18069552118822664,True,garden_outdoor_space,False,none,none,garden_view,daytime,5.0,False,none,styled_editorial,brand_worldview,
18554853109054844,True,room,False,none,none,ocean_view,daytime,5.0,True,price_plan_info,styled_editorial,price_plan_announcement,
17915880194947666,True,pool_spa,True,hand_detail,villa_private,no_view,daytime,4.0,True,feature_description,styled_editorial,experience_activity,
17900796462068305,True,garden_outdoor_space,False,none,villa_private,garden_view,daytime,3.0,False,none,documentary_photo,brand_worldview,
18058294385465794,True,activity,True,guest_lifestyle,none,no_view,daytime,2.0,True,feature_description,styled_editorial,experience_activity,
18024967238641404,True,lobby_lounge,False,none,none,no_view,daytime,3.0,True,other,wide_establishing,experience_activity,
18057325304305354,True,exterior_entrance,True,silhouette_distant,none,garden_view,daytime,4.0,True,facility_name_logo,styled_editorial,brand_worldview,
17897562597366553,True,activity,True,couple,none,no_view,unknown,3.0,True,feature_description,styled_editorial,experience_activity,
17842883124402215,True,food_drink,False,none,none,none,daytime,4.0,False,none,flat_lay,food_dining,
18073917877838509,True,exterior_entrance,False,none,none,city_view,daytime,4.0,True,season_event_announcement,documentary_photo,brand_worldview,
18190260133292566,True,room,False,none,suite_highend,mountain_view,daytime,5.0,False,none,styled_editorial,room_showcase,
18047143682074204,True,food_drink,False,none,none,no_view,daytime,4.0,False,none,close_up_detail,food_dining,
18034843331278102,True,food_drink,False,none,none,no_view,daytime,4.0,False,none,styled_editorial,food_dining,
18467642644079723,True,room,False,none,standard,city_view,daytime,4.0,False,none,styled_editorial,room_showcase,
18070337539578173,True,restaurant_bar,False,none,none,no_view,daytime,5.0,False,none,styled_editorial,food_dining,
18077045824759067,True,other,True,family,standard,no_view,daytime,4.0,True,price_plan_info,styled_editorial,price_plan_announcement,
17890692468224278,True,room,False,none,suite_highend,city_view,night,5.0,False,none,styled_editorial,room_showcase,
18016216907837604,True,garden_outdoor_space,True,staff,none,no_view,daytime,1.0,True,facility_name_logo,documentary_photo,brand_worldview,
18014552864683117,True,food_drink,False,none,none,none,unknown,5.0,False,none,close_up_detail,food_dining,
17888674254342453,True,room,True,guest_lifestyle,none,no_view,daytime,3.0,True,feature_description,styled_editorial,brand_worldview,
18309953494170207,True,room,False,none,standard,no_view,daytime,3.0,False,none,styled_editorial,room_showcase,
18306708982207124,True,pool_spa,False,none,traditional_japanese,mountain_view,night,5.0,False,none,styled_editorial,experience_activity,
17968032887728492,True,room,True,family,standard,no_view,daytime,3.0,False,none,styled_editorial,room_showcase,
17990505203939170,True,activity,True,family,none,garden_view,daytime,3.0,False,none,documentary_photo,experience_activity,
18074577220671248,True,pool_spa,False,none,suite_highend,partial_view,night,5.0,True,feature_description,styled_editorial,experience_activity,
17941459940867468,True,lobby_lounge,True,staff,none,partial_view,golden_hour_sunset,5.0,False,none,styled_editorial,brand_worldview,
17895713856112753,True,room,False,none,suite_highend,garden_view,night,4.0,False,none,styled_editorial,room_showcase,
18072507914642404,True,room,True,guest_lifestyle,standard,city_view,daytime,3.0,True,feature_description,styled_editorial,brand_worldview,
18061675055260067,True,pool_spa,False,none,none,garden_view,daytime,4.0,False,none,styled_editorial,experience_activity,
18039622271451145,True,activity,False,none,none,none,daytime,3.0,True,feature_description,close_up_detail,experience_activity,
18062974082262554,True,food_drink,False,none,none,no_view,daytime,4.0,False,none,close_up_detail,food_dining,
18087474947230504,True,garden_outdoor_space,False,none,none,garden_view,daytime,5.0,False,none,styled_editorial,brand_worldview,
17879020992357660,True,food_drink,False,none,none,none,unknown,4.0,True,price_plan_info,styled_editorial,food_dining,
17936375243856783,True,restaurant_bar,False,none,none,garden_view,daytime,5.0,False,none,styled_editorial,food_dining,
18070015339934553,True,restaurant_bar,True,guest_lifestyle,none,no_view,night,4.0,True,facility_name_logo,styled_editorial,experience_activity,
18077236045845675,True,food_drink,False,none,none,no_view,unknown,3.0,True,other,close_up_detail,other,
18439359031058269,True,room,False,none,traditional_japanese,no_view,unknown,4.0,False,none,styled_editorial,room_showcase,
18081079892141548,True,restaurant_bar,False,none,none,no_view,unknown,5.0,False,none,styled_editorial,food_dining,
18064486844645198,True,restaurant_bar,True,hand_detail,none,city_view,night,5.0,False,none,styled_editorial,food_dining,
18036159262830950,True,restaurant_bar,True,hand_detail,none,partial_view,daytime,4.0,True,season_event_announcement,styled_editorial,season_event,
18105670910494309,True,amenity_detail,False,none,none,no_view,daytime,3.0,True,feature_description,flat_lay,brand_worldview,
18063566006532578,True,food_drink,False,none,none,none,daytime,3.0,True,feature_description,close_up_detail,food_dining,
18102843442586169,True,activity,True,guest_lifestyle,glamping_unique,ocean_view,golden_hour_sunset,4.0,True,season_event_announcement,styled_editorial,season_event,
17864034483621334,True,activity,True,guest_lifestyle,none,mountain_view,daytime,4.0,False,none,styled_editorial,experience_activity,
18245807530286453,True,food_drink,False,none,none,no_view,unknown,5.0,True,season_event_announcement,styled_editorial,food_dining,
17938760942747125,True,food_drink,False,none,none,garden_view,daytime,5.0,False,none,styled_editorial,food_dining,
18119900326460168,True,pool_spa,True,guest_lifestyle,none,no_view,unknown,5.0,False,none,styled_editorial,experience_activity,
17885554434476871,True,pool_spa,False,none,none,ocean_view,golden_hour_sunset,4.0,True,feature_description,wide_establishing,experience_activity,
18074871866628867,True,activity,True,guest_lifestyle,traditional_japanese,no_view,daytime,5.0,False,none,styled_editorial,experience_activity,
17854263678318307,True,food_drink,False,none,none,none,unknown,4.0,True,access_location_info,styled_editorial,food_dining,
18318137083087236,True,food_drink,False,none,none,none,unknown,5.0,True,season_event_announcement,styled_editorial,season_event,
18050743981808218,True,lobby_lounge,False,none,none,city_view,daytime,4.0,True,facility_name_logo,close_up_detail,brand_worldview,
17990947115927356,True,lobby_lounge,False,none,none,no_view,daytime,4.0,True,facility_name_logo,close_up_detail,brand_worldview,
18111688528488145,True,food_drink,False,none,none,no_view,daytime,5.0,False,none,styled_editorial,food_dining,
18069035498424653,True,food_drink,False,none,none,none,unknown,5.0,True,feature_description,close_up_detail,food_dining,
17975162867762213,True,lobby_lounge,False,none,none,no_view,daytime,4.0,False,none,styled_editorial,experience_activity,
18059736622632969,True,lobby_lounge,True,guest_lifestyle,none,city_view,night,4.0,True,facility_name_logo,documentary_photo,experience_activity,
18097304609473507,True,room,True,guest_lifestyle,standard,garden_view,daytime,3.0,False,none,styled_editorial,room_showcase,
18043965977769137,True,food_drink,False,none,none,ocean_view,daytime,4.0,False,none,close_up_detail,food_dining,
18098503466078867,True,garden_outdoor_space,True,guest_lifestyle,none,garden_view,daytime,3.0,False,none,wide_establishing,view_scenery,
17930076636133379,True,activity,False,none,none,none,night,4.0,True,season_event_announcement,styled_editorial,season_event,
18034637600038533,True,food_drink,False,none,none,no_view,daytime,5.0,False,none,styled_editorial,food_dining,
18134229370487010,True,view_from_window,False,none,none,mountain_view,unknown,4.0,True,season_event_announcement,styled_editorial,season_event,
18121358743725176,True,pool_spa,False,none,none,no_view,daytime,4.0,True,feature_description,wide_establishing,experience_activity,
17909049504379319,True,other,False,none,traditional_japanese,mountain_view,daytime,5.0,True,facility_name_logo,drone_aerial,brand_worldview,
18040525136717039,True,lobby_lounge,True,guest_lifestyle,none,ocean_view,daytime,4.0,False,none,styled_editorial,view_scenery,
18050921381283217,True,food_drink,True,hand_detail,none,no_view,daytime,4.0,False,none,close_up_detail,food_dining,
17965850630766694,True,activity,False,none,none,none,daytime,4.0,True,facility_name_logo,wide_establishing,experience_activity,
18072744857161956,True,lobby_lounge,False,none,none,no_view,unknown,4.0,True,facility_name_logo,styled_editorial,brand_worldview,
18347955055202055,True,restaurant_bar,True,guest_lifestyle,none,no_view,daytime,4.0,False,none,styled_editorial,food_dining,
18079194578135859,True,food_drink,False,none,none,none,unknown,4.0,True,season_event_announcement,close_up_detail,season_event,
17950703204836849,True,room,True,guest_lifestyle,standard,partial_view,daytime,3.0,False,none,documentary_photo,room_showcase,
17898996627072449,True,room,True,couple,suite_highend,no_view,night,4.0,True,feature_description,styled_editorial,experience_activity,
18370832437202244,True,activity,True,family,none,no_view,daytime,1.0,True,season_event_announcement,styled_editorial,experience_activity,
17895632121287743,True,room,True,couple,standard,city_view,daytime,3.0,False,none,styled_editorial,experience_activity,
17990497436771805,True,garden_outdoor_space,False,none,none,garden_view,daytime,4.0,False,facility_name_logo,close_up_detail,brand_worldview,
18113711104690564,True,activity,True,silhouette_distant,glamping_unique,ocean_view,daytime,3.0,True,season_event_announcement,wide_establishing,experience_activity,
17938495179035832,True,activity,False,none,none,other,daytime,3.0,True,season_event_announcement,styled_editorial,season_event,
17844848472566233,True,room,True,guest_lifestyle,standard,no_view,night,3.0,False,none,styled_editorial,room_showcase,
18044127880676255,True,garden_outdoor_space,False,none,traditional_japanese,garden_view,daytime,4.0,False,none,wide_establishing,experience_activity,
18075443648190630,True,restaurant_bar,False,none,none,no_view,night,4.0,True,feature_description,styled_editorial,food_dining,
18253095808233283,True,garden_outdoor_space,True,silhouette_distant,none,garden_view,daytime,3.0,True,facility_name_logo,documentary_photo,season_event,
18352052431139310,True,restaurant_bar,True,guest_lifestyle,none,no_view,unknown,4.0,False,none,wide_establishing,food_dining,
18072378778524643,True,exterior_entrance,True,silhouette_distant,none,ocean_view,daytime,4.0,True,feature_description,drone_aerial,experience_activity,
18042377110946084,True,room,False,none,traditional_japanese,no_view,daytime,4.0,False,none,styled_editorial,room_showcase,
18057053119744504,True,exterior_entrance,False,none,glamping_unique,garden_view,daytime,4.0,True,user_voice_review,wide_establishing,brand_worldview,
18418371466134982,True,food_drink,False,none,none,none,daytime,4.0,True,season_event_announcement,styled_editorial,food_dining,
18188999620366894,True,garden_outdoor_space,False,none,none,mountain_view,daytime,3.0,True,feature_description,wide_establishing,experience_activity,
18080743528913161,True,lobby_lounge,False,none,none,ocean_view,daytime,4.0,False,none,wide_establishing,view_scenery,
17991922310957848,True,restaurant_bar,False,none,none,no_view,night,5.0,False,none,styled_editorial,food_dining,
18160726198420695,True,activity,False,none,none,other,daytime,5.0,True,feature_description,styled_editorial,experience_activity,
18169623820342949,True,activity,False,none,none,other,daytime,3.0,True,feature_description,wide_establishing,experience_activity,
18130878406465771,True,food_drink,False,none,none,no_view,daytime,4.0,False,none,flat_lay,food_dining,
18327182608080507,True,activity,False,none,none,none,night,3.0,True,season_event_announcement,styled_editorial,season_event,
18048274262517850,True,other,False,none,none,no_view,unknown,4.0,True,facility_name_logo,styled_editorial,brand_worldview,
18121780306459083,True,other,False,none,none,none,night,3.0,True,season_event_announcement,other,season_event,
18068823848318668,True,other,False,none,none,partial_view,daytime,1.0,True,season_event_announcement,documentary_photo,other,
18079285418527717,True,garden_outdoor_space,False,none,glamping_unique,partial_view,night,4.0,True,feature_description,styled_editorial,experience_activity,
18050966642303107,True,lobby_lounge,False,none,none,city_view,night,5.0,False,none,wide_establishing,brand_worldview,
18036859115623877,True,food_drink,False,none,none,no_view,daytime,3.0,True,feature_description,close_up_detail,food_dining,
18113037943759000,True,pool_spa,True,guest_lifestyle,none,garden_view,daytime,4.0,False,none,close_up_detail,experience_activity,
18094711873679389,True,pool_spa,False,none,none,no_view,daytime,4.0,True,facility_name_logo,styled_editorial,experience_activity,
18035737970496271,True,food_drink,True,hand_detail,none,none,daytime,4.0,False,none,close_up_detail,food_dining,
18079847465130687,True,pool_spa,False,none,none,no_view,daytime,4.0,False,none,styled_editorial,experience_activity,
18136141726514543,True,pool_spa,False,none,none,partial_view,daytime,4.0,True,feature_description,styled_editorial,experience_activity,
17866204560609124,True,amenity_detail,False,none,none,no_view,daytime,4.0,False,none,close_up_detail,brand_worldview,
17886275481089089,True,activity,True,other,none,other,golden_hour_sunset,4.0,True,season_event_announcement,styled_editorial,season_event,
18356885071189626,True,room,False,none,suite_highend,no_view,unknown,5.0,False,none,wide_establishing,room_showcase,
18103985833763297,True,food_drink,True,hand_detail,none,none,night,5.0,False,none,styled_editorial,food_dining,
17877039699435634,True,room,False,none,traditional_japanese,garden_view,daytime,3.0,True,feature_description,styled_editorial,room_showcase,
17954863307987231,True,food_drink,False,none,none,no_view,daytime,5.0,False,none,styled_editorial,food_dining,
17901145875176700,True,room,False,none,suite_highend,city_view,golden_hour_sunset,5.0,False,none,styled_editorial,room_showcase,
18078302407605126,True,restaurant_bar,False,none,none,no_view,night,4.0,True,feature_description,styled_editorial,experience_activity,
18100926530063943,True,view_from_window,True,guest_lifestyle,none,city_view,night,4.0,False,none,styled_editorial,view_scenery,
18074602030894115,True,activity,False,none,glamping_unique,no_view,daytime,4.0,True,feature_description,close_up_detail,experience_activity,
18461260075038276,True,room,False,none,standard,no_view,daytime,3.0,False,none,styled_editorial,room_showcase,
18060034040425048,True,restaurant_bar,True,staff,none,no_view,unknown,4.0,True,feature_description,styled_editorial,brand_worldview,
18055476086469815,True,room,False,none,suite_highend,no_view,night,5.0,True,feature_description,styled_editorial,room_showcase,
17930264019026556,True,room,False,none,suite_highend,no_view,unknown,4.0,True,feature_description,styled_editorial,room_showcase,
18044349221391923,True,restaurant_bar,False,none,none,no_view,daytime,5.0,True,feature_description,styled_editorial,food_dining,
18116608426590948,True,garden_outdoor_space,True,guest_lifestyle,none,garden_view,daytime,4.0,False,none,wide_establishing,experience_activity,
17894469627143053,True,exterior_entrance,False,none,none,city_view,golden_hour_sunset,4.0,True,ranking_award,drone_aerial,brand_worldview,
18075614492194744,True,food_drink,False,none,none,no_view,daytime,4.0,True,facility_name_logo,styled_editorial,food_dining,
18083205278359877,True,food_drink,False,none,none,none,daytime,4.0,False,none,flat_lay,food_dining,
18086368526021665,True,view_from_window,False,none,suite_highend,city_view,daytime,5.0,False,none,styled_editorial,view_scenery,
17878123329440123,True,lobby_lounge,True,silhouette_distant,none,no_view,daytime,5.0,True,facility_name_logo,wide_establishing,brand_worldview,
18081539713857609,True,food_drink,False,none,none,no_view,daytime,5.0,True,season_event_announcement,styled_editorial,season_event,
18044383072971331,True,activity,True,hand_detail,none,no_view,unknown,3.0,True,other,close_up_detail,experience_activity,
17976360002807283,True,garden_outdoor_space,True,silhouette_distant,none,ocean_view,daytime,4.0,False,none,wide_establishing,view_scenery,
18290330035249781,True,other,False,none,none,no_view,daytime,3.0,True,feature_description,documentary_photo,experience_activity,
18338769703175722,True,pool_spa,False,none,none,ocean_view,daytime,4.0,True,feature_description,styled_editorial,experience_activity,
17869438353495150,True,room,False,none,traditional_japanese,other,night,4.0,True,feature_description,styled_editorial,room_showcase,
18058712095794103,True,food_drink,False,none,none,none,daytime,5.0,False,none,styled_editorial,food_dining,
18221617972312388,True,garden_outdoor_space,False,none,none,garden_view,daytime,4.0,False,none,wide_establishing,season_event,
18042435062058808,True,food_drink,False,none,none,none,daytime,4.0,False,none,flat_lay,food_dining,
18002688053591241,True,lobby_lounge,False,none,none,no_view,unknown,4.0,False,none,styled_editorial,brand_worldview,
18033500270287100,True,restaurant_bar,True,guest_lifestyle,none,city_view,daytime,4.0,False,none,styled_editorial,food_dining,
17857101486632432,True,activity,False,none,none,none,unknown,3.0,True,season_event_announcement,other,season_event,
18067886707713240,True,exterior_entrance,False,none,none,garden_view,daytime,4.0,False,none,styled_editorial,brand_worldview,
18117078595654894,True,lobby_lounge,True,guest_lifestyle,none,no_view,night,3.0,False,none,documentary_photo,experience_activity,
18081123202778609,True,food_drink,False,none,none,no_view,night,5.0,True,season_event_announcement,close_up_detail,food_dining,
17942002557006900,True,bathroom,False,none,suite_highend,no_view,unknown,4.0,True,feature_description,documentary_photo,experience_activity,
18085431506141580,True,other,False,none,none,none,unknown,3.0,True,season_event_announcement,other,season_event,
18083727193691847,True,other,True,guest_lifestyle,none,none,daytime,3.0,True,other,documentary_photo,experience_activity,
17926978179256358,True,exterior_entrance,False,none,none,mountain_view,daytime,5.0,True,facility_name_logo,styled_editorial,brand_worldview,
17911279109990265,True,restaurant_bar,False,none,none,city_view,daytime,4.0,True,facility_name_logo,styled_editorial,food_dining,
18070562692704366,True,restaurant_bar,False,none,none,garden_view,daytime,5.0,False,none,styled_editorial,food_dining,
18117197233673598,True,room,False,none,other,no_view,unknown,3.0,False,none,styled_editorial,room_showcase,
18039483890645771,True,room,False,none,suite_highend,partial_view,daytime,5.0,True,feature_description,wide_establishing,room_showcase,
17865958035432717,True,lobby_lounge,False,none,none,no_view,night,5.0,False,none,styled_editorial,brand_worldview,
18076587206451143,True,food_drink,False,none,none,none,unknown,4.0,False,none,close_up_detail,food_dining,
18076265315548709,True,room,False,none,suite_highend,partial_view,daytime,5.0,False,none,styled_editorial,room_showcase,
17881813761398820,True,food_drink,True,hand_detail,none,partial_view,daytime,3.0,True,feature_description,styled_editorial,food_dining,
18083219125877907,True,garden_outdoor_space,False,none,none,garden_view,daytime,3.0,False,none,close_up_detail,view_scenery,
18105279151676824,True,room,False,none,suite_highend,garden_view,night,5.0,False,none,styled_editorial,room_showcase,
18323126845127765,True,activity,True,family,none,garden_view,daytime,4.0,False,none,styled_editorial,experience_activity,
18089554403501082,True,room,False,none,standard,ocean_view,daytime,3.0,False,none,wide_establishing,room_showcase,
17918956790825788,True,food_drink,False,none,none,no_view,daytime,4.0,False,none,flat_lay,food_dining,
18068351452948521,True,food_drink,False,none,none,no_view,unknown,4.0,True,season_event_announcement,styled_editorial,season_event,
18039682628341441,True,food_drink,False,none,none,none,unknown,4.0,True,feature_description,styled_editorial,food_dining,
18115348555767435,True,restaurant_bar,False,none,none,none,daytime,4.0,True,feature_description,styled_editorial,food_dining,
18057035666681266,True,restaurant_bar,True,staff,none,city_view,golden_hour_sunset,4.0,False,none,styled_editorial,food_dining,
18137149864502344,True,garden_outdoor_space,False,none,none,garden_view,daytime,4.0,False,none,close_up_detail,view_scenery,
18081812348201657,True,exterior_entrance,False,none,glamping_unique,no_view,golden_hour_sunset,4.0,True,access_location_info,wide_establishing,other,
18098050447418090,True,other,False,none,none,ocean_view,daytime,4.0,True,price_plan_info,drone_aerial,price_plan_announcement,
18119915404531628,True,lobby_lounge,False,none,none,no_view,unknown,5.0,False,none,styled_editorial,brand_worldview,
18005891063741985,True,exterior_entrance,False,none,none,garden_view,daytime,4.0,False,none,styled_editorial,brand_worldview,
17864890941548963,True,amenity_detail,False,none,none,no_view,daytime,3.0,False,none,close_up_detail,brand_worldview,
18078031820383262,True,exterior_entrance,True,silhouette_distant,none,no_view,daytime,2.0,True,season_event_announcement,documentary_photo,season_event,
18007051676468860,True,food_drink,False,none,none,no_view,daytime,3.0,True,season_event_announcement,close_up_detail,season_event,
18454563454070394,True,pool_spa,False,none,none,garden_view,night,4.0,True,facility_name_logo,styled_editorial,experience_activity,
17876992230426273,True,pool_spa,False,none,none,garden_view,daytime,4.0,True,season_event_announcement,styled_editorial,season_event,
17932776669152736,True,exterior_entrance,False,none,none,city_view,daytime,4.0,True,facility_name_logo,wide_establishing,brand_worldview,
18330773275081209,True,pool_spa,True,silhouette_distant,none,none,daytime,3.0,False,none,close_up_detail,experience_activity,
17844182637530464,True,lobby_lounge,True,guest_lifestyle,none,ocean_view,daytime,4.0,True,feature_description,styled_editorial,view_scenery,
18021119294459782,True,pool_spa,False,none,none,garden_view,daytime,5.0,True,feature_description,styled_editorial,experience_activity,
18074265584414647,True,restaurant_bar,True,guest_lifestyle,none,garden_view,daytime,4.0,True,feature_description,styled_editorial,experience_activity,
18130732318461438,True,lobby_lounge,True,couple,none,no_view,night,4.0,True,feature_description,styled_editorial,brand_worldview,
18263308054252257,True,room,False,none,standard,ocean_view,daytime,4.0,False,none,styled_editorial,room_showcase,
17902311512995257,True,pool_spa,False,none,none,mountain_view,daytime,4.0,False,none,wide_establishing,experience_activity,
18115055476413196,True,food_drink,False,none,none,no_view,unknown,5.0,False,none,styled_editorial,food_dining,
17914659666071007,True,view_from_window,False,none,none,ocean_view,daytime,3.0,True,season_event_announcement,documentary_photo,season_event,
18040675124592639,True,food_drink,False,none,none,no_view,daytime,4.0,False,none,styled_editorial,food_dining,
18266218324253641,True,pool_spa,False,none,traditional_japanese,garden_view,daytime,4.0,False,none,styled_editorial,experience_activity,
18133187749555273,True,food_drink,False,none,none,no_view,daytime,4.0,False,none,flat_lay,food_dining,
18064036154348253,True,garden_outdoor_space,True,couple,none,garden_view,golden_hour_sunset,5.0,False,none,styled_editorial,brand_worldview,
18058053409813575,True,food_drink,False,none,none,no_view,night,5.0,False,none,styled_editorial,season_event,
17907417330223407,True,room,True,couple,other,no_view,night,4.0,False,none,styled_editorial,room_showcase,
18099042982704575,True,food_drink,False,none,none,no_view,daytime,3.0,False,none,close_up_detail,food_dining,
18353648194135884,True,lobby_lounge,False,none,none,no_view,night,5.0,False,none,wide_establishing,brand_worldview,
18100969228448645,True,room,False,none,standard,ocean_view,daytime,4.0,True,season_event_announcement,styled_editorial,season_event,
18094896761020313,True,restaurant_bar,False,none,none,other,daytime,4.0,True,facility_name_logo,styled_editorial,food_dining,
17917414743351506,True,pool_spa,False,none,villa_private,ocean_view,daytime,5.0,False,none,styled_editorial,experience_activity,
18065605780807929,True,other,True,silhouette_distant,none,none,unknown,1.0,True,access_location_info,other,brand_worldview,
18029747762709387,True,activity,True,hand_detail,none,no_view,unknown,3.0,True,feature_description,other,experience_activity,
17949608885984276,True,restaurant_bar,False,none,none,no_view,night,5.0,False,none,styled_editorial,brand_worldview,
18029362826078070,True,activity,False,none,none,no_view,daytime,2.0,False,none,close_up_detail,experience_activity,
18178796032374834,True,restaurant_bar,True,family,none,no_view,daytime,4.0,True,feature_description,styled_editorial,experience_activity,
18100326142940875,True,activity,True,guest_lifestyle,none,none,daytime,2.0,False,none,documentary_photo,experience_activity,
17863345263220855,True,view_from_window,False,none,traditional_japanese,garden_view,daytime,5.0,True,other,styled_editorial,experience_activity,
17842271634621159,True,view_from_window,True,silhouette_distant,standard,city_view,daytime,3.0,False,none,styled_editorial,view_scenery,
17889601011244695,True,food_drink,False,none,none,none,daytime,4.0,False,none,flat_lay,food_dining,
18091825945893040,True,food_drink,False,none,none,none,unknown,5.0,False,none,styled_editorial,food_dining,
17861492283378295,True,room,True,guest_lifestyle,standard,no_view,unknown,3.0,False,none,styled_editorial,room_showcase,
18074246743618145,True,food_drink,False,none,none,none,daytime,4.0,False,none,flat_lay,food_dining,
18178383769385438,True,restaurant_bar,False,none,none,city_view,daytime,4.0,True,other,styled_editorial,brand_worldview,
18275353018220753,True,room,False,none,suite_highend,city_view,daytime,5.0,True,price_plan_info,styled_editorial,price_plan_announcement,
18487312141040289,True,food_drink,False,none,none,no_view,daytime,4.0,False,none,close_up_detail,food_dining,
18111792148603138,True,pool_spa,False,none,none,no_view,unknown,4.0,True,feature_description,styled_editorial,experience_activity,
17880432051418589,True,room,False,none,standard,no_view,night,4.0,False,none,styled_editorial,room_showcase,
18042153776757825,True,food_drink,False,none,none,no_view,daytime,3.0,True,season_event_announcement,close_up_detail,season_event,
18094369339894009,True,room,False,none,traditional_japanese,garden_view,daytime,5.0,True,facility_name_logo,styled_editorial,room_showcase,
18108696409672139,True,restaurant_bar,False,none,none,no_view,night,4.0,True,price_plan_info,styled_editorial,food_dining,
17992291169460580,True,food_drink,False,none,none,no_view,daytime,4.0,True,facility_name_logo,styled_editorial,food_dining,
18185334538347126,True,restaurant_bar,False,none,none,no_view,daytime,5.0,False,none,styled_editorial,food_dining,
17901389790196836,True,room,False,none,suite_highend,no_view,daytime,5.0,True,feature_description,styled_editorial,room_showcase,
18009426407352160,True,bathroom,False,none,standard,no_view,unknown,3.0,False,none,documentary_photo,room_showcase,
18038422174728512,True,bathroom,False,none,none,no_view,unknown,3.0,False,none,documentary_photo,room_showcase,
18068777513313228,True,activity,False,none,none,ocean_view,daytime,4.0,True,access_location_info,drone_aerial,experience_activity,
17871282189252668,True,lobby_lounge,False,none,none,no_view,night,5.0,False,none,styled_editorial,brand_worldview,
18159952390448985,True,food_drink,False,none,none,no_view,night,5.0,False,none,styled_editorial,food_dining,
18090943172185275,True,room,False,none,villa_private,garden_view,daytime,4.0,False,none,styled_editorial,room_showcase,
18062537890843759,True,pool_spa,False,none,none,garden_view,daytime,4.0,True,season_event_announcement,styled_editorial,season_event,
18114747355628672,True,other,False,none,none,none,unknown,3.0,True,access_location_info,other,brand_worldview,
18194047885352545,True,room,False,none,traditional_japanese,no_view,daytime,3.0,True,season_event_announcement,documentary_photo,season_event,
18072187273948614,True,exterior_entrance,False,none,traditional_japanese,garden_view,daytime,3.0,False,none,close_up_detail,brand_worldview,
18072730303601863,True,exterior_entrance,False,none,none,no_view,daytime,3.0,True,facility_name_logo,wide_establishing,brand_worldview,
17990667545683337,True,room,False,none,traditional_japanese,city_view,night,4.0,True,feature_description,styled_editorial,room_showcase,
18085477024929721,True,pool_spa,True,guest_lifestyle,none,ocean_view,daytime,4.0,True,feature_description,styled_editorial,experience_activity,
18004404980767331,True,room,False,none,suite_highend,ocean_view,daytime,5.0,False,none,styled_editorial,room_showcase,
17920985175125772,True,room,False,none,suite_highend,partial_view,daytime,4.0,False,none,styled_editorial,room_showcase,
18075707218500341,True,room,False,none,other,no_view,unknown,3.0,True,feature_description,close_up_detail,room_showcase,
17974496579742645,True,activity,False,none,none,mountain_view,daytime,4.0,True,price_plan_info,styled_editorial,price_plan_announcement,
17847624306663476,True,food_drink,False,none,none,no_view,unknown,4.0,False,none,styled_editorial,food_dining,
18056750083731185,True,pool_spa,False,none,none,ocean_view,daytime,4.0,False,none,wide_establishing,experience_activity,
18289198711094320,True,activity,True,couple,glamping_unique,other,daytime,4.0,True,feature_description,styled_editorial,experience_activity,
18111434668676511,True,restaurant_bar,True,staff,none,no_view,daytime,4.0,True,feature_description,styled_editorial,food_dining,
18053046008342457,True,exterior_entrance,False,none,none,no_view,daytime,4.0,True,feature_description,documentary_photo,brand_worldview,
18463619407042281,True,garden_outdoor_space,False,none,none,mountain_view,daytime,4.0,False,none,wide_establishing,view_scenery,
18031246838337316,True,room,False,none,standard,no_view,daytime,3.0,True,feature_description,wide_establishing,room_showcase,
17998817363736424,True,pool_spa,True,guest_lifestyle,none,none,daytime,5.0,True,facility_name_logo,wide_establishing,experience_activity,
18445309333112861,True,lobby_lounge,True,silhouette_distant,none,no_view,daytime,3.0,True,feature_description,documentary_photo,experience_activity,
18050064782170372,True,food_drink,True,hand_detail,none,none,unknown,4.0,True,feature_description,close_up_detail,food_dining,
17956125281815628,True,activity,False,none,none,city_view,daytime,3.0,True,facility_name_logo,documentary_photo,experience_activity,
18032025416401470,True,lobby_lounge,True,couple,none,no_view,daytime,4.0,False,none,styled_editorial,food_dining,
18286864825262964,True,food_drink,False,none,none,no_view,unknown,4.0,True,season_event_announcement,close_up_detail,season_event,
18025995224605400,True,garden_outdoor_space,False,none,none,garden_view,daytime,4.0,True,season_event_announcement,styled_editorial,season_event,
17868414936399306,True,lobby_lounge,False,none,none,no_view,daytime,5.0,False,none,styled_editorial,food_dining,
18281717458256148,True,activity,True,guest_lifestyle,none,ocean_view,daytime,4.0,True,other,drone_aerial,brand_worldview,
17981530895779794,True,restaurant_bar,False,none,none,city_view,night,5.0,False,none,styled_editorial,food_dining,
18017991617322820,True,garden_outdoor_space,True,guest_lifestyle,none,mountain_view,daytime,4.0,False,none,drone_aerial,brand_worldview,
18093009323276360,True,view_from_window,False,none,villa_private,mountain_view,daytime,4.0,False,none,drone_aerial,view_scenery,
18447012721057878,True,food_drink,False,none,none,no_view,daytime,4.0,True,season_event_announcement,styled_editorial,food_dining,
18072214501789482,True,lobby_lounge,False,none,none,no_view,unknown,4.0,True,feature_description,wide_establishing,brand_worldview,
18025775357363986,True,activity,False,none,none,none,unknown,3.0,False,none,close_up_detail,experience_activity,
18002886311647165,True,food_drink,False,none,none,none,unknown,4.0,False,none,close_up_detail,food_dining,
18311591092222013,True,lobby_lounge,False,none,none,ocean_view,daytime,4.0,False,none,styled_editorial,view_scenery,
18099205742493472,True,food_drink,False,none,none,none,daytime,3.0,False,none,close_up_detail,food_dining,
18077639846102317,True,view_from_window,False,none,none,city_view,daytime,5.0,True,ranking_award,wide_establishing,view_scenery,
17987004896648974,True,restaurant_bar,True,silhouette_distant,none,no_view,daytime,4.0,True,ranking_award,close_up_detail,food_dining,
18018577859512891,True,garden_outdoor_space,True,silhouette_distant,none,mountain_view,daytime,4.0,False,none,wide_establishing,experience_activity,
18099660764073711,True,activity,True,guest_lifestyle,glamping_unique,garden_view,golden_hour_sunset,4.0,False,none,documentary_photo,experience_activity,
18039777302361197,True,garden_outdoor_space,True,silhouette_distant,none,ocean_view,golden_hour_sunset,5.0,False,none,styled_editorial,view_scenery,
18369465205193949,True,food_drink,False,none,none,no_view,daytime,5.0,True,feature_description,styled_editorial,food_dining,
18143735464497979,True,room,True,couple,suite_highend,city_view,daytime,5.0,False,none,styled_editorial,experience_activity,
17855858622482667,True,food_drink,False,none,none,no_view,daytime,4.0,False,none,styled_editorial,season_event,
18073416932260302,True,activity,True,silhouette_distant,none,city_view,daytime,4.0,False,none,wide_establishing,experience_activity,
18100561567816339,True,activity,True,guest_lifestyle,none,no_view,night,4.0,False,none,close_up_detail,experience_activity,
18042580403065764,True,food_drink,False,none,none,no_view,unknown,5.0,False,none,flat_lay,food_dining,
18050241106733896,True,exterior_entrance,True,silhouette_distant,none,city_view,daytime,4.0,False,none,wide_establishing,brand_worldview,
18077476661153868,True,view_from_window,True,guest_lifestyle,none,city_view,golden_hour_sunset,4.0,False,none,styled_editorial,experience_activity,
17989919090549091,True,other,True,silhouette_distant,none,ocean_view,daytime,4.0,True,feature_description,wide_establishing,view_scenery,
17883480600541335,True,garden_outdoor_space,False,none,traditional_japanese,garden_view,daytime,4.0,False,none,documentary_photo,view_scenery,
18146852107470563,True,food_drink,False,none,none,none,daytime,5.0,True,facility_name_logo,close_up_detail,food_dining,
18024294719381911,True,pool_spa,False,none,none,mountain_view,daytime,4.0,False,none,wide_establishing,view_scenery,
18072114805488773,True,restaurant_bar,False,none,none,no_view,daytime,4.0,False,none,wide_establishing,food_dining,
18066179842920117,True,exterior_entrance,False,none,none,mountain_view,night,4.0,True,season_event_announcement,wide_establishing,season_event,
18406373221145872,True,food_drink,False,none,none,none,daytime,4.0,False,none,styled_editorial,food_dining,
18038940260470831,True,garden_outdoor_space,True,silhouette_distant,none,mountain_view,daytime,4.0,True,facility_name_logo,wide_establishing,brand_worldview,
18128908912575017,True,room,True,guest_lifestyle,traditional_japanese,partial_view,daytime,5.0,False,none,styled_editorial,room_showcase,
18051658841058988,True,other,True,silhouette_distant,none,city_view,night,3.0,True,feature_description,wide_establishing,experience_activity,
17892420201332290,True,bathroom,False,none,none,no_view,unknown,3.0,True,feature_description,close_up_detail,experience_activity,
18445304059114573,True,view_scenery,True,silhouette_distant,none,garden_view,daytime,4.0,True,feature_description,wide_establishing,experience_activity,
18074248642477876,True,exterior_entrance,True,silhouette_distant,none,none,daytime,4.0,False,none,wide_establishing,brand_worldview,
18033439316114362,True,room,False,none,standard,partial_view,daytime,4.0,False,none,styled_editorial,room_showcase,
18075880061084047,True,restaurant_bar,True,guest_lifestyle,none,garden_view,daytime,4.0,True,season_event_announcement,styled_editorial,season_event,
18036748607079694,True,garden_outdoor_space,False,none,none,garden_view,daytime,3.0,True,season_event_announcement,documentary_photo,brand_worldview,
17959422138024546,True,exterior_entrance,False,none,none,none,night,4.0,True,price_plan_info,wide_establishing,price_plan_announcement,
17974407554825373,True,food_drink,True,hand_detail,none,no_view,night,5.0,True,season_event_announcement,close_up_detail,food_dining,
17997514028583965,True,activity,True,hand_detail,none,no_view,daytime,3.0,True,access_location_info,close_up_detail,experience_activity,
18065920316150620,True,restaurant_bar,False,none,none,no_view,unknown,5.0,True,facility_name_logo,styled_editorial,food_dining,
18462407230015017,True,food_drink,False,none,none,none,daytime,3.0,False,none,styled_editorial,food_dining,
17880667659213546,True,pool_spa,False,none,none,none,daytime,4.0,False,none,documentary_photo,experience_activity,
18167085430415001,True,garden_outdoor_space,False,none,none,garden_view,night,5.0,False,none,styled_editorial,season_event,
18450856348064545,True,room,False,none,other,no_view,daytime,4.0,True,feature_description,styled_editorial,room_showcase,
18107534347658431,True,food_drink,True,hand_detail,none,no_view,daytime,3.0,False,none,close_up_detail,food_dining,
18055771556331866,True,pool_spa,False,none,none,garden_view,daytime,4.0,True,feature_description,styled_editorial,experience_activity,
18077013656404745,True,garden_outdoor_space,False,none,traditional_japanese,garden_view,daytime,5.0,True,feature_description,wide_establishing,experience_activity,
18060582307568844,True,garden_outdoor_space,False,none,none,city_view,golden_hour_sunset,5.0,False,none,styled_editorial,view_scenery,
18067560943668389,True,restaurant_bar,False,none,none,garden_view,daytime,5.0,True,other,wide_establishing,food_dining,
18049125011613533,True,other,True,other,none,ocean_view,daytime,3.0,True,feature_description,other,experience_activity,
18435018103021349,True,pool_spa,False,none,none,no_view,unknown,4.0,True,feature_description,close_up_detail,experience_activity,
18045806740828577,True,pool_spa,False,none,none,none,daytime,4.0,False,none,wide_establishing,brand_worldview,
18054449984526069,True,room,False,none,traditional_japanese,ocean_view,daytime,5.0,False,none,styled_editorial,room_showcase,
18099510334975934,True,exterior_entrance,False,none,none,no_view,night,4.0,True,access_location_info,styled_editorial,brand_worldview,
17946187221040839,True,restaurant_bar,True,family,none,no_view,night,4.0,False,none,styled_editorial,food_dining,
18009490604541532,True,amenity_detail,False,none,none,no_view,unknown,3.0,True,ranking_award,styled_editorial,brand_worldview,
17933548560117829,True,exterior_entrance,False,none,none,none,golden_hour_sunset,4.0,True,facility_name_logo,wide_establishing,brand_worldview,
18007803389812734,True,restaurant_bar,True,staff,none,no_view,night,4.0,False,none,styled_editorial,food_dining,
18023104643606110,True,room,True,family,standard,no_view,daytime,3.0,True,feature_description,styled_editorial,room_showcase,
18005640794888264,True,food_drink,False,none,none,none,unknown,4.0,True,price_plan_info,close_up_detail,food_dining,
17845406388569742,True,amenity_detail,False,none,none,no_view,daytime,4.0,False,none,close_up_detail,brand_worldview,
18063650921162070,True,room,True,guest_lifestyle,suite_highend,city_view,night,4.0,True,season_event_announcement,styled_editorial,season_event,
18035780425956576,True,restaurant_bar,True,family,traditional_japanese,no_view,unknown,4.0,False,none,styled_editorial,food_dining,
18272407609236537,True,restaurant_bar,True,guest_lifestyle,none,no_view,night,3.0,True,feature_description,styled_editorial,experience_activity,
18338585143214068,True,food_drink,False,none,none,no_view,night,5.0,False,none,styled_editorial,food_dining,
18131088850456257,True,food_drink,False,none,none,none,unknown,4.0,True,season_event_announcement,styled_editorial,food_dining,
18166005118427067,True,food_drink,True,hand_detail,none,none,daytime,2.0,False,none,close_up_detail,food_dining,
18054396572129062,True,garden_outdoor_space,False,none,none,garden_view,daytime,4.0,False,none,wide_establishing,view_scenery,
18057664340135069,True,room,False,none,suite_highend,no_view,night,4.0,True,feature_description,styled_editorial,experience_activity,
17922720048010052,True,restaurant_bar,True,guest_lifestyle,none,partial_view,daytime,4.0,False,none,documentary_photo,food_dining,
18100696307400533,True,exterior_entrance,False,none,none,ocean_view,daytime,4.0,True,access_location_info,drone_aerial,view_scenery,
17855999088619231,True,other,False,none,none,city_view,night,3.0,True,season_event_announcement,other,season_event,
18131579095562804,True,restaurant_bar,False,none,none,garden_view,daytime,5.0,True,season_event_announcement,styled_editorial,food_dining,
18008297273644283,True,exterior_entrance,False,none,none,city_view,daytime,3.0,True,facility_name_logo,wide_establishing,brand_worldview,
18046334723744948,True,garden_outdoor_space,True,family,none,garden_view,daytime,3.0,True,season_event_announcement,documentary_photo,experience_activity,
18117799660436676,True,pool_spa,False,none,none,garden_view,daytime,3.0,False,none,wide_establishing,experience_activity,
18197478967356809,True,room,False,none,traditional_japanese,ocean_view,golden_hour_sunset,4.0,False,none,wide_establishing,room_showcase,
17977100231863987,True,pool_spa,False,none,none,garden_view,daytime,4.0,True,feature_description,styled_editorial,experience_activity,
18060487973187349,True,food_drink,False,none,none,no_view,daytime,3.0,False,none,flat_lay,food_dining,
17859090507144488,True,amenity_detail,False,none,traditional_japanese,no_view,daytime,3.0,False,none,flat_lay,room_showcase,
18033148856535942,True,exterior_entrance,False,none,none,ocean_view,daytime,4.0,True,price_plan_info,wide_establishing,price_plan_announcement,
18033302849372541,True,other,True,guest_lifestyle,none,mountain_view,daytime,4.0,True,feature_description,styled_editorial,experience_activity,
18046111430181498,True,pool_spa,False,none,none,no_view,daytime,4.0,True,facility_name_logo,styled_editorial,experience_activity,
18085777552705941,True,activity,False,none,none,none,daytime,2.0,False,none,styled_editorial,experience_activity,
18101767741986863,True,activity,True,guest_lifestyle,none,none,daytime,4.0,False,none,documentary_photo,experience_activity,
18382333813141124,True,lobby_lounge,True,guest_lifestyle,none,other,daytime,4.0,False,none,styled_editorial,experience_activity,
18101215574067059,True,room,False,none,suite_highend,garden_view,daytime,5.0,False,none,styled_editorial,room_showcase,
17877974466283406,True,exterior_entrance,False,none,villa_private,partial_view,daytime,5.0,True,facility_name_logo,close_up_detail,room_showcase,
17977585799753436,True,garden_outdoor_space,True,family,none,ocean_view,golden_hour_sunset,3.0,True,season_event_announcement,other,season_event,
18118343542457728,True,food_drink,False,none,none,no_view,daytime,5.0,False,none,styled_editorial,food_dining,
17961892109892066,True,exterior_entrance,False,none,none,none,night,5.0,False,none,styled_editorial,brand_worldview,
18039990041215413,True,food_drink,False,none,none,no_view,daytime,4.0,True,feature_description,close_up_detail,food_dining,
17890651755298920,True,pool_spa,False,none,none,city_view,golden_hour_sunset,5.0,False,none,styled_editorial,experience_activity,
17929977092906366,True,pool_spa,False,none,none,partial_view,daytime,3.0,True,feature_description,wide_establishing,experience_activity,
17979377477847445,True,amenity_detail,False,none,none,no_view,daytime,4.0,False,none,styled_editorial,brand_worldview,
18057517843626523,True,amenity_detail,False,none,none,none,daytime,2.0,False,none,close_up_detail,brand_worldview,
18063561098355651,True,lobby_lounge,False,none,none,city_view,daytime,4.0,False,none,documentary_photo,brand_worldview,
18064916048053132,True,lobby_lounge,False,none,none,no_view,unknown,4.0,False,none,styled_editorial,brand_worldview,
18106147810903973,True,garden_outdoor_space,True,family,glamping_unique,garden_view,daytime,4.0,False,none,wide_establishing,experience_activity,
18052242884127711,True,exterior_entrance,False,none,none,no_view,night,4.0,True,season_event_announcement,wide_establishing,brand_worldview,
17958800786865829,True,food_drink,True,hand_detail,none,no_view,daytime,4.0,False,none,styled_editorial,food_dining,
18096572687317794,True,pool_spa,False,none,none,mountain_view,daytime,4.0,True,facility_name_logo,wide_establishing,experience_activity,
17904127317036251,True,room,False,none,standard,city_view,daytime,3.0,False,none,styled_editorial,room_showcase,
18088970347557566,True,exterior_entrance,False,none,none,ocean_view,daytime,4.0,False,none,drone_aerial,view_scenery,
17993155004728597,True,food_drink,True,hand_detail,none,no_view,night,4.0,True,season_event_announcement,styled_editorial,season_event,
18138708655460329,True,restaurant_bar,False,none,none,city_view,daytime,5.0,True,season_event_announcement,styled_editorial,season_event,
18355184389232491,True,food_drink,False,none,none,none,daytime,4.0,True,season_event_announcement,styled_editorial,food_dining,
18076993691265937,True,pool_spa,False,none,none,no_view,night,4.0,True,feature_description,styled_editorial,experience_activity,
17871689787358092,True,lobby_lounge,True,staff,none,no_view,daytime,4.0,True,feature_description,styled_editorial,brand_worldview,
18040428680685380,True,bathroom,False,none,suite_highend,no_view,night,5.0,True,other,styled_editorial,room_showcase,
18064451933668707,True,food_drink,False,none,none,no_view,daytime,5.0,True,facility_name_logo,styled_editorial,food_dining,
18053333372276930,True,room,False,none,traditional_japanese,mountain_view,daytime,3.0,False,none,wide_establishing,room_showcase,
18287716735251762,True,activity,True,hand_detail,none,no_view,daytime,3.0,False,none,close_up_detail,experience_activity,
18129102076564222,True,activity,True,guest_lifestyle,none,no_view,daytime,2.0,True,season_event_announcement,styled_editorial,season_event,
18013431968074203,True,food_drink,True,hand_detail,none,none,daytime,4.0,False,none,close_up_detail,food_dining,
18062007062127813,True,room,True,guest_lifestyle,standard,partial_view,daytime,3.0,False,none,styled_editorial,room_showcase,
18486378700025409,True,exterior_entrance,False,none,traditional_japanese,no_view,daytime,4.0,True,facility_name_logo,close_up_detail,brand_worldview,
18079161839075874,True,garden_outdoor_space,False,none,none,ocean_view,daytime,4.0,False,none,styled_editorial,brand_worldview,
17952872171850605,True,food_drink,True,hand_detail,none,city_view,daytime,5.0,False,none,styled_editorial,food_dining,
18468567058046473,True,view_from_window,True,silhouette_distant,other,mountain_view,daytime,4.0,False,none,styled_editorial,view_scenery,
18056026718442161,True,food_drink,False,none,none,no_view,daytime,5.0,False,none,styled_editorial,food_dining,
18068262193717395,True,room,False,none,traditional_japanese,city_view,daytime,5.0,False,none,styled_editorial,room_showcase,
18058741265474966,True,activity,True,guest_lifestyle,none,no_view,night,4.0,True,price_plan_info,styled_editorial,experience_activity,
18119238616472720,True,exterior_entrance,False,none,none,none,daytime,4.0,False,none,wide_establishing,brand_worldview,
17893087482265396,True,food_drink,False,none,none,city_view,daytime,5.0,False,none,styled_editorial,food_dining,
18093159031748035,True,other,False,none,traditional_japanese,ocean_view,golden_hour_sunset,4.0,True,feature_description,styled_editorial,brand_worldview,
17969974596037971,True,pool_spa,False,none,none,mountain_view,golden_hour_sunset,4.0,True,feature_description,styled_editorial,experience_activity,
18115404700606467,True,activity,False,none,none,ocean_view,daytime,3.0,True,feature_description,wide_establishing,experience_activity,
18006189473589745,True,restaurant_bar,True,hand_detail,none,no_view,unknown,4.0,True,feature_description,close_up_detail,food_dining,
18089098103118084,True,activity,True,hand_detail,none,none,daytime,3.0,True,price_plan_info,close_up_detail,experience_activity,
18088658068467462,True,view_from_window,False,none,none,city_view,golden_hour_sunset,4.0,True,facility_name_logo,drone_aerial,brand_worldview,
18099015802812756,True,food_drink,False,none,none,no_view,daytime,4.0,False,none,styled_editorial,food_dining,
18318542419286391,True,food_drink,False,none,none,none,unknown,4.0,False,none,close_up_detail,food_dining,
18485327629009822,True,pool_spa,True,silhouette_distant,none,ocean_view,daytime,5.0,False,none,drone_aerial,view_scenery,
18293950228269059,True,food_drink,False,none,none,none,unknown,4.0,True,season_event_announcement,styled_editorial,season_event,
17965974831058518,True,activity,False,none,none,mountain_view,daytime,3.0,True,feature_description,documentary_photo,experience_activity,
18052734488507853,True,garden_outdoor_space,True,silhouette_distant,none,garden_view,daytime,3.0,False,none,wide_establishing,view_scenery,
18588325984003024,True,restaurant_bar,False,none,none,none,daytime,4.0,True,season_event_announcement,styled_editorial,season_event,
17938412618942913,True,food_drink,False,none,none,no_view,night,5.0,False,none,close_up_detail,food_dining,
17870120436085958,True,pool_spa,False,none,none,garden_view,daytime,4.0,False,none,styled_editorial,experience_activity,
17895493749474727,True,pool_spa,True,guest_lifestyle,none,partial_view,daytime,4.0,False,none,close_up_detail,experience_activity,
18087890843339797,True,exterior_entrance,True,guest_lifestyle,none,partial_view,daytime,1.0,True,facility_name_logo,documentary_photo,experience_activity,
18353692351178836,True,food_drink,True,hand_detail,none,no_view,unknown,2.0,True,feature_description,close_up_detail,food_dining,
18094585852721431,True,pool_spa,False,none,none,mountain_view,golden_hour_sunset,4.0,True,feature_description,styled_editorial,experience_activity,
18140512078469475,True,exterior_entrance,False,none,none,mountain_view,daytime,4.0,True,facility_name_logo,wide_establishing,brand_worldview,
18073631038663499,True,restaurant_bar,False,none,none,no_view,night,4.0,True,facility_name_logo,styled_editorial,brand_worldview,
18070757330137026,True,pool_spa,False,none,none,no_view,unknown,4.0,False,none,styled_editorial,experience_activity,
17885427768298763,True,room,False,none,suite_highend,no_view,night,4.0,True,user_voice_review,styled_editorial,experience_activity,
17882134497446488,True,lobby_lounge,False,none,none,city_view,daytime,5.0,True,facility_name_logo,close_up_detail,brand_worldview,
17880822180294636,True,pool_spa,False,none,none,ocean_view,daytime,5.0,False,none,styled_editorial,experience_activity,
17864595048535140,True,room,False,none,standard,ocean_view,daytime,4.0,False,none,styled_editorial,room_showcase,
17872459713583682,True,activity,True,guest_lifestyle,none,mountain_view,daytime,4.0,True,access_location_info,documentary_photo,experience_activity,
18121303873329722,True,amenity_detail,False,none,none,no_view,daytime,4.0,True,facility_name_logo,styled_editorial,brand_worldview,
18039228404662242,True,other,False,none,none,city_view,daytime,3.0,True,feature_description,wide_establishing,experience_activity,
18203185024315510,True,other,False,none,none,other,daytime,3.0,True,feature_description,wide_establishing,experience_activity,
18147255013449643,True,restaurant_bar,False,none,none,no_view,unknown,5.0,False,none,styled_editorial,food_dining,
18072509491720442,True,food_drink,False,none,none,none,unknown,4.0,True,season_event_announcement,styled_editorial,season_event,
18055025668748374,True,food_drink,False,none,none,no_view,daytime,4.0,True,ranking_award,flat_lay,food_dining,
17866368723120767,True,room,False,none,standard,partial_view,daytime,4.0,False,none,wide_establishing,room_showcase,
18012831653800673,True,activity,False,none,none,mountain_view,night,3.0,True,other,wide_establishing,experience_activity,
18108712441856858,True,activity,True,guest_lifestyle,none,other,daytime,2.0,False,none,documentary_photo,experience_activity,
17926395338886576,True,restaurant_bar,True,guest_lifestyle,none,no_view,night,4.0,True,season_event_announcement,styled_editorial,season_event,
17985263024955853,True,lobby_lounge,True,guest_lifestyle,none,no_view,daytime,4.0,False,none,styled_editorial,experience_activity,
18054324860392124,True,garden_outdoor_space,False,none,none,garden_view,daytime,5.0,False,none,styled_editorial,view_scenery,
18084262726846885,True,lobby_lounge,False,none,none,no_view,daytime,4.0,False,none,styled_editorial,brand_worldview,
18064041367794482,True,activity,True,guest_lifestyle,none,no_view,daytime,3.0,False,none,documentary_photo,experience_activity,
18116830963660957,True,food_drink,False,none,none,no_view,daytime,4.0,False,none,close_up_detail,food_dining,
17909793369139140,True,other,True,other,none,city_view,daytime,3.0,True,feature_description,wide_establishing,experience_activity,
18026031842763143,True,food_drink,True,hand_detail,none,no_view,daytime,4.0,False,none,styled_editorial,food_dining,
17867470827104954,True,other,False,none,none,ocean_view,daytime,5.0,False,none,drone_aerial,view_scenery,
17952709520739013,True,food_drink,True,staff,none,none,daytime,4.0,False,none,styled_editorial,food_dining,
18041192156384053,True,view_from_window,False,none,none,ocean_view,daytime,4.0,True,feature_description,styled_editorial,view_scenery,
18075872173926251,True,room,False,none,standard,no_view,daytime,3.0,False,none,wide_establishing,room_showcase,
18158566504424134,True,food_drink,True,hand_detail,none,no_view,unknown,4.0,True,season_event_announcement,close_up_detail,food_dining,
17876331513590726,True,activity,True,guest_lifestyle,none,none,daytime,3.0,True,season_event_announcement,documentary_photo,season_event,
18083130853485705,True,activity,True,guest_lifestyle,none,garden_view,daytime,2.0,False,none,documentary_photo,experience_activity,
17868185394127401,True,exterior_entrance,False,none,none,other,daytime,3.0,True,feature_description,wide_establishing,brand_worldview,
18091932400654144,True,other,True,other,none,other,daytime,1.0,True,feature_description,wide_establishing,experience_activity,
18375899368133550,True,food_drink,False,none,none,no_view,daytime,5.0,False,none,styled_editorial,food_dining,
17934036591235788,True,restaurant_bar,False,none,none,city_view,golden_hour_sunset,4.0,False,none,styled_editorial,brand_worldview,
18030710699407080,True,lobby_lounge,False,none,traditional_japanese,partial_view,daytime,4.0,True,feature_description,styled_editorial,room_showcase,
18176506513336986,True,room,False,none,suite_highend,partial_view,daytime,5.0,False,none,styled_editorial,room_showcase,
18084816118972184,True,exterior_entrance,True,family,none,none,daytime,4.0,True,facility_name_logo,styled_editorial,brand_worldview,
18143310382498330,True,room,True,couple,traditional_japanese,garden_view,daytime,4.0,False,none,styled_editorial,experience_activity,
18033077843100587,True,amenity_detail,False,none,traditional_japanese,no_view,daytime,3.0,False,none,flat_lay,room_showcase,
17861175540491044,True,lobby_lounge,False,none,none,city_view,daytime,4.0,False,none,styled_editorial,experience_activity,
18114441967473360,True,room,False,none,standard,no_view,unknown,3.0,True,feature_description,documentary_photo,room_showcase,
17903661879347067,True,exterior_entrance,False,none,none,ocean_view,daytime,4.0,True,facility_name_logo,wide_establishing,brand_worldview,
18008443508567058,True,lobby_lounge,False,none,none,no_view,unknown,5.0,False,none,styled_editorial,brand_worldview,
17977415624847753,True,activity,True,guest_lifestyle,none,mountain_view,daytime,3.0,True,season_event_announcement,documentary_photo,experience_activity,
18052803929284913,True,restaurant_bar,False,none,none,city_view,daytime,4.0,True,facility_name_logo,styled_editorial,brand_worldview,
18042548063537639,True,food_drink,False,none,none,none,unknown,4.0,False,none,close_up_detail,food_dining,
18351088378135468,True,pool_spa,True,silhouette_distant,none,ocean_view,daytime,4.0,False,none,drone_aerial,experience_activity,
18073432781105963,True,pool_spa,False,none,none,garden_view,daytime,4.0,True,facility_name_logo,styled_editorial,experience_activity,
18000611081625580,True,pool_spa,False,none,none,city_view,golden_hour_sunset,4.0,True,feature_description,styled_editorial,experience_activity,
18036712084863997,True,pool_spa,False,none,none,city_view,daytime,5.0,False,none,styled_editorial,experience_activity,
18327247804227302,True,pool_spa,False,none,none,garden_view,night,4.0,True,feature_description,styled_editorial,experience_activity,
18100063780619234,True,activity,True,family,none,garden_view,daytime,3.0,True,price_plan_info,styled_editorial,price_plan_announcement,
18009553136774702,True,pool_spa,False,none,none,partial_view,night,5.0,False,none,styled_editorial,experience_activity,
18045788801370621,True,food_drink,True,hand_detail,none,none,daytime,4.0,False,none,close_up_detail,food_dining,
18356545573188454,True,room,True,guest_lifestyle,traditional_japanese,garden_view,daytime,4.0,False,none,styled_editorial,room_showcase,
18000028097317657,True,garden_outdoor_space,False,none,none,garden_view,golden_hour_sunset,4.0,True,facility_name_logo,documentary_photo,view_scenery,
18441035584047332,True,room,True,guest_lifestyle,standard,city_view,night,3.0,False,none,styled_editorial,room_showcase,
18006429143341960,True,garden_outdoor_space,False,none,none,mountain_view,daytime,4.0,False,none,wide_establishing,view_scenery,
18430210159097799,True,restaurant_bar,True,family,none,partial_view,daytime,4.0,True,price_plan_info,styled_editorial,price_plan_announcement,
18118609030426162,True,food_drink,False,none,none,none,unknown,4.0,True,facility_name_logo,flat_lay,food_dining,
18327592126216328,True,food_drink,False,none,none,partial_view,daytime,4.0,False,none,styled_editorial,food_dining,
17857310430346075,True,restaurant_bar,False,none,none,no_view,night,4.0,False,none,styled_editorial,food_dining,
18088432517275499,True,restaurant_bar,False,none,none,no_view,daytime,5.0,False,none,styled_editorial,food_dining,
18392826673097079,True,restaurant_bar,False,none,none,ocean_view,golden_hour_sunset,4.0,False,none,styled_editorial,food_dining,
17918653389235184,True,exterior_entrance,False,none,none,none,daytime,4.0,True,facility_name_logo,documentary_photo,brand_worldview,
18034520669428194,True,food_drink,False,none,none,no_view,daytime,5.0,True,other,styled_editorial,food_dining,
18095013487510011,True,lobby_lounge,False,none,none,no_view,unknown,5.0,True,feature_description,styled_editorial,brand_worldview,
18056095664655671,True,pool_spa,False,none,none,ocean_view,golden_hour_sunset,5.0,False,none,wide_establishing,brand_worldview,
18035939480130317,True,room,False,none,suite_highend,garden_view,daytime,4.0,False,none,styled_editorial,room_showcase,
17852801157651403,True,food_drink,False,none,none,no_view,daytime,4.0,True,season_event_announcement,styled_editorial,season_event,
18109242487697770,True,garden_outdoor_space,False,none,none,garden_view,daytime,4.0,False,none,wide_establishing,brand_worldview,
17927881104085848,True,room,False,none,traditional_japanese,garden_view,daytime,4.0,False,none,styled_editorial,room_showcase,
18025068869396102,True,amenity_detail,False,none,none,no_view,daytime,4.0,True,season_event_announcement,close_up_detail,season_event,
17909647794344350,True,garden_outdoor_space,False,none,none,garden_view,daytime,4.0,False,none,documentary_photo,view_scenery,
17874264792475062,True,food_drink,False,none,none,no_view,daytime,5.0,False,none,flat_lay,food_dining,
18093721720554562,True,food_drink,True,hand_detail,none,none,daytime,4.0,True,feature_description,close_up_detail,food_dining,
17849950137578162,True,room,False,none,suite_highend,ocean_view,daytime,4.0,False,none,styled_editorial,room_showcase,
18064601009605428,True,pool_spa,False,none,other,no_view,unknown,4.0,True,feature_description,documentary_photo,experience_activity,
18062796692081607,True,food_drink,False,none,none,none,unknown,4.0,True,feature_description,styled_editorial,food_dining,
18062180807402894,True,food_drink,False,none,none,none,unknown,3.0,True,ranking_award,documentary_photo,food_dining,
17879408120966045,True,garden_outdoor_space,False,none,none,city_view,daytime,1.0,True,other,documentary_photo,experience_activity,
18073395680028283,True,garden_outdoor_space,False,none,none,other,golden_hour_sunset,3.0,False,none,wide_establishing,experience_activity,
18017501960368759,True,activity,False,none,none,none,daytime,4.0,False,none,close_up_detail,experience_activity,
18087919997273460,True,room,False,none,suite_highend,no_view,unknown,4.0,True,feature_description,documentary_photo,room_showcase,
17863900665455390,True,food_drink,False,none,none,no_view,daytime,5.0,False,none,styled_editorial,food_dining,
18454140961104474,True,lobby_lounge,True,guest_lifestyle,none,no_view,night,4.0,True,facility_name_logo,styled_editorial,brand_worldview,
17953156427865265,True,garden_outdoor_space,True,guest_lifestyle,none,ocean_view,daytime,4.0,True,access_location_info,wide_establishing,experience_activity,
18117961717594780,True,lobby_lounge,False,none,none,no_view,daytime,5.0,False,none,styled_editorial,brand_worldview,
18110726203566918,True,garden_outdoor_space,False,none,none,garden_view,daytime,3.0,True,season_event_announcement,documentary_photo,season_event,
17913856626054961,True,bathroom,False,none,suite_highend,no_view,unknown,5.0,False,none,styled_editorial,room_showcase,
17987023598742308,True,room,False,none,standard,city_view,daytime,3.0,False,none,styled_editorial,room_showcase,
18481544173047099,True,room,True,guest_lifestyle,standard,city_view,daytime,4.0,False,none,styled_editorial,room_showcase,
18038705680950866,True,bathroom,False,none,traditional_japanese,garden_view,daytime,4.0,True,feature_description,styled_editorial,room_showcase,
18348114505240240,True,pool_spa,True,silhouette_distant,none,garden_view,daytime,5.0,False,none,styled_editorial,brand_worldview,
18168509788336336,True,activity,False,none,none,mountain_view,daytime,3.0,True,feature_description,documentary_photo,experience_activity,
18063391112230362,True,garden_outdoor_space,True,silhouette_distant,none,garden_view,daytime,3.0,True,other,wide_establishing,experience_activity,
18079511620469972,True,room,False,none,standard,ocean_view,daytime,4.0,False,none,wide_establishing,room_showcase,
18095990068918901,True,lobby_lounge,False,none,none,no_view,daytime,5.0,False,none,styled_editorial,season_event,
18119667481564884,True,restaurant_bar,False,none,none,no_view,night,5.0,False,none,styled_editorial,food_dining,
18323587336174700,True,pool_spa,False,none,none,ocean_view,daytime,4.0,True,feature_description,styled_editorial,experience_activity,
18070870163201881,True,restaurant_bar,False,none,none,no_view,night,4.0,True,feature_description,styled_editorial,experience_activity,
18094990904140418,True,room,False,none,suite_highend,ocean_view,daytime,5.0,False,none,styled_editorial,room_showcase,
18015474800360934,True,food_drink,False,none,none,none,daytime,5.0,False,none,styled_editorial,food_dining,
18029633110919405,True,pool_spa,False,none,none,no_view,unknown,4.0,True,feature_description,wide_establishing,experience_activity,
17846324448308153,True,activity,True,guest_lifestyle,none,no_view,daytime,4.0,True,facility_name_logo,styled_editorial,experience_activity,
17935277940217435,True,pool_spa,False,none,none,garden_view,daytime,4.0,True,feature_description,wide_establishing,experience_activity,
17954018010088607,True,room,False,none,none,no_view,daytime,3.0,True,access_location_info,close_up_detail,brand_worldview,
18106415942496725,True,garden_outdoor_space,True,guest_lifestyle,none,city_view,night,4.0,True,facility_name_logo,wide_establishing,experience_activity,
18072227246243058,True,food_drink,False,none,none,no_view,daytime,5.0,False,none,styled_editorial,food_dining,
17954511290972832,True,pool_spa,False,none,none,ocean_view,night,5.0,False,none,wide_establishing,brand_worldview,
18011914373414312,True,food_drink,False,none,none,none,daytime,5.0,False,none,close_up_detail,food_dining,
18111603241725852,True,restaurant_bar,True,hand_detail,none,no_view,daytime,4.0,False,none,close_up_detail,food_dining,
17893213866310739,True,room,False,none,suite_highend,no_view,night,5.0,True,facility_name_logo,styled_editorial,room_showcase,
18061782083217846,True,food_drink,False,none,none,none,daytime,4.0,True,facility_name_logo,styled_editorial,food_dining,
18100571483008208,True,restaurant_bar,False,none,none,no_view,unknown,3.0,True,season_event_announcement,styled_editorial,season_event,
18065758937352555,True,restaurant_bar,False,none,none,no_view,daytime,4.0,True,other,styled_editorial,brand_worldview,
18062626979542677,True,food_drink,False,none,none,no_view,daytime,4.0,True,season_event_announcement,flat_lay,food_dining,
18063578444153024,True,exterior_entrance,False,none,none,no_view,night,4.0,True,feature_description,styled_editorial,brand_worldview,
18427901851049409,True,exterior_entrance,False,none,none,city_view,daytime,4.0,False,none,wide_establishing,brand_worldview,
18059466359410952,True,activity,True,guest_lifestyle,none,no_view,daytime,2.0,True,season_event_announcement,other,season_event,
17982552488717906,True,food_drink,False,none,none,no_view,night,5.0,False,none,styled_editorial,food_dining,
18311757286152768,True,pool_spa,False,none,none,city_view,daytime,4.0,True,feature_description,wide_establishing,experience_activity,
18073335014575876,True,pool_spa,False,none,villa_private,no_view,daytime,4.0,True,feature_description,styled_editorial,experience_activity,
17988319694896181,True,exterior_entrance,False,none,none,no_view,night,5.0,True,ranking_award,styled_editorial,brand_worldview,
18110911300493552,True,room,True,guest_lifestyle,suite_highend,city_view,golden_hour_sunset,5.0,False,none,styled_editorial,room_showcase,
17953967186948712,True,garden_outdoor_space,True,silhouette_distant,none,ocean_view,daytime,5.0,False,none,drone_aerial,brand_worldview,
17960332374077264,True,pool_spa,False,none,none,ocean_view,daytime,5.0,True,feature_description,wide_establishing,experience_activity,
18026718740427785,True,food_drink,False,none,none,no_view,unknown,5.0,False,none,close_up_detail,food_dining,
18030616436741695,True,other,False,none,none,none,unknown,3.0,True,season_event_announcement,other,season_event,
18096790874086339,True,food_drink,False,none,none,no_view,daytime,4.0,True,facility_name_logo,styled_editorial,food_dining,
18041794826742851,True,room,False,none,traditional_japanese,city_view,daytime,4.0,False,none,styled_editorial,room_showcase,
18093870490966815,True,view_from_window,True,silhouette_distant,none,city_view,daytime,4.0,True,facility_name_logo,wide_establishing,view_scenery,
17892108318285936,True,food_drink,False,none,none,none,unknown,5.0,False,none,close_up_detail,food_dining,
17881659912521451,True,garden_outdoor_space,False,none,none,garden_view,daytime,4.0,True,season_event_announcement,close_up_detail,season_event,
17857857132456854,True,restaurant_bar,True,staff,none,city_view,daytime,5.0,False,none,styled_editorial,food_dining,
17926467812907212,True,room,False,none,standard,no_view,daytime,4.0,False,none,wide_establishing,room_showcase,
18090776962957031,True,room,False,none,suite_highend,garden_view,daytime,4.0,False,none,styled_editorial,room_showcase,
17843399379511328,True,lobby_lounge,False,none,none,no_view,unknown,4.0,False,none,styled_editorial,brand_worldview,
18052465883212507,True,food_drink,False,none,none,city_view,daytime,5.0,False,none,styled_editorial,food_dining,
18068725726998297,True,other,False,none,none,none,daytime,1.0,True,access_location_info,other,brand_worldview,
18055495517224034,True,garden_outdoor_space,False,none,none,garden_view,daytime,3.0,True,access_location_info,documentary_photo,experience_activity,
18098068988062572,True,garden_outdoor_space,False,none,none,none,unknown,4.0,True,season_event_announcement,other,season_event,
17989773710800240,True,garden_outdoor_space,False,none,suite_highend,ocean_view,golden_hour_sunset,5.0,False,none,styled_editorial,view_scenery,
18396335428117245,True,food_drink,True,hand_detail,none,no_view,night,5.0,False,none,styled_editorial,food_dining,
17930714681787115,True,pool_spa,False,none,none,no_view,unknown,3.0,True,feature_description,documentary_photo,experience_activity,
17924785338236415,True,room,True,guest_lifestyle,traditional_japanese,no_view,daytime,3.0,True,feature_description,styled_editorial,room_showcase,
18098126003081719,True,food_drink,False,none,none,none,unknown,4.0,True,season_event_announcement,close_up_detail,food_dining,
17881208244538449,True,restaurant_bar,False,none,none,no_view,night,4.0,False,none,styled_editorial,food_dining,
17940330671966770,True,activity,True,family,none,other,daytime,3.0,False,none,documentary_photo,experience_activity,
18001612802210487,True,other,True,hand_detail,none,none,daytime,3.0,True,season_event_announcement,styled_editorial,season_event,
18067576358148378,True,restaurant_bar,True,hand_detail,none,no_view,daytime,4.0,False,none,close_up_detail,food_dining,
18124036006461395,True,activity,True,family,none,ocean_view,daytime,3.0,False,none,documentary_photo,experience_activity,
18023575658551885,True,food_drink,False,none,none,none,daytime,2.0,True,feature_description,close_up_detail,food_dining,
18029692613501872,True,activity,True,family,none,garden_view,daytime,3.0,True,price_plan_info,styled_editorial,price_plan_announcement,
18045806357507419,True,exterior_entrance,False,none,none,ocean_view,daytime,5.0,False,none,drone_aerial,view_scenery,
18331383169126743,True,exterior_entrance,False,none,traditional_japanese,garden_view,daytime,4.0,False,none,documentary_photo,brand_worldview,
17996937365762515,True,food_drink,False,none,none,no_view,unknown,4.0,True,season_event_announcement,styled_editorial,season_event,
17924963391290249,True,garden_outdoor_space,True,family,none,other,night,4.0,True,feature_description,styled_editorial,experience_activity,
18094774522815218,True,pool_spa,True,silhouette_distant,none,ocean_view,daytime,4.0,True,feature_description,styled_editorial,experience_activity,
18097675240845163,True,other,False,none,none,no_view,daytime,1.0,True,facility_name_logo,documentary_photo,brand_worldview,
17872485351287796,True,other,True,guest_lifestyle,none,city_view,golden_hour_sunset,4.0,False,none,wide_establishing,experience_activity,
18033470446913353,True,food_drink,False,none,none,no_view,daytime,4.0,False,none,styled_editorial,food_dining,
18315275560084486,True,pool_spa,False,none,traditional_japanese,ocean_view,daytime,4.0,True,feature_description,styled_editorial,experience_activity,
17945786652157283,True,activity,True,guest_lifestyle,none,city_view,daytime,2.0,False,none,documentary_photo,experience_activity,
18039633908417032,True,activity,True,guest_lifestyle,none,ocean_view,golden_hour_sunset,5.0,False,none,wide_establishing,experience_activity,
18003651704596091,True,food_drink,False,none,none,none,unknown,4.0,False,none,close_up_detail,food_dining,
17989395491789532,True,amenity_detail,True,silhouette_distant,none,none,unknown,4.0,True,other,close_up_detail,brand_worldview,
18048031595058718,True,room,True,couple,suite_highend,city_view,night,4.0,False,none,styled_editorial,room_showcase,
17889876084018946,True,amenity_detail,False,none,none,no_view,daytime,3.0,False,none,styled_editorial,brand_worldview,
18073720720609229,True,pool_spa,False,none,none,ocean_view,golden_hour_sunset,5.0,True,facility_name_logo,styled_editorial,view_scenery,
18162399430436454,True,other,False,none,none,other,daytime,3.0,True,season_event_announcement,wide_establishing,experience_activity,
18082412852102617,True,activity,True,family,none,ocean_view,daytime,4.0,False,none,styled_editorial,experience_activity,
18060827648429830,True,food_drink,False,none,none,no_view,daytime,5.0,False,none,styled_editorial,food_dining,
18091150207889885,True,food_drink,False,none,none,no_view,unknown,4.0,True,season_event_announcement,styled_editorial,season_event,
17892918378312487,True,garden_outdoor_space,False,none,none,garden_view,daytime,4.0,False,none,close_up_detail,view_scenery,
18099411559792776,True,pool_spa,True,guest_lifestyle,none,garden_view,daytime,4.0,False,none,drone_aerial,experience_activity,
18076070503571581,True,food_drink,False,none,none,no_view,daytime,4.0,False,none,close_up_detail,food_dining,
18091446380272611,True,restaurant_bar,False,none,none,none,daytime,4.0,True,season_event_announcement,styled_editorial,season_event,
17861478690370534,True,room,False,none,standard,ocean_view,daytime,3.0,False,none,wide_establishing,room_showcase,
18042545116963998,True,activity,False,none,none,mountain_view,daytime,4.0,False,none,wide_establishing,experience_activity,
17933589345039271,True,activity,True,family,none,ocean_view,daytime,4.0,True,season_event_announcement,other,experience_activity,
18101866067503445,True,food_drink,False,none,none,none,unknown,5.0,True,facility_name_logo,close_up_detail,food_dining,
18106837705624689,True,room,False,none,none,no_view,night,4.0,False,none,close_up_detail,experience_activity,
17856577740418146,True,room,False,none,standard,no_view,night,3.0,False,none,styled_editorial,brand_worldview,
18383466394102983,True,activity,False,none,none,other,daytime,3.0,True,feature_description,wide_establishing,experience_activity,
17941146563879327,True,food_drink,False,none,none,no_view,daytime,2.0,True,facility_name_logo,close_up_detail,food_dining,
18067202330046722,True,food_drink,False,none,none,no_view,unknown,5.0,True,feature_description,styled_editorial,food_dining,
18167625994404528,True,food_drink,False,none,none,none,daytime,5.0,False,none,styled_editorial,food_dining,
18051026558605733,True,activity,False,none,none,no_view,unknown,3.0,True,feature_description,documentary_photo,experience_activity,
18108370567467934,True,restaurant_bar,True,staff,none,none,daytime,4.0,False,none,documentary_photo,food_dining,
17873599356295553,True,food_drink,False,none,none,no_view,daytime,5.0,True,facility_name_logo,styled_editorial,food_dining,
18456641314128843,True,room,False,none,other,no_view,daytime,3.0,True,facility_name_logo,styled_editorial,room_showcase,
17917639023234830,True,room,False,none,traditional_japanese,ocean_view,golden_hour_sunset,4.0,False,none,wide_establishing,room_showcase,
17858068929282896,True,pool_spa,False,none,none,city_view,night,5.0,False,none,wide_establishing,view_scenery,
18073611542235384,True,food_drink,False,none,none,no_view,daytime,4.0,True,feature_description,styled_editorial,food_dining,
17936963177997243,True,restaurant_bar,True,staff,none,no_view,daytime,5.0,False,none,styled_editorial,food_dining,
18059368705766564,True,food_drink,False,none,none,none,unknown,4.0,False,none,close_up_detail,food_dining,
18066020519058853,True,activity,True,guest_lifestyle,other,ocean_view,daytime,4.0,True,feature_description,styled_editorial,experience_activity,
18021531158104782,True,pool_spa,False,none,none,ocean_view,daytime,4.0,True,feature_description,wide_establishing,experience_activity,
17970314903776070,True,view_from_window,False,none,none,city_view,night,4.0,True,season_event_announcement,wide_establishing,season_event,
18367101937142622,True,pool_spa,False,none,none,no_view,night,5.0,False,none,styled_editorial,experience_activity,
18142369303495289,True,pool_spa,False,none,none,ocean_view,golden_hour_sunset,5.0,True,price_plan_info,wide_establishing,price_plan_announcement,
17920416506968378,True,restaurant_bar,True,guest_lifestyle,none,city_view,daytime,5.0,False,none,styled_editorial,food_dining,
18070579586230644,True,garden_outdoor_space,True,silhouette_distant,none,ocean_view,daytime,4.0,False,none,drone_aerial,experience_activity,
18039146219046633,True,room,False,none,standard,ocean_view,daytime,4.0,True,season_event_announcement,styled_editorial,season_event,
18031879798815196,True,room,True,family,standard,no_view,night,3.0,False,none,styled_editorial,room_showcase,
17875174641333392,True,lobby_lounge,True,hand_detail,none,no_view,daytime,4.0,False,none,styled_editorial,food_dining,
18045058612916813,True,pool_spa,False,none,none,mountain_view,night,4.0,True,other,wide_establishing,brand_worldview,
17989187693723062,True,lobby_lounge,False,none,none,city_view,golden_hour_sunset,4.0,True,facility_name_logo,styled_editorial,brand_worldview,
18065580872000086,True,pool_spa,False,none,none,ocean_view,daytime,4.0,True,feature_description,wide_establishing,view_scenery,
17958264111092331,True,restaurant_bar,False,none,none,no_view,unknown,4.0,True,season_event_announcement,documentary_photo,season_event,
18115644985382041,True,food_drink,False,none,none,no_view,daytime,4.0,True,season_event_announcement,styled_editorial,season_event,
18161402452325872,True,lobby_lounge,False,none,none,no_view,unknown,4.0,False,none,styled_editorial,brand_worldview,
17887982406429341,True,food_drink,True,hand_detail,traditional_japanese,no_view,daytime,4.0,False,none,close_up_detail,food_dining,
18107222362718468,True,lobby_lounge,True,couple,none,no_view,unknown,4.0,False,none,styled_editorial,experience_activity,
18050413118584326,True,other,True,guest_lifestyle,none,no_view,unknown,3.0,True,season_event_announcement,styled_editorial,season_event,
18311370538259624,True,garden_outdoor_space,True,family,none,garden_view,daytime,3.0,True,season_event_announcement,documentary_photo,experience_activity,
18004768523896574,True,room,False,none,other,city_view,daytime,4.0,False,none,styled_editorial,experience_activity,
18028457924527614,True,garden_outdoor_space,False,none,none,other,daytime,4.0,True,feature_description,documentary_photo,experience_activity,
17856683589300475,True,restaurant_bar,False,none,none,no_view,night,5.0,False,none,styled_editorial,brand_worldview,
18401363794184590,True,pool_spa,False,none,none,ocean_view,daytime,5.0,True,feature_description,styled_editorial,experience_activity,
18147530251353918,True,room,False,none,glamping_unique,mountain_view,daytime,4.0,False,none,styled_editorial,room_showcase,
18000476579746925,True,exterior_entrance,True,guest_lifestyle,none,none,daytime,3.0,True,feature_description,styled_editorial,brand_worldview,
17919013497007355,True,garden_outdoor_space,True,silhouette_distant,none,city_view,daytime,4.0,False,none,drone_aerial,view_scenery,
17940635676186907,True,amenity_detail,False,none,none,no_view,night,5.0,False,none,close_up_detail,brand_worldview,
17885076819277863,True,food_drink,False,none,none,no_view,unknown,3.0,True,season_event_announcement,styled_editorial,season_event,
17878426746566274,True,activity,True,other,none,mountain_view,daytime,4.0,True,season_event_announcement,other,season_event,
18082244534365302,True,food_drink,False,none,none,none,night,4.0,True,season_event_announcement,styled_editorial,season_event,
17856337014158874,True,food_drink,False,none,none,none,daytime,4.0,True,other,flat_lay,food_dining,
18115522387538772,True,view_from_window,False,none,traditional_japanese,mountain_view,daytime,4.0,True,facility_name_logo,styled_editorial,brand_worldview,
17927292045151899,True,restaurant_bar,True,hand_detail,none,none,daytime,5.0,False,none,styled_editorial,food_dining,
18078577933862754,True,bathroom,False,none,none,no_view,unknown,3.0,False,none,close_up_detail,room_showcase,
18058320430794355,True,food_drink,False,none,none,no_view,daytime,4.0,False,none,styled_editorial,food_dining,
17964736496778428,True,food_drink,False,none,none,no_view,unknown,5.0,True,other,styled_editorial,food_dining,
17989031843976450,True,lobby_lounge,True,hand_detail,none,none,daytime,4.0,False,none,close_up_detail,food_dining,
17857021797225957,True,food_drink,False,none,none,none,unknown,4.0,False,none,styled_editorial,food_dining,
18305408671274173,True,room,False,none,traditional_japanese,ocean_view,daytime,4.0,False,none,styled_editorial,room_showcase,
17953976558961386,True,lobby_lounge,False,none,traditional_japanese,no_view,daytime,4.0,False,none,wide_establishing,brand_worldview,
18310004329153209,True,pool_spa,False,none,suite_highend,mountain_view,daytime,5.0,False,none,styled_editorial,experience_activity,
18092590127173302,True,room,False,none,standard,garden_view,night,4.0,False,none,styled_editorial,room_showcase,
17855002815635688,True,exterior_entrance,True,couple,none,none,daytime,4.0,True,facility_name_logo,wide_establishing,brand_worldview,
17879210835417253,True,food_drink,False,none,none,no_view,daytime,5.0,True,price_plan_info,styled_editorial,food_dining,
18030339155415169,True,pool_spa,False,none,other,no_view,daytime,3.0,True,feature_description,close_up_detail,experience_activity,
18094707178825798,True,food_drink,False,none,none,no_view,unknown,4.0,False,none,close_up_detail,food_dining,
18064353269004398,True,lobby_lounge,False,none,none,no_view,unknown,3.0,False,facility_name_logo,close_up_detail,brand_worldview,
18048899165608043,True,food_drink,False,none,none,none,unknown,3.0,True,feature_description,documentary_photo,food_dining,
17910304254000471,True,food_drink,False,none,none,none,unknown,5.0,True,feature_description,styled_editorial,food_dining,
17850002139221988,True,room,False,none,standard,no_view,daytime,4.0,False,none,styled_editorial,room_showcase,
18097863844735290,True,restaurant_bar,False,none,none,no_view,night,5.0,True,season_event_announcement,styled_editorial,food_dining,
18079938152234157,True,garden_outdoor_space,True,couple,none,no_view,night,3.0,True,season_event_announcement,styled_editorial,season_event,
18084994760511582,True,pool_spa,False,none,none,mountain_view,night,5.0,True,feature_description,styled_editorial,experience_activity,
17844201021619688,True,pool_spa,False,none,none,garden_view,daytime,4.0,True,facility_name_logo,styled_editorial,experience_activity,
18310445035144910,True,room,False,none,glamping_unique,ocean_view,daytime,4.0,True,feature_description,styled_editorial,room_showcase,
17880867012554970,True,room,False,none,traditional_japanese,mountain_view,daytime,4.0,True,feature_description,styled_editorial,room_showcase,
18114057586532122,True,lobby_lounge,True,guest_lifestyle,none,no_view,golden_hour_sunset,4.0,False,none,styled_editorial,experience_activity,
17881244955489958,True,room,False,none,traditional_japanese,garden_view,daytime,3.0,True,feature_description,styled_editorial,experience_activity,
18083652839114527,True,food_drink,False,none,none,no_view,daytime,5.0,False,none,styled_editorial,food_dining,
18062923741977256,True,garden_outdoor_space,True,couple,none,garden_view,daytime,2.0,True,season_event_announcement,wide_establishing,season_event,
18064720967626747,True,food_drink,False,none,none,none,night,4.0,False,none,styled_editorial,food_dining,
18089287492480252,True,food_drink,False,none,none,no_view,daytime,5.0,False,none,styled_editorial,food_dining,
18036691618960949,True,room,False,none,traditional_japanese,no_view,daytime,4.0,False,none,styled_editorial,room_showcase,
18069836368506701,True,room,False,none,villa_private,ocean_view,daytime,5.0,False,none,styled_editorial,room_showcase,
18107425615375781,True,activity,True,guest_lifestyle,none,garden_view,daytime,3.0,False,none,styled_editorial,experience_activity,
17908825052979881,True,food_drink,False,none,none,none,unknown,4.0,True,feature_description,close_up_detail,food_dining,
17882553816395791,True,lobby_lounge,False,none,none,no_view,daytime,4.0,True,feature_description,styled_editorial,experience_activity,
17976789188809575,True,room,True,hand_detail,suite_highend,no_view,unknown,4.0,True,feature_description,styled_editorial,experience_activity,
18087251962421625,True,food_drink,False,none,none,no_view,daytime,4.0,False,none,flat_lay,food_dining,
17857780734604331,True,amenity_detail,False,none,none,no_view,daytime,4.0,False,none,close_up_detail,brand_worldview,
17876092203276968,True,food_drink,False,none,none,none,unknown,5.0,True,feature_description,close_up_detail,food_dining,
17910752412346672,True,garden_outdoor_space,False,none,none,garden_view,daytime,4.0,False,none,wide_establishing,view_scenery,
17893539345231082,True,garden_outdoor_space,True,guest_lifestyle,none,ocean_view,daytime,5.0,False,none,wide_establishing,experience_activity,
18062056745401837,True,pool_spa,False,none,none,ocean_view,daytime,5.0,False,none,styled_editorial,experience_activity,
18028961833817333,True,room,False,none,standard,ocean_view,daytime,3.0,False,none,styled_editorial,room_showcase,
18129309733482818,True,pool_spa,False,none,none,garden_view,daytime,4.0,True,facility_name_logo,wide_establishing,experience_activity,
18420201991122801,True,food_drink,False,none,none,no_view,unknown,4.0,False,none,close_up_detail,food_dining,
18066105883694259,True,exterior_entrance,False,none,none,none,golden_hour_sunset,4.0,False,none,wide_establishing,brand_worldview,
17866765131478762,True,garden_outdoor_space,True,silhouette_distant,traditional_japanese,mountain_view,daytime,4.0,False,none,drone_aerial,view_scenery,
18068919473665620,True,other,False,none,none,mountain_view,daytime,3.0,True,ranking_award,wide_establishing,experience_activity,
18263334406268721,True,restaurant_bar,False,none,none,garden_view,daytime,4.0,True,feature_description,styled_editorial,food_dining,
18592074511013721,True,exterior_entrance,False,none,none,city_view,daytime,3.0,False,none,wide_establishing,brand_worldview,
17991276737696370,True,food_drink,False,none,none,no_view,daytime,4.0,True,facility_name_logo,close_up_detail,food_dining,
18109486930379505,True,exterior_entrance,True,silhouette_distant,none,none,daytime,3.0,True,season_event_announcement,wide_establishing,brand_worldview,
17858001708627710,True,pool_spa,False,none,none,garden_view,daytime,4.0,True,facility_name_logo,styled_editorial,brand_worldview,
17969540495769351,True,lobby_lounge,False,none,none,no_view,daytime,4.0,False,none,styled_editorial,brand_worldview,
17874038553458461,True,room,False,none,standard,garden_view,daytime,4.0,False,none,styled_editorial,room_showcase,
17864095710246206,True,garden_outdoor_space,True,family,none,partial_view,golden_hour_sunset,4.0,True,feature_description,documentary_photo,experience_activity,
18102593479829768,True,restaurant_bar,True,hand_detail,none,no_view,night,5.0,False,none,close_up_detail,food_dining,
17873080881571231,True,room,True,guest_lifestyle,traditional_japanese,no_view,daytime,4.0,True,feature_description,styled_editorial,brand_worldview,
18574636891047377,True,exterior_entrance,False,none,none,city_view,daytime,3.0,True,feature_description,wide_establishing,experience_activity,
17965663943812316,True,activity,True,guest_lifestyle,none,none,daytime,2.0,True,season_event_announcement,documentary_photo,season_event,
17864757615406901,True,food_drink,False,none,none,partial_view,daytime,4.0,True,season_event_announcement,close_up_detail,season_event,
18048826850227717,True,food_drink,False,none,none,no_view,daytime,4.0,False,none,styled_editorial,food_dining,
18031015781408464,True,room,False,none,glamping_unique,no_view,daytime,4.0,True,feature_description,styled_editorial,room_showcase,
18072536012246794,True,amenity_detail,True,hand_detail,none,no_view,daytime,3.0,True,facility_name_logo,close_up_detail,brand_worldview,
18041268641622401,True,garden_outdoor_space,True,guest_lifestyle,glamping_unique,garden_view,daytime,4.0,True,other,documentary_photo,experience_activity,
18058036337703473,True,restaurant_bar,False,none,none,city_view,golden_hour_sunset,4.0,False,none,styled_editorial,experience_activity,
17857180314320926,True,other,False,none,none,none,daytime,1.0,False,none,close_up_detail,other,
17945118896808191,True,exterior_entrance,False,none,none,ocean_view,daytime,4.0,False,none,drone_aerial,view_scenery,
18141403780342553,True,room,False,none,suite_highend,ocean_view,daytime,5.0,False,none,styled_editorial,room_showcase,
17915425574999777,True,activity,True,guest_lifestyle,standard,mountain_view,daytime,4.0,True,feature_description,styled_editorial,experience_activity,
18071557796400224,True,room,False,none,suite_highend,ocean_view,golden_hour_sunset,5.0,True,price_plan_info,styled_editorial,price_plan_announcement,
18043047835853448,True,room,False,none,glamping_unique,no_view,daytime,4.0,True,feature_description,styled_editorial,room_showcase,
17916510762238089,True,other,True,couple,none,partial_view,daytime,4.0,False,none,styled_editorial,experience_activity,
18316394101174113,True,food_drink,False,none,none,no_view,daytime,5.0,False,none,styled_editorial,food_dining,
17950354931880608,True,pool_spa,True,guest_lifestyle,none,ocean_view,daytime,5.0,False,none,wide_establishing,experience_activity,
17853238512465939,True,exterior_entrance,True,staff,none,no_view,daytime,4.0,True,facility_name_logo,documentary_photo,brand_worldview,
17848694064420817,True,amenity_detail,False,none,none,none,daytime,4.0,False,none,styled_editorial,brand_worldview,
18066673213537039,True,pool_spa,True,family,none,garden_view,daytime,4.0,False,none,wide_establishing,experience_activity,
18324116425080778,True,food_drink,False,none,none,none,daytime,4.0,True,feature_description,styled_editorial,food_dining,
18021402965701480,True,room,False,none,none,no_view,daytime,3.0,False,none,close_up_detail,room_showcase,
18029925764120378,True,food_drink,False,none,none,garden_view,daytime,4.0,False,none,styled_editorial,food_dining,
18082355383435760,True,room,False,none,standard,partial_view,daytime,3.0,False,none,documentary_photo,room_showcase,
18108080617614860,True,restaurant_bar,False,none,none,city_view,night,5.0,True,season_event_announcement,styled_editorial,season_event,
18055044149305482,True,bathroom,False,none,traditional_japanese,garden_view,daytime,3.0,True,feature_description,documentary_photo,experience_activity,
18092484142953252,True,restaurant_bar,False,none,none,no_view,night,4.0,True,feature_description,styled_editorial,food_dining,
18065093633347683,True,other,True,guest_lifestyle,none,mountain_view,daytime,4.0,True,feature_description,styled_editorial,experience_activity,
18185693962368406,True,food_drink,False,none,none,none,unknown,3.0,True,feature_description,styled_editorial,food_dining,
18051482843443793,True,room,True,guest_lifestyle,standard,no_view,unknown,4.0,False,none,styled_editorial,room_showcase,
18129265288527453,True,pool_spa,True,guest_lifestyle,none,no_view,unknown,3.0,True,feature_description,styled_editorial,experience_activity,
18075668608792820,True,room,False,none,standard,no_view,daytime,4.0,False,none,wide_establishing,room_showcase,
17975342420718314,True,restaurant_bar,False,none,none,none,daytime,3.0,True,price_plan_info,close_up_detail,food_dining,
18046027874300166,True,restaurant_bar,True,hand_detail,none,garden_view,daytime,4.0,False,none,styled_editorial,food_dining,
17862965235465024,True,activity,True,guest_lifestyle,none,garden_view,daytime,4.0,False,none,styled_editorial,experience_activity,
17896713861381307,True,pool_spa,False,none,none,garden_view,daytime,4.0,False,none,documentary_photo,experience_activity,
18097311469917236,True,room,True,guest_lifestyle,traditional_japanese,no_view,night,4.0,True,feature_description,styled_editorial,experience_activity,
17984834165856882,True,pool_spa,True,guest_lifestyle,none,ocean_view,golden_hour_sunset,5.0,True,feature_description,styled_editorial,brand_worldview,
17913446501997977,True,restaurant_bar,True,staff,none,no_view,night,4.0,False,none,close_up_detail,food_dining,
18015844202284871,True,activity,False,none,none,no_view,daytime,4.0,False,none,styled_editorial,experience_activity,
18098364070991553,True,room,False,none,standard,no_view,daytime,4.0,False,none,documentary_photo,room_showcase,
18077458538100293,True,food_drink,False,none,none,no_view,daytime,5.0,False,none,styled_editorial,food_dining,
18035274236384686,True,other,True,guest_lifestyle,none,none,daytime,3.0,True,season_event_announcement,close_up_detail,season_event,
18093012676684683,True,restaurant_bar,False,none,none,no_view,daytime,5.0,True,season_event_announcement,styled_editorial,season_event,
18299432920220949,True,garden_outdoor_space,False,none,none,garden_view,daytime,4.0,False,none,close_up_detail,experience_activity,
18074544329406498,True,other,False,none,none,other,daytime,2.0,True,other,documentary_photo,experience_activity,
18034951997620179,True,garden_outdoor_space,True,guest_lifestyle,none,none,daytime,4.0,False,none,documentary_photo,experience_activity,
17880836982116524,True,room,False,none,suite_highend,city_view,night,4.0,False,none,styled_editorial,room_showcase,
17877005451556488,True,activity,True,guest_lifestyle,none,garden_view,daytime,5.0,True,season_event_announcement,styled_editorial,season_event,
17946404045822510,True,lobby_lounge,True,guest_lifestyle,none,no_view,daytime,3.0,True,feature_description,styled_editorial,experience_activity,
18019001684822025,True,room,False,none,suite_highend,partial_view,daytime,4.0,False,none,styled_editorial,room_showcase,
18375606307134712,True,food_drink,False,none,none,none,daytime,4.0,False,none,close_up_detail,food_dining,
17944413141154194,True,amenity_detail,False,none,none,no_view,daytime,4.0,False,none,close_up_detail,brand_worldview,
18194302039353441,True,food_drink,False,none,none,no_view,daytime,5.0,True,season_event_announcement,styled_editorial,food_dining,
17872882197266431,True,other,False,none,none,none,daytime,3.0,True,access_location_info,flat_lay,experience_activity,
17919771164892083,True,room,False,none,suite_highend,city_view,night,5.0,False,none,styled_editorial,experience_activity,
17963996996846972,True,food_drink,False,none,none,none,unknown,5.0,True,feature_description,flat_lay,food_dining,
18111307153762425,True,food_drink,False,none,none,none,daytime,5.0,False,none,flat_lay,food_dining,
18086736103921295,True,exterior_entrance,False,none,none,ocean_view,night,3.0,True,facility_name_logo,wide_establishing,brand_worldview,
17911668977907915,True,food_drink,False,none,none,no_view,daytime,5.0,False,none,styled_editorial,food_dining,
18044718983349111,True,activity,True,guest_lifestyle,none,garden_view,daytime,2.0,True,season_event_announcement,documentary_photo,experience_activity,
17849995083347195,True,pool_spa,False,none,none,no_view,night,4.0,True,feature_description,styled_editorial,experience_activity,
18064444321872444,True,food_drink,True,hand_detail,none,no_view,daytime,4.0,False,none,flat_lay,food_dining,
18015074333832882,True,food_drink,False,none,none,none,daytime,3.0,True,feature_description,styled_editorial,food_dining,
18081321926615644,True,garden_outdoor_space,True,couple,traditional_japanese,garden_view,golden_hour_sunset,4.0,False,none,styled_editorial,view_scenery,
17940480777014123,True,room,False,none,villa_private,garden_view,daytime,3.0,False,none,styled_editorial,room_showcase,
18081469333804305,True,food_drink,False,none,none,none,daytime,4.0,True,facility_name_logo,styled_editorial,food_dining,
18353594959237837,True,food_drink,False,none,traditional_japanese,partial_view,daytime,4.0,True,facility_name_logo,styled_editorial,food_dining,
17944152345128195,True,food_drink,True,hand_detail,none,no_view,daytime,3.0,True,season_event_announcement,close_up_detail,food_dining,
18060036550588436,True,exterior_entrance,False,none,none,none,night,4.0,False,none,wide_establishing,brand_worldview,
18053184563426934,True,pool_spa,True,couple,none,mountain_view,daytime,4.0,True,season_event_announcement,styled_editorial,season_event,
17983271039942109,True,pool_spa,False,none,none,garden_view,night,4.0,True,feature_description,documentary_photo,experience_activity,
18091950070735795,True,room,False,none,traditional_japanese,ocean_view,daytime,4.0,False,none,styled_editorial,room_showcase,
18067397630331044,True,room,True,guest_lifestyle,standard,no_view,daytime,3.0,True,feature_description,styled_editorial,experience_activity,
18059055920349496,True,food_drink,True,hand_detail,none,none,daytime,1.0,True,facility_name_logo,close_up_detail,food_dining,
17995583582428903,True,activity,True,family,none,garden_view,daytime,3.0,False,none,documentary_photo,experience_activity,
18022246760649383,True,amenity_detail,False,none,none,none,daytime,4.0,False,none,close_up_detail,brand_worldview,
18055523345326821,True,activity,True,guest_lifestyle,none,other,daytime,4.0,True,season_event_announcement,styled_editorial,experience_activity,
17863616187403681,True,restaurant_bar,False,none,none,city_view,daytime,4.0,True,facility_name_logo,styled_editorial,food_dining,
18078485504221576,True,food_drink,False,none,none,no_view,unknown,5.0,True,feature_description,styled_editorial,food_dining,
18018198542163511,True,lobby_lounge,False,none,none,no_view,unknown,4.0,True,feature_description,documentary_photo,experience_activity,
18038734442261196,True,exterior_entrance,False,none,none,city_view,night,4.0,True,other,wide_establishing,brand_worldview,
18108501133804502,True,lobby_lounge,True,couple,none,no_view,daytime,5.0,False,none,styled_editorial,experience_activity,
17966830982879068,True,restaurant_bar,True,guest_lifestyle,none,city_view,night,4.0,False,none,styled_editorial,food_dining,
17952932531876330,True,food_drink,True,hand_detail,none,no_view,night,3.0,True,feature_description,styled_editorial,food_dining,
18106772128428610,True,other,False,none,none,none,unknown,3.0,True,season_event_announcement,other,season_event,
18042246155110445,True,food_drink,False,none,none,no_view,unknown,5.0,True,price_plan_info,styled_editorial,price_plan_announcement,
18090478492909336,True,pool_spa,True,guest_lifestyle,none,no_view,daytime,3.0,True,facility_name_logo,styled_editorial,experience_activity,
17942882433210790,True,room,True,hand_detail,traditional_japanese,no_view,daytime,4.0,False,none,close_up_detail,experience_activity,
18093714745790900,True,food_drink,False,none,none,none,daytime,4.0,True,facility_name_logo,styled_editorial,food_dining,
17910410070211076,True,room,False,none,other,no_view,daytime,4.0,False,none,styled_editorial,room_showcase,
17871534636116091,True,pool_spa,False,none,none,city_view,daytime,4.0,True,feature_description,styled_editorial,experience_activity,
18082612094379017,True,room,False,none,standard,city_view,daytime,4.0,False,none,styled_editorial,room_showcase,
18283912042286668,True,pool_spa,False,none,traditional_japanese,mountain_view,daytime,4.0,True,facility_name_logo,styled_editorial,experience_activity,
17935037349174463,True,food_drink,False,none,none,none,daytime,4.0,False,none,styled_editorial,food_dining,
18334063123217303,True,activity,True,family,none,city_view,daytime,4.0,False,none,styled_editorial,experience_activity,
18039150395289486,True,activity,True,hand_detail,glamping_unique,garden_view,daytime,4.0,True,feature_description,styled_editorial,experience_activity,
18132817504557561,True,food_drink,False,none,none,no_view,daytime,4.0,False,none,close_up_detail,food_dining,
18019979978563960,True,food_drink,False,none,none,no_view,unknown,4.0,True,season_event_announcement,styled_editorial,season_event,
18091769431958322,True,activity,True,guest_lifestyle,none,mountain_view,daytime,5.0,True,facility_name_logo,wide_establishing,experience_activity,
18015009251208119,True,garden_outdoor_space,False,none,none,mountain_view,daytime,5.0,False,none,wide_establishing,view_scenery,
18177589687370242,True,pool_spa,False,none,none,garden_view,night,4.0,True,season_event_announcement,wide_establishing,season_event,
18087714422033225,True,other,False,none,none,none,unknown,3.0,True,season_event_announcement,other,season_event,
18103544111510824,True,room,False,none,standard,no_view,daytime,4.0,False,none,styled_editorial,room_showcase,
18134570125448544,True,garden_outdoor_space,False,none,none,garden_view,daytime,4.0,True,season_event_announcement,styled_editorial,season_event,
18066156785274105,True,room,False,none,suite_highend,ocean_view,daytime,5.0,True,feature_description,styled_editorial,room_showcase,
18102909496710796,True,garden_outdoor_space,True,guest_lifestyle,none,garden_view,daytime,4.0,False,none,styled_editorial,brand_worldview,
18308819407218886,True,garden_outdoor_space,False,none,none,garden_view,daytime,4.0,False,none,close_up_detail,view_scenery,
18127724644445214,True,exterior_entrance,False,none,none,none,daytime,4.0,True,facility_name_logo,wide_establishing,brand_worldview,
18107573080516839,True,food_drink,True,hand_detail,none,none,unknown,5.0,False,none,styled_editorial,food_dining,
18073834985430247,True,bathroom,False,none,traditional_japanese,mountain_view,daytime,5.0,True,facility_name_logo,styled_editorial,room_showcase,
17952358550921310,True,room,True,family,standard,no_view,daytime,3.0,True,feature_description,styled_editorial,experience_activity,
17876980902120687,True,garden_outdoor_space,False,none,none,garden_view,daytime,4.0,False,none,styled_editorial,view_scenery,
18123520873503427,True,food_drink,False,none,none,no_view,daytime,5.0,False,none,styled_editorial,food_dining,
17951446985818262,True,bathroom,False,none,traditional_japanese,garden_view,daytime,5.0,False,none,styled_editorial,room_showcase,
18078332905947258,True,lobby_lounge,False,none,none,mountain_view,daytime,4.0,False,none,styled_editorial,season_event,
17859452874468441,True,lobby_lounge,True,guest_lifestyle,none,partial_view,night,4.0,True,feature_description,styled_editorial,experience_activity,
17998485935883886,True,garden_outdoor_space,True,family,none,other,daytime,4.0,True,season_event_announcement,wide_establishing,season_event,
18010222544699808,True,room,False,none,traditional_japanese,mountain_view,daytime,4.0,True,season_event_announcement,styled_editorial,season_event,
18319784878252448,True,pool_spa,True,guest_lifestyle,none,none,unknown,4.0,True,season_event_announcement,styled_editorial,season_event,
18063585382918155,True,activity,True,family,none,no_view,daytime,4.0,False,none,wide_establishing,experience_activity,
18522642418033888,True,food_drink,False,none,none,none,daytime,4.0,False,none,close_up_detail,food_dining,
18070142663296679,True,room,True,guest_lifestyle,standard,no_view,daytime,4.0,True,feature_description,styled_editorial,room_showcase,
18054952709494444,True,food_drink,False,none,none,no_view,daytime,5.0,False,none,styled_editorial,food_dining,
18077972966108615,True,activity,True,guest_lifestyle,none,no_view,daytime,4.0,False,none,styled_editorial,experience_activity,
18047063693556993,True,food_drink,False,none,none,no_view,daytime,4.0,True,feature_description,close_up_detail,food_dining,
17985594914608289,True,room,False,none,suite_highend,mountain_view,daytime,5.0,False,none,wide_establishing,room_showcase,
18064374259544262,True,garden_outdoor_space,False,none,none,mountain_view,daytime,4.0,False,none,wide_establishing,brand_worldview,
17889372018278357,True,garden_outdoor_space,False,none,none,mountain_view,daytime,3.0,False,none,wide_establishing,brand_worldview,
18480532702043468,True,garden_outdoor_space,False,none,none,garden_view,daytime,4.0,True,facility_name_logo,styled_editorial,season_event,
18029135546336403,True,activity,False,none,none,ocean_view,night,4.0,True,season_event_announcement,wide_establishing,season_event,
17962756802741620,True,food_drink,False,none,none,none,daytime,4.0,False,none,styled_editorial,food_dining,
18298555063092790,True,lobby_lounge,False,none,none,no_view,daytime,4.0,True,feature_description,styled_editorial,food_dining,
18078484337092094,True,room,False,none,suite_highend,city_view,daytime,5.0,False,none,styled_editorial,room_showcase,
17961624788915154,True,room,True,family,standard,partial_view,daytime,4.0,False,none,styled_editorial,experience_activity,
17920795794297588,True,lobby_lounge,False,none,none,no_view,unknown,5.0,False,none,styled_editorial,brand_worldview,
17914479086994641,True,restaurant_bar,False,none,none,ocean_view,daytime,4.0,False,none,styled_editorial,food_dining,
17922444245904847,True,room,False,none,traditional_japanese,no_view,daytime,4.0,False,none,styled_editorial,room_showcase,
18051243691981477,True,pool_spa,False,none,none,garden_view,daytime,4.0,True,facility_name_logo,styled_editorial,experience_activity,
18023668481480707,True,exterior_entrance,False,none,none,mountain_view,daytime,5.0,False,none,drone_aerial,brand_worldview,
18065118487863299,True,room,False,none,other,no_view,daytime,3.0,True,feature_description,wide_establishing,room_showcase,
18031705160572083,True,activity,True,silhouette_distant,none,none,daytime,4.0,True,feature_description,documentary_photo,experience_activity,
18127009492584748,True,garden_outdoor_space,True,silhouette_distant,none,ocean_view,daytime,4.0,False,none,wide_establishing,view_scenery,
17992963529931379,True,restaurant_bar,False,none,none,city_view,daytime,4.0,False,none,styled_editorial,food_dining,
18099686647993226,True,room,True,family,other,no_view,daytime,4.0,True,other,styled_editorial,room_showcase,
18026974103203954,True,restaurant_bar,False,none,none,ocean_view,daytime,4.0,False,none,wide_establishing,food_dining,
18012436955181408,True,amenity_detail,False,none,none,no_view,daytime,3.0,False,none,close_up_detail,brand_worldview,
18065460526813701,True,food_drink,True,hand_detail,none,none,unknown,3.0,False,none,close_up_detail,food_dining,
18072126752187646,True,food_drink,False,none,none,none,daytime,4.0,True,season_event_announcement,styled_editorial,season_event,
18429852916109176,True,food_drink,True,hand_detail,none,none,unknown,3.0,True,feature_description,styled_editorial,food_dining,
18067390309586403,True,pool_spa,False,none,none,mountain_view,golden_hour_sunset,5.0,True,facility_name_logo,styled_editorial,brand_worldview,
18076437619915187,True,food_drink,True,hand_detail,none,no_view,daytime,3.0,False,none,close_up_detail,food_dining,
18105486112609360,True,room,False,none,standard,no_view,daytime,4.0,False,none,styled_editorial,room_showcase,
17875653711392093,True,activity,True,family,none,none,daytime,4.0,True,price_plan_info,styled_editorial,price_plan_announcement,
18101729629597650,True,restaurant_bar,True,staff,none,no_view,daytime,4.0,True,feature_description,styled_editorial,food_dining,
17910472112997140,True,food_drink,False,none,none,no_view,daytime,4.0,True,feature_description,styled_editorial,food_dining,
18083582888126389,True,activity,False,none,none,mountain_view,daytime,4.0,True,feature_description,styled_editorial,experience_activity,
18126327460606111,True,restaurant_bar,True,staff,none,no_view,daytime,4.0,True,facility_name_logo,styled_editorial,food_dining,
18034220321757533,True,lobby_lounge,False,none,none,ocean_view,golden_hour_sunset,4.0,True,season_event_announcement,styled_editorial,price_plan_announcement,
17852741217206565,True,restaurant_bar,False,none,none,garden_view,daytime,5.0,False,none,styled_editorial,brand_worldview,
17872753512493961,True,lobby_lounge,False,none,none,garden_view,night,5.0,True,feature_description,styled_editorial,brand_worldview,
18308427985149342,True,other,True,guest_lifestyle,none,no_view,daytime,5.0,False,none,styled_editorial,brand_worldview,
17975799986780454,True,pool_spa,False,none,none,ocean_view,daytime,5.0,False,none,styled_editorial,experience_activity,
17954388407797225,True,restaurant_bar,False,none,none,partial_view,daytime,4.0,False,none,wide_establishing,food_dining,
17871454866441643,True,food_drink,False,none,none,no_view,daytime,4.0,True,price_plan_info,styled_editorial,food_dining,
18043844636241550,True,food_drink,False,none,none,no_view,daytime,3.0,True,other,styled_editorial,brand_worldview,
17940855548873018,True,amenity_detail,False,none,none,no_view,daytime,4.0,False,none,close_up_detail,experience_activity,
17930866629249206,True,food_drink,False,none,none,no_view,unknown,4.0,False,none,close_up_detail,food_dining,
17970468782716432,True,lobby_lounge,True,guest_lifestyle,none,city_view,night,4.0,False,none,styled_editorial,food_dining,
18084611410450706,True,other,False,none,none,other,daytime,3.0,False,none,wide_establishing,season_event,
18452655199129515,True,lobby_lounge,False,none,none,garden_view,daytime,4.0,True,facility_name_logo,wide_establishing,brand_worldview,
18077559992108641,True,food_drink,False,none,none,no_view,daytime,3.0,False,none,close_up_detail,food_dining,
18003059957585310,True,garden_outdoor_space,True,guest_lifestyle,none,garden_view,daytime,4.0,False,none,styled_editorial,experience_activity,
17861394108109561,True,pool_spa,True,other,none,garden_view,daytime,4.0,False,none,documentary_photo,experience_activity,
18541847677059499,True,exterior_entrance,False,none,none,none,daytime,4.0,False,none,styled_editorial,brand_worldview,
18067275779137948,True,food_drink,False,none,none,none,daytime,3.0,True,price_plan_info,close_up_detail,price_plan_announcement,
18006532004718517,True,food_drink,True,guest_lifestyle,none,no_view,daytime,3.0,False,none,styled_editorial,food_dining,
18180439732324993,True,restaurant_bar,False,none,none,partial_view,daytime,4.0,False,none,styled_editorial,food_dining,
18110369311368460,True,garden_outdoor_space,False,none,none,garden_view,daytime,3.0,False,none,close_up_detail,view_scenery,
18051396473034529,True,food_drink,False,none,none,no_view,daytime,4.0,False,none,styled_editorial,food_dining,
17909781390201390,True,room,False,none,traditional_japanese,no_view,unknown,5.0,False,none,styled_editorial,room_showcase,
18107128924421699,True,lobby_lounge,False,none,none,no_view,night,4.0,False,none,styled_editorial,brand_worldview,
17913104997132085,True,restaurant_bar,False,none,none,partial_view,daytime,4.0,True,season_event_announcement,styled_editorial,brand_worldview,
18045523790734624,True,food_drink,False,none,none,none,daytime,2.0,True,feature_description,close_up_detail,food_dining,
17939793521973715,True,restaurant_bar,False,none,none,no_view,night,4.0,False,none,styled_editorial,food_dining,
18068162969138032,True,exterior_entrance,False,none,none,garden_view,daytime,4.0,True,facility_name_logo,wide_establishing,brand_worldview,
18008921297407315,True,lobby_lounge,False,none,none,no_view,night,4.0,False,none,styled_editorial,brand_worldview,
17961232601700255,True,restaurant_bar,False,none,none,city_view,daytime,5.0,False,none,styled_editorial,food_dining,
17924425515289919,True,garden_outdoor_space,False,none,traditional_japanese,garden_view,daytime,5.0,False,none,documentary_photo,view_scenery,
17853602844643555,True,garden_outdoor_space,False,none,none,none,daytime,3.0,False,none,close_up_detail,view_scenery,
17992998890933364,True,garden_outdoor_space,False,none,none,garden_view,daytime,3.0,True,feature_description,documentary_photo,view_scenery,
18048824369090118,True,activity,False,none,none,other,daytime,4.0,False,none,documentary_photo,experience_activity,
17887613904465735,True,other,False,none,none,no_view,daytime,1.0,False,none,documentary_photo,other,
17860859604390357,True,garden_outdoor_space,False,none,none,garden_view,daytime,3.0,True,feature_description,close_up_detail,experience_activity,
18128556700477191,True,amenity_detail,True,hand_detail,none,no_view,daytime,4.0,True,feature_description,close_up_detail,brand_worldview,
17921496789337765,True,restaurant_bar,True,silhouette_distant,none,no_view,daytime,2.0,True,facility_name_logo,documentary_photo,food_dining,
18112650682773301,True,activity,True,hand_detail,none,garden_view,night,2.0,True,other,documentary_photo,experience_activity,
18067273967479033,True,room,False,none,suite_highend,city_view,daytime,5.0,False,none,styled_editorial,room_showcase,
17924443509278379,True,food_drink,False,none,none,none,daytime,3.0,True,feature_description,close_up_detail,food_dining,
18110733799551414,True,food_drink,False,none,none,no_view,unknown,5.0,True,facility_name_logo,close_up_detail,food_dining,
18253215502262073,True,restaurant_bar,True,guest_lifestyle,none,ocean_view,daytime,4.0,False,none,styled_editorial,experience_activity,
18175688293353112,True,food_drink,False,none,none,no_view,unknown,5.0,True,feature_description,close_up_detail,food_dining,
18058732142553748,True,view_from_window,False,none,none,mountain_view,daytime,4.0,False,none,wide_establishing,view_scenery,
18501508228002500,True,food_drink,False,none,none,no_view,daytime,4.0,False,none,styled_editorial,food_dining,
18255986065279491,True,amenity_detail,False,none,none,partial_view,daytime,4.0,False,none,close_up_detail,season_event,
17949482120774267,True,room,False,none,standard,no_view,daytime,4.0,False,none,close_up_detail,room_showcase,
17864619075232283,True,pool_spa,False,none,none,garden_view,daytime,4.0,False,none,styled_editorial,experience_activity,
18110689393472466,True,lobby_lounge,True,guest_lifestyle,none,no_view,daytime,4.0,False,none,styled_editorial,food_dining,
17959999437006088,True,food_drink,True,hand_detail,none,no_view,daytime,4.0,False,none,close_up_detail,food_dining,
18099571904046325,True,activity,False,none,none,mountain_view,daytime,2.0,True,facility_name_logo,documentary_photo,experience_activity,
18070762081752003,True,food_drink,True,hand_detail,none,no_view,daytime,3.0,False,none,close_up_detail,food_dining,
18049456313403660,True,food_drink,False,none,none,none,unknown,4.0,False,none,styled_editorial,food_dining,
17844659457218229,True,food_drink,False,none,none,no_view,unknown,4.0,True,other,styled_editorial,food_dining,
17882118672532606,True,food_drink,False,none,none,none,daytime,5.0,False,none,flat_lay,food_dining,
17858035509534062,True,other,False,none,none,ocean_view,daytime,4.0,False,none,wide_establishing,view_scenery,
18161953909431728,True,food_drink,False,none,none,none,daytime,4.0,False,none,close_up_detail,food_dining,
17894288337120806,True,restaurant_bar,False,none,none,no_view,unknown,5.0,True,season_event_announcement,styled_editorial,season_event,
18066882515662384,True,food_drink,False,none,none,none,daytime,4.0,False,none,styled_editorial,food_dining,
18034572217926963,True,other,True,family,none,other,daytime,3.0,False,none,styled_editorial,experience_activity,
18086829011352739,True,room,False,none,traditional_japanese,no_view,unknown,3.0,False,none,close_up_detail,experience_activity,
18077578028635768,True,view_from_window,False,none,none,ocean_view,daytime,4.0,False,none,wide_establishing,view_scenery,
17956471563101794,True,garden_outdoor_space,False,none,none,garden_view,daytime,4.0,False,none,close_up_detail,view_scenery,
18106261135894806,True,activity,True,staff,none,no_view,daytime,1.0,False,none,documentary_photo,experience_activity,
17945948592154810,True,exterior_entrance,False,none,none,no_view,daytime,3.0,False,none,documentary_photo,brand_worldview,
18093690898897095,True,activity,True,other,none,mountain_view,golden_hour_sunset,2.0,True,season_event_announcement,wide_establishing,season_event,
17942999976174408,True,food_drink,False,none,none,no_view,unknown,3.0,True,feature_description,documentary_photo,food_dining,
18001238654303578,True,lobby_lounge,True,guest_lifestyle,none,no_view,daytime,4.0,False,none,styled_editorial,brand_worldview,
18038317208153515,True,pool_spa,False,none,none,garden_view,daytime,4.0,False,none,wide_establishing,experience_activity,
18076760449726557,True,lobby_lounge,False,none,none,no_view,night,4.0,False,none,styled_editorial,season_event,
18309136015206215,True,food_drink,True,hand_detail,none,no_view,daytime,3.0,False,none,close_up_detail,food_dining,
17860581012221554,True,food_drink,False,none,none,none,unknown,5.0,True,feature_description,close_up_detail,food_dining,
17999833253736902,True,activity,True,hand_detail,none,ocean_view,daytime,3.0,False,none,close_up_detail,experience_activity,
18454963798021603,True,view_from_window,False,none,none,city_view,daytime,4.0,True,facility_name_logo,wide_establishing,view_scenery,
17991312530930839,True,food_drink,False,none,none,none,daytime,4.0,False,none,close_up_detail,food_dining,
18029097616977966,True,garden_outdoor_space,True,guest_lifestyle,none,garden_view,daytime,3.0,True,facility_name_logo,styled_editorial,experience_activity,
18088972775237700,True,other,False,none,none,none,daytime,2.0,True,season_event_announcement,other,season_event,
18581866762031954,True,room,False,none,suite_highend,city_view,night,5.0,False,none,styled_editorial,room_showcase,
17884984641372607,True,restaurant_bar,True,staff,none,no_view,unknown,4.0,False,none,styled_editorial,food_dining,
17885556873510312,True,activity,False,none,none,no_view,daytime,4.0,False,none,close_up_detail,experience_activity,
18080357840418367,True,lobby_lounge,False,none,none,no_view,daytime,4.0,False,none,close_up_detail,brand_worldview,
18204735331342260,True,amenity_detail,True,hand_detail,none,no_view,daytime,4.0,True,facility_name_logo,close_up_detail,brand_worldview,
18162222031336337,True,amenity_detail,True,hand_detail,none,no_view,unknown,3.0,False,none,styled_editorial,season_event,
18081882970545054,True,lobby_lounge,False,none,none,city_view,daytime,4.0,True,facility_name_logo,styled_editorial,brand_worldview,
18005772713894150,True,exterior_entrance,False,none,glamping_unique,mountain_view,daytime,2.0,False,none,documentary_photo,room_showcase,
17900553120068949,True,lobby_lounge,True,staff,none,no_view,daytime,4.0,False,none,styled_editorial,brand_worldview,
18082493963347220,True,food_drink,False,none,none,no_view,daytime,3.0,True,facility_name_logo,close_up_detail,food_dining,
17907146652166059,True,food_drink,False,none,none,none,daytime,4.0,False,none,close_up_detail,food_dining,
18056131976607488,True,pool_spa,False,none,none,mountain_view,daytime,3.0,False,none,wide_establishing,experience_activity,
18078979103435442,True,food_drink,False,none,none,none,unknown,5.0,False,none,close_up_detail,food_dining,
18094626355649756,True,restaurant_bar,False,none,none,city_view,daytime,4.0,True,season_event_announcement,styled_editorial,season_event,
18031044431742040,True,food_drink,False,none,none,none,daytime,4.0,False,none,close_up_detail,food_dining,
17977213637909720,True,other,False,none,none,no_view,unknown,3.0,True,season_event_announcement,styled_editorial,season_event,
17927899410087142,True,other,True,silhouette_distant,none,city_view,golden_hour_sunset,3.0,False,none,wide_establishing,view_scenery,
18117568987660559,True,lobby_lounge,False,none,none,city_view,daytime,4.0,False,none,styled_editorial,brand_worldview,
18136589983474303,True,lobby_lounge,True,staff,none,no_view,night,4.0,False,none,styled_editorial,season_event,
18065641478657134,True,garden_outdoor_space,False,none,none,garden_view,daytime,3.0,False,none,wide_establishing,view_scenery,
18078221662649106,True,lobby_lounge,True,guest_lifestyle,traditional_japanese,no_view,daytime,4.0,False,none,styled_editorial,brand_worldview,
18113824357425231,True,lobby_lounge,True,guest_lifestyle,none,city_view,night,3.0,False,none,styled_editorial,season_event,
18090166423496052,True,food_drink,False,none,none,no_view,unknown,4.0,True,feature_description,close_up_detail,food_dining,
18044768087539237,True,garden_outdoor_space,False,none,suite_highend,garden_view,daytime,4.0,False,none,wide_establishing,view_scenery,
17993456762496015,True,lobby_lounge,False,none,none,no_view,unknown,4.0,False,none,documentary_photo,brand_worldview,
17875530060594092,True,food_drink,False,none,none,none,daytime,3.0,True,feature_description,close_up_detail,food_dining,
17922824367218925,True,garden_outdoor_space,True,staff,none,none,daytime,4.0,True,facility_name_logo,documentary_photo,brand_worldview,
18020211530049898,True,lobby_lounge,False,none,none,no_view,unknown,4.0,True,season_event_announcement,wide_establishing,brand_worldview,
18101908906679043,True,exterior_entrance,False,none,none,garden_view,daytime,3.0,False,none,wide_establishing,view_scenery,
18486743848002459,True,activity,True,hand_detail,none,ocean_view,golden_hour_sunset,3.0,True,none,documentary_photo,experience_activity,
18091620971473962,True,pool_spa,False,none,none,garden_view,daytime,4.0,False,none,styled_editorial,experience_activity,
18128695441585896,True,exterior_entrance,False,none,none,mountain_view,daytime,3.0,False,none,wide_establishing,season_event,
18396740209145410,True,garden_outdoor_space,True,guest_lifestyle,none,garden_view,daytime,3.0,True,season_event_announcement,other,season_event,
18078876203315409,True,room,False,none,suite_highend,no_view,unknown,5.0,False,none,styled_editorial,room_showcase,
17924648532285171,True,garden_outdoor_space,False,none,none,mountain_view,daytime,3.0,True,facility_name_logo,documentary_photo,season_event,
17871986133263170,True,lobby_lounge,False,none,none,no_view,night,5.0,False,none,styled_editorial,brand_worldview,
18120888163623395,True,activity,True,other,none,mountain_view,daytime,4.0,True,other,documentary_photo,experience_activity,
17853305802638623,True,food_drink,False,none,none,none,unknown,4.0,False,none,close_up_detail,food_dining,
18133659217541957,True,amenity_detail,False,none,none,no_view,daytime,3.0,True,facility_name_logo,documentary_photo,brand_worldview,
18087233480251017,True,garden_outdoor_space,False,none,none,garden_view,daytime,3.0,False,none,close_up_detail,season_event,
18091390414645406,True,lobby_lounge,False,none,none,no_view,daytime,4.0,False,none,documentary_photo,brand_worldview,
18093911291085610,True,food_drink,False,none,none,none,daytime,4.0,True,other,styled_editorial,food_dining,
17956481657923419,True,garden_outdoor_space,True,silhouette_distant,none,garden_view,daytime,4.0,False,none,documentary_photo,view_scenery,
18262462744241250,True,food_drink,False,none,none,none,daytime,4.0,False,none,styled_editorial,food_dining,
18004655327712158,True,lobby_lounge,True,guest_lifestyle,none,no_view,unknown,4.0,True,ranking_award,styled_editorial,brand_worldview,
17863235145278409,True,food_drink,False,none,none,none,daytime,4.0,False,none,close_up_detail,food_dining,
18077094671158907,True,lobby_lounge,False,none,none,no_view,daytime,5.0,False,none,styled_editorial,brand_worldview,
18093411143154202,True,restaurant_bar,False,none,none,no_view,daytime,5.0,False,none,styled_editorial,food_dining,
18197886256359913,True,lobby_lounge,False,none,none,no_view,daytime,3.0,True,feature_description,styled_editorial,brand_worldview,
18063354097653391,True,food_drink,False,none,none,none,daytime,4.0,False,none,styled_editorial,food_dining,
18045671786533793,True,lobby_lounge,False,none,none,no_view,daytime,4.0,False,none,wide_establishing,brand_worldview,
18082334500862430,True,lobby_lounge,True,hand_detail,none,no_view,unknown,4.0,False,none,close_up_detail,brand_worldview,
18102809896628226,True,activity,True,guest_lifestyle,none,mountain_view,daytime,2.0,True,season_event_announcement,wide_establishing,experience_activity,
18369005101081305,True,view_from_window,False,none,none,ocean_view,golden_hour_sunset,4.0,False,none,wide_establishing,view_scenery,
18105538993505056,True,restaurant_bar,True,hand_detail,none,city_view,daytime,4.0,True,feature_description,styled_editorial,food_dining,
18102473579307222,True,exterior_entrance,True,silhouette_distant,none,city_view,night,2.0,True,access_location_info,documentary_photo,brand_worldview,
17874915903423420,True,exterior_entrance,False,none,none,garden_view,daytime,4.0,False,none,styled_editorial,brand_worldview,
17909383050236094,True,lobby_lounge,False,none,none,city_view,daytime,4.0,False,none,styled_editorial,brand_worldview,
17876941677447126,True,activity,True,family,none,no_view,unknown,3.0,False,none,documentary_photo,experience_activity,
17961186887917556,True,room,False,none,none,no_view,unknown,3.0,False,none,close_up_detail,room_showcase,
18187704697315983,True,lobby_lounge,False,none,none,no_view,daytime,3.0,False,none,styled_editorial,brand_worldview,
17894616516042713,True,activity,True,guest_lifestyle,none,none,daytime,3.0,True,season_event_announcement,documentary_photo,experience_activity,
18021983972306670,True,restaurant_bar,False,none,none,city_view,golden_hour_sunset,4.0,False,none,styled_editorial,food_dining,
18012708623358891,True,restaurant_bar,False,none,none,no_view,daytime,4.0,False,none,styled_editorial,brand_worldview,
18086154226518340,True,garden_outdoor_space,True,guest_lifestyle,none,mountain_view,daytime,4.0,False,none,styled_editorial,view_scenery,
18105939439905602,True,activity,False,none,none,other,night,3.0,True,season_event_announcement,wide_establishing,season_event,
18088206520568320,True,restaurant_bar,False,none,none,no_view,unknown,4.0,True,season_event_announcement,styled_editorial,season_event,
17953075284071641,True,garden_outdoor_space,True,silhouette_distant,none,mountain_view,daytime,3.0,False,none,wide_establishing,view_scenery,
18059946356172529,True,view_from_window,False,none,none,mountain_view,golden_hour_sunset,5.0,False,none,wide_establishing,view_scenery,
18102943333405943,True,restaurant_bar,True,guest_lifestyle,none,city_view,daytime,4.0,False,none,styled_editorial,food_dining,
17871180708286582,True,pool_spa,False,none,none,other,daytime,5.0,False,none,styled_editorial,experience_activity,
17945258135887827,True,room,True,couple,suite_highend,partial_view,daytime,4.0,False,none,styled_editorial,room_showcase,
18115679572422634,True,amenity_detail,False,none,none,no_view,unknown,4.0,False,none,styled_editorial,season_event,
18050004509227949,True,other,False,none,none,none,daytime,4.0,True,feature_description,documentary_photo,season_event,
18039573613834271,True,other,True,guest_lifestyle,none,no_view,daytime,4.0,False,none,styled_editorial,brand_worldview,
18003491951726355,True,garden_outdoor_space,False,none,none,garden_view,daytime,3.0,False,none,close_up_detail,view_scenery,
18062584171723379,True,room,False,none,standard,mountain_view,daytime,4.0,False,none,styled_editorial,room_showcase,
17843377533423589,True,food_drink,False,none,none,none,unknown,4.0,False,none,close_up_detail,food_dining,
18001040357477172,True,lobby_lounge,False,none,none,no_view,night,4.0,False,none,styled_editorial,brand_worldview,
18260836135267668,True,room,True,couple,none,city_view,night,4.0,False,none,styled_editorial,experience_activity,
18299387629209421,True,room,True,guest_lifestyle,standard,no_view,daytime,3.0,False,none,documentary_photo,room_showcase,
18065348416548562,True,garden_outdoor_space,False,none,none,garden_view,daytime,3.0,True,feature_description,documentary_photo,view_scenery,
18091959358913635,True,activity,True,hand_detail,none,other,daytime,2.0,False,none,documentary_photo,experience_activity,
17915604501172192,True,room,False,none,standard,ocean_view,daytime,3.0,False,none,documentary_photo,room_showcase,
18065602330847695,True,restaurant_bar,False,none,none,mountain_view,daytime,5.0,False,none,styled_editorial,brand_worldview,
18106739377908108,True,food_drink,False,none,none,no_view,unknown,5.0,True,feature_description,styled_editorial,food_dining,
18412035463138682,True,lobby_lounge,False,none,none,no_view,daytime,4.0,False,none,styled_editorial,brand_worldview,
18327790207245224,True,food_drink,False,none,none,no_view,daytime,4.0,False,none,close_up_detail,food_dining,
18178169668386343,True,food_drink,False,none,none,no_view,unknown,4.0,False,none,styled_editorial,food_dining,
17992269620783664,True,food_drink,False,none,none,none,unknown,5.0,True,feature_description,close_up_detail,food_dining,
18100470781942416,True,other,False,none,none,none,unknown,3.0,True,season_event_announcement,other,season_event,
18039670799102698,True,food_drink,False,none,none,none,unknown,4.0,False,none,styled_editorial,food_dining,
18011190551666827,True,lobby_lounge,True,silhouette_distant,none,no_view,daytime,4.0,True,season_event_announcement,styled_editorial,season_event,
17949206220153404,True,restaurant_bar,True,guest_lifestyle,none,ocean_view,daytime,3.0,False,none,styled_editorial,food_dining,
17916534489343425,True,garden_outdoor_space,False,none,none,garden_view,daytime,4.0,False,none,close_up_detail,season_event,
17857166730243904,True,restaurant_bar,True,hand_detail,none,no_view,night,4.0,False,none,close_up_detail,experience_activity,
18063230660503125,True,activity,True,guest_lifestyle,none,city_view,daytime,3.0,False,none,styled_editorial,experience_activity,
18049137056287950,True,lobby_lounge,False,none,none,no_view,night,4.0,False,none,styled_editorial,season_event,
17942450858731513,True,lobby_lounge,True,guest_lifestyle,none,city_view,daytime,4.0,False,none,styled_editorial,experience_activity,
18078102668510475,True,room,False,none,standard,no_view,unknown,3.0,False,none,close_up_detail,room_showcase,
18050389234811819,True,exterior_entrance,False,none,none,none,daytime,3.0,True,facility_name_logo,close_up_detail,brand_worldview,
17847958047599505,True,food_drink,True,hand_detail,none,no_view,daytime,3.0,True,facility_name_logo,close_up_detail,food_dining,
17879169423359640,True,food_drink,False,none,none,none,daytime,4.0,True,feature_description,close_up_detail,food_dining,
18059991718943201,True,lobby_lounge,True,guest_lifestyle,none,partial_view,daytime,4.0,False,none,styled_editorial,food_dining,
18304695646155632,True,view_from_window,True,guest_lifestyle,suite_highend,ocean_view,golden_hour_sunset,5.0,True,feature_description,styled_editorial,view_scenery,
17870983674545464,True,restaurant_bar,True,hand_detail,none,no_view,unknown,4.0,True,feature_description,styled_editorial,food_dining,
17906727555277798,True,room,False,none,suite_highend,partial_view,daytime,4.0,False,none,styled_editorial,room_showcase,
18484654963063023,True,lobby_lounge,True,guest_lifestyle,none,city_view,daytime,4.0,False,none,styled_editorial,brand_worldview,
18019655366455272,True,garden_outdoor_space,False,none,none,ocean_view,daytime,4.0,False,none,wide_establishing,view_scenery,
17957648570862396,True,exterior_entrance,True,guest_lifestyle,traditional_japanese,partial_view,daytime,4.0,True,facility_name_logo,styled_editorial,brand_worldview,
17957513394009621,True,lobby_lounge,False,none,none,no_view,night,5.0,False,none,styled_editorial,season_event,
18051551411321406,True,restaurant_bar,True,staff,none,no_view,night,5.0,False,none,styled_editorial,food_dining,
17902632486409461,True,garden_outdoor_space,False,none,none,garden_view,night,5.0,False,none,styled_editorial,view_scenery,
18502158511064001,True,food_drink,True,hand_detail,none,none,daytime,2.0,False,none,close_up_detail,food_dining,
18186794530334241,True,lobby_lounge,False,none,none,no_view,daytime,3.0,True,season_event_announcement,styled_editorial,season_event,
18094943077711216,True,pool_spa,False,none,none,ocean_view,daytime,4.0,True,feature_description,documentary_photo,experience_activity,
18115571569603867,True,food_drink,False,none,none,none,unknown,5.0,True,feature_description,flat_lay,food_dining,
17862888213671594,True,lobby_lounge,True,family,none,garden_view,daytime,4.0,False,none,wide_establishing,brand_worldview,
17974176330010124,True,activity,True,other,none,no_view,daytime,4.0,False,none,documentary_photo,experience_activity,
18146812693347149,True,activity,True,guest_lifestyle,none,ocean_view,daytime,4.0,True,facility_name_logo,styled_editorial,experience_activity,
18084016495481731,True,lobby_lounge,False,none,none,city_view,night,3.0,False,none,styled_editorial,brand_worldview,
17874112821507359,True,food_drink,False,none,none,no_view,unknown,4.0,False,none,styled_editorial,food_dining,
18404422642106455,True,food_drink,False,none,none,partial_view,daytime,4.0,False,none,close_up_detail,food_dining,
18091637615182236,True,lobby_lounge,True,guest_lifestyle,none,ocean_view,daytime,4.0,False,none,styled_editorial,brand_worldview,
18044602042955542,True,lobby_lounge,False,none,none,no_view,unknown,4.0,True,feature_description,documentary_photo,brand_worldview,
18111563389405486,True,lobby_lounge,True,staff,none,city_view,daytime,4.0,False,none,styled_editorial,brand_worldview,
18058199956659157,True,garden_outdoor_space,True,guest_lifestyle,none,ocean_view,daytime,3.0,False,none,wide_establishing,view_scenery,
18080243318123290,True,garden_outdoor_space,True,guest_lifestyle,none,garden_view,daytime,3.0,True,feature_description,styled_editorial,experience_activity,
17935626978213115,True,pool_spa,False,none,none,no_view,unknown,3.0,False,none,documentary_photo,experience_activity,
18390497965159572,True,amenity_detail,False,none,none,no_view,night,4.0,False,none,close_up_detail,brand_worldview,
18050780035846035,True,pool_spa,False,none,none,partial_view,night,4.0,False,none,styled_editorial,experience_activity,
18133752193499429,True,exterior_entrance,False,none,none,none,daytime,5.0,False,none,styled_editorial,brand_worldview,
18077052272554502,True,garden_outdoor_space,False,none,none,garden_view,daytime,4.0,False,none,close_up_detail,season_event,
18075400981934226,True,amenity_detail,True,hand_detail,none,no_view,daytime,4.0,False,none,styled_editorial,experience_activity,
18069474572665389,True,other,False,none,none,none,unknown,3.0,True,user_voice_review,close_up_detail,brand_worldview,
17884196961255541,True,food_drink,False,none,none,no_view,daytime,4.0,False,none,close_up_detail,food_dining,
17965751489904536,True,garden_outdoor_space,False,none,none,mountain_view,daytime,3.0,False,none,wide_establishing,view_scenery,
18137544160361585,True,activity,False,none,none,no_view,unknown,3.0,False,none,documentary_photo,experience_activity,
18029414876110351,True,food_drink,False,none,none,none,unknown,5.0,True,user_voice_review,styled_editorial,food_dining,
18133784758421099,True,pool_spa,False,none,none,ocean_view,night,4.0,False,none,wide_establishing,view_scenery,
18081625142376519,True,garden_outdoor_space,True,silhouette_distant,none,garden_view,daytime,3.0,False,none,documentary_photo,view_scenery,
18382617958194482,True,room,False,none,standard,garden_view,daytime,4.0,False,none,styled_editorial,room_showcase,
18054629131900506,True,activity,True,silhouette_distant,none,ocean_view,daytime,4.0,False,none,drone_aerial,experience_activity,
18155392915313657,True,activity,True,other,none,none,night,2.0,False,none,documentary_photo,experience_activity,
18061607336528507,True,restaurant_bar,True,silhouette_distant,none,no_view,night,3.0,False,none,close_up_detail,season_event,
17940156638878549,True,garden_outdoor_space,True,guest_lifestyle,none,garden_view,daytime,3.0,False,none,documentary_photo,experience_activity,
18076890725393545,True,room,False,none,standard,garden_view,daytime,3.0,True,feature_description,styled_editorial,room_showcase,
17941892252718360,True,room,False,none,standard,city_view,night,4.0,False,none,styled_editorial,room_showcase,
17971155800804992,True,exterior_entrance,False,none,none,no_view,daytime,4.0,True,facility_name_logo,styled_editorial,brand_worldview,
17997708182708483,True,restaurant_bar,False,none,none,none,night,4.0,False,none,styled_editorial,food_dining,
17972659982684039,True,garden_outdoor_space,False,none,none,garden_view,golden_hour_sunset,4.0,False,none,wide_establishing,brand_worldview,
17983899773770861,True,room,True,guest_lifestyle,standard,city_view,daytime,3.0,False,none,styled_editorial,room_showcase,
18100744801484035,True,lobby_lounge,False,none,none,no_view,daytime,5.0,False,none,styled_editorial,season_event,
18105453862610133,True,pool_spa,False,none,none,garden_view,daytime,4.0,False,none,styled_editorial,experience_activity,
17983994615988475,True,activity,False,none,none,none,unknown,4.0,False,none,documentary_photo,experience_activity,
18116575975656738,True,garden_outdoor_space,False,none,none,mountain_view,daytime,3.0,True,facility_name_logo,wide_establishing,view_scenery,
17914346282965931,True,restaurant_bar,True,hand_detail,none,partial_view,daytime,4.0,False,none,close_up_detail,food_dining,
18314008339280897,True,lobby_lounge,False,none,none,garden_view,daytime,5.0,False,none,styled_editorial,brand_worldview,
18536512663032451,True,restaurant_bar,False,none,none,garden_view,daytime,4.0,True,feature_description,styled_editorial,food_dining,
18051649153884451,True,restaurant_bar,False,none,none,garden_view,daytime,4.0,False,none,close_up_detail,food_dining,
17928606588027563,True,garden_outdoor_space,False,none,none,no_view,daytime,3.0,False,none,close_up_detail,experience_activity,
18150839710466964,True,garden_outdoor_space,False,none,none,garden_view,night,4.0,False,none,styled_editorial,experience_activity,
18088887058954615,True,other,False,none,none,no_view,daytime,2.0,False,none,close_up_detail,season_event,
18074997212564340,True,garden_outdoor_space,False,none,none,mountain_view,daytime,4.0,False,none,wide_establishing,view_scenery,
18100067141063058,True,garden_outdoor_space,False,none,none,garden_view,daytime,1.0,True,season_event_announcement,other,experience_activity,
18551421295068241,True,room,False,none,standard,no_view,unknown,4.0,False,none,styled_editorial,room_showcase,
18393003775140626,True,activity,True,guest_lifestyle,other,mountain_view,daytime,2.0,False,none,documentary_photo,experience_activity,
18077147689542404,True,restaurant_bar,True,guest_lifestyle,none,city_view,night,3.0,False,none,documentary_photo,food_dining,
18100850347825018,True,activity,True,guest_lifestyle,none,no_view,unknown,3.0,True,facility_name_logo,documentary_photo,experience_activity,
17967032061032999,True,food_drink,True,hand_detail,none,no_view,daytime,4.0,False,none,styled_editorial,food_dining,
18329319598143805,True,exterior_entrance,False,none,none,none,daytime,3.0,False,none,wide_establishing,brand_worldview,
18072770327352097,True,food_drink,False,none,none,no_view,unknown,5.0,False,none,styled_editorial,food_dining,
17884008825490483,True,lobby_lounge,False,none,none,city_view,daytime,4.0,True,feature_description,styled_editorial,brand_worldview,
18037433215910704,True,activity,False,none,none,none,daytime,4.0,True,feature_description,flat_lay,experience_activity,
18495520459026051,True,lobby_lounge,True,guest_lifestyle,none,ocean_view,daytime,4.0,True,facility_name_logo,styled_editorial,experience_activity,
18052074110234669,True,food_drink,False,none,none,garden_view,daytime,4.0,False,none,close_up_detail,food_dining,
17849015427424975,True,bathroom,False,none,suite_highend,no_view,unknown,4.0,False,none,close_up_detail,room_showcase,
18096407362916064,True,food_drink,False,none,none,no_view,unknown,4.0,False,none,styled_editorial,food_dining,
17904416397392994,True,food_drink,False,none,none,none,daytime,5.0,False,none,styled_editorial,food_dining,
18040308418749488,True,food_drink,False,none,none,no_view,daytime,5.0,False,none,styled_editorial,food_dining,
18252546046258520,True,food_drink,False,none,none,no_view,daytime,4.0,False,none,close_up_detail,food_dining,
18119588962633067,True,amenity_detail,False,none,none,no_view,unknown,4.0,True,facility_name_logo,close_up_detail,brand_worldview,
18001614473608999,True,garden_outdoor_space,False,none,none,garden_view,daytime,4.0,True,facility_name_logo,wide_establishing,brand_worldview,
17946101621962868,True,food_drink,False,none,none,none,daytime,3.0,False,none,close_up_detail,food_dining,
18119441797647455,True,restaurant_bar,True,staff,none,no_view,daytime,2.0,False,none,documentary_photo,food_dining,
18124327450617716,True,garden_outdoor_space,False,none,none,garden_view,golden_hour_sunset,3.0,False,none,documentary_photo,view_scenery,
18035765429193515,True,restaurant_bar,False,none,none,no_view,unknown,5.0,True,season_event_announcement,styled_editorial,season_event,
17992667324943427,True,food_drink,True,hand_detail,none,no_view,unknown,4.0,True,access_location_info,styled_editorial,food_dining,
17874475875232786,True,garden_outdoor_space,False,none,none,ocean_view,night,5.0,False,none,wide_establishing,view_scenery,
18080652539566467,True,garden_outdoor_space,False,none,none,garden_view,daytime,4.0,False,none,wide_establishing,season_event,
18024716894162501,True,restaurant_bar,True,guest_lifestyle,none,partial_view,daytime,3.0,False,none,documentary_photo,season_event,
18048208379047071,True,restaurant_bar,True,guest_lifestyle,none,no_view,daytime,4.0,False,none,styled_editorial,food_dining,
18348235342210308,True,food_drink,False,none,none,no_view,daytime,4.0,True,facility_name_logo,styled_editorial,food_dining,
17855023335283618,True,food_drink,False,none,none,garden_view,daytime,4.0,False,none,close_up_detail,food_dining,
17879850798550839,True,food_drink,False,none,none,ocean_view,daytime,3.0,True,facility_name_logo,close_up_detail,food_dining,
18067586401948565,True,lobby_lounge,False,none,none,city_view,daytime,4.0,True,facility_name_logo,styled_editorial,brand_worldview,
18058973708284268,True,food_drink,False,none,none,no_view,daytime,3.0,True,price_plan_info,close_up_detail,food_dining,
18045599339537731,True,other,False,none,none,no_view,unknown,3.0,True,feature_description,flat_lay,brand_worldview,
17864888922276022,True,food_drink,False,none,none,none,unknown,3.0,False,none,close_up_detail,food_dining,
18053632799194780,True,room,True,guest_lifestyle,none,city_view,daytime,4.0,False,none,styled_editorial,room_showcase,
18042595796110014,True,garden_outdoor_space,True,guest_lifestyle,villa_private,garden_view,daytime,4.0,False,none,styled_editorial,experience_activity,
18035845589380238,True,restaurant_bar,True,guest_lifestyle,none,city_view,golden_hour_sunset,3.0,True,facility_name_logo,documentary_photo,food_dining,
18092539247154419,True,food_drink,False,none,none,none,daytime,4.0,False,none,close_up_detail,food_dining,
18001654340808151,True,bathroom,False,none,suite_highend,partial_view,daytime,5.0,False,none,styled_editorial,room_showcase,
18100608124985996,True,lobby_lounge,True,staff,none,no_view,daytime,4.0,False,none,styled_editorial,brand_worldview,
17985179330775277,True,restaurant_bar,True,hand_detail,none,no_view,unknown,5.0,False,none,styled_editorial,food_dining,
17896238208364276,True,exterior_entrance,False,none,none,city_view,daytime,4.0,True,season_event_announcement,wide_establishing,brand_worldview,
18375758110145149,True,restaurant_bar,False,none,none,city_view,night,4.0,True,season_event_announcement,documentary_photo,food_dining,
17911144629024457,True,garden_outdoor_space,False,none,none,ocean_view,daytime,5.0,False,none,styled_editorial,view_scenery,
18100848793768753,True,activity,True,silhouette_distant,none,none,night,4.0,True,facility_name_logo,wide_establishing,experience_activity,
18349518265241122,True,food_drink,False,none,none,none,unknown,2.0,True,feature_description,documentary_photo,food_dining,
17870799354351205,True,pool_spa,False,none,none,no_view,night,4.0,False,none,documentary_photo,experience_activity,
17948204459900661,True,exterior_entrance,False,none,none,no_view,daytime,3.0,True,facility_name_logo,documentary_photo,brand_worldview,
18200011726325163,True,food_drink,False,none,none,none,daytime,3.0,True,facility_name_logo,flat_lay,food_dining,
18042920998802073,True,food_drink,False,none,none,none,daytime,5.0,True,feature_description,styled_editorial,food_dining,
18005303816730316,True,garden_outdoor_space,True,silhouette_distant,none,ocean_view,golden_hour_sunset,4.0,False,none,styled_editorial,view_scenery,
18173920714404555,True,exterior_entrance,True,silhouette_distant,none,city_view,night,4.0,True,facility_name_logo,wide_establishing,view_scenery,
18065095124693776,True,restaurant_bar,True,couple,none,no_view,daytime,4.0,False,none,styled_editorial,food_dining,
17880408393508357,True,restaurant_bar,False,none,none,no_view,night,4.0,True,facility_name_logo,close_up_detail,food_dining,
18080721406672364,True,restaurant_bar,False,none,none,partial_view,daytime,4.0,False,none,styled_editorial,food_dining,
18042424172331505,True,food_drink,False,none,none,none,daytime,5.0,False,none,styled_editorial,food_dining,
17969848896047400,True,restaurant_bar,False,none,none,no_view,night,4.0,False,none,close_up_detail,food_dining,
18109078483867144,True,garden_outdoor_space,False,none,none,garden_view,night,4.0,True,other,wide_establishing,season_event,
17885541111535315,True,garden_outdoor_space,False,none,none,garden_view,daytime,3.0,True,season_event_announcement,styled_editorial,season_event,
17920840398340144,True,restaurant_bar,True,staff,none,partial_view,daytime,4.0,False,none,wide_establishing,food_dining,
18037023431658651,True,lobby_lounge,False,none,none,garden_view,daytime,4.0,False,none,styled_editorial,brand_worldview,
18581519545045979,True,food_drink,False,none,none,no_view,daytime,4.0,False,none,close_up_detail,food_dining,
17889310776313456,True,lobby_lounge,False,none,none,no_view,night,3.0,True,feature_description,close_up_detail,brand_worldview,
18367120459195831,True,restaurant_bar,True,guest_lifestyle,none,city_view,daytime,3.0,False,none,wide_establishing,experience_activity,
18047859179753432,True,food_drink,False,none,none,none,unknown,4.0,False,none,close_up_detail,food_dining,
18405089845150756,True,amenity_detail,False,none,none,no_view,daytime,4.0,True,facility_name_logo,close_up_detail,brand_worldview,
18079525214410645,True,exterior_entrance,False,none,none,garden_view,night,4.0,True,other,styled_editorial,brand_worldview,
18104639155661873,True,exterior_entrance,False,none,none,city_view,night,4.0,False,none,wide_establishing,view_scenery,
17928207560840181,True,food_drink,False,none,none,no_view,daytime,3.0,True,feature_description,close_up_detail,food_dining,
17862334392462906,True,food_drink,True,hand_detail,none,none,daytime,4.0,False,none,close_up_detail,food_dining,
18039626056908848,True,restaurant_bar,True,staff,none,no_view,daytime,4.0,False,none,documentary_photo,food_dining,
18179278012345560,True,activity,True,other,none,none,daytime,1.0,True,access_location_info,other,experience_activity,
18090635477336968,True,exterior_entrance,False,none,none,none,daytime,3.0,False,none,wide_establishing,brand_worldview,
18042598577012719,True,food_drink,False,none,none,no_view,daytime,4.0,False,none,close_up_detail,food_dining,
18117395506717897,True,amenity_detail,True,hand_detail,none,no_view,daytime,4.0,False,none,close_up_detail,experience_activity,
18019222052749694,True,view_from_window,True,silhouette_distant,none,mountain_view,daytime,3.0,False,none,styled_editorial,experience_activity,
18087667054748871,True,activity,False,none,none,garden_view,daytime,4.0,True,season_event_announcement,styled_editorial,season_event,
17971545096045111,True,activity,True,family,none,no_view,daytime,3.0,False,none,documentary_photo,experience_activity,
18010652489701157,True,other,True,other,none,none,unknown,1.0,False,none,other,other,
18083504051597408,True,pool_spa,False,none,none,ocean_view,daytime,4.0,False,none,documentary_photo,experience_activity,
18096418478017225,True,activity,True,family,none,no_view,daytime,4.0,False,none,styled_editorial,experience_activity,
18109781845850214,True,other,True,guest_lifestyle,none,no_view,daytime,2.0,False,none,close_up_detail,experience_activity,
18061477102653595,True,garden_outdoor_space,True,silhouette_distant,none,ocean_view,daytime,5.0,False,none,drone_aerial,view_scenery,
17883108849514095,True,garden_outdoor_space,False,none,none,garden_view,daytime,5.0,False,none,styled_editorial,experience_activity,
18435306793136738,True,lobby_lounge,False,none,none,no_view,daytime,4.0,True,feature_description,styled_editorial,season_event,
17943987359996713,True,restaurant_bar,False,none,none,city_view,night,4.0,False,none,styled_editorial,food_dining,
18005568794703159,True,room,False,none,suite_highend,no_view,daytime,5.0,False,none,styled_editorial,room_showcase,
18078510149414364,True,lobby_lounge,False,none,none,no_view,daytime,3.0,True,season_event_announcement,styled_editorial,season_event,
17968422104837950,True,food_drink,False,none,none,no_view,unknown,5.0,False,none,close_up_detail,food_dining,
18070568302531884,True,food_drink,False,none,none,none,daytime,4.0,False,none,flat_lay,food_dining,
18076317013830816,True,garden_outdoor_space,False,none,none,garden_view,daytime,4.0,False,none,wide_establishing,brand_worldview,
18126718621598323,True,lobby_lounge,True,guest_lifestyle,none,garden_view,daytime,3.0,True,facility_name_logo,documentary_photo,brand_worldview,
18094887575025071,True,garden_outdoor_space,True,couple,none,garden_view,daytime,4.0,False,none,styled_editorial,experience_activity,
18109194080499135,True,restaurant_bar,False,none,none,mountain_view,daytime,3.0,True,season_event_announcement,documentary_photo,season_event,
18569609926065067,True,activity,False,none,none,mountain_view,daytime,3.0,True,feature_description,documentary_photo,experience_activity,
18185027146331073,True,room,True,guest_lifestyle,standard,no_view,daytime,3.0,False,none,styled_editorial,room_showcase,
17952347324757653,True,lobby_lounge,True,guest_lifestyle,none,no_view,daytime,4.0,False,none,styled_editorial,brand_worldview,
17979399656990800,True,exterior_entrance,False,none,none,no_view,night,4.0,True,season_event_announcement,wide_establishing,season_event,
18131519941497327,True,garden_outdoor_space,False,none,none,ocean_view,daytime,4.0,False,none,wide_establishing,experience_activity,
18134773891390783,True,food_drink,False,none,none,no_view,night,4.0,False,none,close_up_detail,food_dining,
17887583901457445,True,room,True,guest_lifestyle,standard,partial_view,daytime,3.0,False,none,styled_editorial,room_showcase,
18099006799670189,True,garden_outdoor_space,True,guest_lifestyle,none,none,night,4.0,False,none,wide_establishing,season_event,
18071675720351832,True,restaurant_bar,True,guest_lifestyle,none,garden_view,daytime,3.0,False,none,styled_editorial,experience_activity,
17861593065503442,True,pool_spa,False,none,none,ocean_view,daytime,5.0,False,none,styled_editorial,experience_activity,
17883789300147229,True,lobby_lounge,False,none,none,city_view,daytime,5.0,False,none,styled_editorial,room_showcase,
18365918317105830,True,food_drink,False,none,none,no_view,daytime,5.0,False,none,close_up_detail,food_dining,
18194997349325177,True,restaurant_bar,False,none,none,no_view,daytime,4.0,False,none,styled_editorial,food_dining,
18106606096461694,True,restaurant_bar,False,none,none,none,daytime,4.0,False,none,close_up_detail,food_dining,
18121412140718939,True,other,False,none,none,other,daytime,3.0,True,other,documentary_photo,brand_worldview,
18134260954542028,True,other,False,none,none,no_view,daytime,4.0,True,access_location_info,styled_editorial,food_dining,
17919507771012201,True,food_drink,True,hand_detail,none,none,unknown,4.0,True,price_plan_info,close_up_detail,experience_activity,
18099307066509984,True,garden_outdoor_space,True,guest_lifestyle,none,garden_view,daytime,3.0,False,none,documentary_photo,view_scenery,
18390002725155218,True,garden_outdoor_space,False,none,none,garden_view,daytime,4.0,False,none,wide_establishing,view_scenery,
17891128257054269,True,food_drink,False,none,none,none,unknown,5.0,False,none,styled_editorial,food_dining,
18146238427325506,True,food_drink,False,none,none,no_view,daytime,4.0,False,none,styled_editorial,food_dining,
18339640138159280,True,food_drink,True,hand_detail,none,no_view,daytime,4.0,False,none,close_up_detail,food_dining,
18079221710408741,True,garden_outdoor_space,False,none,none,garden_view,daytime,3.0,False,none,close_up_detail,view_scenery,
18061609766436410,True,food_drink,False,none,none,none,daytime,3.0,False,none,close_up_detail,food_dining,
18051826321972349,True,amenity_detail,False,none,none,no_view,unknown,2.0,False,none,close_up_detail,brand_worldview,
17934832766896488,True,restaurant_bar,False,none,none,city_view,golden_hour_sunset,3.0,True,other,styled_editorial,experience_activity,
17986828427568002,True,pool_spa,True,silhouette_distant,none,garden_view,daytime,4.0,False,none,wide_establishing,experience_activity,
18050339626791473,True,room,False,none,suite_highend,partial_view,daytime,4.0,False,none,styled_editorial,room_showcase,
18052488116295347,True,garden_outdoor_space,False,none,none,garden_view,daytime,3.0,False,none,wide_establishing,view_scenery,
18093009913519082,True,restaurant_bar,True,staff,none,city_view,daytime,4.0,False,none,styled_editorial,experience_activity,
18078595253127895,True,food_drink,False,none,traditional_japanese,no_view,daytime,5.0,False,none,close_up_detail,food_dining,
18001251248699177,True,lobby_lounge,False,none,none,no_view,unknown,4.0,True,feature_description,close_up_detail,brand_worldview,
18432069469141413,True,food_drink,False,none,none,none,unknown,4.0,False,none,styled_editorial,food_dining,
18181930006305495,True,restaurant_bar,True,guest_lifestyle,none,garden_view,daytime,4.0,False,none,styled_editorial,food_dining,
18033097211725174,True,food_drink,False,none,none,none,daytime,4.0,True,season_event_announcement,styled_editorial,food_dining,
18041024924218767,True,restaurant_bar,True,guest_lifestyle,none,no_view,daytime,2.0,False,none,styled_editorial,food_dining,
18251232232305354,True,lobby_lounge,False,none,none,no_view,daytime,5.0,True,facility_name_logo,styled_editorial,season_event,
17883385188152709,True,lobby_lounge,True,guest_lifestyle,none,no_view,unknown,4.0,False,none,styled_editorial,food_dining,
17857416099241286,True,food_drink,False,none,none,no_view,night,4.0,True,season_event_announcement,styled_editorial,food_dining,
18051603608309421,True,exterior_entrance,False,none,none,partial_view,daytime,4.0,True,facility_name_logo,documentary_photo,food_dining,
18048055124633543,True,room,False,none,suite_highend,no_view,daytime,5.0,False,none,styled_editorial,experience_activity,
18074444582279999,True,food_drink,True,hand_detail,none,no_view,daytime,4.0,False,none,close_up_detail,food_dining,
18113733109786239,True,pool_spa,False,none,none,garden_view,daytime,4.0,False,none,wide_establishing,experience_activity,
18316700350262010,True,food_drink,False,none,none,no_view,unknown,4.0,True,facility_name_logo,close_up_detail,food_dining,
18313749610273611,True,room,False,none,traditional_japanese,mountain_view,daytime,3.0,False,none,documentary_photo,room_showcase,
17861233317527941,True,exterior_entrance,False,none,villa_private,none,daytime,5.0,True,facility_name_logo,documentary_photo,brand_worldview,
18402985510179331,True,exterior_entrance,False,none,none,city_view,daytime,2.0,True,facility_name_logo,wide_establishing,brand_worldview,
18024188318196793,True,pool_spa,False,none,none,garden_view,daytime,3.0,False,none,wide_establishing,experience_activity,
18357191641133556,True,activity,True,other,none,none,unknown,1.0,True,season_event_announcement,documentary_photo,season_event,
18036452966360528,True,restaurant_bar,False,none,none,no_view,daytime,3.0,True,season_event_announcement,styled_editorial,season_event,
18023750474536787,True,other,True,guest_lifestyle,none,none,night,4.0,True,season_event_announcement,styled_editorial,season_event,
18075729362551425,True,activity,True,guest_lifestyle,none,other,daytime,3.0,False,none,documentary_photo,experience_activity,
18059968645702946,True,restaurant_bar,False,none,none,no_view,daytime,4.0,False,none,close_up_detail,food_dining,
17913976476010109,True,restaurant_bar,True,guest_lifestyle,none,city_view,daytime,3.0,False,none,styled_editorial,food_dining,
18128916052426594,True,food_drink,True,guest_lifestyle,none,garden_view,daytime,3.0,True,facility_name_logo,styled_editorial,food_dining,
17857056600684553,True,food_drink,False,none,none,none,daytime,4.0,False,none,close_up_detail,food_dining,
18109635268720895,True,lobby_lounge,False,none,none,city_view,daytime,4.0,False,none,styled_editorial,season_event,
18128550739536984,True,activity,True,guest_lifestyle,none,mountain_view,daytime,3.0,True,price_plan_info,documentary_photo,price_plan_announcement,
18112661851463407,True,room,False,none,suite_highend,ocean_view,daytime,5.0,False,none,wide_establishing,room_showcase,
18160311826434072,True,food_drink,False,none,none,none,daytime,5.0,False,none,close_up_detail,food_dining,
18013373357683908,True,food_drink,False,none,none,no_view,unknown,4.0,False,none,close_up_detail,food_dining,
17933461047051219,True,amenity_detail,False,none,none,other,daytime,4.0,True,facility_name_logo,close_up_detail,brand_worldview,
18259924276294037,True,activity,True,family,none,none,daytime,1.0,True,season_event_announcement,other,season_event,
18020473739609727,True,room,False,none,suite_highend,ocean_view,daytime,4.0,False,none,styled_editorial,room_showcase,
18236370850305658,True,lobby_lounge,False,none,none,no_view,daytime,5.0,False,none,styled_editorial,season_event,
18543590554008930,True,lobby_lounge,False,none,none,no_view,daytime,4.0,False,none,documentary_photo,brand_worldview,
18018741971196455,True,pool_spa,False,none,none,city_view,daytime,5.0,True,facility_name_logo,styled_editorial,experience_activity,
18087175123958348,True,room,False,none,villa_private,ocean_view,daytime,5.0,False,none,wide_establishing,room_showcase,
18394002877158141,True,garden_outdoor_space,False,none,none,garden_view,daytime,4.0,False,none,styled_editorial,view_scenery,
18354219073184955,True,lobby_lounge,True,guest_lifestyle,none,partial_view,daytime,4.0,False,none,styled_editorial,brand_worldview,
18115594162659636,True,other,False,none,none,city_view,golden_hour_sunset,3.0,True,feature_description,documentary_photo,brand_worldview,
17886164202530573,True,pool_spa,False,none,none,garden_view,golden_hour_sunset,4.0,False,none,styled_editorial,experience_activity,
18578154502028849,True,food_drink,False,none,none,no_view,daytime,3.0,True,other,close_up_detail,food_dining,
17973056022033331,True,amenity_detail,False,none,traditional_japanese,no_view,unknown,4.0,False,none,close_up_detail,brand_worldview,
17896403214062505,True,lobby_lounge,True,guest_lifestyle,none,partial_view,daytime,4.0,False,none,styled_editorial,experience_activity,
18113814118504798,True,pool_spa,False,none,villa_private,garden_view,daytime,5.0,False,none,styled_editorial,experience_activity,
18002575112882935,True,garden_outdoor_space,False,none,none,other,daytime,4.0,False,none,wide_establishing,season_event,
18064617632198692,True,activity,False,none,none,ocean_view,daytime,3.0,True,access_location_info,wide_establishing,experience_activity,
17878155297088379,True,garden_outdoor_space,True,guest_lifestyle,none,city_view,daytime,3.0,False,none,documentary_photo,view_scenery,
17942884920177905,True,room,False,none,none,no_view,daytime,3.0,True,facility_name_logo,styled_editorial,experience_activity,
18100986544426008,True,lobby_lounge,True,guest_lifestyle,none,partial_view,daytime,4.0,False,none,styled_editorial,brand_worldview,
17877257106212075,True,room,True,guest_lifestyle,standard,no_view,night,3.0,False,none,documentary_photo,experience_activity,
18054618056012712,True,room,False,none,standard,no_view,daytime,4.0,False,none,styled_editorial,room_showcase,
18120349453554794,True,pool_spa,False,none,villa_private,garden_view,daytime,4.0,False,none,styled_editorial,experience_activity,
18421049188120010,True,activity,True,guest_lifestyle,none,ocean_view,daytime,3.0,False,none,wide_establishing,experience_activity,
18432286825039887,True,food_drink,False,none,none,none,unknown,4.0,True,feature_description,close_up_detail,food_dining,
18142937848500862,True,food_drink,False,none,none,none,daytime,5.0,False,none,styled_editorial,food_dining,
17851672155597411,True,lobby_lounge,False,none,none,no_view,night,4.0,False,none,styled_editorial,brand_worldview,
18048128365834712,True,garden_outdoor_space,False,none,none,garden_view,night,5.0,False,none,wide_establishing,experience_activity,
18327087205144524,True,view_from_window,False,none,none,mountain_view,golden_hour_sunset,4.0,False,none,wide_establishing,view_scenery,
17864081391290115,True,food_drink,True,hand_detail,none,no_view,unknown,3.0,False,none,close_up_detail,food_dining,
18051983114687025,True,room,True,guest_lifestyle,standard,partial_view,daytime,4.0,False,none,styled_editorial,experience_activity,
18049620701024062,True,exterior_entrance,True,silhouette_distant,none,none,night,4.0,False,none,wide_establishing,experience_activity,
18360824263228371,True,activity,True,other,none,no_view,daytime,1.0,True,other,close_up_detail,other,
18150581281361893,True,exterior_entrance,True,staff,traditional_japanese,no_view,golden_hour_sunset,4.0,True,facility_name_logo,styled_editorial,brand_worldview,
17998148999874634,True,food_drink,False,none,none,no_view,unknown,5.0,False,none,styled_editorial,food_dining,
17924827374292376,True,food_drink,False,none,none,none,daytime,3.0,False,none,styled_editorial,food_dining,
18324848350264306,True,food_drink,False,none,none,none,daytime,4.0,True,feature_description,documentary_photo,food_dining,
17907565005358164,True,activity,True,staff,none,mountain_view,daytime,2.0,False,none,documentary_photo,experience_activity,
18152120296394112,True,room,False,none,suite_highend,mountain_view,daytime,4.0,False,none,styled_editorial,room_showcase,
18156198430432102,True,food_drink,True,hand_detail,none,no_view,daytime,3.0,True,season_event_announcement,close_up_detail,food_dining,
18061829999235757,True,room,False,none,none,no_view,unknown,4.0,False,none,styled_editorial,season_event,
18424947046139773,True,food_drink,True,hand_detail,none,no_view,daytime,4.0,False,none,close_up_detail,food_dining,
18061996763098401,True,food_drink,False,none,none,none,unknown,5.0,False,none,styled_editorial,food_dining,
18057613772331313,True,room,True,guest_lifestyle,suite_highend,city_view,daytime,4.0,False,none,styled_editorial,room_showcase,
18076192616169087,True,activity,True,family,none,none,daytime,2.0,False,none,close_up_detail,experience_activity,
18090708503192483,True,pool_spa,False,none,none,ocean_view,daytime,5.0,False,none,wide_establishing,experience_activity,
17914613007273386,True,food_drink,True,hand_detail,none,partial_view,daytime,4.0,False,none,close_up_detail,food_dining,
18018120803098824,True,activity,True,other,none,none,daytime,2.0,True,other,documentary_photo,experience_activity,
17914594598874124,True,garden_outdoor_space,True,guest_lifestyle,none,garden_view,daytime,3.0,False,none,documentary_photo,season_event,
18580688764017130,True,view_from_window,False,none,none,mountain_view,daytime,5.0,False,none,wide_establishing,view_scenery,
17937699633219312,True,food_drink,False,none,none,no_view,daytime,4.0,False,none,styled_editorial,food_dining,
17895449025069195,True,lobby_lounge,True,staff,none,no_view,unknown,3.0,True,season_event_announcement,documentary_photo,season_event,
17961502383078933,True,restaurant_bar,False,none,none,city_view,golden_hour_sunset,4.0,False,none,styled_editorial,food_dining,
18083538070811095,True,exterior_entrance,False,none,none,no_view,night,4.0,False,none,documentary_photo,brand_worldview,
18097381289003936,True,food_drink,False,none,none,none,daytime,4.0,False,none,styled_editorial,food_dining,
18103425928749055,True,exterior_entrance,False,none,none,none,daytime,4.0,False,none,styled_editorial,brand_worldview,
18055663457085988,True,room,False,none,traditional_japanese,mountain_view,daytime,4.0,False,none,wide_establishing,room_showcase,
17910263214053977,True,food_drink,False,none,none,none,night,4.0,True,season_event_announcement,close_up_detail,food_dining,
17878391826435334,True,other,False,none,none,none,unknown,4.0,False,none,close_up_detail,brand_worldview,
17904327648410401,True,view_from_window,False,none,traditional_japanese,garden_view,daytime,4.0,False,none,styled_editorial,view_scenery,
17899689585210162,True,amenity_detail,True,hand_detail,none,no_view,unknown,4.0,True,feature_description,close_up_detail,brand_worldview,
17847005199301381,True,pool_spa,False,none,none,garden_view,daytime,4.0,False,none,wide_establishing,brand_worldview,
18109796110837511,True,garden_outdoor_space,False,none,none,garden_view,daytime,4.0,False,none,documentary_photo,brand_worldview,
18099819514974584,True,exterior_entrance,False,none,none,no_view,daytime,4.0,True,price_plan_info,documentary_photo,brand_worldview,
18116671669737055,True,lobby_lounge,False,none,none,mountain_view,daytime,4.0,False,none,styled_editorial,room_showcase,
18247012546260717,True,garden_outdoor_space,False,none,none,mountain_view,daytime,3.0,False,none,wide_establishing,view_scenery,
17992302587627064,True,room,False,none,standard,city_view,night,3.0,False,none,styled_editorial,room_showcase,
17930697596900656,True,food_drink,False,none,none,none,unknown,4.0,True,season_event_announcement,styled_editorial,food_dining,
18024626651347309,True,lobby_lounge,False,none,none,none,night,4.0,False,none,wide_establishing,brand_worldview,
18086899936528106,True,pool_spa,True,couple,none,city_view,daytime,5.0,False,none,styled_editorial,experience_activity,
18103274773393479,True,restaurant_bar,True,guest_lifestyle,none,city_view,daytime,4.0,False,none,styled_editorial,food_dining,
18079455992120644,True,lobby_lounge,False,none,none,no_view,unknown,4.0,False,none,styled_editorial,brand_worldview,
18320987989264084,True,food_drink,False,none,none,none,unknown,3.0,True,access_location_info,close_up_detail,food_dining,
18076082272726090,True,lobby_lounge,False,none,none,no_view,night,4.0,False,none,close_up_detail,brand_worldview,
18128317399584121,True,food_drink,False,none,none,none,unknown,5.0,False,none,styled_editorial,food_dining,
17910524388051893,True,lobby_lounge,False,none,none,no_view,unknown,4.0,True,season_event_announcement,styled_editorial,season_event,
17858017545682863,True,food_drink,False,none,none,no_view,unknown,2.0,False,none,close_up_detail,food_dining,
18073549799207512,True,food_drink,False,none,none,no_view,daytime,4.0,True,other,styled_editorial,food_dining,
18037133413937446,True,food_drink,False,none,none,none,night,4.0,False,none,close_up_detail,food_dining,
17944033425158217,True,garden_outdoor_space,False,none,none,other,night,4.0,False,none,wide_establishing,view_scenery,
18102606928757824,True,food_drink,False,none,none,none,unknown,4.0,False,none,close_up_detail,food_dining,
18194694370362817,True,garden_outdoor_space,False,none,none,garden_view,daytime,4.0,False,none,styled_editorial,view_scenery,
17995356341474059,True,restaurant_bar,True,guest_lifestyle,none,city_view,daytime,3.0,False,none,styled_editorial,food_dining,
18118193587723480,True,garden_outdoor_space,True,silhouette_distant,none,mountain_view,daytime,4.0,False,none,documentary_photo,view_scenery,
18057907927880352,True,restaurant_bar,True,guest_lifestyle,none,city_view,daytime,3.0,False,none,styled_editorial,food_dining,
18177295204356188,True,food_drink,False,none,none,no_view,unknown,5.0,True,feature_description,close_up_detail,food_dining,
17964696467933222,True,food_drink,False,none,none,none,daytime,4.0,True,feature_description,close_up_detail,food_dining,
17870939109193595,True,food_drink,False,none,none,no_view,daytime,4.0,False,none,close_up_detail,food_dining,
18123302128411990,True,garden_outdoor_space,False,none,none,mountain_view,golden_hour_sunset,4.0,True,facility_name_logo,wide_establishing,view_scenery,
18050099675725165,True,view_from_window,False,none,none,city_view,night,4.0,True,access_location_info,wide_establishing,view_scenery,
18162125587328885,True,activity,True,silhouette_distant,none,mountain_view,daytime,3.0,True,season_event_announcement,styled_editorial,experience_activity,
18087741313941482,True,room,False,none,standard,no_view,night,4.0,False,none,styled_editorial,room_showcase,
17904423231205377,True,room,False,none,traditional_japanese,garden_view,daytime,4.0,False,none,styled_editorial,room_showcase,
18065904416265386,True,exterior_entrance,False,none,none,city_view,daytime,4.0,True,season_event_announcement,styled_editorial,season_event,
17935664565275069,True,view_from_window,False,none,none,ocean_view,daytime,4.0,False,none,wide_establishing,view_scenery,
18401789782195035,True,view_from_window,False,none,none,mountain_view,daytime,3.0,False,none,wide_establishing,view_scenery,
17879747301118734,True,food_drink,True,hand_detail,none,garden_view,daytime,3.0,False,none,styled_editorial,food_dining,
17945208627065405,True,food_drink,False,none,none,no_view,unknown,4.0,False,none,close_up_detail,food_dining,
17925038037291008,True,exterior_entrance,False,none,none,no_view,night,4.0,True,facility_name_logo,styled_editorial,brand_worldview,
18067971265983989,True,lobby_lounge,True,hand_detail,none,no_view,daytime,4.0,False,none,close_up_detail,experience_activity,
18087088333800848,True,amenity_detail,True,guest_lifestyle,none,city_view,daytime,4.0,False,none,close_up_detail,brand_worldview,
17988813962794086,True,activity,False,none,none,partial_view,daytime,2.0,True,feature_description,documentary_photo,experience_activity,
18066002869716899,True,pool_spa,False,none,none,garden_view,daytime,4.0,False,none,styled_editorial,experience_activity,
18203976997337058,True,food_drink,False,none,none,no_view,daytime,4.0,False,none,close_up_detail,food_dining,
18036203726399926,True,lobby_lounge,True,guest_lifestyle,none,ocean_view,daytime,4.0,False,none,styled_editorial,experience_activity,
17990019029548337,True,lobby_lounge,True,staff,none,city_view,daytime,4.0,False,none,styled_editorial,brand_worldview,
18077673320396768,True,food_drink,False,none,none,none,daytime,5.0,False,none,close_up_detail,food_dining,
18031047092405677,True,restaurant_bar,True,hand_detail,none,no_view,night,4.0,False,none,close_up_detail,food_dining,
17900882691132307,True,food_drink,False,none,none,no_view,daytime,4.0,False,none,flat_lay,food_dining,
18583813840030274,True,food_drink,False,none,none,no_view,unknown,5.0,False,none,close_up_detail,food_dining,
18346633570244001,True,activity,True,hand_detail,none,other,daytime,2.0,False,none,close_up_detail,experience_activity,
17932856366823765,True,garden_outdoor_space,False,none,none,garden_view,night,4.0,False,none,wide_establishing,season_event,
18075066635223067,True,restaurant_bar,False,none,none,partial_view,daytime,4.0,False,none,close_up_detail,food_dining,
18081461596474436,True,activity,True,silhouette_distant,none,mountain_view,daytime,3.0,True,feature_description,wide_establishing,experience_activity,
18005961305531094,True,restaurant_bar,True,guest_lifestyle,none,city_view,daytime,3.0,False,none,styled_editorial,food_dining,
18322757779115577,True,lobby_lounge,True,guest_lifestyle,none,no_view,daytime,4.0,False,none,styled_editorial,experience_activity,
17892022044056754,True,food_drink,False,none,none,none,unknown,4.0,False,none,close_up_detail,food_dining,
18131692843378446,True,lobby_lounge,False,none,none,garden_view,night,5.0,False,none,styled_editorial,brand_worldview,
18329686894080073,True,garden_outdoor_space,True,hand_detail,none,garden_view,daytime,2.0,True,season_event_announcement,close_up_detail,season_event,
18034854527708500,True,bathroom,False,none,none,no_view,unknown,4.0,False,none,close_up_detail,room_showcase,
18466764817099483,True,activity,True,other,none,none,daytime,1.0,True,season_event_announcement,other,season_event,
18165013645339391,True,exterior_entrance,False,none,none,none,daytime,5.0,False,none,styled_editorial,brand_worldview,
17912063289366286,True,food_drink,False,none,none,no_view,unknown,4.0,False,none,close_up_detail,food_dining,
17883189492485337,True,view_from_window,True,guest_lifestyle,traditional_japanese,garden_view,daytime,4.0,True,facility_name_logo,styled_editorial,experience_activity,
18020985227240496,True,room,False,none,suite_highend,ocean_view,daytime,4.0,False,none,styled_editorial,room_showcase,
17887400961299902,True,food_drink,True,hand_detail,none,none,daytime,5.0,False,none,close_up_detail,food_dining,
18189919645366412,True,exterior_entrance,False,none,none,city_view,daytime,1.0,True,feature_description,documentary_photo,food_dining,
18518453809073862,True,activity,False,none,none,no_view,daytime,2.0,True,feature_description,documentary_photo,experience_activity,
18134804854480358,True,food_drink,False,none,none,no_view,night,4.0,False,none,styled_editorial,food_dining,
18257444824213997,True,activity,True,guest_lifestyle,none,city_view,daytime,3.0,True,season_event_announcement,documentary_photo,experience_activity,
18066984377056865,True,garden_outdoor_space,True,guest_lifestyle,traditional_japanese,garden_view,daytime,4.0,False,none,styled_editorial,experience_activity,
18344881357127376,True,activity,False,none,none,garden_view,daytime,4.0,True,facility_name_logo,styled_editorial,experience_activity,
18045267509196656,True,lobby_lounge,True,guest_lifestyle,none,city_view,night,4.0,True,facility_name_logo,styled_editorial,experience_activity,
17966607170943364,True,food_drink,False,none,none,no_view,daytime,4.0,False,none,styled_editorial,food_dining,
18112445089481002,True,restaurant_bar,False,none,none,no_view,daytime,4.0,False,none,styled_editorial,food_dining,
18033707441038772,True,restaurant_bar,False,none,none,no_view,unknown,4.0,False,none,close_up_detail,food_dining,
18019092758819193,True,food_drink,False,none,none,none,daytime,4.0,False,none,styled_editorial,food_dining,
17975795789687347,True,food_drink,False,none,none,no_view,daytime,4.0,True,feature_description,styled_editorial,food_dining,
18066452225691224,True,activity,True,hand_detail,none,other,daytime,3.0,False,none,styled_editorial,experience_activity,
18065506306632702,True,food_drink,False,none,none,no_view,daytime,4.0,True,feature_description,styled_editorial,food_dining,
18084301178524926,True,room,True,family,traditional_japanese,no_view,night,2.0,True,other,documentary_photo,experience_activity,
17943652823800599,True,food_drink,False,none,none,none,daytime,4.0,False,none,styled_editorial,food_dining,
18436103173140238,True,view_from_window,False,none,none,ocean_view,golden_hour_sunset,4.0,False,none,wide_establishing,view_scenery,
18051551959672925,True,restaurant_bar,True,guest_lifestyle,none,no_view,daytime,3.0,False,none,documentary_photo,food_dining,
18124109347607254,True,garden_outdoor_space,False,none,none,mountain_view,daytime,4.0,False,none,documentary_photo,view_scenery,
18067785035297163,True,pool_spa,False,none,none,ocean_view,daytime,5.0,False,none,wide_establishing,experience_activity,
18090196217191625,True,room,False,none,standard,no_view,unknown,3.0,True,feature_description,documentary_photo,room_showcase,
18097749650323108,True,food_drink,True,guest_lifestyle,none,none,daytime,3.0,False,none,styled_editorial,food_dining,
17896170993049349,True,lobby_lounge,False,none,none,city_view,daytime,4.0,True,feature_description,styled_editorial,brand_worldview,
18136487845452758,True,lobby_lounge,True,staff,none,no_view,unknown,4.0,False,none,styled_editorial,brand_worldview,
18081791875737225,True,room,True,guest_lifestyle,standard,city_view,daytime,3.0,False,none,styled_editorial,room_showcase,
18011799437815319,True,garden_outdoor_space,False,none,none,ocean_view,daytime,5.0,False,none,wide_establishing,view_scenery,
18069628769301584,True,room,False,none,traditional_japanese,no_view,unknown,4.0,True,season_event_announcement,styled_editorial,season_event,
18131994508559491,True,activity,True,other,none,none,daytime,3.0,False,none,documentary_photo,experience_activity,
18579854719001556,True,pool_spa,False,none,traditional_japanese,no_view,unknown,5.0,True,facility_name_logo,styled_editorial,experience_activity,
18045408311753641,True,other,False,none,none,partial_view,daytime,3.0,False,none,wide_establishing,room_showcase,
18137042470519687,True,restaurant_bar,False,none,none,no_view,night,4.0,True,facility_name_logo,styled_editorial,food_dining,
18012444383696123,True,restaurant_bar,True,staff,traditional_japanese,no_view,unknown,5.0,False,none,close_up_detail,food_dining,
18025467721747043,True,food_drink,False,none,none,none,daytime,3.0,False,none,close_up_detail,food_dining,
18072812165080041,True,restaurant_bar,True,silhouette_distant,none,city_view,daytime,3.0,True,season_event_announcement,styled_editorial,food_dining,
18061208513075042,True,room,False,none,suite_highend,ocean_view,daytime,4.0,False,none,styled_editorial,room_showcase,
18034345670008675,True,view_from_window,False,none,none,city_view,night,5.0,False,none,wide_establishing,view_scenery,
17992451051929831,True,food_drink,False,none,none,no_view,daytime,4.0,False,none,styled_editorial,food_dining,
17926961067068161,True,pool_spa,False,none,other,ocean_view,daytime,5.0,True,facility_name_logo,styled_editorial,experience_activity,
18131406349616292,True,garden_outdoor_space,False,none,traditional_japanese,garden_view,daytime,4.0,False,none,close_up_detail,season_event,
18053787008014214,True,activity,True,hand_detail,none,no_view,night,3.0,False,none,close_up_detail,experience_activity,
18071426579506395,True,activity,True,guest_lifestyle,none,none,daytime,2.0,True,feature_description,documentary_photo,experience_activity,
17895485223213363,True,lobby_lounge,False,none,none,garden_view,daytime,4.0,False,none,styled_editorial,view_scenery,
17971659870032206,True,amenity_detail,False,none,none,none,unknown,3.0,True,price_plan_info,close_up_detail,brand_worldview,
18016302590666502,True,garden_outdoor_space,True,couple,none,city_view,daytime,3.0,True,facility_name_logo,wide_establishing,view_scenery,
18088960292163548,True,lobby_lounge,False,none,none,no_view,daytime,5.0,False,none,styled_editorial,brand_worldview,
18077502854561471,True,food_drink,False,none,none,none,daytime,5.0,False,none,flat_lay,food_dining,
18097274300278044,True,amenity_detail,False,none,none,none,unknown,1.0,True,feature_description,other,season_event,
18092401286147165,True,activity,True,silhouette_distant,none,mountain_view,daytime,2.0,True,facility_name_logo,wide_establishing,experience_activity,
18054063526713323,True,food_drink,False,none,none,no_view,daytime,3.0,False,none,close_up_detail,food_dining,
18091528027475407,True,room,True,guest_lifestyle,standard,no_view,daytime,4.0,False,none,styled_editorial,experience_activity,
18014068856205945,True,food_drink,False,none,none,none,unknown,4.0,False,none,close_up_detail,food_dining,
18576831289019764,True,room,False,none,standard,no_view,night,4.0,True,facility_name_logo,styled_editorial,room_showcase,
18014167397491766,True,food_drink,False,none,none,no_view,daytime,3.0,False,none,styled_editorial,food_dining,
18063313126922188,True,food_drink,False,none,none,none,daytime,4.0,True,facility_name_logo,styled_editorial,food_dining,
18564068680018540,True,pool_spa,False,none,none,no_view,unknown,3.0,True,feature_description,wide_establishing,experience_activity,
18066598448034423,True,food_drink,False,none,none,none,unknown,5.0,True,season_event_announcement,close_up_detail,season_event,
18177541696321120,True,restaurant_bar,False,none,none,no_view,night,3.0,False,none,wide_establishing,brand_worldview,
18032752580467186,True,view_from_window,False,none,none,ocean_view,golden_hour_sunset,5.0,False,none,styled_editorial,view_scenery,
18340819516231862,True,exterior_entrance,False,none,none,garden_view,daytime,4.0,True,facility_name_logo,styled_editorial,brand_worldview,
18021981497142689,True,amenity_detail,False,none,traditional_japanese,no_view,daytime,4.0,False,none,close_up_detail,room_showcase,
18087530545595686,True,other,False,none,none,no_view,daytime,4.0,False,none,wide_establishing,other,
17940644060763158,True,pool_spa,False,none,none,no_view,night,4.0,False,none,styled_editorial,experience_activity,
17894579790440886,True,exterior_entrance,False,none,none,no_view,daytime,3.0,True,season_event_announcement,documentary_photo,season_event,
17928841307859626,True,lobby_lounge,False,none,none,partial_view,daytime,4.0,True,season_event_announcement,wide_establishing,season_event,
18040492117808035,True,activity,True,family,none,city_view,daytime,1.0,False,none,documentary_photo,experience_activity,
18075816122575343,True,food_drink,False,none,none,garden_view,daytime,4.0,True,other,styled_editorial,food_dining,
17925681209899043,True,other,True,other,none,city_view,daytime,3.0,True,other,wide_establishing,brand_worldview,
18112717201609652,True,garden_outdoor_space,True,other,none,city_view,night,4.0,True,access_location_info,wide_establishing,season_event,
18382943833197235,True,amenity_detail,True,hand_detail,none,no_view,daytime,3.0,False,none,close_up_detail,season_event,
18009669923326517,True,food_drink,False,none,none,none,night,5.0,False,none,close_up_detail,food_dining,
18087953087600601,True,room,False,none,suite_highend,city_view,night,4.0,False,none,styled_editorial,room_showcase,
18075970300988018,True,garden_outdoor_space,False,none,none,garden_view,daytime,3.0,False,none,close_up_detail,view_scenery,
18041837093445924,True,restaurant_bar,True,couple,none,city_view,night,5.0,False,none,styled_editorial,food_dining,
18133505425547996,True,food_drink,True,hand_detail,none,no_view,unknown,3.0,False,none,close_up_detail,food_dining,
18062944030490214,True,garden_outdoor_space,True,family,none,garden_view,daytime,3.0,True,access_location_info,wide_establishing,experience_activity,
18089207792014065,True,lobby_lounge,False,none,standard,no_view,unknown,3.0,True,other,documentary_photo,brand_worldview,
18007955765194922,True,restaurant_bar,True,guest_lifestyle,none,city_view,daytime,3.0,False,none,styled_editorial,food_dining,
18085331075006478,True,food_drink,False,none,none,no_view,daytime,5.0,False,none,styled_editorial,food_dining,
18048085979537385,True,activity,False,none,none,other,night,4.0,True,season_event_announcement,documentary_photo,season_event,
17946052848153948,True,garden_outdoor_space,True,guest_lifestyle,none,none,daytime,1.0,True,season_event_announcement,other,season_event,
18336148726221599,True,lobby_lounge,False,none,none,partial_view,daytime,2.0,True,other,close_up_detail,experience_activity,
17952670274964238,True,garden_outdoor_space,False,none,traditional_japanese,garden_view,night,5.0,False,none,wide_establishing,brand_worldview,
18180997270382560,True,room,False,none,suite_highend,no_view,daytime,4.0,True,facility_name_logo,close_up_detail,brand_worldview,
18008417711580982,True,food_drink,False,none,none,none,unknown,4.0,True,season_event_announcement,close_up_detail,season_event,
18049864214522360,True,lobby_lounge,False,none,none,garden_view,daytime,4.0,False,none,styled_editorial,brand_worldview,
18131071147551563,True,restaurant_bar,True,hand_detail,none,no_view,daytime,3.0,False,none,documentary_photo,experience_activity,
18048375779668799,True,amenity_detail,False,none,standard,no_view,daytime,3.0,False,none,close_up_detail,room_showcase,
18039885377323993,True,food_drink,False,none,none,garden_view,daytime,3.0,False,none,close_up_detail,food_dining,
18119774362453501,True,food_drink,False,none,none,no_view,daytime,4.0,False,none,close_up_detail,food_dining,
18019271483830590,True,garden_outdoor_space,False,none,none,garden_view,daytime,3.0,False,none,close_up_detail,view_scenery,
17961980912747258,True,food_drink,False,none,none,none,daytime,4.0,False,none,flat_lay,food_dining,
18113292163744785,True,garden_outdoor_space,True,couple,villa_private,garden_view,daytime,4.0,True,feature_description,styled_editorial,room_showcase,
17877704730226332,True,food_drink,False,none,none,ocean_view,daytime,4.0,False,none,close_up_detail,food_dining,
18094485398148926,True,garden_outdoor_space,False,none,none,garden_view,daytime,4.0,False,none,styled_editorial,experience_activity,
18092999410696595,True,room,False,none,villa_private,garden_view,daytime,4.0,False,none,styled_editorial,room_showcase,
18084268256060758,True,lobby_lounge,True,hand_detail,none,no_view,daytime,3.0,True,season_event_announcement,close_up_detail,experience_activity,
18096144790861097,True,exterior_entrance,False,none,none,none,daytime,3.0,True,access_location_info,documentary_photo,brand_worldview,
17864082165614000,True,food_drink,False,none,none,no_view,unknown,5.0,False,none,styled_editorial,food_dining,
18525081517067430,True,garden_outdoor_space,False,none,none,ocean_view,golden_hour_sunset,4.0,False,none,documentary_photo,view_scenery,
17934399351219004,True,food_drink,False,none,none,none,unknown,5.0,False,none,styled_editorial,food_dining,
18191212051339737,True,room,False,none,suite_highend,ocean_view,daytime,4.0,False,none,styled_editorial,room_showcase,
17974287680865915,True,lobby_lounge,True,hand_detail,none,no_view,unknown,4.0,True,facility_name_logo,close_up_detail,brand_worldview,
18173105389392560,True,room,False,none,traditional_japanese,garden_view,daytime,4.0,True,price_plan_info,wide_establishing,price_plan_announcement,
17978267729548444,True,garden_outdoor_space,True,guest_lifestyle,none,garden_view,daytime,2.0,False,none,documentary_photo,experience_activity,
18079904816419974,True,room,False,none,none,no_view,night,4.0,False,none,styled_editorial,brand_worldview,
18130317235489139,True,garden_outdoor_space,False,none,none,partial_view,daytime,3.0,False,none,documentary_photo,brand_worldview,
18098954929987282,True,food_drink,False,none,none,none,daytime,4.0,False,none,close_up_detail,food_dining,
18107042854936942,True,garden_outdoor_space,False,none,none,garden_view,daytime,3.0,False,none,documentary_photo,view_scenery,
17884951113114249,True,activity,True,guest_lifestyle,none,ocean_view,daytime,5.0,False,none,drone_aerial,experience_activity,
17961159653833984,True,lobby_lounge,False,none,none,no_view,night,4.0,False,none,wide_establishing,season_event,
18376040605131077,True,food_drink,False,none,none,none,daytime,3.0,False,none,styled_editorial,food_dining,
17942653488172821,True,food_drink,False,none,none,no_view,unknown,4.0,False,none,close_up_detail,food_dining,
18055131772745269,True,room,False,none,suite_highend,no_view,night,5.0,False,none,styled_editorial,room_showcase,
18099865957954768,True,exterior_entrance,False,none,none,no_view,daytime,4.0,True,access_location_info,documentary_photo,experience_activity,
18098554445320681,True,garden_outdoor_space,False,none,none,garden_view,daytime,3.0,False,none,wide_establishing,view_scenery,
18064838765690383,True,activity,True,guest_lifestyle,none,no_view,daytime,2.0,True,feature_description,styled_editorial,experience_activity,
17961587981962994,True,room,False,none,standard,no_view,unknown,3.0,False,none,documentary_photo,room_showcase,
17898045810437600,True,room,False,none,standard,no_view,unknown,3.0,False,none,documentary_photo,room_showcase,
17958569103114491,True,room,True,hand_detail,none,no_view,unknown,3.0,False,none,close_up_detail,room_showcase,
17914157280089575,True,garden_outdoor_space,True,silhouette_distant,none,garden_view,daytime,4.0,True,facility_name_logo,documentary_photo,view_scenery,
18117997024654901,True,other,False,none,none,none,unknown,4.0,False,none,close_up_detail,brand_worldview,
17960740271947156,True,garden_outdoor_space,False,none,none,mountain_view,night,4.0,False,none,styled_editorial,experience_activity,
18055970897690256,True,food_drink,False,none,none,none,unknown,4.0,False,none,styled_editorial,food_dining,
18057297563452360,True,room,False,none,villa_private,ocean_view,daytime,5.0,False,none,styled_editorial,room_showcase,
17848161591445141,True,garden_outdoor_space,False,none,none,garden_view,daytime,4.0,False,none,documentary_photo,view_scenery,
18033258422262366,True,exterior_entrance,False,none,none,partial_view,golden_hour_sunset,4.0,True,facility_name_logo,wide_establishing,brand_worldview,
17997883055597743,True,food_drink,False,none,none,no_view,daytime,4.0,False,none,close_up_detail,food_dining,
18397116976131349,True,food_drink,False,none,none,no_view,daytime,4.0,False,none,close_up_detail,food_dining,
18391024672138544,True,food_drink,False,none,none,none,daytime,5.0,True,season_event_announcement,close_up_detail,season_event,
18384378082185718,True,garden_outdoor_space,False,none,none,garden_view,daytime,2.0,False,none,documentary_photo,season_event,
18098032850515256,True,food_drink,False,none,none,no_view,unknown,4.0,False,none,close_up_detail,food_dining,
17866357563674428,True,amenity_detail,True,hand_detail,none,none,daytime,2.0,True,feature_description,close_up_detail,experience_activity,
17939392019878654,True,food_drink,False,none,none,none,unknown,4.0,True,feature_description,styled_editorial,food_dining,
18062243060698004,True,garden_outdoor_space,False,none,none,garden_view,daytime,3.0,True,season_event_announcement,documentary_photo,season_event,
18023620115486885,True,lobby_lounge,True,staff,none,city_view,daytime,4.0,False,none,styled_editorial,brand_worldview,
18177205804355600,True,room,False,none,standard,no_view,unknown,3.0,False,none,documentary_photo,room_showcase,
18059014475304897,True,lobby_lounge,True,guest_lifestyle,none,partial_view,daytime,4.0,False,none,styled_editorial,brand_worldview,
18174446839400286,True,restaurant_bar,True,guest_lifestyle,none,no_view,night,5.0,False,none,styled_editorial,food_dining,
17894308503010467,True,lobby_lounge,True,guest_lifestyle,none,no_view,daytime,3.0,False,none,styled_editorial,experience_activity,
17868053331526604,True,exterior_entrance,False,none,none,none,daytime,4.0,True,facility_name_logo,wide_establishing,brand_worldview,
17903471898243019,True,garden_outdoor_space,True,guest_lifestyle,none,mountain_view,daytime,3.0,False,none,documentary_photo,view_scenery,
17888201145125031,True,lobby_lounge,True,staff,none,no_view,night,4.0,False,none,styled_editorial,brand_worldview,
18137923633378785,True,room,False,none,traditional_japanese,ocean_view,golden_hour_sunset,4.0,False,none,styled_editorial,room_showcase,
18338447623233276,True,pool_spa,False,none,none,garden_view,daytime,4.0,False,none,styled_editorial,experience_activity,
18065895245667107,True,garden_outdoor_space,False,none,none,garden_view,night,4.0,False,none,wide_establishing,view_scenery,
18419135920105196,True,restaurant_bar,True,staff,none,no_view,unknown,5.0,False,none,styled_editorial,food_dining,
18343088848207642,True,food_drink,True,hand_detail,none,no_view,daytime,4.0,False,none,close_up_detail,food_dining,
17893362669325574,True,activity,True,guest_lifestyle,none,partial_view,daytime,1.0,True,feature_description,styled_editorial,experience_activity,
18396892054097946,True,lobby_lounge,False,none,none,no_view,night,4.0,False,none,close_up_detail,brand_worldview,
17906493549105869,True,exterior_entrance,True,guest_lifestyle,none,none,daytime,2.0,True,facility_name_logo,styled_editorial,experience_activity,
18061519376652602,True,room,False,none,standard,no_view,night,4.0,True,facility_name_logo,close_up_detail,room_showcase,
18110318896369715,True,room,False,none,glamping_unique,garden_view,daytime,4.0,False,none,styled_editorial,experience_activity,
18035680321743537,True,lobby_lounge,True,guest_lifestyle,none,no_view,daytime,4.0,False,none,styled_editorial,experience_activity,
17917415535328645,True,room,False,none,suite_highend,city_view,night,4.0,False,none,styled_editorial,room_showcase,
17860684038478556,True,lobby_lounge,False,none,none,no_view,daytime,4.0,False,none,styled_editorial,season_event,
18092845294496339,True,garden_outdoor_space,False,none,villa_private,garden_view,daytime,4.0,False,none,styled_editorial,brand_worldview,
17921439369302271,True,lobby_lounge,False,none,none,no_view,daytime,3.0,True,season_event_announcement,styled_editorial,season_event,
17877108108134140,True,restaurant_bar,True,guest_lifestyle,none,partial_view,daytime,3.0,False,none,documentary_photo,food_dining,
18524308081077661,True,other,False,none,none,none,unknown,3.0,True,season_event_announcement,styled_editorial,season_event,
17988649163978106,True,room,False,none,standard,no_view,unknown,3.0,False,none,wide_establishing,room_showcase,
18312237811276945,True,restaurant_bar,False,none,none,none,night,4.0,True,season_event_announcement,styled_editorial,season_event,
17885146785066572,True,food_drink,False,none,none,none,daytime,3.0,False,none,close_up_detail,food_dining,
17913026460010883,True,restaurant_bar,True,hand_detail,none,garden_view,daytime,3.0,False,none,close_up_detail,food_dining,
17946851741693267,True,room,True,guest_lifestyle,standard,no_view,daytime,3.0,True,feature_description,documentary_photo,room_showcase,
18341590975159779,True,food_drink,False,none,none,none,unknown,5.0,False,none,styled_editorial,food_dining,
18082736770847067,True,lobby_lounge,False,none,none,no_view,golden_hour_sunset,4.0,False,none,styled_editorial,brand_worldview,
17872892253231012,True,food_drink,False,none,none,none,unknown,4.0,True,season_event_announcement,close_up_detail,season_event,
17865593337493875,True,food_drink,True,guest_lifestyle,traditional_japanese,no_view,unknown,4.0,True,feature_description,styled_editorial,food_dining,
17914913396946636,True,lobby_lounge,False,none,none,no_view,unknown,4.0,True,feature_description,documentary_photo,experience_activity,
17870189280354125,True,restaurant_bar,True,silhouette_distant,none,ocean_view,daytime,4.0,False,none,wide_establishing,food_dining,
18095565683108534,True,food_drink,False,none,none,none,daytime,3.0,True,other,close_up_detail,food_dining,
18002919701385618,True,lobby_lounge,True,guest_lifestyle,none,no_view,night,4.0,False,none,styled_editorial,food_dining,
18262704853243463,True,other,True,hand_detail,none,no_view,unknown,1.0,True,season_event_announcement,other,brand_worldview,
18118279993735038,True,garden_outdoor_space,False,none,none,garden_view,daytime,4.0,False,none,styled_editorial,brand_worldview,
18091865411136324,True,garden_outdoor_space,False,none,none,garden_view,golden_hour_sunset,4.0,False,none,styled_editorial,view_scenery,
17942913728953585,True,food_drink,False,none,none,none,golden_hour_sunset,4.0,True,season_event_announcement,styled_editorial,season_event,
18405814078128538,True,pool_spa,False,none,none,partial_view,daytime,4.0,True,facility_name_logo,styled_editorial,brand_worldview,
18016708166660730,True,lobby_lounge,False,none,suite_highend,no_view,unknown,5.0,False,none,styled_editorial,brand_worldview,
17878133691258074,True,restaurant_bar,True,other,none,no_view,unknown,4.0,True,season_event_announcement,documentary_photo,season_event,
18266157454243212,True,other,False,none,none,none,daytime,4.0,False,none,close_up_detail,brand_worldview,
17878466865551608,True,other,False,none,none,none,unknown,4.0,True,feature_description,close_up_detail,brand_worldview,
18249739231217521,True,activity,False,none,none,none,night,3.0,True,season_event_announcement,styled_editorial,season_event,
17843406738523041,True,exterior_entrance,False,none,none,no_view,daytime,4.0,True,other,documentary_photo,brand_worldview,
17891655651091992,True,exterior_entrance,True,silhouette_distant,none,city_view,golden_hour_sunset,4.0,True,season_event_announcement,wide_establishing,brand_worldview,
18065305961322842,True,lobby_lounge,False,none,none,partial_view,daytime,4.0,False,none,close_up_detail,brand_worldview,
18025416341688045,True,garden_outdoor_space,False,none,none,garden_view,daytime,3.0,True,feature_description,styled_editorial,view_scenery,
17911692566925161,True,garden_outdoor_space,False,none,none,ocean_view,golden_hour_sunset,4.0,False,none,styled_editorial,view_scenery,
18014801267174766,True,restaurant_bar,True,guest_lifestyle,none,no_view,daytime,4.0,False,none,styled_editorial,experience_activity,
18061418012054625,True,food_drink,False,none,none,none,unknown,5.0,True,season_event_announcement,styled_editorial,food_dining,
17972344517915088,True,lobby_lounge,True,staff,none,no_view,daytime,5.0,False,none,styled_editorial,brand_worldview,
18077068498644401,True,room,True,silhouette_distant,traditional_japanese,ocean_view,golden_hour_sunset,4.0,False,none,styled_editorial,room_showcase,
18083590796317184,True,restaurant_bar,True,staff,none,no_view,unknown,4.0,False,facility_name_logo,close_up_detail,brand_worldview,
18518145367067250,True,garden_outdoor_space,False,none,none,garden_view,daytime,4.0,False,none,wide_establishing,view_scenery,
18115787830384927,True,lobby_lounge,True,silhouette_distant,none,city_view,golden_hour_sunset,4.0,False,none,close_up_detail,brand_worldview,
17950361574133773,True,lobby_lounge,False,none,none,no_view,daytime,4.0,True,season_event_announcement,documentary_photo,brand_worldview,
17994271643671975,True,restaurant_bar,True,guest_lifestyle,none,city_view,daytime,3.0,False,none,styled_editorial,food_dining,
17997209348424527,True,lobby_lounge,True,guest_lifestyle,none,garden_view,daytime,4.0,False,none,styled_editorial,brand_worldview,
17882564718530802,True,garden_outdoor_space,False,none,none,garden_view,daytime,4.0,True,price_plan_info,wide_establishing,price_plan_announcement,
18429236788028212,True,activity,True,guest_lifestyle,none,no_view,daytime,4.0,True,feature_description,styled_editorial,experience_activity,
18109191109661996,True,activity,False,none,none,none,unknown,3.0,True,season_event_announcement,styled_editorial,season_event,
17984113910816307,True,room,False,none,suite_highend,city_view,daytime,5.0,False,none,styled_editorial,room_showcase,
18056712397872410,True,room,False,none,none,city_view,night,5.0,False,none,styled_editorial,season_event,
18099599771076701,True,food_drink,True,hand_detail,none,no_view,daytime,4.0,False,none,close_up_detail,food_dining,
17913720729192310,True,restaurant_bar,False,none,none,no_view,night,5.0,True,facility_name_logo,styled_editorial,brand_worldview,
18335880589127931,True,garden_outdoor_space,False,none,none,garden_view,daytime,4.0,False,none,close_up_detail,view_scenery,
18101060122441914,True,room,False,none,suite_highend,mountain_view,daytime,4.0,False,none,styled_editorial,room_showcase,
18152352976461297,True,lobby_lounge,False,none,none,no_view,daytime,5.0,True,facility_name_logo,styled_editorial,brand_worldview,
18067335370903543,True,amenity_detail,False,none,none,no_view,daytime,4.0,False,none,styled_editorial,food_dining,
18102987766708789,True,activity,True,hand_detail,traditional_japanese,no_view,daytime,4.0,False,none,close_up_detail,experience_activity,
18136452823354757,True,food_drink,False,none,none,none,daytime,4.0,False,none,close_up_detail,food_dining,
18014919503004815,True,restaurant_bar,True,staff,none,no_view,unknown,4.0,True,price_plan_info,styled_editorial,food_dining,
18100364461799437,True,activity,True,guest_lifestyle,none,ocean_view,daytime,3.0,False,none,styled_editorial,experience_activity,
18476118952048412,True,view_from_window,False,none,none,mountain_view,daytime,3.0,True,feature_description,documentary_photo,view_scenery,
17921190777203255,True,food_drink,False,none,none,no_view,daytime,5.0,False,none,close_up_detail,food_dining,
18094523752916703,True,view_from_window,True,guest_lifestyle,none,ocean_view,daytime,4.0,False,none,styled_editorial,experience_activity,
18022102637394161,True,garden_outdoor_space,True,guest_lifestyle,none,ocean_view,daytime,5.0,False,none,drone_aerial,experience_activity,
18330486154125260,True,lobby_lounge,True,guest_lifestyle,none,partial_view,golden_hour_sunset,4.0,False,none,styled_editorial,experience_activity,
17945932919996608,True,garden_outdoor_space,False,none,none,other,daytime,4.0,False,none,close_up_detail,view_scenery,
18374560918110567,True,food_drink,True,hand_detail,none,none,daytime,3.0,False,none,close_up_detail,food_dining,
17853469821659964,True,activity,True,guest_lifestyle,none,mountain_view,daytime,3.0,False,none,documentary_photo,experience_activity,
17930975400257846,True,room,True,guest_lifestyle,standard,city_view,daytime,3.0,False,none,styled_editorial,room_showcase,
18045001993589875,True,other,False,none,none,none,unknown,4.0,True,season_event_announcement,other,season_event,
18046566158353585,True,activity,True,guest_lifestyle,none,mountain_view,daytime,3.0,True,other,wide_establishing,experience_activity,
18006605213186837,True,room,False,none,suite_highend,no_view,daytime,4.0,False,none,styled_editorial,room_showcase,
17880240633174109,True,food_drink,False,none,none,none,unknown,5.0,False,none,close_up_detail,food_dining,
17944374741173488,True,other,False,none,none,no_view,unknown,5.0,False,none,styled_editorial,brand_worldview,
18402666829195339,True,room,False,none,suite_highend,mountain_view,daytime,5.0,False,none,styled_editorial,room_showcase,
18013735787581689,True,pool_spa,False,none,none,mountain_view,daytime,4.0,True,feature_description,styled_editorial,experience_activity,
17873171799138036,True,activity,True,other,traditional_japanese,no_view,daytime,5.0,True,facility_name_logo,styled_editorial,experience_activity,
17866852059655932,True,room,False,none,traditional_japanese,no_view,daytime,4.0,False,none,styled_editorial,room_showcase,
18038373643992507,True,garden_outdoor_space,False,none,none,garden_view,daytime,4.0,False,none,close_up_detail,view_scenery,
18022162367620044,True,restaurant_bar,True,guest_lifestyle,none,partial_view,night,4.0,False,none,styled_editorial,food_dining,
18087165334941762,True,garden_outdoor_space,False,none,none,mountain_view,daytime,5.0,True,other,wide_establishing,view_scenery,
18078937004399656,True,garden_outdoor_space,True,guest_lifestyle,none,garden_view,daytime,4.0,False,none,documentary_photo,view_scenery,
18076409894553219,True,pool_spa,False,none,none,city_view,daytime,3.0,True,feature_description,documentary_photo,experience_activity,
18087397597746916,True,restaurant_bar,True,guest_lifestyle,none,city_view,daytime,4.0,False,none,styled_editorial,food_dining,
18023004155615859,True,restaurant_bar,False,none,none,no_view,night,4.0,True,season_event_announcement,wide_establishing,brand_worldview,
18039086735027442,True,pool_spa,True,silhouette_distant,none,garden_view,night,4.0,False,none,wide_establishing,experience_activity,
18121325188621248,True,other,False,none,none,none,daytime,3.0,True,other,flat_lay,other,
17900288423867574,True,other,False,none,none,city_view,unknown,3.0,True,season_event_announcement,styled_editorial,season_event,
18419147071110868,True,restaurant_bar,True,staff,none,no_view,unknown,4.0,True,season_event_announcement,styled_editorial,season_event,
17853950361566632,True,lobby_lounge,False,none,none,partial_view,daytime,4.0,False,none,wide_establishing,brand_worldview,
18111591466575485,True,lobby_lounge,True,guest_lifestyle,none,no_view,daytime,4.0,False,none,styled_editorial,brand_worldview,
18073856963455226,True,room,True,guest_lifestyle,standard,no_view,daytime,3.0,False,none,styled_editorial,room_showcase,
18074975461980248,True,food_drink,False,none,none,garden_view,daytime,3.0,False,none,close_up_detail,food_dining,
18069560339609380,True,restaurant_bar,False,none,none,partial_view,daytime,5.0,False,none,styled_editorial,food_dining,
17859257358687031,True,garden_outdoor_space,False,none,none,garden_view,daytime,3.0,False,none,documentary_photo,season_event,
18006216569382731,True,restaurant_bar,False,none,none,garden_view,daytime,4.0,False,none,styled_editorial,food_dining,
17879682399540081,True,restaurant_bar,True,other,none,no_view,daytime,3.0,False,none,close_up_detail,experience_activity,
18001373087432465,True,activity,True,guest_lifestyle,none,ocean_view,daytime,3.0,True,access_location_info,styled_editorial,experience_activity,
18077686423966965,True,lobby_lounge,True,staff,none,partial_view,daytime,4.0,True,feature_description,styled_editorial,brand_worldview,
18580241104011205,True,food_drink,False,none,none,none,daytime,3.0,True,feature_description,close_up_detail,experience_activity,
18069307858747490,True,food_drink,False,none,none,none,daytime,4.0,False,none,styled_editorial,food_dining,
17953106681731432,True,amenity_detail,True,staff,none,city_view,daytime,4.0,False,none,styled_editorial,brand_worldview,
18002974748699192,True,room,False,none,villa_private,garden_view,daytime,4.0,False,none,styled_editorial,room_showcase,
18067430090632046,True,other,False,none,none,none,unknown,4.0,True,feature_description,other,brand_worldview,
18058035797709137,True,activity,True,guest_lifestyle,none,partial_view,daytime,1.0,False,none,documentary_photo,experience_activity,
18018736529421401,True,food_drink,False,none,none,garden_view,daytime,4.0,False,none,styled_editorial,food_dining,
17909798343199970,True,food_drink,False,none,none,no_view,daytime,4.0,False,none,close_up_detail,food_dining,
18149878342475174,True,food_drink,False,none,none,no_view,daytime,4.0,False,none,close_up_detail,food_dining,
18053797042664523,True,other,True,guest_lifestyle,none,city_view,daytime,1.0,False,none,documentary_photo,experience_activity,
18093845603132061,True,food_drink,False,none,none,none,daytime,4.0,True,facility_name_logo,close_up_detail,food_dining,
18048653045208813,True,room,False,none,traditional_japanese,mountain_view,night,5.0,False,none,styled_editorial,room_showcase,
18043287208980116,True,restaurant_bar,True,guest_lifestyle,none,partial_view,daytime,4.0,False,none,styled_editorial,experience_activity,
17854064043276376,True,food_drink,False,none,none,no_view,daytime,4.0,False,none,close_up_detail,food_dining,
17874745053091965,True,restaurant_bar,False,none,none,mountain_view,daytime,4.0,False,none,styled_editorial,food_dining,
18186464332373311,True,garden_outdoor_space,False,none,none,garden_view,daytime,4.0,False,none,close_up_detail,view_scenery,
18054699035493522,True,restaurant_bar,True,couple,none,city_view,night,4.0,False,none,styled_editorial,food_dining,
17880209730541473,True,restaurant_bar,True,staff,none,no_view,unknown,4.0,True,season_event_announcement,close_up_detail,food_dining,
18127835104376691,True,lobby_lounge,False,none,none,ocean_view,golden_hour_sunset,4.0,False,none,wide_establishing,view_scenery,
18058622048307661,True,food_drink,False,none,none,none,unknown,5.0,False,none,styled_editorial,food_dining,
18434908534073436,True,lobby_lounge,True,guest_lifestyle,none,city_view,night,4.0,False,none,styled_editorial,experience_activity,
18258630787169015,True,garden_outdoor_space,True,couple,none,garden_view,daytime,4.0,False,none,documentary_photo,brand_worldview,
18014730698316460,True,food_drink,False,none,none,no_view,daytime,4.0,False,none,styled_editorial,food_dining,
18209542123319269,True,activity,True,guest_lifestyle,none,mountain_view,daytime,3.0,True,feature_description,styled_editorial,experience_activity,
18050249893607326,True,amenity_detail,False,none,none,no_view,night,3.0,False,none,close_up_detail,brand_worldview,
17940552041864014,True,view_from_window,False,none,none,ocean_view,golden_hour_sunset,4.0,False,none,drone_aerial,view_scenery,
17882494275045170,True,food_drink,False,none,none,none,daytime,4.0,False,none,flat_lay,food_dining,
17936361006196792,True,garden_outdoor_space,False,none,none,garden_view,daytime,4.0,False,none,styled_editorial,view_scenery,
18306040387172589,True,room,False,none,traditional_japanese,no_view,daytime,3.0,True,facility_name_logo,documentary_photo,room_showcase,
18100038925982265,True,garden_outdoor_space,False,none,none,garden_view,daytime,5.0,False,none,wide_establishing,view_scenery,
18103039855512094,True,restaurant_bar,True,silhouette_distant,none,no_view,unknown,4.0,True,feature_description,styled_editorial,brand_worldview,
18001032545872195,True,food_drink,False,none,none,no_view,unknown,5.0,False,none,styled_editorial,food_dining,
18064804571661390,True,room,False,none,suite_highend,mountain_view,daytime,5.0,False,none,styled_editorial,room_showcase,
18445964665070058,True,food_drink,False,none,none,no_view,daytime,4.0,False,none,styled_editorial,food_dining,
18333050743090602,True,food_drink,False,none,none,none,daytime,3.0,False,none,close_up_detail,food_dining,
18264376249252783,True,activity,True,guest_lifestyle,traditional_japanese,no_view,daytime,4.0,False,none,documentary_photo,experience_activity,
17925496722269526,True,garden_outdoor_space,False,none,none,garden_view,daytime,4.0,False,none,wide_establishing,season_event,
17863052229539491,True,view_from_window,True,silhouette_distant,none,city_view,night,4.0,True,season_event_announcement,styled_editorial,season_event,
18433311067041233,True,food_drink,False,none,none,none,daytime,4.0,False,none,styled_editorial,food_dining,
18055439111600021,True,restaurant_bar,False,none,none,ocean_view,night,4.0,False,none,styled_editorial,view_scenery,
17889699143912976,True,lobby_lounge,False,none,none,city_view,daytime,5.0,True,feature_description,styled_editorial,experience_activity,
18041987279555289,True,other,True,silhouette_distant,none,none,night,3.0,True,season_event_announcement,other,season_event,
17919799344111360,True,activity,True,guest_lifestyle,none,mountain_view,daytime,5.0,True,feature_description,wide_establishing,experience_activity,
17859141885686059,True,room,False,none,traditional_japanese,ocean_view,daytime,4.0,False,none,styled_editorial,room_showcase,
18028490507307082,True,amenity_detail,True,hand_detail,none,no_view,unknown,3.0,True,feature_description,close_up_detail,brand_worldview,
18056838646916534,True,exterior_entrance,False,none,none,none,daytime,3.0,True,season_event_announcement,wide_establishing,season_event,
18101137693802952,True,other,False,none,none,no_view,daytime,4.0,True,facility_name_logo,styled_editorial,experience_activity,
18023501555133896,True,room,False,none,standard,ocean_view,daytime,4.0,False,none,styled_editorial,room_showcase,
18030743311943485,True,exterior_entrance,False,none,traditional_japanese,mountain_view,daytime,5.0,True,season_event_announcement,wide_establishing,season_event,
17978117780945754,True,garden_outdoor_space,True,silhouette_distant,none,ocean_view,golden_hour_sunset,4.0,False,none,drone_aerial,view_scenery,
17894486940002297,True,food_drink,False,none,none,no_view,unknown,4.0,False,none,close_up_detail,food_dining,
18029556950348179,True,exterior_entrance,True,guest_lifestyle,none,city_view,daytime,4.0,False,none,styled_editorial,brand_worldview,
18094918463469449,True,garden_outdoor_space,False,none,none,garden_view,daytime,4.0,False,none,close_up_detail,view_scenery,
18350651812228944,True,food_drink,False,none,none,none,unknown,4.0,True,facility_name_logo,styled_editorial,food_dining,
18045522505680365,True,garden_outdoor_space,True,guest_lifestyle,none,partial_view,daytime,2.0,False,none,documentary_photo,experience_activity,
18111948331332745,True,room,False,none,standard,ocean_view,daytime,4.0,False,none,styled_editorial,room_showcase,
18161468893376709,True,view_from_window,True,family,none,ocean_view,daytime,4.0,False,none,styled_editorial,brand_worldview,
17872699434501345,True,room,False,none,traditional_japanese,no_view,daytime,4.0,False,none,styled_editorial,room_showcase,
18015416669264792,True,food_drink,False,none,none,none,daytime,5.0,False,none,flat_lay,food_dining,
17916908421027027,True,food_drink,False,none,none,no_view,unknown,5.0,False,none,styled_editorial,food_dining,
17858628066079704,True,restaurant_bar,True,guest_lifestyle,none,city_view,daytime,3.0,False,none,styled_editorial,food_dining,
17937213467728642,True,garden_outdoor_space,False,none,none,ocean_view,daytime,4.0,False,none,wide_establishing,brand_worldview,
18281685913090627,True,room,True,guest_lifestyle,other,city_view,daytime,4.0,True,facility_name_logo,styled_editorial,room_showcase,
17997969695309001,True,lobby_lounge,False,none,none,garden_view,daytime,4.0,True,facility_name_logo,styled_editorial,brand_worldview,
17880818592350800,True,exterior_entrance,False,none,none,none,daytime,4.0,True,season_event_announcement,wide_establishing,season_event,
17846364141147787,True,activity,True,couple,none,ocean_view,daytime,3.0,False,none,styled_editorial,experience_activity,
18058258181078641,True,pool_spa,False,none,traditional_japanese,mountain_view,golden_hour_sunset,5.0,False,none,styled_editorial,view_scenery,
18327189112211818,True,garden_outdoor_space,False,none,none,garden_view,daytime,4.0,True,season_event_announcement,wide_establishing,season_event,
17948968514780303,True,view_from_window,False,none,none,mountain_view,golden_hour_sunset,4.0,False,none,wide_establishing,view_scenery,
17924121675076775,True,activity,False,none,none,mountain_view,daytime,3.0,True,feature_description,wide_establishing,experience_activity,
18011037644483060,True,garden_outdoor_space,True,guest_lifestyle,none,other,daytime,1.0,True,access_location_info,documentary_photo,experience_activity,
18031496291769487,True,food_drink,False,none,none,none,unknown,4.0,True,season_event_announcement,styled_editorial,food_dining,
18052562809679563,True,other,False,none,standard,other,daytime,4.0,True,season_event_announcement,styled_editorial,season_event,
18043274969060606,True,room,True,guest_lifestyle,suite_highend,partial_view,daytime,4.0,False,none,styled_editorial,room_showcase,
18445689901045401,True,exterior_entrance,False,none,traditional_japanese,garden_view,daytime,4.0,False,none,wide_establishing,brand_worldview,
18001593782387562,True,restaurant_bar,True,hand_detail,none,no_view,golden_hour_sunset,4.0,False,none,close_up_detail,food_dining,
17932382616182576,True,room,False,none,standard,no_view,daytime,3.0,False,none,styled_editorial,room_showcase,
18402992146123102,True,activity,True,couple,none,ocean_view,golden_hour_sunset,4.0,False,none,documentary_photo,experience_activity,
18061928255419876,True,lobby_lounge,False,none,none,no_view,daytime,2.0,False,none,documentary_photo,brand_worldview,
18005347517362895,True,food_drink,False,none,none,no_view,unknown,5.0,True,facility_name_logo,styled_editorial,food_dining,
17935602981006696,True,food_drink,False,none,none,no_view,daytime,5.0,True,other,styled_editorial,food_dining,
18018823007045205,True,room,True,guest_lifestyle,standard,city_view,daytime,4.0,False,none,styled_editorial,room_showcase,
17957334263918156,True,other,False,none,standard,mountain_view,daytime,3.0,True,season_event_announcement,styled_editorial,season_event,
18028138762948886,True,food_drink,False,none,none,garden_view,daytime,4.0,False,none,styled_editorial,food_dining,
18059000465465165,True,other,False,none,none,ocean_view,daytime,4.0,True,other,wide_establishing,view_scenery,
18064004023602526,True,activity,False,none,none,mountain_view,daytime,4.0,True,feature_description,styled_editorial,experience_activity,
18074105120651801,True,food_drink,False,none,none,no_view,unknown,4.0,False,none,close_up_detail,food_dining,
18095002444910796,True,lobby_lounge,False,none,none,no_view,daytime,4.0,True,facility_name_logo,styled_editorial,brand_worldview,
17888088780122022,True,garden_outdoor_space,False,none,none,ocean_view,golden_hour_sunset,4.0,False,none,styled_editorial,view_scenery,
18099371662951987,True,restaurant_bar,False,none,none,no_view,night,5.0,True,facility_name_logo,styled_editorial,food_dining,
17859149187545644,True,lobby_lounge,False,none,none,garden_view,daytime,5.0,False,none,wide_establishing,brand_worldview,
17942616237135591,True,restaurant_bar,True,staff,none,no_view,night,4.0,False,none,styled_editorial,food_dining,
18002841179812542,True,pool_spa,False,none,none,ocean_view,daytime,5.0,False,none,styled_editorial,view_scenery,
18038163703684619,True,lobby_lounge,True,staff,none,city_view,daytime,4.0,False,none,styled_editorial,brand_worldview,
18017919929194057,True,pool_spa,False,none,none,mountain_view,daytime,4.0,False,none,wide_establishing,experience_activity,
17859477900140601,True,restaurant_bar,False,none,none,no_view,daytime,2.0,False,none,close_up_detail,food_dining,
17865600771067384,True,pool_spa,False,none,none,no_view,night,4.0,True,facility_name_logo,styled_editorial,experience_activity,
17895544353219571,True,other,True,guest_lifestyle,traditional_japanese,mountain_view,daytime,4.0,False,none,styled_editorial,experience_activity,
17949717645132701,True,restaurant_bar,True,staff,none,no_view,unknown,4.0,True,feature_description,styled_editorial,brand_worldview,
17966254673681990,True,lobby_lounge,False,none,none,garden_view,golden_hour_sunset,4.0,True,ranking_award,styled_editorial,brand_worldview,
18584000215020224,True,food_drink,True,hand_detail,none,no_view,daytime,4.0,True,facility_name_logo,close_up_detail,food_dining,
17915174970170791,True,room,True,family,standard,no_view,daytime,3.0,True,feature_description,documentary_photo,experience_activity,
17997012635614567,True,activity,False,none,none,none,daytime,4.0,True,season_event_announcement,close_up_detail,experience_activity,
18043500034693588,True,exterior_entrance,False,none,none,none,daytime,4.0,True,facility_name_logo,wide_establishing,brand_worldview,
18039284423575922,True,lobby_lounge,False,none,none,no_view,night,5.0,False,none,styled_editorial,brand_worldview,
17950618346667537,True,pool_spa,False,none,none,garden_view,daytime,4.0,False,none,wide_establishing,experience_activity,
18010657463807879,True,lobby_lounge,False,none,none,no_view,night,4.0,True,access_location_info,documentary_photo,brand_worldview,
17972637704813795,True,restaurant_bar,True,guest_lifestyle,none,city_view,night,4.0,False,none,styled_editorial,experience_activity,
17985578189398103,True,activity,True,guest_lifestyle,none,no_view,daytime,3.0,True,season_event_announcement,documentary_photo,experience_activity,
18085475144164476,True,food_drink,True,hand_detail,none,no_view,daytime,3.0,False,none,close_up_detail,food_dining,
17847777420243177,True,restaurant_bar,True,guest_lifestyle,none,city_view,daytime,4.0,False,none,styled_editorial,food_dining,
18383689912083028,True,lobby_lounge,False,none,none,no_view,unknown,5.0,False,none,close_up_detail,brand_worldview,
18016297415130893,True,other,False,none,none,no_view,unknown,3.0,True,feature_description,styled_editorial,experience_activity,
18148494277489790,True,activity,True,hand_detail,none,no_view,daytime,3.0,False,none,close_up_detail,experience_activity,
18469299625019154,True,exterior_entrance,False,none,none,none,night,5.0,True,facility_name_logo,wide_establishing,season_event,
18046993327825965,True,room,True,guest_lifestyle,traditional_japanese,mountain_view,daytime,4.0,False,none,styled_editorial,room_showcase,
18352561546208077,True,other,False,none,none,other,night,4.0,True,feature_description,wide_establishing,brand_worldview,
18308981107135760,True,activity,True,family,none,other,night,4.0,False,none,documentary_photo,experience_activity,
18052368358576159,True,restaurant_bar,False,none,none,no_view,night,4.0,True,facility_name_logo,styled_editorial,brand_worldview,
18071476774420707,True,food_drink,False,none,none,no_view,daytime,5.0,False,none,styled_editorial,food_dining,
18143659786494565,True,food_drink,True,hand_detail,none,none,night,5.0,False,none,close_up_detail,food_dining,
18045598553525429,True,room,False,none,standard,no_view,daytime,3.0,True,season_event_announcement,styled_editorial,season_event,
18573527695056045,True,garden_outdoor_space,True,silhouette_distant,none,garden_view,daytime,5.0,False,none,styled_editorial,view_scenery,
17887857894336102,True,exterior_entrance,False,none,none,city_view,daytime,4.0,True,facility_name_logo,styled_editorial,brand_worldview,
17976109028644187,True,lobby_lounge,True,staff,none,no_view,daytime,4.0,True,other,documentary_photo,brand_worldview,
17943486261096586,True,exterior_entrance,False,none,none,city_view,daytime,4.0,True,facility_name_logo,wide_establishing,season_event,
17878286274575577,True,food_drink,False,none,none,none,daytime,4.0,True,facility_name_logo,close_up_detail,food_dining,
17900348796178450,True,garden_outdoor_space,False,none,none,garden_view,daytime,4.0,False,none,wide_establishing,brand_worldview,
18035063989865069,True,restaurant_bar,True,staff,none,no_view,unknown,4.0,True,facility_name_logo,documentary_photo,food_dining,
17843019228295225,True,activity,False,none,none,mountain_view,daytime,3.0,True,season_event_announcement,wide_establishing,experience_activity,
17985827957504910,True,bathroom,False,none,traditional_japanese,garden_view,daytime,5.0,False,none,styled_editorial,room_showcase,
18334943740103562,True,room,False,none,standard,partial_view,daytime,4.0,False,none,styled_editorial,room_showcase,
18079107818403306,True,exterior_entrance,False,none,none,garden_view,daytime,4.0,True,facility_name_logo,styled_editorial,view_scenery,
18114952858621788,True,other,False,none,traditional_japanese,partial_view,daytime,4.0,False,none,close_up_detail,brand_worldview,
17914194873312900,True,view_from_window,False,none,none,ocean_view,daytime,5.0,False,none,wide_establishing,view_scenery,
18027988268292408,True,room,False,none,traditional_japanese,no_view,daytime,3.0,False,none,styled_editorial,room_showcase,
17957836391682004,True,room,True,guest_lifestyle,standard,city_view,daytime,3.0,False,none,styled_editorial,room_showcase,
18033463241670141,True,pool_spa,False,none,villa_private,garden_view,daytime,5.0,False,none,styled_editorial,room_showcase,
18057623470545060,True,food_drink,False,none,none,none,daytime,3.0,True,feature_description,styled_editorial,food_dining,
18417088231021690,True,pool_spa,False,none,none,ocean_view,daytime,5.0,False,none,styled_editorial,experience_activity,
17963985746847373,False,,,,,,,,,,,,"503 UNAVAILABLE. {'error': {'code': 503, 'message': 'This model is currently experiencing high demand. Spikes in demand are usually temporary. Please try again later.', 'status': 'UNAVAILABLE'}}"
18045860749618473,True,food_drink,True,hand_detail,none,no_view,daytime,3.0,False,none,close_up_detail,food_dining,
18084559292061342,True,pool_spa,False,none,none,no_view,daytime,4.0,False,none,wide_establishing,experience_activity,
17884101015241358,True,activity,False,none,none,garden_view,daytime,4.0,True,other,wide_establishing,experience_activity,
18322533931141941,True,pool_spa,True,family,none,garden_view,daytime,4.0,True,season_event_announcement,styled_editorial,season_event,
18055789939506068,True,lobby_lounge,False,none,none,no_view,daytime,5.0,False,none,styled_editorial,brand_worldview,
18063065906586433,True,food_drink,False,none,none,no_view,unknown,5.0,True,feature_description,styled_editorial,food_dining,
18051208580268774,True,room,False,none,suite_highend,ocean_view,golden_hour_sunset,5.0,False,none,styled_editorial,room_showcase,
18080102644562825,False,,,,,,,,,,,,"503 UNAVAILABLE. {'error': {'code': 503, 'message': 'This model is currently experiencing high demand. Spikes in demand are usually temporary. Please try again later.', 'status': 'UNAVAILABLE'}}"
17961784011003961,True,room,False,none,standard,ocean_view,daytime,4.0,False,none,styled_editorial,view_scenery,
18033407296893526,True,lobby_lounge,True,silhouette_distant,none,no_view,night,5.0,False,none,wide_establishing,brand_worldview,
17875361544171041,True,lobby_lounge,False,none,none,garden_view,daytime,4.0,True,season_event_announcement,styled_editorial,season_event,
18017048078267928,True,garden_outdoor_space,True,guest_lifestyle,none,garden_view,night,5.0,True,access_location_info,styled_editorial,view_scenery,
18136696459443519,True,garden_outdoor_space,True,silhouette_distant,none,mountain_view,daytime,4.0,False,none,wide_establishing,view_scenery,
18042085124077687,True,view_from_window,True,hand_detail,none,ocean_view,daytime,4.0,False,none,styled_editorial,experience_activity,
18006183632210573,True,room,False,none,standard,city_view,daytime,3.0,True,user_voice_review,documentary_photo,room_showcase,
18345751489210305,True,restaurant_bar,False,none,none,unknown,daytime,5.0,False,none,wide_establishing,food_dining,
18092698124067222,True,garden_outdoor_space,True,guest_lifestyle,none,garden_view,daytime,4.0,True,season_event_announcement,styled_editorial,season_event,
18150154444426886,True,lobby_lounge,False,none,none,city_view,daytime,4.0,True,facility_name_logo,styled_editorial,season_event,
18037647934768871,True,view_from_window,True,family,none,ocean_view,daytime,4.0,False,none,wide_establishing,view_scenery,
18416885554026121,True,activity,True,family,none,other,daytime,3.0,True,other,wide_establishing,experience_activity,
17874426384508646,True,room,False,none,traditional_japanese,no_view,unknown,4.0,False,none,close_up_detail,season_event,
17879963015964875,True,food_drink,False,none,none,no_view,daytime,5.0,True,feature_description,styled_editorial,food_dining,
18347227756122834,True,exterior_entrance,False,none,none,none,night,5.0,False,none,documentary_photo,brand_worldview,
17862055080151348,True,lobby_lounge,False,none,none,no_view,unknown,5.0,True,access_location_info,wide_establishing,brand_worldview,
18001272800163032,True,pool_spa,True,guest_lifestyle,none,partial_view,daytime,5.0,True,season_event_announcement,styled_editorial,experience_activity,
18018817760113486,True,restaurant_bar,True,couple,none,partial_view,daytime,3.0,False,none,styled_editorial,experience_activity,
18425502709011055,True,exterior_entrance,False,none,none,no_view,night,4.0,True,feature_description,styled_editorial,brand_worldview,
18082452746095509,True,food_drink,False,none,none,no_view,daytime,4.0,False,none,close_up_detail,food_dining,
17846908095188997,True,garden_outdoor_space,True,guest_lifestyle,glamping_unique,garden_view,daytime,3.0,True,feature_description,styled_editorial,experience_activity,
18089240543217521,True,pool_spa,False,none,none,no_view,unknown,4.0,False,none,styled_editorial,experience_activity,
18026145865768235,True,garden_outdoor_space,False,none,none,garden_view,daytime,4.0,True,facility_name_logo,wide_establishing,season_event,
18055905700998006,True,room,False,none,suite_highend,partial_view,daytime,5.0,False,none,styled_editorial,room_showcase,
18033755678520824,True,food_drink,False,none,none,no_view,daytime,4.0,False,none,close_up_detail,food_dining,
18035843647716379,True,activity,True,guest_lifestyle,none,garden_view,daytime,4.0,False,none,styled_editorial,experience_activity,
18089198333586189,True,garden_outdoor_space,False,none,none,no_view,daytime,3.0,False,none,close_up_detail,brand_worldview,
18346193848235798,True,garden_outdoor_space,False,none,none,other,daytime,5.0,False,none,wide_establishing,view_scenery,
18092926834411023,True,exterior_entrance,False,none,none,other,daytime,4.0,False,none,wide_establishing,view_scenery,
17880499338019500,True,garden_outdoor_space,True,guest_lifestyle,none,garden_view,daytime,3.0,False,none,documentary_photo,view_scenery,
17853012882135256,True,bathroom,False,none,traditional_japanese,garden_view,daytime,5.0,False,none,styled_editorial,room_showcase,
17995512179585475,True,pool_spa,False,none,none,mountain_view,daytime,5.0,True,feature_description,wide_establishing,experience_activity,
18121329286627296,True,restaurant_bar,True,guest_lifestyle,none,ocean_view,daytime,5.0,False,none,styled_editorial,food_dining,
17974194119554721,True,restaurant_bar,True,staff,none,no_view,unknown,5.0,False,none,styled_editorial,food_dining,
18317124907163074,True,room,False,none,villa_private,ocean_view,daytime,5.0,True,season_event_announcement,styled_editorial,season_event,
18024786950355496,True,exterior_entrance,False,none,none,city_view,golden_hour_sunset,4.0,False,none,styled_editorial,view_scenery,
18347915341300197,True,activity,True,hand_detail,none,city_view,daytime,2.0,False,none,close_up_detail,experience_activity,
18109882615464610,True,food_drink,False,none,none,none,unknown,4.0,False,none,styled_editorial,food_dining,
18083018522097826,True,garden_outdoor_space,False,none,none,garden_view,daytime,3.0,False,none,styled_editorial,brand_worldview,
18031883698848056,True,garden_outdoor_space,False,none,none,garden_view,daytime,3.0,True,season_event_announcement,close_up_detail,season_event,
18063579409781695,True,exterior_entrance,True,staff,none,no_view,daytime,4.0,False,none,styled_editorial,brand_worldview,
18013872368085452,True,bathroom,False,none,villa_private,garden_view,daytime,5.0,True,feature_description,styled_editorial,experience_activity,
17984024372866117,True,food_drink,False,none,none,none,unknown,4.0,True,season_event_announcement,close_up_detail,season_event,
18014510870264985,True,other,False,none,none,none,daytime,3.0,False,none,wide_establishing,brand_worldview,
18304032190178973,True,pool_spa,False,none,none,no_view,night,4.0,True,facility_name_logo,styled_editorial,experience_activity,
18191459341292548,True,activity,True,silhouette_distant,glamping_unique,garden_view,daytime,1.0,True,feature_description,documentary_photo,experience_activity,
17896917501289489,True,pool_spa,False,none,suite_highend,ocean_view,daytime,5.0,True,feature_description,styled_editorial,room_showcase,
18097300753472236,True,restaurant_bar,True,staff,none,no_view,night,4.0,False,none,wide_establishing,food_dining,
18028442836969392,True,room,False,none,glamping_unique,ocean_view,golden_hour_sunset,4.0,True,price_plan_info,styled_editorial,price_plan_announcement,
18248793394301209,True,other,True,silhouette_distant,none,ocean_view,night,5.0,False,none,wide_establishing,view_scenery,
17952382148899858,True,exterior_entrance,False,none,none,garden_view,daytime,4.0,True,facility_name_logo,styled_editorial,brand_worldview,
17862282771136041,True,food_drink,False,none,none,none,daytime,4.0,True,other,flat_lay,food_dining,
18067866608548787,True,room,True,guest_lifestyle,traditional_japanese,no_view,daytime,3.0,True,access_location_info,styled_editorial,experience_activity,
18445784944077448,True,room,False,none,traditional_japanese,ocean_view,daytime,4.0,False,none,styled_editorial,room_showcase,
17877055629242312,True,room,False,none,standard,no_view,daytime,4.0,True,feature_description,wide_establishing,room_showcase,
18111192106450040,True,exterior_entrance,False,none,none,mountain_view,night,4.0,True,price_plan_info,wide_establishing,price_plan_announcement,
18036520603905199,True,room,False,none,other,garden_view,daytime,3.0,False,none,styled_editorial,room_showcase,
18038656883767949,True,food_drink,False,none,none,none,daytime,4.0,True,season_event_announcement,styled_editorial,food_dining,
17961054842941270,True,activity,True,family,none,ocean_view,daytime,4.0,True,season_event_announcement,wide_establishing,experience_activity,
18449488075112270,True,food_drink,False,none,none,no_view,daytime,4.0,False,none,styled_editorial,food_dining,
17908337556205490,True,lobby_lounge,False,none,none,city_view,daytime,5.0,False,none,styled_editorial,brand_worldview,
17863768080617386,True,other,True,guest_lifestyle,standard,ocean_view,daytime,4.0,True,price_plan_info,styled_editorial,price_plan_announcement,
17866979538525528,True,food_drink,False,none,none,none,daytime,3.0,False,none,close_up_detail,food_dining,
18087395815758092,True,restaurant_bar,True,hand_detail,none,none,daytime,5.0,True,season_event_announcement,styled_editorial,food_dining,
17961943040840748,True,lobby_lounge,False,none,none,no_view,unknown,5.0,False,none,styled_editorial,season_event,
18064387142691526,True,garden_outdoor_space,True,guest_lifestyle,traditional_japanese,mountain_view,night,4.0,False,none,styled_editorial,experience_activity,
18044628244992581,True,food_drink,False,none,none,no_view,daytime,5.0,False,none,styled_editorial,food_dining,
18309393160255541,True,food_drink,False,none,none,none,unknown,5.0,False,none,flat_lay,food_dining,
17903116329089208,True,food_drink,False,none,none,none,daytime,4.0,False,none,flat_lay,food_dining,
18066191978012369,True,room,False,none,suite_highend,garden_view,daytime,5.0,False,none,styled_editorial,room_showcase,
18072135428257731,True,food_drink,False,none,none,none,daytime,3.0,True,feature_description,close_up_detail,food_dining,
17878668486180377,True,food_drink,True,hand_detail,none,none,daytime,5.0,False,none,styled_editorial,food_dining,
18059105597154688,True,room,True,hand_detail,none,no_view,daytime,3.0,False,none,close_up_detail,experience_activity,
18051607258680697,True,room,True,guest_lifestyle,traditional_japanese,mountain_view,daytime,5.0,False,none,styled_editorial,experience_activity,
18271491151242834,True,pool_spa,False,none,none,mountain_view,night,4.0,False,none,styled_editorial,experience_activity,
18005906192594259,True,pool_spa,False,none,traditional_japanese,garden_view,daytime,4.0,True,access_location_info,styled_editorial,experience_activity,
18092845376137474,True,activity,True,guest_lifestyle,none,other,daytime,3.0,True,season_event_announcement,styled_editorial,experience_activity,
18323129929161133,True,food_drink,False,none,none,no_view,daytime,4.0,False,none,close_up_detail,food_dining,
17888538948384203,True,pool_spa,False,none,none,ocean_view,daytime,5.0,False,none,styled_editorial,view_scenery,
17972735825745572,True,room,True,guest_lifestyle,other,no_view,daytime,4.0,True,other,styled_editorial,experience_activity,
17918130846144576,True,restaurant_bar,False,none,none,partial_view,daytime,4.0,True,feature_description,styled_editorial,experience_activity,
18050822738417580,True,restaurant_bar,True,staff,none,city_view,daytime,5.0,False,none,styled_editorial,food_dining,
17974607021912771,True,food_drink,False,none,none,none,daytime,5.0,False,none,close_up_detail,food_dining,
18088620340891665,True,garden_outdoor_space,False,none,none,city_view,daytime,3.0,True,season_event_announcement,wide_establishing,season_event,
18576196489048901,True,garden_outdoor_space,True,guest_lifestyle,none,garden_view,daytime,3.0,True,season_event_announcement,documentary_photo,experience_activity,
18151726399481528,True,other,False,none,none,none,daytime,3.0,True,facility_name_logo,documentary_photo,brand_worldview,
18348749044206613,True,food_drink,False,none,none,no_view,night,4.0,True,feature_description,close_up_detail,food_dining,
18028606133185310,True,room,False,none,other,partial_view,unknown,4.0,True,feature_description,styled_editorial,room_showcase,
18108767323803663,True,lobby_lounge,False,none,none,mountain_view,daytime,4.0,True,season_event_announcement,styled_editorial,season_event,
18166007005377565,True,amenity_detail,False,none,none,none,daytime,3.0,True,feature_description,flat_lay,experience_activity,
18048283286561305,True,garden_outdoor_space,True,family,villa_private,garden_view,daytime,4.0,False,none,styled_editorial,experience_activity,
18022295315645824,True,room,False,none,standard,no_view,daytime,3.0,False,none,documentary_photo,room_showcase,
18069527794618717,True,room,False,none,traditional_japanese,no_view,night,4.0,False,none,wide_establishing,room_showcase,
17924399342991930,True,food_drink,False,none,none,no_view,night,4.0,True,feature_description,close_up_detail,food_dining,
18069549893219463,True,food_drink,False,none,none,no_view,unknown,5.0,True,feature_description,styled_editorial,food_dining,
18087637565494889,True,other,False,none,none,other,daytime,3.0,True,feature_description,documentary_photo,experience_activity,
18078562757434942,True,pool_spa,True,silhouette_distant,none,other,night,5.0,False,none,wide_establishing,brand_worldview,
18068073622940394,True,lobby_lounge,True,couple,none,none,daytime,3.0,True,other,documentary_photo,season_event,
18088966106099482,True,lobby_lounge,False,none,none,no_view,night,5.0,True,feature_description,styled_editorial,brand_worldview,
17996597300672621,True,food_drink,False,none,none,no_view,daytime,4.0,False,none,styled_editorial,food_dining,
18113276083508650,True,food_drink,False,none,none,none,daytime,4.0,True,facility_name_logo,styled_editorial,food_dining,
18097035799569015,True,food_drink,False,none,none,no_view,unknown,2.0,True,ranking_award,close_up_detail,food_dining,
18344126302133210,True,restaurant_bar,False,none,none,garden_view,daytime,3.0,False,none,wide_establishing,food_dining,
18003367718847990,True,exterior_entrance,False,none,none,garden_view,daytime,4.0,False,none,drone_aerial,brand_worldview,
18023219123251838,True,lobby_lounge,False,none,none,garden_view,daytime,4.0,False,none,styled_editorial,brand_worldview,
18151574416366809,True,food_drink,False,none,none,no_view,unknown,4.0,False,none,close_up_detail,food_dining,
18058507049546429,True,exterior_entrance,True,staff,none,none,night,5.0,True,facility_name_logo,styled_editorial,brand_worldview,
18070957886303837,True,restaurant_bar,True,guest_lifestyle,none,no_view,unknown,4.0,False,none,styled_editorial,experience_activity,
18001650233383193,True,garden_outdoor_space,False,none,none,mountain_view,daytime,3.0,False,none,wide_establishing,view_scenery,
18167718835313589,True,garden_outdoor_space,False,none,none,mountain_view,daytime,4.0,False,none,wide_establishing,view_scenery,
17952354935945297,True,garden_outdoor_space,False,none,none,garden_view,daytime,4.0,False,none,close_up_detail,brand_worldview,
18074807563678526,True,exterior_entrance,False,none,none,mountain_view,golden_hour_sunset,4.0,True,season_event_announcement,styled_editorial,season_event,
18368262043163186,True,garden_outdoor_space,False,none,none,city_view,daytime,4.0,False,none,styled_editorial,experience_activity,
18090243833468424,True,food_drink,False,none,none,none,daytime,4.0,True,facility_name_logo,styled_editorial,food_dining,
18005755361724127,True,food_drink,True,hand_detail,none,no_view,unknown,4.0,False,none,close_up_detail,food_dining,
17933658779951374,True,pool_spa,False,none,none,no_view,unknown,4.0,True,feature_description,close_up_detail,experience_activity,
18073073507256194,True,food_drink,False,none,none,no_view,daytime,5.0,True,feature_description,styled_editorial,food_dining,
18082428266579907,True,garden_outdoor_space,False,none,none,garden_view,daytime,4.0,True,feature_description,wide_establishing,view_scenery,
17979159251680882,True,activity,True,staff,none,ocean_view,daytime,4.0,True,feature_description,documentary_photo,experience_activity,
18305690605273463,True,other,True,guest_lifestyle,standard,ocean_view,daytime,4.0,True,season_event_announcement,styled_editorial,season_event,
18048590801096241,True,room,True,guest_lifestyle,traditional_japanese,no_view,daytime,3.0,True,feature_description,styled_editorial,experience_activity,
18056044321690121,True,room,False,none,suite_highend,mountain_view,daytime,5.0,False,none,wide_establishing,room_showcase,
17952075450066748,True,exterior_entrance,True,couple,none,city_view,daytime,4.0,True,facility_name_logo,styled_editorial,brand_worldview,
18020279999657236,True,food_drink,True,staff,none,none,unknown,5.0,True,feature_description,styled_editorial,food_dining,
18106643797702384,True,amenity_detail,False,none,none,no_view,unknown,3.0,False,none,close_up_detail,brand_worldview,
18111745366736039,True,exterior_entrance,True,silhouette_distant,none,ocean_view,daytime,3.0,True,season_event_announcement,drone_aerial,season_event,
17914537497166162,True,room,False,none,standard,no_view,daytime,3.0,True,facility_name_logo,styled_editorial,room_showcase,
17910426084102182,True,food_drink,True,hand_detail,none,no_view,daytime,4.0,True,season_event_announcement,styled_editorial,season_event,
18100821694810778,True,exterior_entrance,True,silhouette_distant,none,no_view,daytime,4.0,True,facility_name_logo,documentary_photo,brand_worldview,
18031386644371240,True,activity,True,hand_detail,none,no_view,unknown,2.0,False,none,close_up_detail,experience_activity,
18070423207958664,True,other,True,hand_detail,none,no_view,unknown,3.0,True,feature_description,close_up_detail,brand_worldview,
18024226277700830,True,lobby_lounge,True,silhouette_distant,none,no_view,daytime,4.0,True,feature_description,styled_editorial,experience_activity,
18030232139119643,True,room,False,none,standard,no_view,daytime,3.0,True,feature_description,styled_editorial,room_showcase,
18029715650390138,True,room,False,none,glamping_unique,city_view,daytime,4.0,True,feature_description,wide_establishing,experience_activity,
18537213625071731,True,activity,False,none,none,city_view,night,3.0,True,season_event_announcement,styled_editorial,season_event,
17936600973113593,True,restaurant_bar,True,staff,none,city_view,daytime,4.0,False,none,styled_editorial,brand_worldview,
18522258964020211,True,activity,True,silhouette_distant,none,ocean_view,night,4.0,True,season_event_announcement,wide_establishing,season_event,
18100965610961815,True,food_drink,False,none,none,none,daytime,3.0,True,facility_name_logo,close_up_detail,food_dining,
17926696416139645,True,exterior_entrance,False,none,villa_private,garden_view,daytime,4.0,False,none,wide_establishing,brand_worldview,
17948557412874796,True,other,True,other,none,none,daytime,4.0,True,access_location_info,styled_editorial,brand_worldview,
18098078008823474,True,lobby_lounge,True,staff,none,no_view,unknown,4.0,False,none,styled_editorial,brand_worldview,
18131794822556261,True,exterior_entrance,False,none,none,no_view,daytime,4.0,True,feature_description,wide_establishing,brand_worldview,
17934404843779815,True,view_from_window,False,none,none,ocean_view,golden_hour_sunset,5.0,False,none,styled_editorial,view_scenery,
17894740710048141,True,pool_spa,False,none,none,mountain_view,daytime,5.0,False,none,wide_establishing,experience_activity,
17882485767517519,True,exterior_entrance,False,none,none,no_view,night,4.0,True,facility_name_logo,styled_editorial,brand_worldview,
17941259676152849,True,lobby_lounge,False,none,none,no_view,night,4.0,False,none,styled_editorial,brand_worldview,
17934561533857145,True,restaurant_bar,True,hand_detail,none,no_view,night,4.0,True,feature_description,close_up_detail,experience_activity,
18062522048402664,True,other,True,couple,none,no_view,daytime,2.0,False,none,styled_editorial,experience_activity,
18091151890821467,True,pool_spa,False,none,traditional_japanese,garden_view,daytime,5.0,False,none,wide_establishing,room_showcase,
18123889846352915,True,pool_spa,False,none,none,garden_view,golden_hour_sunset,4.0,False,none,styled_editorial,experience_activity,
17954040390065066,True,activity,False,none,other,no_view,night,4.0,True,feature_description,wide_establishing,experience_activity,
17921091663124180,True,garden_outdoor_space,False,none,villa_private,garden_view,daytime,4.0,False,none,wide_establishing,room_showcase,
18181816723341240,True,view_from_window,False,none,none,ocean_view,golden_hour_sunset,4.0,True,feature_description,wide_establishing,experience_activity,
18114736627440968,True,food_drink,False,none,none,no_view,unknown,4.0,True,price_plan_info,close_up_detail,food_dining,
18460463896102846,True,food_drink,False,none,none,none,daytime,4.0,True,feature_description,styled_editorial,food_dining,
18023518715754346,True,pool_spa,False,none,none,garden_view,daytime,4.0,True,price_plan_info,wide_establishing,price_plan_announcement,
17845977573352911,True,pool_spa,False,none,none,other,golden_hour_sunset,4.0,False,none,wide_establishing,experience_activity,
18106318792851189,True,food_drink,False,none,none,no_view,unknown,5.0,True,feature_description,styled_editorial,food_dining,
18061447564901474,True,exterior_entrance,False,none,none,garden_view,daytime,3.0,True,price_plan_info,styled_editorial,brand_worldview,
18078334514627907,True,pool_spa,False,none,traditional_japanese,garden_view,daytime,4.0,True,feature_description,styled_editorial,experience_activity,
18093036589906975,True,food_drink,False,none,none,none,unknown,5.0,True,season_event_announcement,styled_editorial,season_event,
17923619703266549,True,garden_outdoor_space,True,silhouette_distant,none,garden_view,daytime,4.0,True,season_event_announcement,wide_establishing,season_event,
18035904935400099,True,pool_spa,False,none,none,garden_view,daytime,4.0,False,none,styled_editorial,experience_activity,
17902738164154794,True,activity,False,none,none,none,daytime,2.0,True,facility_name_logo,styled_editorial,experience_activity,
18267164824231764,True,view_from_window,False,none,none,ocean_view,daytime,5.0,False,none,drone_aerial,view_scenery,
18038279750254232,True,food_drink,True,hand_detail,none,none,daytime,4.0,True,season_event_announcement,styled_editorial,season_event,
17980300157704659,True,food_drink,True,hand_detail,none,no_view,daytime,3.0,True,feature_description,close_up_detail,food_dining,
18072071689749819,True,pool_spa,False,none,suite_highend,mountain_view,daytime,4.0,True,feature_description,wide_establishing,brand_worldview,
17853780828651613,True,exterior_entrance,False,none,none,garden_view,daytime,3.0,True,facility_name_logo,styled_editorial,season_event,
18101661706849977,True,restaurant_bar,False,none,none,no_view,unknown,4.0,True,season_event_announcement,styled_editorial,season_event,
18412412674182030,True,room,True,guest_lifestyle,suite_highend,no_view,daytime,4.0,False,none,styled_editorial,experience_activity,
18093964834961076,True,pool_spa,False,none,none,mountain_view,golden_hour_sunset,5.0,False,none,styled_editorial,experience_activity,
18094481980428693,True,exterior_entrance,True,silhouette_distant,glamping_unique,ocean_view,daytime,4.0,True,other,drone_aerial,season_event,
18096175550049874,True,lobby_lounge,False,none,none,none,night,4.0,True,feature_description,styled_editorial,brand_worldview,
18579590014009200,True,activity,True,family,none,ocean_view,daytime,3.0,False,none,documentary_photo,experience_activity,
18129184153354667,True,lobby_lounge,False,none,none,mountain_view,night,5.0,False,none,wide_establishing,brand_worldview,
18148771528427978,True,view_from_window,True,guest_lifestyle,none,city_view,daytime,4.0,False,none,styled_editorial,view_scenery,
17912262668974058,True,pool_spa,False,none,none,city_view,night,4.0,False,none,wide_establishing,experience_activity,
18145939630397439,True,food_drink,True,hand_detail,none,no_view,unknown,3.0,False,none,close_up_detail,food_dining,
18050205451692240,True,pool_spa,False,none,traditional_japanese,ocean_view,daytime,5.0,False,none,styled_editorial,room_showcase,
18024709429938753,True,amenity_detail,True,family,none,no_view,daytime,4.0,False,none,styled_editorial,experience_activity,
18288665959172357,True,room,False,none,standard,no_view,night,4.0,False,none,close_up_detail,experience_activity,
18212612500316458,True,activity,True,guest_lifestyle,none,none,daytime,3.0,True,season_event_announcement,styled_editorial,experience_activity,
17976775208852703,True,other,True,guest_lifestyle,standard,garden_view,daytime,3.0,True,price_plan_info,styled_editorial,price_plan_announcement,
17915659910812417,True,exterior_entrance,False,none,none,ocean_view,daytime,3.0,False,none,drone_aerial,view_scenery,
18092815426405796,True,garden_outdoor_space,False,none,traditional_japanese,garden_view,daytime,3.0,False,none,styled_editorial,view_scenery,
17893789317027838,True,exterior_entrance,False,none,none,partial_view,daytime,4.0,True,facility_name_logo,documentary_photo,brand_worldview,
18110978830692128,True,food_drink,False,none,none,no_view,daytime,5.0,False,none,styled_editorial,food_dining,
18062817259833590,True,food_drink,False,none,none,no_view,unknown,4.0,False,none,styled_editorial,food_dining,
18040930676098074,True,pool_spa,False,none,traditional_japanese,mountain_view,night,5.0,False,none,styled_editorial,room_showcase,
18018009332583079,True,exterior_entrance,False,none,none,city_view,night,4.0,True,facility_name_logo,wide_establishing,brand_worldview,
18104837428877359,True,lobby_lounge,True,guest_lifestyle,none,city_view,golden_hour_sunset,4.0,True,facility_name_logo,styled_editorial,brand_worldview,
18041692675847349,True,activity,True,hand_detail,none,none,daytime,3.0,False,none,close_up_detail,experience_activity,
18099964429975705,True,food_drink,False,none,none,no_view,daytime,4.0,True,feature_description,flat_lay,food_dining,
18488836915021389,True,room,False,none,suite_highend,no_view,night,4.0,True,season_event_announcement,styled_editorial,season_event,
17878019718291402,True,other,False,none,suite_highend,garden_view,daytime,5.0,True,feature_description,styled_editorial,brand_worldview,
18085699820026872,True,room,False,none,suite_highend,garden_view,daytime,4.0,False,none,styled_editorial,room_showcase,
18512484790022148,True,room,True,guest_lifestyle,other,no_view,daytime,3.0,False,none,styled_editorial,room_showcase,
18111581845531763,True,restaurant_bar,False,none,none,no_view,unknown,4.0,True,feature_description,styled_editorial,experience_activity,
18100753510851390,True,food_drink,False,none,none,none,night,4.0,True,season_event_announcement,styled_editorial,season_event,
18059668967170926,True,pool_spa,True,silhouette_distant,none,ocean_view,daytime,5.0,False,none,drone_aerial,experience_activity,
18281009119278812,True,view_from_window,True,silhouette_distant,none,mountain_view,golden_hour_sunset,4.0,False,none,wide_establishing,view_scenery,
18056593487401213,True,room,False,none,suite_highend,mountain_view,daytime,4.0,False,none,styled_editorial,room_showcase,
18086223688784438,True,garden_outdoor_space,True,family,glamping_unique,garden_view,night,4.0,False,none,styled_editorial,experience_activity,
18064009151284688,True,restaurant_bar,True,staff,none,none,unknown,5.0,False,none,styled_editorial,food_dining,
18246742588264938,True,room,False,none,traditional_japanese,ocean_view,daytime,4.0,False,none,styled_editorial,room_showcase,
18432622165068975,True,room,False,none,standard,ocean_view,daytime,3.0,False,none,styled_editorial,experience_activity,
18057549559560632,True,lobby_lounge,False,none,none,garden_view,daytime,4.0,False,none,wide_establishing,brand_worldview,
17930535428961198,True,garden_outdoor_space,False,none,none,garden_view,daytime,5.0,False,none,wide_establishing,view_scenery,
18064352047819368,True,pool_spa,True,guest_lifestyle,none,ocean_view,daytime,4.0,False,none,drone_aerial,experience_activity,
18027965903549324,True,activity,True,guest_lifestyle,none,other,night,4.0,True,feature_description,styled_editorial,experience_activity,
18024293978360780,True,food_drink,False,none,none,none,daytime,4.0,False,none,styled_editorial,food_dining,
18253278811291482,True,exterior_entrance,True,silhouette_distant,none,city_view,daytime,4.0,True,facility_name_logo,wide_establishing,brand_worldview,
17958407570914412,True,food_drink,False,none,none,no_view,daytime,4.0,False,none,flat_lay,food_dining,
18023406731457378,True,amenity_detail,False,none,none,no_view,daytime,2.0,False,none,close_up_detail,brand_worldview,
18101496610436180,True,food_drink,False,none,none,no_view,daytime,4.0,True,feature_description,styled_editorial,food_dining,
18008400515665853,True,food_drink,False,none,none,no_view,daytime,4.0,False,none,styled_editorial,food_dining,
18039927401363349,True,food_drink,False,none,none,no_view,daytime,4.0,False,none,flat_lay,food_dining,
18118711756659977,True,activity,True,hand_detail,none,no_view,daytime,4.0,True,facility_name_logo,close_up_detail,experience_activity,
18228614248251365,True,view_from_window,False,none,none,ocean_view,daytime,5.0,False,none,wide_establishing,view_scenery,
18009029534197216,True,other,False,none,none,other,daytime,3.0,True,feature_description,drone_aerial,experience_activity,
18087800891594896,True,exterior_entrance,True,guest_lifestyle,none,none,daytime,4.0,True,other,styled_editorial,experience_activity,
18101758583483607,True,food_drink,False,none,none,no_view,night,3.0,True,season_event_announcement,close_up_detail,season_event,
18088299695193850,True,food_drink,True,hand_detail,none,no_view,daytime,4.0,False,none,close_up_detail,food_dining,
17872655367387903,True,room,False,none,suite_highend,no_view,daytime,4.0,True,feature_description,styled_editorial,room_showcase,
18074269405820183,True,lobby_lounge,True,hand_detail,none,no_view,daytime,4.0,False,none,close_up_detail,brand_worldview,
17996138102346843,True,garden_outdoor_space,False,none,none,garden_view,daytime,4.0,False,none,wide_establishing,view_scenery,
18287084056174555,True,room,False,none,traditional_japanese,city_view,night,5.0,False,none,styled_editorial,room_showcase,
17884849071481648,True,restaurant_bar,False,none,none,no_view,unknown,4.0,False,none,close_up_detail,food_dining,
17966271287969948,True,exterior_entrance,False,none,none,no_view,night,4.0,True,facility_name_logo,styled_editorial,brand_worldview,
18061344377102580,True,room,False,none,traditional_japanese,ocean_view,daytime,5.0,False,none,styled_editorial,room_showcase,
18044684161772589,True,garden_outdoor_space,False,none,glamping_unique,garden_view,daytime,3.0,True,feature_description,styled_editorial,experience_activity,
18057943625305613,True,food_drink,False,none,none,no_view,night,5.0,False,none,styled_editorial,food_dining,
18072163208274826,True,other,True,silhouette_distant,suite_highend,mountain_view,unknown,4.0,True,feature_description,styled_editorial,brand_worldview,
18334857034223834,True,food_drink,True,hand_detail,none,none,unknown,5.0,True,feature_description,styled_editorial,food_dining,
17910828441185686,True,food_drink,False,none,none,no_view,daytime,4.0,True,season_event_announcement,flat_lay,season_event,
18040630313013379,True,room,False,none,standard,no_view,unknown,3.0,True,feature_description,styled_editorial,experience_activity,
17950627400931946,True,lobby_lounge,False,none,none,city_view,daytime,5.0,False,none,styled_editorial,experience_activity,
18306747997165155,True,food_drink,False,none,none,none,daytime,4.0,False,none,close_up_detail,food_dining,
18100168690788349,True,activity,True,guest_lifestyle,none,other,unknown,4.0,True,season_event_announcement,styled_editorial,season_event,
18058920518507834,True,activity,False,none,none,no_view,daytime,4.0,True,feature_description,styled_editorial,experience_activity,
18113397040689198,True,other,False,none,none,none,unknown,3.0,True,price_plan_info,other,price_plan_announcement,
17870810850608144,True,restaurant_bar,True,staff,none,city_view,daytime,5.0,False,none,styled_editorial,food_dining,
18039824323832620,True,restaurant_bar,True,family,none,garden_view,daytime,3.0,False,none,styled_editorial,brand_worldview,
17903492006967061,True,food_drink,False,none,none,none,daytime,4.0,False,none,styled_editorial,food_dining,
18166397329362161,True,food_drink,False,none,none,none,night,5.0,False,none,styled_editorial,food_dining,
17873743842581172,True,other,False,none,none,garden_view,golden_hour_sunset,4.0,True,season_event_announcement,drone_aerial,season_event,
18042164993370681,True,garden_outdoor_space,False,none,glamping_unique,garden_view,daytime,3.0,True,feature_description,styled_editorial,experience_activity,
18104234701586727,True,room,False,none,standard,city_view,daytime,3.0,False,none,styled_editorial,room_showcase,
18033484189820431,True,pool_spa,False,none,none,garden_view,daytime,4.0,True,season_event_announcement,styled_editorial,season_event,
18042253844266826,True,exterior_entrance,True,other,none,partial_view,daytime,1.0,True,access_location_info,documentary_photo,experience_activity,
17900031003265558,True,room,True,guest_lifestyle,standard,garden_view,daytime,4.0,False,none,styled_editorial,brand_worldview,
18030433613064519,True,pool_spa,False,none,none,garden_view,night,5.0,False,none,styled_editorial,experience_activity,
18082489793375369,True,amenity_detail,True,guest_lifestyle,none,no_view,unknown,4.0,False,none,styled_editorial,brand_worldview,
18031386497748538,True,activity,False,none,traditional_japanese,no_view,daytime,4.0,False,none,wide_establishing,experience_activity,
18358108102166894,True,room,True,family,other,ocean_view,daytime,4.0,False,none,styled_editorial,experience_activity,
17865730860536669,True,room,False,none,standard,no_view,unknown,4.0,True,facility_name_logo,styled_editorial,room_showcase,
18277975051266334,True,pool_spa,False,none,suite_highend,mountain_view,daytime,5.0,True,feature_description,styled_editorial,room_showcase,
18043345645827002,True,food_drink,True,hand_detail,none,no_view,unknown,5.0,False,none,close_up_detail,food_dining,
18242240488286012,True,pool_spa,False,none,none,garden_view,daytime,4.0,True,feature_description,styled_editorial,experience_activity,
17867295864671128,True,restaurant_bar,False,none,none,city_view,daytime,3.0,True,feature_description,styled_editorial,brand_worldview,
17908282308297600,True,room,False,none,suite_highend,no_view,daytime,5.0,False,none,close_up_detail,room_showcase,
17865220770512491,True,food_drink,False,none,none,no_view,night,4.0,True,feature_description,styled_editorial,food_dining,
17961145578021791,True,lobby_lounge,True,couple,none,no_view,daytime,3.0,True,feature_description,styled_editorial,experience_activity,
17921885319323864,True,activity,False,none,none,mountain_view,daytime,4.0,True,season_event_announcement,other,season_event,
18127811242597594,True,room,True,hand_detail,suite_highend,ocean_view,daytime,5.0,True,price_plan_info,styled_editorial,price_plan_announcement,
18051211727510966,True,lobby_lounge,True,guest_lifestyle,none,garden_view,daytime,4.0,True,feature_description,styled_editorial,brand_worldview,
18577060018018451,True,lobby_lounge,False,none,glamping_unique,garden_view,golden_hour_sunset,4.0,False,none,styled_editorial,room_showcase,
18111499129806688,True,room,False,none,suite_highend,ocean_view,daytime,5.0,True,feature_description,styled_editorial,room_showcase,
17953592957842396,True,restaurant_bar,False,none,none,no_view,daytime,5.0,False,none,styled_editorial,food_dining,
17909323359173104,True,room,False,none,standard,no_view,daytime,3.0,False,none,documentary_photo,room_showcase,
17865905109378683,True,food_drink,False,none,none,none,unknown,4.0,True,season_event_announcement,styled_editorial,food_dining,
18026483636678549,True,amenity_detail,False,none,none,no_view,daytime,4.0,True,feature_description,close_up_detail,brand_worldview,
18122823496626604,True,garden_outdoor_space,False,none,none,ocean_view,night,4.0,True,price_plan_info,wide_establishing,price_plan_announcement,
18045658904344141,True,room,True,guest_lifestyle,suite_highend,city_view,golden_hour_sunset,5.0,False,none,styled_editorial,room_showcase,
18142057315492547,True,restaurant_bar,True,guest_lifestyle,none,partial_view,daytime,4.0,False,none,styled_editorial,food_dining,
18003254144703166,True,lobby_lounge,False,none,none,garden_view,daytime,4.0,False,none,styled_editorial,brand_worldview,
18156457195404044,True,exterior_entrance,False,none,none,city_view,golden_hour_sunset,4.0,False,none,wide_establishing,view_scenery,
18081290227640103,True,amenity_detail,False,none,none,none,unknown,4.0,False,none,close_up_detail,brand_worldview,
18127062775600400,True,exterior_entrance,False,none,none,no_view,daytime,3.0,False,facility_name_logo,close_up_detail,brand_worldview,
17990826941870843,True,food_drink,False,none,none,no_view,unknown,5.0,False,none,close_up_detail,food_dining,
17936770008108976,True,activity,True,guest_lifestyle,none,mountain_view,daytime,3.0,False,none,documentary_photo,experience_activity,
18052402697530916,True,bathroom,True,hand_detail,none,no_view,night,3.0,True,feature_description,styled_editorial,experience_activity,
17978986751563102,True,bathroom,False,none,suite_highend,garden_view,daytime,5.0,True,feature_description,styled_editorial,room_showcase,
18054049007134714,True,food_drink,False,none,none,no_view,daytime,3.0,True,feature_description,close_up_detail,food_dining,
17893796559080963,True,room,False,none,suite_highend,city_view,daytime,4.0,False,none,styled_editorial,room_showcase,
18059915183120586,True,bathroom,False,none,standard,no_view,unknown,4.0,False,none,close_up_detail,room_showcase,
17904358080057728,True,food_drink,False,none,none,none,daytime,4.0,False,none,styled_editorial,food_dining,
18094677814569841,True,food_drink,False,none,none,no_view,unknown,5.0,True,facility_name_logo,styled_editorial,food_dining,
17907608313223282,True,garden_outdoor_space,False,none,none,garden_view,daytime,4.0,True,feature_description,wide_establishing,experience_activity,
18061398925549636,True,garden_outdoor_space,False,none,none,mountain_view,daytime,4.0,False,none,wide_establishing,view_scenery,
18434174431138150,True,food_drink,True,hand_detail,none,none,daytime,4.0,False,none,close_up_detail,food_dining,
18021436487347093,True,room,False,none,traditional_japanese,no_view,night,4.0,False,none,styled_editorial,room_showcase,
18314208346219565,True,other,False,none,none,city_view,night,4.0,True,season_event_announcement,other,season_event,
18061917086481165,True,pool_spa,False,none,none,none,daytime,4.0,False,none,wide_establishing,brand_worldview,
18088736078590031,True,view_from_window,False,none,none,mountain_view,golden_hour_sunset,5.0,False,none,drone_aerial,view_scenery,
17908124313196941,True,activity,True,guest_lifestyle,none,none,daytime,3.0,False,none,documentary_photo,experience_activity,
18082314715940185,True,garden_outdoor_space,False,none,none,garden_view,daytime,3.0,True,season_event_announcement,styled_editorial,season_event,
18027980066018445,True,garden_outdoor_space,False,none,none,garden_view,daytime,4.0,True,other,wide_establishing,season_event,
17920935372092190,True,food_drink,False,none,none,none,daytime,3.0,True,facility_name_logo,flat_lay,food_dining,
17926738700992698,True,pool_spa,False,none,none,mountain_view,daytime,4.0,False,none,wide_establishing,experience_activity,
17919002061344287,True,activity,False,none,none,ocean_view,daytime,5.0,True,feature_description,drone_aerial,experience_activity,
18049623568844593,True,food_drink,False,none,none,no_view,unknown,2.0,True,feature_description,close_up_detail,food_dining,
18002076005803715,True,pool_spa,True,guest_lifestyle,none,ocean_view,daytime,4.0,True,feature_description,wide_establishing,experience_activity,
17944439460047550,True,pool_spa,False,none,none,no_view,unknown,4.0,False,none,styled_editorial,experience_activity,
18030971720216191,True,activity,True,staff,none,city_view,daytime,2.0,True,access_location_info,documentary_photo,experience_activity,
18075627542494579,True,activity,True,guest_lifestyle,none,none,daytime,3.0,True,feature_description,other,experience_activity,
18086419354642715,True,garden_outdoor_space,True,silhouette_distant,none,city_view,daytime,3.0,True,feature_description,wide_establishing,experience_activity,
18095993740419653,True,activity,True,hand_detail,none,no_view,daytime,3.0,True,facility_name_logo,close_up_detail,experience_activity,
17872568865444651,True,lobby_lounge,True,silhouette_distant,none,city_view,night,5.0,True,user_voice_review,styled_editorial,brand_worldview,
18057049157094637,True,garden_outdoor_space,True,guest_lifestyle,none,garden_view,daytime,3.0,False,none,wide_establishing,experience_activity,
18248031454280705,True,activity,True,family,none,no_view,daytime,4.0,False,none,styled_editorial,experience_activity,
18466743169077054,True,other,False,none,glamping_unique,no_view,night,4.0,True,season_event_announcement,styled_editorial,experience_activity,
17999179535912182,True,view_from_window,True,silhouette_distant,none,city_view,night,4.0,True,facility_name_logo,wide_establishing,view_scenery,
17934960447147448,True,room,False,none,other,no_view,daytime,3.0,True,access_location_info,close_up_detail,other,
18106406129503258,True,view_from_window,False,none,none,ocean_view,daytime,4.0,False,none,wide_establishing,view_scenery,
18080917282693700,True,room,False,none,other,no_view,unknown,4.0,True,feature_description,styled_editorial,experience_activity,
18078323869642188,True,garden_outdoor_space,True,silhouette_distant,none,mountain_view,daytime,4.0,False,none,wide_establishing,view_scenery,
18125582356446509,True,amenity_detail,True,hand_detail,none,none,daytime,4.0,False,none,close_up_detail,experience_activity,
17877705291219626,False,,,,,,,,,,,,"503 UNAVAILABLE. {'error': {'code': 503, 'message': 'This model is currently experiencing high demand. Spikes in demand are usually temporary. Please try again later.', 'status': 'UNAVAILABLE'}}"
18230198500309649,False,,,,,,,,,,,,"503 UNAVAILABLE. {'error': {'code': 503, 'message': 'This model is currently experiencing high demand. Spikes in demand are usually temporary. Please try again later.', 'status': 'UNAVAILABLE'}}"
18042491552495718,False,,,,,,,,,,,,"503 UNAVAILABLE. {'error': {'code': 503, 'message': 'This model is currently experiencing high demand. Spikes in demand are usually temporary. Please try again later.', 'status': 'UNAVAILABLE'}}"
18224342614285977,True,view_from_window,False,none,none,mountain_view,daytime,3.0,False,none,documentary_photo,experience_activity,
17902339383139330,False,,,,,,,,,,,,"503 UNAVAILABLE. {'error': {'code': 503, 'message': 'This model is currently experiencing high demand. Spikes in demand are usually temporary. Please try again later.', 'status': 'UNAVAILABLE'}}"
17907547866239074,True,lobby_lounge,False,none,none,no_view,unknown,4.0,False,none,styled_editorial,brand_worldview,
17937835358992721,True,restaurant_bar,False,none,none,no_view,daytime,5.0,False,none,styled_editorial,food_dining,
18094374170166549,True,restaurant_bar,True,guest_lifestyle,none,no_view,night,3.0,False,none,documentary_photo,experience_activity,
17874704331561870,True,food_drink,False,none,none,no_view,daytime,4.0,False,none,close_up_detail,food_dining,
18308772862284673,True,lobby_lounge,True,staff,none,no_view,unknown,4.0,False,none,styled_editorial,brand_worldview,
18071583722556990,True,exterior_entrance,False,none,traditional_japanese,garden_view,night,5.0,False,none,styled_editorial,brand_worldview,
18230465572310792,True,restaurant_bar,False,none,none,no_view,daytime,1.0,True,other,documentary_photo,food_dining,
17927224872206457,False,,,,,,,,,,,,"503 UNAVAILABLE. {'error': {'code': 503, 'message': 'This model is currently experiencing high demand. Spikes in demand are usually temporary. Please try again later.', 'status': 'UNAVAILABLE'}}"
18576117760028770,True,lobby_lounge,False,none,other,partial_view,daytime,4.0,False,none,styled_editorial,room_showcase,
18332735590247206,True,garden_outdoor_space,True,guest_lifestyle,none,garden_view,daytime,3.0,True,feature_description,wide_establishing,view_scenery,
17877470850558719,True,room,False,none,suite_highend,partial_view,daytime,5.0,False,none,styled_editorial,room_showcase,
17871417264328669,True,room,False,none,suite_highend,no_view,daytime,4.0,False,none,styled_editorial,room_showcase,
18063582349839915,True,room,False,none,traditional_japanese,no_view,night,4.0,False,none,styled_editorial,room_showcase,
18046481231485961,True,garden_outdoor_space,False,none,none,mountain_view,daytime,4.0,False,none,wide_establishing,view_scenery,
17891203007964509,True,room,True,guest_lifestyle,standard,city_view,daytime,3.0,False,none,close_up_detail,room_showcase,
18063759961538946,True,lobby_lounge,False,none,none,no_view,daytime,4.0,False,none,wide_establishing,season_event,
18070369628113954,True,restaurant_bar,True,silhouette_distant,none,no_view,night,3.0,True,season_event_announcement,documentary_photo,season_event,
18012391466109503,True,activity,True,guest_lifestyle,none,mountain_view,daytime,4.0,True,facility_name_logo,styled_editorial,experience_activity,
18045107713922130,True,restaurant_bar,True,hand_detail,none,no_view,daytime,3.0,True,facility_name_logo,close_up_detail,food_dining,
