uuid,gemini_ok,error,has_person,has_face,has_text_overlay,professional_score,product_count,background_type,text_amount
17883662073537316,True,,False,False,False,5.0,1.0,white,none
18041774132716823,True,,True,True,False,5.0,3.0,indoor,none
17996352464762785,True,,True,True,True,5.0,1.0,white,few
17925664248269752,True,,True,True,True,5.0,1.0,studio,heavy
17874555414593943,True,,False,False,False,5.0,6.0,white,none
18099046466279418,True,,False,False,True,4.0,10.0,indoor,few
17854759362651162,True,,False,False,True,5.0,4.0,white,heavy
18089724839586639,True,,True,True,False,4.0,5.0,outdoor,none
17914532814359580,True,,False,False,False,5.0,1.0,other,none
18065847272673855,True,,False,False,False,4.0,1.0,indoor,few
18085312832626662,True,,False,False,True,5.0,4.0,white,few
18102749833779943,True,,False,False,False,5.0,10.0,indoor,few
17932297998237135,True,,False,False,True,5.0,1.0,studio,few
17985643358990303,True,,True,True,True,5.0,5.0,indoor,heavy
18072133754239806,True,,False,False,True,5.0,10.0,white,heavy
18071480294646932,True,,True,True,True,5.0,2.0,studio,few
18173199187398517,True,,True,True,False,5.0,2.0,studio,none
18090707089921787,True,,True,True,False,4.0,6.0,outdoor,none
18101122237994097,True,,True,True,True,5.0,2.0,outdoor,heavy
18162487822431356,True,,True,False,False,4.0,5.0,white,none
17948797509127064,True,,False,False,False,4.0,1.0,indoor,none
18059684891448928,True,,True,True,False,5.0,2.0,white,none
17889524361452199,True,,False,False,True,4.0,1.0,indoor,few
18064296521688151,True,,True,True,False,5.0,3.0,studio,none
17929807017250546,True,,False,False,True,5.0,10.0,studio,few
18583191058042383,True,,False,False,True,5.0,2.0,studio,few
18099774637876176,True,,True,True,True,5.0,4.0,white,heavy
18097370537035621,True,,True,True,False,5.0,1.0,indoor,none
18091963930911160,True,,False,False,False,4.0,1.0,white,none
18139474012505514,True,,True,True,True,5.0,3.0,indoor,few
18578777815012165,True,,True,False,False,4.0,4.0,outdoor,none
17985018233969627,True,,False,False,True,5.0,6.0,white,heavy
18110281936642053,True,,True,True,True,5.0,8.0,studio,heavy
18109103689669036,True,,True,True,False,5.0,4.0,white,none
18095621822027501,True,,False,False,False,5.0,5.0,indoor,few
17932883706223607,True,,True,False,False,2.0,3.0,white,none
18387161635094617,True,,False,False,True,5.0,3.0,white,heavy
18114768121737606,True,,True,False,False,4.0,1.0,indoor,none
18100040743960726,True,,False,False,False,5.0,3.0,white,none
18312111610273620,True,,False,False,False,4.0,10.0,white,few
18079258832418370,True,,True,True,False,5.0,4.0,white,none
18127659334514293,True,,True,True,False,5.0,4.0,outdoor,few
18100984031489798,True,,True,False,False,4.0,8.0,indoor,none
18421877203131364,True,,True,True,True,5.0,6.0,white,few
17958571692074354,True,,True,False,False,4.0,4.0,indoor,none
18081941285084249,True,,True,True,False,4.0,1.0,outdoor,none
17885455332379068,True,,False,False,False,5.0,2.0,white,none
17885395638372141,True,,False,False,False,5.0,1.0,studio,none
17937507531033357,True,,False,False,True,5.0,3.0,white,few
17960274612062127,True,,False,False,False,5.0,2.0,white,few
18038718572576775,True,,True,True,False,5.0,3.0,indoor,none
18006838205883532,True,,True,True,True,5.0,2.0,white,few
18403696717179288,True,,False,False,False,5.0,2.0,outdoor,few
17918378013343462,True,,False,False,False,5.0,3.0,studio,none
18336076285218022,True,,False,False,True,5.0,5.0,studio,few
18388827838094597,True,,True,True,False,4.0,2.0,outdoor,none
18106816876926739,True,,False,False,False,5.0,4.0,indoor,few
18046770650527895,True,,True,False,False,4.0,1.0,indoor,none
18132178771558592,True,,False,False,True,5.0,1.0,other,heavy
17884447038372491,True,,True,True,False,5.0,6.0,studio,few
17914060194162303,True,,False,False,True,3.0,3.0,indoor,few
18127466191601947,True,,False,False,False,5.0,3.0,indoor,none
18087845540257106,True,,True,True,False,5.0,6.0,studio,none
18091280704906309,True,,True,True,True,5.0,1.0,studio,heavy
17942471022017970,True,,False,False,True,5.0,8.0,studio,few
18100169735065113,True,,False,False,False,5.0,1.0,studio,none
18099011810008400,True,,True,True,False,4.0,3.0,outdoor,none
18098902370511910,True,,False,False,False,5.0,4.0,studio,none
17900419836261134,True,,True,False,False,5.0,5.0,outdoor,none
18100310623988975,True,,True,True,False,5.0,1.0,studio,none
18102351589750700,True,,False,False,False,5.0,3.0,other,none
18105779768504036,True,,True,True,True,4.0,5.0,other,heavy
17932830432217002,True,,True,True,False,5.0,5.0,white,none
18073781783228419,True,,True,True,True,5.0,1.0,white,heavy
17972728997877172,True,,False,False,False,5.0,10.0,indoor,none
18088638374210217,True,,True,False,False,4.0,2.0,indoor,none
17920118514313663,True,,False,False,False,4.0,2.0,outdoor,none
18137230234459100,True,,False,False,True,5.0,2.0,white,few
17906890926379444,True,,True,True,True,5.0,4.0,studio,few
17953235202121178,True,,False,False,False,5.0,1.0,studio,none
18096938776875379,True,,True,False,False,5.0,1.0,outdoor,none
18421364383121400,True,,False,False,True,5.0,3.0,studio,few
17949461340136564,True,,False,False,False,5.0,1.0,studio,none
18074644028539212,True,,False,False,False,4.0,2.0,indoor,none
18332973040220704,True,,False,True,True,5.0,2.0,white,few
17972772692876805,True,,True,True,True,5.0,8.0,indoor,few
18005315717906831,True,,True,False,True,5.0,2.0,indoor,few
17867995662528141,True,,True,True,False,5.0,1.0,indoor,none
17904643983240136,True,,False,False,False,5.0,2.0,studio,few
18084050876346659,True,,True,True,False,5.0,3.0,outdoor,none
18148824811481156,True,,True,True,False,4.0,4.0,outdoor,none
18373172737166754,True,,False,False,False,5.0,1.0,indoor,none
18096778907330938,True,,True,False,False,5.0,8.0,outdoor,none
17863447452543899,True,,False,False,False,4.0,4.0,indoor,none
18322341478267256,True,,True,True,False,5.0,5.0,white,none
18316649881282616,True,,False,False,False,5.0,5.0,white,none
18080452430620907,True,,False,False,False,4.0,1.0,studio,none
17887689951498285,True,,True,False,True,5.0,6.0,other,heavy
18108693400889211,True,,True,True,True,5.0,4.0,white,few
17996290949920312,True,,True,True,False,5.0,3.0,studio,none
17989863668993119,True,,True,True,False,5.0,4.0,studio,none
17986371719976578,True,,True,True,False,5.0,5.0,outdoor,none
18102552967986012,True,,False,False,True,4.0,10.0,indoor,few
18082773749088022,True,,False,False,True,5.0,1.0,studio,few
18111582115863093,True,,False,False,False,5.0,2.0,studio,none
18574930936047404,True,,False,False,False,5.0,1.0,studio,none
18148176472491427,True,,True,True,True,5.0,1.0,studio,few
18070876571646345,True,,False,False,True,5.0,6.0,studio,heavy
18000319358875540,True,,True,True,False,5.0,4.0,outdoor,none
17978162541005061,True,,False,False,True,5.0,10.0,indoor,heavy
18177731278348633,True,,False,False,True,5.0,2.0,studio,few
18068584655391134,True,,True,True,True,5.0,5.0,indoor,few
18128668909572918,True,,True,True,False,4.0,5.0,indoor,few
18071087180653176,True,,True,True,False,4.0,2.0,studio,none
17877450501571591,True,,True,True,True,5.0,8.0,outdoor,few
18088732250245483,True,,True,True,True,5.0,5.0,white,few
18089268100968262,True,,True,False,False,4.0,3.0,indoor,none
18149402518486946,True,,True,True,False,5.0,4.0,indoor,none
17879550978421045,True,,False,False,False,5.0,1.0,studio,none
18100697257825898,True,,False,False,True,5.0,1.0,studio,few
18354909940229915,True,,True,False,True,5.0,5.0,outdoor,few
17969374263021017,True,,True,True,False,5.0,10.0,white,few
18143927992504330,True,,False,False,False,5.0,1.0,studio,few
17918651892323054,True,,False,False,True,5.0,10.0,white,heavy
18113439490740416,True,,False,False,True,5.0,1.0,outdoor,heavy
18044364611772213,True,,False,False,False,5.0,2.0,outdoor,none
18160416541434846,True,,False,False,True,5.0,1.0,indoor,few
18078378446412117,True,,False,False,False,5.0,1.0,indoor,none
18063186095348217,True,,True,True,False,4.0,2.0,indoor,none
17968885731048240,True,,False,False,False,5.0,1.0,indoor,none
18079992572262452,True,,False,False,False,5.0,1.0,indoor,none
18110201188838845,True,,True,True,True,5.0,6.0,outdoor,few
17992877756785602,True,,True,True,False,5.0,2.0,indoor,none
18337040098169847,True,,True,True,True,5.0,10.0,studio,heavy
18352837282239244,True,,False,False,True,5.0,8.0,indoor,few
17960976771067970,True,,True,True,True,5.0,10.0,other,heavy
18072044366335485,True,,False,False,True,4.0,1.0,white,heavy
18122912407554283,True,,True,False,True,5.0,1.0,studio,few
17856718491601688,True,,True,True,False,5.0,1.0,white,none
18002488364909944,True,,False,False,True,4.0,2.0,white,few
18103089413477717,True,,True,True,True,5.0,1.0,white,heavy
17885667414521513,True,,False,False,True,5.0,2.0,studio,few
18116438551733148,True,,True,True,True,5.0,4.0,studio,few
17960235444100606,True,,True,True,True,3.0,1.0,indoor,few
18146277655477460,True,,False,False,False,5.0,1.0,white,none
18123861805607736,True,,False,False,True,4.0,6.0,white,heavy
18008590160853645,True,,False,False,False,5.0,2.0,white,few
18113607313686432,True,,True,True,True,5.0,5.0,studio,few
18113355142698038,True,,False,False,True,4.0,5.0,indoor,few
18130032277499275,True,,False,False,False,5.0,4.0,white,few
18427754374186946,True,,False,False,False,5.0,10.0,studio,few
18206279074336087,True,,True,False,False,5.0,10.0,white,none
17881435956552310,True,,True,True,False,5.0,3.0,white,none
18043701953546828,True,,True,True,True,5.0,8.0,outdoor,few
18126704446586113,True,,False,False,False,4.0,1.0,outdoor,few
18068608913667489,True,,False,False,False,4.0,3.0,indoor,few
18308626120274300,True,,True,True,True,5.0,6.0,studio,few
18071763788335472,True,,False,False,False,4.0,1.0,white,none
17923145175317441,True,,True,False,True,5.0,1.0,white,few
18096653744279451,True,,False,False,True,5.0,8.0,indoor,few
18404935933194194,True,,False,False,True,5.0,10.0,studio,heavy
18127872145586500,True,,False,False,True,5.0,1.0,white,few
18159002875443985,True,,True,True,True,5.0,2.0,studio,heavy
17944443708136008,True,,False,False,True,5.0,1.0,studio,heavy
17940381294175970,True,,True,True,False,5.0,1.0,studio,none
17905296690402126,True,,True,True,True,5.0,1.0,studio,few
18077920424403974,True,,True,False,True,5.0,3.0,outdoor,few
18099082663970341,True,,False,False,True,5.0,3.0,studio,few
17863151544622015,True,,True,False,False,5.0,1.0,indoor,none
18100328543069089,True,,False,False,False,5.0,1.0,white,few
18082262846075996,True,,True,True,False,5.0,2.0,indoor,none
18433685779185631,True,,True,True,False,5.0,4.0,other,none
17853157674647723,True,,True,True,True,5.0,1.0,other,heavy
18114616018667074,True,,False,False,True,5.0,9.0,studio,few
18090163199331351,True,,True,False,False,5.0,4.0,other,none
18111016762796776,True,,True,True,False,5.0,1.0,white,none
18083137913363439,True,,False,False,False,5.0,4.0,studio,none
17984076900010479,True,,False,False,False,5.0,4.0,indoor,none
17904146703402287,True,,False,False,True,5.0,2.0,other,few
18083233124617532,True,,True,True,True,5.0,6.0,outdoor,heavy
18101489713785538,True,,False,False,False,5.0,4.0,indoor,none
18094650407025460,True,,False,False,True,5.0,3.0,indoor,few
17874312465594334,True,,False,False,True,5.0,9.0,indoor,few
18097708243830926,True,,False,False,False,5.0,2.0,other,none
18073198427269119,True,,True,True,True,5.0,1.0,studio,few
18001275752866746,True,,True,True,True,5.0,1.0,white,heavy
17889063090356511,True,,True,True,False,5.0,4.0,studio,none
18068440874397243,True,,False,False,True,3.0,3.0,indoor,few
18100448743766081,True,,True,False,False,5.0,5.0,studio,none
18334685101219906,True,,True,True,False,5.0,3.0,studio,none
18101789431962966,True,,False,False,True,5.0,5.0,indoor,heavy
18192437722366695,True,,True,True,False,5.0,1.0,indoor,none
17999489741748026,True,,False,False,True,5.0,1.0,indoor,few
17921590281313375,True,,True,True,False,5.0,4.0,studio,none
17929787382072170,True,,False,False,True,5.0,5.0,white,few
17908037091216747,True,,True,True,False,5.0,5.0,studio,none
18386709283090756,True,,True,False,True,5.0,10.0,indoor,few
18108756115892855,True,,True,True,False,5.0,3.0,studio,none
18050384696679328,True,,True,True,False,5.0,3.0,outdoor,few
17934035997239518,True,,False,False,False,4.0,3.0,indoor,none
18088185017241816,True,,False,False,True,5.0,4.0,studio,few
18096651659107792,True,,False,False,False,4.0,2.0,other,none
18159557731436489,True,,False,False,False,4.0,1.0,indoor,none
18070542815307135,True,,True,True,False,4.0,4.0,indoor,none
17881328652552919,True,,False,False,True,4.0,1.0,white,heavy
18097644607831396,True,,True,True,False,5.0,2.0,studio,none
18059518259441192,True,,False,False,True,5.0,3.0,indoor,few
18073234532220073,True,,False,False,True,5.0,1.0,white,few
18112050283696188,True,,False,False,False,5.0,2.0,studio,none
18086425664363769,True,,False,False,False,5.0,2.0,indoor,few
18152222860458563,True,,True,True,False,5.0,2.0,studio,none
17994809690928471,True,,True,True,True,5.0,7.0,outdoor,few
18076971596635865,True,,True,False,True,5.0,1.0,studio,heavy
17939757054188078,True,,True,True,True,5.0,1.0,outdoor,heavy
17935727997050793,True,,True,True,False,5.0,1.0,indoor,none
18108383441501726,True,,True,True,True,5.0,7.0,white,few
18092113195906541,True,,True,False,True,5.0,1.0,indoor,few
17980464407830832,True,,False,False,False,5.0,1.0,studio,none
18131756182481980,True,,False,False,False,5.0,1.0,white,none
18112492807832448,True,,True,True,False,5.0,1.0,outdoor,none
17948010677981114,True,,False,False,True,5.0,4.0,white,few
18077245895179264,True,,False,False,False,4.0,8.0,white,few
17964974403069327,True,,True,True,False,4.0,3.0,outdoor,none
17995765247937441,True,,True,True,False,5.0,9.0,indoor,few
17959403922112023,True,,True,True,False,5.0,3.0,outdoor,none
18127275874509359,True,,False,False,True,5.0,1.0,white,heavy
18408078811146894,True,,False,False,True,5.0,10.0,studio,heavy
18579483247043077,True,,False,False,False,2.0,5.0,indoor,none
17863118709620064,True,,True,True,False,4.0,4.0,outdoor,none
17929514313254776,True,,False,False,True,5.0,10.0,studio,heavy
17928275031267628,True,,False,False,False,4.0,6.0,indoor,none
18403304623145837,True,,True,True,False,5.0,4.0,indoor,none
17891033085451905,True,,False,False,True,5.0,3.0,studio,few
18404100031199575,True,,False,False,False,5.0,1.0,studio,none
17976171254850706,True,,True,False,False,4.0,3.0,indoor,none
17936573805198509,True,,False,False,False,4.0,2.0,indoor,none
17918834685146776,True,,True,False,False,5.0,1.0,indoor,none
18355488607232044,True,,True,True,False,5.0,5.0,indoor,none
17884586679537606,True,,True,False,False,5.0,7.0,indoor,none
18330815740223154,True,,False,False,True,5.0,3.0,studio,few
17874732867580013,True,,True,True,False,5.0,2.0,studio,none
18060496256696598,True,,True,True,False,5.0,1.0,white,none
18122645119646811,True,,True,True,False,4.0,7.0,indoor,none
17987822975967376,True,,True,True,True,5.0,2.0,indoor,few
17880721932551499,True,,True,True,False,5.0,1.0,indoor,none
17853147393648519,True,,True,True,False,5.0,3.0,studio,few
18083967179367387,True,,True,True,True,5.0,1.0,studio,heavy
18065551229433236,True,,False,False,True,3.0,1.0,other,few
17961043764071252,True,,True,True,False,5.0,5.0,outdoor,none
18110245273843408,True,,False,False,False,5.0,5.0,indoor,none
18118886845639611,True,,True,False,False,4.0,2.0,outdoor,none
18115073929604611,True,,True,True,False,5.0,2.0,indoor,none
17984399855808930,True,,True,True,True,5.0,8.0,studio,few
18388916209086104,True,,False,False,False,4.0,2.0,indoor,few
17986287326801971,True,,True,False,False,5.0,3.0,indoor,none
18101188534788459,True,,False,False,True,5.0,2.0,white,few
18028767851803264,True,,False,False,False,4.0,1.0,indoor,none
18098794037287326,True,,False,False,False,5.0,1.0,white,none
17956998339116038,True,,True,True,False,4.0,2.0,outdoor,none
18073582682268916,True,,True,True,False,5.0,6.0,outdoor,none
18112489201749419,True,,False,False,False,5.0,3.0,white,few
18081407483377369,True,,True,True,False,5.0,5.0,indoor,none
17926754175256407,True,,True,False,False,5.0,6.0,white,none
17900641275417124,True,,True,True,True,5.0,3.0,studio,few
17893877727450836,True,,True,True,False,5.0,1.0,studio,none
18101855386756649,True,,True,False,False,5.0,4.0,studio,none
18099760340088063,True,,True,False,True,5.0,4.0,studio,few
18099818693068287,True,,True,True,True,5.0,3.0,studio,few
17849354337676324,True,,True,False,False,4.0,1.0,white,few
17955377649104770,True,,False,False,True,5.0,1.0,other,heavy
18067998548691933,True,,True,True,True,5.0,1.0,white,heavy
18392588560159081,True,,False,False,True,5.0,7.0,indoor,few
18092143136519652,True,,True,True,False,5.0,1.0,studio,none
17984795534809330,True,,False,False,False,5.0,1.0,white,none
17965044123062078,True,,False,False,True,5.0,10.0,studio,heavy
18126736474584105,True,,False,False,False,5.0,1.0,studio,none
18086227751599971,True,,False,False,True,5.0,2.0,studio,few
18090611639596061,True,,True,False,False,5.0,1.0,indoor,none
18050173736721052,True,,False,False,False,5.0,1.0,indoor,none
18080775125128933,True,,True,True,True,5.0,7.0,white,few
17999397569874307,True,,False,False,False,5.0,1.0,studio,few
18099618467069983,True,,True,False,False,4.0,3.0,indoor,none
18093662081326752,True,,False,False,False,4.0,2.0,indoor,none
18083922470614654,True,,False,False,False,5.0,5.0,white,none
17896144707433468,True,,True,False,False,5.0,5.0,outdoor,none
17870359875502686,True,,True,True,True,4.0,6.0,white,heavy
18098096869821263,True,,True,True,True,5.0,3.0,studio,heavy
17874634470590756,True,,False,False,False,5.0,3.0,outdoor,few
18124253917526319,True,,True,True,False,5.0,4.0,white,none
18117042091679483,True,,False,False,False,5.0,1.0,studio,none
17961168003101212,True,,False,False,True,5.0,2.0,studio,heavy
17943302325186720,True,,True,True,False,5.0,4.0,outdoor,none
18117275806656202,True,,True,True,True,5.0,2.0,outdoor,few
18151061821463381,True,,True,True,False,5.0,5.0,outdoor,none
18085869578029314,True,,False,False,False,5.0,1.0,indoor,none
18113939692704851,True,,True,True,True,5.0,2.0,studio,few
18132995398527445,True,,True,True,False,5.0,1.0,outdoor,few
18132849571489520,True,,False,False,False,5.0,2.0,indoor,few
18081840623121754,True,,False,False,False,5.0,1.0,studio,none
18031077947643545,True,,True,True,False,5.0,1.0,indoor,none
18103689727736452,True,,True,False,False,5.0,3.0,outdoor,none
18120937099622637,True,,False,False,True,5.0,1.0,white,few
17884029105536459,True,,False,False,False,5.0,3.0,white,none
17906208261399565,True,,True,True,False,5.0,3.0,outdoor,none
17869748826666539,True,,True,True,False,5.0,8.0,indoor,few
17958379259944650,True,,True,False,False,4.0,7.0,outdoor,none
18096111416018497,True,,False,False,False,5.0,1.0,other,none
18077824250557641,True,,False,False,True,5.0,2.0,white,few
17889172743469794,True,,False,False,False,5.0,1.0,white,none
18151085722467768,True,,True,True,False,5.0,2.0,studio,none
18581133547025667,True,,False,False,False,4.0,1.0,indoor,none
17933872071211171,True,,False,False,False,5.0,1.0,white,none
17913188439181243,True,,False,False,True,5.0,1.0,white,heavy
17965554957062074,True,,True,False,False,4.0,3.0,outdoor,none
18119705812648185,True,,False,False,True,5.0,2.0,studio,few
18063382673414192,True,,False,True,False,5.0,5.0,white,none
18133759522533954,True,,False,False,False,5.0,2.0,white,none
18010814222702752,True,,True,True,True,5.0,4.0,outdoor,heavy
17891872620328760,True,,True,False,False,4.0,2.0,outdoor,few
18123772801610834,True,,True,True,False,5.0,1.0,indoor,none
17915307162347336,True,,False,False,True,5.0,6.0,white,heavy
18067621808316251,True,,False,False,False,5.0,2.0,studio,none
17900943834412011,True,,True,False,False,5.0,3.0,outdoor,none
18366547024202278,True,,True,True,True,5.0,10.0,studio,heavy
17992661609931487,True,,True,True,False,5.0,1.0,studio,none
17867715909513304,True,,True,True,False,5.0,6.0,studio,none
18089798762248133,True,,True,True,False,5.0,2.0,white,none
18028156685805036,True,,True,False,False,4.0,6.0,outdoor,none
18102056222057107,True,,False,False,True,5.0,1.0,other,heavy
18349613590241873,True,,True,False,False,3.0,5.0,outdoor,none
18099768934795294,True,,True,True,False,5.0,2.0,outdoor,none
18080564264422362,True,,True,True,True,5.0,2.0,white,few
17952073308133932,True,,True,False,True,5.0,8.0,indoor,heavy
18437801548140577,True,,True,False,False,5.0,1.0,studio,none
18112583452695928,True,,True,True,False,4.0,5.0,outdoor,none
18111020608839424,True,,True,False,False,5.0,3.0,indoor,none
18106991348501505,True,,True,True,False,5.0,10.0,outdoor,none
18114284491703744,True,,False,False,True,5.0,1.0,white,few
17985329066978739,True,,False,False,False,5.0,1.0,studio,none
18105305164918616,True,,False,False,False,5.0,1.0,indoor,none
18036912470787768,True,,True,True,True,5.0,6.0,studio,few
18454348606111989,True,,True,True,False,5.0,3.0,studio,none
18179639332380252,True,,True,False,False,4.0,3.0,outdoor,none
17857386078634813,True,,True,True,False,4.0,8.0,indoor,few
17960449511932586,True,,False,False,True,5.0,8.0,white,few
18068754566317317,True,,True,True,False,4.0,5.0,white,none
17973010865865226,True,,False,False,True,5.0,1.0,white,few
18077848670175981,True,,True,True,True,5.0,1.0,indoor,few
18090145912942963,True,,True,True,True,5.0,5.0,outdoor,few
18128075614565285,True,,False,False,False,5.0,10.0,indoor,none
18226401412313717,True,,False,False,False,4.0,1.0,indoor,none
18395612776157314,True,,False,False,False,5.0,1.0,other,few
18134577517548643,True,,False,False,False,5.0,1.0,white,none
18068708465677786,True,,True,True,True,5.0,1.0,white,few
18101270254963537,True,,True,True,False,5.0,6.0,studio,none
18116330188596548,True,,False,False,True,5.0,1.0,other,few
18132751165544395,True,,True,False,True,5.0,1.0,other,heavy
18084692441576103,True,,False,False,True,5.0,2.0,indoor,few
18095920204876290,True,,False,False,True,5.0,1.0,studio,few
18087041909582263,True,,False,False,True,5.0,1.0,indoor,few
17933779293215297,True,,True,True,False,5.0,1.0,white,none
18056116082494664,True,,False,False,False,5.0,1.0,studio,none
18119524630657913,True,,False,False,True,4.0,3.0,studio,few
18000033272746606,True,,True,False,False,5.0,3.0,white,none
17951139294125202,True,,False,False,False,5.0,1.0,indoor,none
17983995365808483,True,,False,False,False,5.0,7.0,indoor,none
17954102103132507,True,,False,False,False,5.0,1.0,studio,none
18057075062686717,True,,True,True,True,5.0,4.0,studio,few
18048305816736745,True,,False,False,True,4.0,10.0,indoor,heavy
17959437893934673,True,,True,True,False,5.0,6.0,outdoor,few
18108350326897189,True,,True,True,False,3.0,7.0,indoor,none
17957252274086002,True,,True,False,False,4.0,1.0,indoor,none
18098060794856581,True,,False,False,False,5.0,1.0,studio,none
18082886045053362,True,,False,False,False,5.0,1.0,indoor,none
18457197118106218,True,,True,True,False,5.0,1.0,indoor,none
18110701231868889,True,,True,True,False,5.0,1.0,indoor,none
18000720536925062,True,,True,False,True,5.0,1.0,indoor,few
17881398522538380,True,,False,True,False,5.0,2.0,indoor,few
18097811876097455,True,,True,False,False,5.0,4.0,studio,none
18151108537411272,True,,False,False,False,5.0,1.0,indoor,none
18102010961058890,True,,True,False,True,4.0,6.0,white,heavy
18138865981509497,True,,False,False,True,5.0,5.0,white,heavy
18087694640364835,True,,False,False,True,5.0,7.0,white,few
18113111653685054,True,,False,False,False,5.0,1.0,white,none
18177821116386306,True,,True,True,False,5.0,2.0,studio,none
18059833703703457,True,,True,True,False,5.0,2.0,outdoor,none
18114257764827079,True,,False,False,False,5.0,2.0,white,none
18093534080159240,True,,True,True,True,5.0,2.0,studio,heavy
17942649552173308,True,,False,False,True,5.0,2.0,indoor,heavy
17891597748456064,True,,True,False,False,5.0,2.0,indoor,none
18057819296512601,True,,True,False,True,5.0,1.0,indoor,few
18053777189538326,True,,True,True,False,5.0,7.0,white,none
18132555163485029,True,,False,False,False,5.0,1.0,white,none
18447233146118102,True,,False,False,True,5.0,2.0,indoor,few
17875081071571014,True,,True,False,False,5.0,1.0,outdoor,none
18092092699942240,True,,False,False,False,4.0,10.0,indoor,none
18139921165444932,True,,True,False,False,3.0,10.0,outdoor,heavy
17962116498065765,True,,True,True,True,5.0,3.0,indoor,heavy
18060675980450418,True,,True,False,True,5.0,1.0,outdoor,few
18315073678260062,True,,True,True,True,5.0,5.0,indoor,heavy
18583163263052601,True,,False,False,True,5.0,3.0,indoor,few
18419245228120069,True,,True,True,True,4.0,6.0,outdoor,heavy
17926796058092600,True,,True,True,False,4.0,10.0,outdoor,none
18091795081916176,True,,True,True,True,5.0,1.0,studio,few
18179575789384550,True,,False,False,True,5.0,1.0,outdoor,few
18127059127502543,True,,False,False,False,5.0,1.0,white,none
18102277762777110,True,,True,True,False,5.0,5.0,outdoor,none
18116643547659446,True,,True,False,False,5.0,3.0,studio,none
18097503047092843,True,,True,True,True,5.0,2.0,studio,few
18005602562884540,True,,True,True,False,5.0,2.0,studio,none
18083633750526555,True,,True,True,False,5.0,3.0,outdoor,none
18026853809810682,True,,True,True,True,5.0,6.0,other,heavy
17874955407589271,True,,False,False,False,5.0,5.0,white,none
18084909881077482,True,,True,False,False,4.0,4.0,indoor,none
18088687505618907,True,,False,False,True,5.0,1.0,indoor,few
18336408079218198,True,,False,False,False,4.0,2.0,indoor,none
17880924363397828,True,,True,True,False,5.0,2.0,white,none
17964545664054776,True,,False,False,True,5.0,9.0,studio,few
18447729976114558,True,,False,False,True,5.0,6.0,white,few
18100563059071245,True,,True,False,False,5.0,2.0,other,none
17890140588483827,True,,False,False,False,5.0,4.0,indoor,none
17938059759036185,True,,False,False,True,5.0,2.0,studio,few
18096593927095980,True,,True,False,False,5.0,4.0,studio,none
18019145129656983,True,,False,False,False,5.0,5.0,studio,none
18076066856537278,True,,True,True,True,5.0,1.0,indoor,few
18051172253726076,True,,True,True,False,5.0,4.0,outdoor,none
17886043737499200,True,,True,False,False,4.0,1.0,outdoor,none
18122227477625580,True,,True,True,False,5.0,3.0,white,heavy
18348683869240827,True,,True,False,True,4.0,4.0,indoor,few
18125878426597333,True,,False,False,True,5.0,6.0,studio,few
17934134007213714,True,,True,True,False,5.0,4.0,outdoor,none
18061316450418163,True,,True,True,False,4.0,7.0,outdoor,few
17968079022022238,True,,False,False,False,4.0,1.0,indoor,none
18009215081896317,True,,False,False,True,5.0,2.0,studio,few
18086906315255457,True,,False,False,False,5.0,1.0,studio,none
18084579884599627,True,,True,True,True,5.0,1.0,white,few
18524178706078583,True,,False,False,False,5.0,9.0,indoor,none
17902456752244022,True,,True,True,False,5.0,6.0,studio,none
18077841743413249,True,,False,False,False,5.0,3.0,white,none
17957614452095010,True,,False,False,False,5.0,1.0,white,few
17847829509694686,True,,False,False,False,5.0,10.0,indoor,few
18371268955167839,True,,True,True,False,5.0,1.0,outdoor,none
18389352262089057,True,,True,True,False,5.0,5.0,white,none
18353798191233611,True,,True,False,True,5.0,3.0,studio,few
18091812215158740,True,,False,False,True,5.0,3.0,indoor,few
17886510249490626,True,,True,False,False,4.0,4.0,indoor,none
17944208238152270,True,,True,True,False,5.0,2.0,outdoor,none
18072730418220814,True,,False,False,False,5.0,2.0,indoor,none
18388886488086402,True,,False,False,True,5.0,1.0,other,few
18097167188087383,True,,True,True,True,5.0,6.0,other,heavy
18042776165772026,True,,False,False,False,5.0,1.0,indoor,few
17973552612040501,True,,True,True,True,5.0,1.0,white,few
18155456245454520,True,,False,False,True,5.0,3.0,white,few
18062196125392983,True,,False,False,True,4.0,5.0,indoor,heavy
17894636619438143,True,,True,True,False,5.0,1.0,studio,none
18124119379611234,True,,True,False,False,5.0,3.0,outdoor,none
17883696837531823,True,,False,False,False,5.0,1.0,studio,few
18098825417005511,True,,True,False,False,4.0,7.0,outdoor,none
18089078585245290,True,,False,False,True,4.0,6.0,white,heavy
17856463770634710,True,,True,True,False,5.0,4.0,outdoor,none
18100783495786608,True,,True,True,False,5.0,4.0,studio,none
17914095783365462,True,,True,True,False,4.0,2.0,indoor,none
18362113324227842,True,,True,False,False,4.0,7.0,other,none
17985060755798185,True,,True,False,False,5.0,2.0,outdoor,none
18005932022904718,True,,False,False,True,5.0,1.0,white,few
17945771193172046,True,,True,True,False,4.0,1.0,indoor,none
18048946016549977,True,,False,False,False,5.0,1.0,studio,none
18117711148653781,True,,True,True,True,5.0,6.0,studio,heavy
17935783848219331,True,,True,True,False,5.0,3.0,outdoor,none
18177990406382156,True,,False,False,False,5.0,3.0,studio,few
18098951194793001,True,,False,False,False,4.0,1.0,indoor,none
18075477476295660,True,,False,False,False,5.0,1.0,studio,none
18107801254847492,True,,False,False,False,5.0,1.0,white,none
17985329489798365,True,,True,True,True,5.0,1.0,indoor,few
17961208989080199,True,,True,False,False,5.0,2.0,indoor,none
18074534894540662,True,,False,False,False,5.0,5.0,studio,few
17924780583272478,True,,True,True,True,5.0,3.0,studio,few
17855582955650656,True,,False,False,True,5.0,10.0,studio,few
17881429368557153,True,,False,False,False,5.0,1.0,white,few
18107761753857942,True,,False,False,False,4.0,6.0,indoor,none
18107533564681393,True,,True,True,False,5.0,1.0,studio,none
18087455498369159,True,,True,True,False,5.0,4.0,studio,none
18107610455501674,True,,False,False,True,5.0,2.0,white,few
18086093657021036,True,,True,True,True,5.0,3.0,studio,few
18101156297060438,True,,False,False,False,3.0,8.0,indoor,none
17985832469979002,True,,False,False,False,4.0,1.0,indoor,none
18083656811068566,True,,False,False,False,5.0,1.0,studio,none
18088344128181685,True,,False,False,True,5.0,3.0,studio,few
18178490191386073,True,,True,False,True,5.0,1.0,studio,few
17870165511505281,True,,True,False,False,4.0,4.0,outdoor,none
18091423021964171,True,,True,False,False,4.0,6.0,indoor,none
18197753161360899,True,,True,True,False,5.0,2.0,studio,none
18016224077829572,True,,False,False,False,5.0,3.0,studio,none
18119868712727567,True,,True,True,False,5.0,3.0,outdoor,none
18074529020447846,True,,True,True,True,5.0,1.0,outdoor,few
18087252539349781,True,,False,False,False,5.0,1.0,white,none
17891616786329656,True,,True,True,False,4.0,8.0,outdoor,none
18016094138674419,True,,False,False,False,5.0,5.0,indoor,none
18089818586518878,True,,True,True,True,5.0,1.0,indoor,heavy
18004907543898134,True,,True,True,True,3.0,2.0,indoor,heavy
18404108371199191,True,,True,True,True,4.0,8.0,indoor,heavy
17995421912937729,True,,True,False,False,5.0,5.0,indoor,none
18096220256028653,True,,True,True,False,5.0,1.0,studio,none
18008914566041370,True,,False,False,False,4.0,10.0,indoor,few
18106190692870091,True,,False,False,False,5.0,1.0,white,few
18096079664028839,True,,False,True,True,5.0,5.0,white,few
18395173582154463,True,,False,False,False,5.0,1.0,studio,none
18083004944069567,True,,True,False,False,5.0,5.0,indoor,few
18167626333419837,True,,True,False,False,5.0,3.0,outdoor,none
17885692524490557,True,,False,False,False,5.0,8.0,indoor,few
18079422161121113,True,,False,False,True,5.0,1.0,white,few
17881254489393272,True,,True,True,True,4.0,2.0,indoor,heavy
18155578516454889,True,,False,False,False,5.0,1.0,indoor,none
18572097208028294,True,,False,False,False,5.0,6.0,studio,none
18088652105062116,True,,True,True,True,5.0,2.0,studio,few
18101820349800168,True,,True,False,True,5.0,4.0,white,few
18575039659056133,True,,True,False,True,5.0,2.0,outdoor,few
17866674591616784,True,,False,False,False,5.0,2.0,indoor,none
18052221668744268,True,,False,False,False,4.0,1.0,indoor,none
18141947461506789,True,,True,True,True,5.0,4.0,studio,few
18413525821134247,True,,True,True,True,5.0,9.0,studio,heavy
18019279559665196,True,,False,False,False,5.0,1.0,studio,none
17984858513967859,True,,True,True,True,5.0,2.0,indoor,heavy
18175891198361139,True,,True,True,True,5.0,5.0,outdoor,heavy
17933660853057630,True,,True,True,True,4.0,2.0,white,few
17891317743463301,True,,True,True,False,5.0,1.0,white,none
17947735560009182,True,,False,False,False,5.0,2.0,white,none
18061002866416332,True,,True,True,True,5.0,1.0,white,heavy
18114598891707389,True,,True,False,True,5.0,1.0,white,heavy
18089542871580734,True,,False,False,False,5.0,1.0,white,none
17947208553149628,True,,True,True,False,4.0,2.0,outdoor,none
18385501858089377,True,,True,True,True,5.0,4.0,studio,heavy
18065746127356712,True,,True,False,True,5.0,1.0,white,few
17882736114476305,True,,True,True,False,5.0,1.0,studio,none
17847977214694114,True,,False,True,False,5.0,1.0,studio,none
18159692167444339,True,,True,True,True,5.0,1.0,white,few
18149687239485902,True,,True,True,False,5.0,10.0,indoor,none
18061755005410803,True,,True,False,False,5.0,2.0,indoor,none
17868517491505663,True,,True,True,False,5.0,4.0,indoor,none
18418499821127108,True,,True,True,False,5.0,2.0,studio,none
18018514193835472,True,,True,False,False,4.0,9.0,outdoor,none
17961781401110885,True,,False,False,False,5.0,10.0,indoor,none
17912892267368481,True,,False,False,False,5.0,1.0,studio,none
17980272644825793,True,,True,True,False,5.0,1.0,white,none
18065464322673691,True,,False,False,False,4.0,1.0,white,few
18083660120528892,True,,False,False,True,5.0,2.0,other,heavy
18367886638206747,True,,False,False,False,5.0,7.0,studio,none
18117218482732638,True,,False,False,True,5.0,2.0,white,few
17903704590402898,True,,True,True,False,5.0,1.0,indoor,none
18392230879155674,True,,True,False,False,5.0,5.0,other,none
18002288489911845,True,,False,False,True,5.0,3.0,indoor,few
18070238258664809,True,,True,False,True,5.0,2.0,studio,few
18086956190010738,True,,True,True,False,5.0,6.0,studio,none
18063175043365248,True,,True,True,False,5.0,5.0,studio,none
17946757854159226,True,,True,True,True,5.0,1.0,studio,few
18063554324678828,True,,False,False,True,5.0,6.0,studio,few
17877016464447409,True,,False,False,True,5.0,4.0,studio,few
18112439929696578,True,,False,False,False,5.0,5.0,white,none
18435454000190992,True,,True,True,True,4.0,2.0,indoor,heavy
17886641700498889,True,,True,True,True,5.0,5.0,outdoor,heavy
18148952278487099,True,,True,False,False,5.0,4.0,indoor,none
18171353866405958,True,,False,False,True,5.0,1.0,other,few
18143628121500732,True,,True,True,False,5.0,6.0,white,none
17987382098978045,True,,True,True,True,5.0,2.0,studio,heavy
18070916504266069,True,,False,False,True,5.0,3.0,indoor,few
18063483587402635,True,,True,True,True,5.0,3.0,outdoor,few
17959119090096667,True,,True,True,True,3.0,1.0,indoor,heavy
17999738972922931,True,,False,False,True,4.0,3.0,other,few
17891919510329465,True,,False,False,True,5.0,3.0,white,few
18119689249653117,True,,False,False,False,5.0,1.0,studio,none
18063940916395637,True,,True,True,True,5.0,3.0,white,few
18094823200888902,True,,True,True,True,5.0,2.0,studio,heavy
18050734766717799,True,,True,True,True,5.0,1.0,studio,few
18005861444719757,True,,True,True,False,5.0,1.0,indoor,none
18002202248875792,True,,True,False,True,5.0,1.0,indoor,heavy
18102919999777178,True,,False,False,False,5.0,2.0,indoor,none
18007081955852640,True,,False,False,False,5.0,2.0,white,none
18118323049572409,True,,True,True,False,5.0,5.0,indoor,none
18117757585672567,True,,True,False,False,5.0,4.0,studio,none
18128328121498639,True,,True,True,False,5.0,6.0,white,none
17947642559983417,True,,False,False,False,5.0,1.0,studio,none
18075779372643332,True,,True,True,True,5.0,3.0,studio,heavy
18094735730129623,True,,True,True,False,5.0,2.0,studio,none
18043292501785193,True,,False,False,False,4.0,5.0,indoor,none
18114027829782850,True,,True,True,False,5.0,10.0,studio,none
18418662901127255,True,,False,False,True,5.0,2.0,other,few
18455303533128638,True,,False,False,True,5.0,1.0,studio,few
18418591252122971,True,,True,True,True,4.0,6.0,outdoor,few
18005944271712162,True,,True,True,True,5.0,1.0,outdoor,few
18127462243568857,True,,True,True,False,5.0,3.0,outdoor,none
18161276488438800,True,,True,True,False,5.0,2.0,studio,none
17896605588288271,True,,True,True,True,5.0,2.0,indoor,few
18102377057502920,True,,True,True,False,4.0,3.0,outdoor,none
18004601261858627,True,,True,False,True,5.0,3.0,studio,few
17963682489064482,True,,False,False,True,5.0,2.0,studio,few
17904237186245083,True,,True,True,True,5.0,2.0,studio,few
18090863110957213,True,,True,True,False,5.0,2.0,indoor,none
18139208299458977,True,,True,True,False,4.0,4.0,indoor,none
18117686809654475,True,,True,True,False,5.0,1.0,indoor,none
17889304713349018,True,,False,False,True,5.0,7.0,studio,few
18370942165163056,True,,True,False,True,5.0,5.0,outdoor,few
18026343737660174,True,,True,True,False,5.0,2.0,white,none
18099276878094469,True,,True,False,True,4.0,1.0,outdoor,heavy
18158398672451705,True,,True,True,True,5.0,1.0,other,heavy
18110845885700902,True,,False,False,False,5.0,3.0,studio,none
18079925552413492,True,,False,False,False,5.0,1.0,studio,none
18101290834963280,True,,True,True,True,5.0,2.0,studio,few
17958978474073498,True,,False,False,True,5.0,2.0,outdoor,heavy
17942772660169973,True,,False,False,False,5.0,5.0,studio,none
18336482212168130,True,,True,True,False,4.0,5.0,indoor,none
18075958514396481,True,,False,False,True,5.0,4.0,indoor,few
17945651808167082,True,,True,True,True,3.0,1.0,indoor,few
18074598353196797,True,,False,False,False,5.0,1.0,studio,few
17887608000497073,True,,False,False,True,5.0,1.0,white,few
18436664437136670,True,,True,False,False,5.0,2.0,studio,none
18145103293434411,True,,False,False,False,5.0,2.0,white,none
18098582948005458,True,,False,False,False,4.0,4.0,studio,few
17893293159452684,True,,True,True,False,5.0,2.0,indoor,none
18155850601402272,True,,False,False,False,5.0,6.0,white,none
18075600788555358,True,,True,False,False,5.0,3.0,outdoor,none
18083244173345726,True,,True,True,False,5.0,6.0,white,none
17912138472361091,True,,False,False,False,4.0,2.0,indoor,few
17866711800670236,True,,False,False,False,5.0,5.0,studio,none
17878575489416461,True,,False,False,True,5.0,3.0,studio,few
17914955910353849,True,,True,False,False,4.0,4.0,indoor,none
18109904173802000,True,,False,False,False,5.0,1.0,studio,none
18095894824860301,True,,True,True,False,4.0,2.0,indoor,none
18087582095193844,True,,False,False,True,5.0,8.0,studio,heavy
18319550191249825,True,,True,True,True,5.0,2.0,studio,few
18372528238205763,True,,True,True,False,5.0,3.0,studio,none
18082665911094244,True,,True,False,True,4.0,1.0,indoor,few
18107448019847297,True,,False,False,False,5.0,1.0,white,none
17929570866071022,True,,False,False,False,5.0,1.0,studio,none
18078080423393513,True,,True,True,True,5.0,1.0,studio,few
18127773385586837,True,,False,False,False,5.0,3.0,studio,none
17949681216148303,True,,False,False,True,5.0,1.0,other,heavy
18107518180911447,True,,True,True,True,5.0,2.0,outdoor,few
18077569166567551,True,,True,True,False,4.0,5.0,indoor,none
17995578779934594,True,,False,False,False,5.0,7.0,indoor,none
18099067241277273,True,,True,True,False,4.0,3.0,outdoor,none
18091213978934693,True,,True,True,False,5.0,4.0,outdoor,none
17909070510367447,True,,True,False,True,5.0,1.0,indoor,few
17963716134099976,True,,False,False,False,5.0,5.0,studio,none
18581985979024729,True,,True,False,True,5.0,5.0,indoor,few
17904419154245527,True,,True,True,False,5.0,8.0,outdoor,none
18125708029589118,True,,True,True,False,5.0,3.0,studio,none
17960836839113998,True,,True,True,False,5.0,4.0,white,none
17963707620112537,True,,False,False,False,5.0,6.0,white,few
18082380428437475,True,,False,False,False,5.0,10.0,indoor,few
18072879818284146,True,,False,False,True,4.0,10.0,indoor,heavy
18090142607462225,True,,True,False,True,5.0,1.0,outdoor,heavy
18070338782297637,True,,True,True,False,5.0,5.0,studio,none
18097078565074115,True,,False,False,True,5.0,3.0,studio,heavy
18116137537671627,True,,True,True,True,4.0,2.0,indoor,heavy
18126099868510574,True,,True,True,True,5.0,2.0,studio,few
18096617018115095,True,,True,False,True,5.0,1.0,white,few
18178234921390769,True,,False,False,False,5.0,5.0,indoor,none
18347258674242748,True,,False,True,True,5.0,6.0,studio,heavy
17924867076296994,True,,False,False,False,5.0,8.0,studio,none
17951676738107623,True,,True,True,True,5.0,6.0,indoor,heavy
18026772626662839,True,,True,True,True,5.0,7.0,studio,few
18005590577880778,True,,True,True,False,5.0,6.0,studio,none
17960031960087023,True,,False,False,False,5.0,1.0,other,few
18096292007034072,True,,True,True,False,5.0,3.0,outdoor,none
17870566521666210,True,,False,False,True,4.0,1.0,outdoor,few
18418644388134162,True,,False,False,False,5.0,2.0,studio,none
18098013854086201,True,,False,False,False,5.0,2.0,studio,none
18112577299796678,True,,True,False,False,5.0,4.0,studio,none
18122890243720790,True,,True,True,False,4.0,1.0,outdoor,none
17889049425453986,True,,True,True,False,5.0,6.0,indoor,none
18581717479027814,True,,False,False,False,5.0,1.0,other,none
18089955172962116,True,,True,True,False,5.0,3.0,indoor,none
18068317403397384,True,,True,True,True,5.0,4.0,studio,few
17965808496053304,True,,False,False,True,5.0,6.0,studio,few
18104143982481290,True,,False,False,False,4.0,2.0,indoor,none
17894432541306281,True,,True,True,False,5.0,1.0,outdoor,none
18116762845708428,True,,False,False,False,4.0,2.0,outdoor,none
17861214057681835,True,,True,False,False,5.0,5.0,indoor,none
18079414337134478,True,,True,True,True,5.0,1.0,other,few
18010568519853600,True,,True,False,True,4.0,8.0,other,few
18102482935808954,True,,False,False,False,5.0,1.0,white,none
18091517887951081,True,,False,False,True,5.0,6.0,indoor,few
18122676073714568,True,,True,True,False,5.0,3.0,outdoor,none
18523632283073208,True,,True,False,False,5.0,4.0,indoor,none
18088499800983960,True,,True,False,True,4.0,4.0,other,few
18126545356570892,True,,False,False,False,5.0,5.0,outdoor,none
18135078166538522,True,,False,False,False,5.0,1.0,white,few
18101043631973390,True,,False,False,False,5.0,1.0,studio,none
18052485032733562,True,,True,False,True,4.0,2.0,indoor,few
17964958746063233,True,,False,False,False,5.0,5.0,white,few
18080724968122145,True,,True,False,False,5.0,3.0,outdoor,none
17982839615822805,True,,True,False,True,5.0,1.0,studio,few
17860321413621698,True,,False,False,True,5.0,6.0,indoor,heavy
18312171265261640,True,,False,False,True,5.0,3.0,studio,few
18003285074907685,True,,False,False,True,5.0,1.0,studio,few
17884927665519005,True,,False,False,False,4.0,10.0,indoor,few
18086704508598805,True,,False,False,False,5.0,10.0,indoor,few
18003664904876539,True,,True,True,True,5.0,2.0,white,few
17878188792550199,True,,True,False,False,5.0,1.0,studio,none
18104392480909793,True,,True,True,False,4.0,9.0,outdoor,none
18072522950263178,True,,True,False,False,5.0,4.0,outdoor,none
17953442369960141,True,,False,False,True,4.0,10.0,indoor,few
18175390570395530,True,,True,False,True,5.0,1.0,indoor,few
18198301669351455,True,,True,True,True,5.0,6.0,studio,few
18023286881643878,True,,True,False,True,5.0,4.0,studio,few
18045839927770128,True,,True,False,False,5.0,1.0,indoor,none
17865552774529085,True,,False,False,False,5.0,1.0,studio,none
18201738310342903,True,,False,False,True,5.0,8.0,indoor,heavy
18358062079227731,True,,False,False,True,5.0,5.0,other,heavy
18099833068826391,True,,True,True,False,5.0,3.0,studio,none
17875313982453108,True,,True,False,False,4.0,2.0,indoor,none
18090169547352044,True,,True,True,False,5.0,2.0,white,none
18082112318628874,True,,True,False,False,4.0,1.0,indoor,none
17945594133154379,True,,False,False,False,5.0,2.0,studio,none
17948961611984146,True,,True,False,True,5.0,2.0,outdoor,few
17939602494032007,True,,False,False,False,4.0,8.0,white,none
18137403118525721,True,,True,True,False,5.0,3.0,studio,none
18092321461915589,True,,False,False,False,4.0,2.0,indoor,few
18069117584674391,True,,True,True,True,5.0,10.0,indoor,heavy
17918855913313503,True,,True,False,True,5.0,4.0,other,heavy
18011508935846184,True,,False,False,True,5.0,1.0,white,few
18108480148884285,True,,True,True,False,5.0,5.0,outdoor,none
17926136613266787,True,,False,False,True,5.0,10.0,white,few
17861308587567250,True,,True,True,False,5.0,8.0,studio,heavy
17995701890762713,True,,False,False,False,5.0,2.0,studio,none
18118152001650858,True,,True,False,True,5.0,2.0,indoor,few
17940068913192181,True,,True,True,False,4.0,5.0,outdoor,none
17908548231199437,True,,False,False,False,4.0,3.0,other,none
17971858314010528,True,,True,True,True,5.0,2.0,outdoor,heavy
17973344874040314,True,,True,True,True,5.0,1.0,studio,few
18101435593982300,True,,True,True,True,3.0,7.0,indoor,heavy
18092095763134769,True,,True,True,False,5.0,3.0,studio,heavy
18078348269135392,True,,True,False,True,5.0,2.0,white,few
17927884518255766,True,,True,True,False,5.0,5.0,indoor,none
17858884074627681,True,,True,True,True,5.0,3.0,studio,few
18074968472636889,True,,False,False,False,4.0,1.0,indoor,none
17944417743158533,True,,False,False,False,5.0,8.0,indoor,none
18097950191064416,True,,True,True,True,5.0,1.0,studio,few
17895297348305029,True,,True,True,False,5.0,3.0,outdoor,none
18107005996913091,True,,True,True,False,5.0,4.0,white,none
18102142924937744,True,,True,True,False,5.0,1.0,indoor,none
18263332540295826,True,,True,True,True,5.0,1.0,white,few
17914439658358856,True,,False,False,False,5.0,5.0,outdoor,few
18061294283422698,True,,True,True,True,4.0,4.0,outdoor,heavy
18085589063362043,True,,False,False,False,4.0,5.0,indoor,few
17992488644955017,True,,False,False,True,5.0,6.0,white,few
18000168395876239,True,,False,False,False,5.0,4.0,indoor,few
17871992514585620,True,,True,True,False,5.0,2.0,white,none
18109153000834874,True,,False,False,False,5.0,10.0,indoor,few
18319198333251777,True,,True,True,False,5.0,4.0,outdoor,none
18099903229973533,True,,False,False,True,5.0,3.0,indoor,few
18123498598543822,True,,True,False,False,5.0,3.0,studio,none
17903857188244295,True,,True,True,True,5.0,1.0,studio,heavy
18111790414699247,True,,False,False,False,4.0,6.0,indoor,heavy
18457501183108781,True,,False,False,False,4.0,2.0,white,none
18028339055629948,True,,True,False,False,5.0,1.0,white,none
18000021128916954,True,,True,True,True,5.0,3.0,studio,few
18114633319685235,True,,True,True,True,5.0,6.0,outdoor,few
18069385835310741,True,,False,False,False,5.0,1.0,white,none
17921370618123186,True,,False,False,True,5.0,1.0,white,few
18130108291602371,True,,False,False,False,5.0,1.0,white,none
17864585898615782,True,,True,False,False,3.0,1.0,outdoor,few
18003206003730219,True,,True,False,False,5.0,1.0,studio,none
17871772179606562,True,,True,True,False,5.0,1.0,indoor,none
17996106236763663,True,,False,False,False,5.0,1.0,other,none
18574319635019830,True,,True,False,False,5.0,10.0,indoor,none
18119745766713692,True,,True,True,True,5.0,1.0,outdoor,heavy
18080248775123491,True,,True,True,True,4.0,1.0,indoor,heavy
17996706128946592,True,,False,False,False,4.0,2.0,indoor,none
17935033209207218,True,,True,True,False,5.0,2.0,white,none
18020178683817933,True,,False,False,True,5.0,2.0,white,few
18085552739103624,True,,False,False,False,5.0,1.0,studio,none
17861374287567287,True,,True,True,True,5.0,1.0,studio,few
18117169051676633,True,,True,True,False,5.0,1.0,studio,none
18010596593705709,True,,True,True,True,5.0,3.0,studio,few
18585557023013824,True,,False,False,True,5.0,6.0,other,heavy
17881329075556319,True,,True,True,False,5.0,4.0,indoor,none
18089901815189016,True,,False,False,False,3.0,2.0,white,none
18093022487145489,True,,True,False,False,4.0,1.0,outdoor,heavy
18087048638354749,True,,True,True,True,5.0,1.0,indoor,heavy
18102218155784010,True,,True,False,False,5.0,2.0,white,none
18159275527430183,True,,False,False,False,5.0,1.0,white,none
18095908991515438,True,,False,False,False,5.0,3.0,indoor,none
18044382881777173,True,,True,True,True,5.0,3.0,outdoor,heavy
17857016361631530,True,,True,True,False,5.0,2.0,indoor,none
18059963060678454,True,,False,False,False,5.0,1.0,studio,none
18011050496851106,True,,True,True,False,4.0,1.0,indoor,few
18131894902554232,True,,True,True,False,5.0,1.0,studio,none
17995960232945240,True,,False,False,False,5.0,1.0,indoor,none
17926513116294604,True,,True,True,False,5.0,3.0,studio,none
18128276011574978,True,,True,True,False,4.0,1.0,indoor,none
18101982514801079,True,,True,True,False,5.0,1.0,outdoor,none
18087801209255292,True,,False,False,False,5.0,3.0,indoor,few
17883855717517669,True,,False,False,True,5.0,1.0,white,heavy
18101284904488595,True,,True,True,True,5.0,5.0,studio,few
18021773039816837,True,,False,False,False,5.0,1.0,studio,none
17854926387688825,True,,False,False,False,5.0,5.0,other,none
18102876710486745,True,,True,True,True,5.0,1.0,other,heavy
18090384395334799,True,,True,True,True,4.0,2.0,outdoor,heavy
17897645850287640,True,,True,False,True,5.0,6.0,other,heavy
18078758090149279,True,,True,True,False,5.0,2.0,indoor,none
18264357292291473,True,,False,False,False,5.0,1.0,white,heavy
18003752867872894,True,,False,False,True,5.0,1.0,white,few
18104920702745929,True,,False,False,True,5.0,1.0,white,heavy
18159377728445076,True,,False,False,True,5.0,2.0,studio,few
18212185471321827,True,,True,True,False,5.0,2.0,studio,few
18018300824820123,True,,True,True,False,5.0,1.0,studio,none
17902917897423000,True,,False,False,False,5.0,3.0,white,none
18188354674365443,True,,False,False,False,3.0,1.0,indoor,none
18087164117248899,True,,False,False,True,5.0,9.0,white,few
18096161972036959,True,,False,False,False,5.0,1.0,studio,few
18064597226341930,True,,False,False,False,5.0,2.0,outdoor,none
18160464046434006,True,,True,False,False,5.0,2.0,indoor,none
18009139709851330,True,,True,True,False,5.0,5.0,indoor,none
18373026157202434,True,,True,False,True,4.0,2.0,indoor,few
18073757756640480,True,,False,False,True,5.0,8.0,studio,few
18091755299142235,True,,False,False,True,5.0,1.0,white,few
18201567961343194,True,,True,False,False,5.0,2.0,outdoor,none
18010683374837840,True,,True,True,True,5.0,5.0,studio,few
18063431243484886,True,,True,True,False,5.0,4.0,indoor,few
17854002024645714,True,,False,False,False,5.0,8.0,indoor,none
17987964326794914,True,,False,False,False,5.0,1.0,studio,few
18134321269530144,True,,True,True,False,5.0,1.0,outdoor,none
18099224435043010,True,,True,True,False,5.0,9.0,studio,none
17950668392982169,True,,False,False,True,5.0,2.0,indoor,heavy
18086339498604991,True,,False,False,False,5.0,1.0,indoor,none
17992427030778313,True,,True,True,False,5.0,3.0,white,few
17941677630174812,True,,True,False,False,5.0,1.0,white,none
18074668373199581,True,,True,True,False,5.0,5.0,studio,none
18017739221831503,True,,True,True,False,5.0,4.0,studio,none
17947598814150063,True,,False,False,False,5.0,3.0,white,none
17970811695018776,True,,True,True,False,5.0,1.0,indoor,none
18090498989242206,True,,False,False,False,5.0,2.0,indoor,none
18468686830098096,True,,True,True,False,5.0,10.0,outdoor,none
18416783602123352,True,,False,False,False,5.0,2.0,studio,none
18139020325516460,True,,True,True,False,4.0,10.0,outdoor,none
18043563524556133,True,,False,False,True,5.0,2.0,studio,few
17987002574975778,True,,False,False,True,5.0,10.0,outdoor,heavy
18069734723346180,True,,True,False,False,5.0,4.0,indoor,none
18134022901555697,True,,True,True,False,5.0,6.0,indoor,none
18077667233159874,True,,False,False,False,5.0,3.0,other,none
18092795627272764,True,,True,False,False,4.0,10.0,indoor,heavy
18105663622908801,True,,True,False,True,5.0,2.0,outdoor,heavy
18095982632033084,True,,True,True,True,5.0,3.0,white,heavy
18172277467400688,True,,True,False,False,5.0,5.0,white,none
18110872702803294,True,,True,True,True,5.0,2.0,indoor,few
18082207532618173,True,,False,False,False,5.0,6.0,indoor,none
18112274935836863,True,,False,False,False,5.0,3.0,studio,none
18099830251798103,True,,False,False,True,5.0,10.0,studio,few
17962926809925220,True,,True,True,False,5.0,5.0,white,none
18348485887212130,True,,True,True,False,5.0,5.0,white,none
17870514819601141,True,,True,False,False,5.0,7.0,white,few
17868178293607922,True,,False,False,False,5.0,3.0,studio,none
18016679486835043,True,,False,False,False,4.0,4.0,white,none
18096049666843441,True,,True,True,True,5.0,2.0,indoor,few
17892632790330610,True,,True,False,False,4.0,1.0,outdoor,none
18058440836477747,True,,True,False,False,5.0,1.0,other,none
18096198772849134,True,,True,False,False,4.0,4.0,outdoor,none
18419251927123143,True,,False,False,True,5.0,4.0,white,few
17926212831297643,True,,False,False,True,5.0,1.0,studio,heavy
17872079115600699,True,,False,False,True,5.0,2.0,studio,few
18061974791418602,True,,False,False,False,4.0,3.0,white,none
18086114483353889,True,,False,False,True,5.0,5.0,white,heavy
17879784129519880,True,,False,False,False,5.0,4.0,white,none
18331172209247056,True,,False,False,False,5.0,3.0,white,none
18002101598869243,True,,False,False,False,5.0,5.0,indoor,few
18125591554587654,True,,False,False,True,5.0,4.0,studio,heavy
18516104395073058,True,,False,False,False,5.0,2.0,outdoor,none
17988254885791053,True,,True,False,False,5.0,1.0,indoor,none
18430630423189014,True,,False,False,True,5.0,4.0,white,few
17987296235960405,True,,False,False,False,4.0,1.0,outdoor,few
18077655038436941,True,,True,False,False,5.0,6.0,other,none
17866829640523288,True,,False,False,False,5.0,6.0,indoor,few
18063200045401758,True,,True,True,False,5.0,10.0,studio,none
18264284806293749,True,,True,True,False,5.0,2.0,indoor,none
17929675455254198,True,,True,True,False,4.0,8.0,outdoor,few
18090402725189070,True,,True,True,False,4.0,3.0,outdoor,none
18129175435568848,True,,False,False,True,5.0,1.0,studio,few
18217259101317539,True,,True,True,False,5.0,1.0,white,none
18218565400320952,True,,True,True,False,5.0,2.0,studio,none
18100728275315304,True,,False,False,False,5.0,1.0,white,none
17888797131467291,True,,False,False,False,5.0,1.0,studio,none
17985431828797352,True,,True,True,False,5.0,1.0,studio,none
17921343459123607,True,,False,False,True,5.0,2.0,studio,few
18197880742347164,True,,False,False,False,4.0,3.0,indoor,few
18374523214162757,True,,True,True,True,5.0,2.0,indoor,few
17956160265093106,True,,False,False,True,4.0,1.0,outdoor,heavy
18074051552249842,True,,False,False,False,5.0,1.0,indoor,none
18208040158331695,True,,False,False,False,4.0,2.0,indoor,none
17920919712300846,True,,True,False,True,4.0,6.0,indoor,few
17959008428934603,True,,False,False,True,5.0,1.0,studio,heavy
18088225163253625,True,,False,False,True,5.0,1.0,other,few
18155302234454207,True,,True,True,True,5.0,2.0,studio,few
17970829392033554,True,,False,False,False,5.0,1.0,studio,none
18126021709592725,True,,True,True,False,2.0,1.0,outdoor,few
18115216111669147,True,,True,True,False,5.0,6.0,outdoor,none
17864299455654025,True,,False,False,True,4.0,6.0,white,few
17886426225494465,True,,False,False,False,5.0,7.0,indoor,none
18122005696721209,True,,True,True,True,5.0,8.0,outdoor,heavy
18088207172335681,True,,True,True,False,5.0,4.0,outdoor,none
18147228757490965,True,,False,False,False,4.0,10.0,indoor,none
18095126585327114,True,,False,False,True,5.0,4.0,other,few
18434486689185999,True,,True,True,True,5.0,8.0,outdoor,few
17862388449622812,True,,False,False,True,4.0,1.0,indoor,few
17891933856331567,True,,True,True,False,5.0,4.0,studio,none
17889250056456331,True,,False,False,False,5.0,1.0,white,none
18093005255144467,True,,True,True,False,5.0,1.0,white,none
17962973703113597,True,,False,False,True,5.0,10.0,outdoor,few
18120684859652204,True,,False,False,False,4.0,2.0,indoor,none
18135553927528684,True,,True,True,False,5.0,5.0,outdoor,none
18066159149668682,True,,True,True,False,3.0,4.0,indoor,none
18079316471417531,True,,False,False,False,4.0,5.0,indoor,none
18133825354479340,True,,True,True,False,5.0,3.0,indoor,none
18085159310202432,True,,True,False,True,4.0,1.0,indoor,heavy
18061798742401996,True,,True,False,False,4.0,2.0,indoor,none
18050048237752480,True,,False,False,False,5.0,2.0,other,none
18118491274633316,True,,True,True,True,5.0,3.0,outdoor,few
17934332403218162,True,,False,False,False,5.0,1.0,indoor,few
17994730025931961,True,,False,False,False,5.0,1.0,other,none
18009132101856366,True,,True,True,True,5.0,1.0,studio,heavy
18336147142247233,True,,True,True,False,5.0,1.0,indoor,none
18072440246259491,True,,True,False,False,4.0,2.0,outdoor,none
18397907707155734,True,,False,False,True,4.0,1.0,white,heavy
17886001281498186,True,,True,False,True,5.0,1.0,other,few
18193309705359927,True,,False,False,False,5.0,10.0,indoor,none
17966378441897467,True,,False,False,False,5.0,3.0,studio,none
18070966880288851,True,,True,False,True,5.0,3.0,studio,few
18125039161592106,True,,False,False,False,5.0,7.0,white,few
17865206187547411,True,,True,True,False,5.0,4.0,studio,none
18069443051656225,True,,True,True,False,4.0,6.0,indoor,none
18092072806923801,True,,True,True,True,5.0,5.0,studio,few
18373291339163643,True,,False,False,True,5.0,3.0,indoor,few
18096174406865272,True,,True,True,True,5.0,9.0,indoor,heavy
18112608118702461,True,,True,True,True,5.0,3.0,studio,heavy
18100453136295831,True,,True,False,False,5.0,2.0,white,none
17914164006163415,True,,True,True,False,5.0,4.0,indoor,none
18133980151521686,True,,True,False,False,4.0,6.0,outdoor,none
18207117841335201,True,,True,True,False,5.0,2.0,indoor,none
18071869520289361,True,,True,True,True,5.0,5.0,studio,heavy
18068121008335399,True,,True,True,False,5.0,3.0,studio,none
18095739017177090,True,,False,False,True,5.0,8.0,indoor,few
17866399899669963,True,,False,False,True,5.0,1.0,outdoor,few
18110338948631295,True,,True,True,True,4.0,4.0,outdoor,heavy
18071326100303066,True,,True,True,True,5.0,4.0,outdoor,heavy
18085437914592689,True,,True,True,False,4.0,5.0,outdoor,none
18010790939846794,True,,False,False,False,5.0,1.0,studio,none
18053836139502629,True,,False,False,True,5.0,1.0,outdoor,heavy
17853410853658268,True,,False,False,False,5.0,1.0,white,none
18015118520832797,True,,True,False,False,5.0,1.0,studio,none
18099690259799497,True,,True,False,False,5.0,3.0,white,none
18345436108243804,True,,True,True,False,5.0,7.0,studio,none
18111308446815039,True,,False,False,True,5.0,10.0,studio,heavy
18009811706850785,True,,True,True,True,5.0,1.0,studio,few
17908683531377254,True,,True,False,False,5.0,4.0,outdoor,none
18205295704328257,True,,False,False,True,4.0,10.0,studio,few
18349729300240572,True,,False,False,True,5.0,3.0,white,few
18161557822441353,True,,True,True,True,5.0,2.0,white,few
17970835896021578,True,,True,True,False,5.0,7.0,indoor,none
17994592601942279,True,,True,True,True,5.0,9.0,studio,few
18106858627853427,True,,True,False,False,5.0,2.0,white,none
18317252071262617,True,,False,False,False,5.0,1.0,white,few
18112172881848590,True,,False,False,True,5.0,1.0,other,heavy
17959955304079894,True,,False,False,False,4.0,1.0,studio,none
18103432393745170,True,,False,False,False,5.0,5.0,outdoor,few
18110979208878157,True,,False,False,True,5.0,2.0,studio,heavy
18018705002667766,True,,False,False,False,5.0,1.0,studio,none
18096885694864968,True,,True,False,False,4.0,1.0,indoor,none
18129871039495627,True,,True,False,False,4.0,3.0,indoor,none
18114464332740321,True,,True,False,False,5.0,3.0,indoor,none
18075988028632629,True,,True,True,True,5.0,1.0,studio,few
18336441775172748,True,,True,True,False,5.0,2.0,indoor,none
18068951492366642,True,,False,False,False,5.0,2.0,indoor,none
18086326991206098,True,,True,True,False,5.0,1.0,indoor,none
18434208049184757,True,,True,True,False,5.0,7.0,indoor,none
18123080155720888,True,,True,True,False,5.0,3.0,indoor,none
17931253134233071,True,,True,False,False,5.0,3.0,indoor,none
17968707333044016,True,,True,True,False,5.0,9.0,outdoor,few
18168286483405107,True,,False,False,False,5.0,1.0,white,none
18015006179837029,True,,True,True,True,5.0,1.0,indoor,heavy
18076698233427181,True,,False,False,False,5.0,1.0,outdoor,none
18371021878166509,True,,True,True,False,5.0,3.0,indoor,none
18126411166592349,True,,True,False,False,5.0,3.0,indoor,none
17920815801323809,True,,True,False,False,5.0,3.0,indoor,none
17965377687023255,True,,False,False,False,5.0,1.0,studio,none
18092567240238269,True,,True,True,False,5.0,5.0,outdoor,none
18058065362686804,True,,False,False,True,5.0,2.0,white,few
17934987267056053,True,,False,False,False,5.0,3.0,white,none
18174665545400584,True,,False,False,True,5.0,2.0,studio,few
18348032563209144,True,,False,False,False,5.0,1.0,studio,none
18007955621900235,True,,False,False,True,5.0,5.0,other,heavy
18348163249209494,True,,True,True,False,5.0,2.0,white,none
18016055054822372,True,,False,False,True,5.0,2.0,studio,few
18080024438411554,True,,True,True,False,5.0,3.0,outdoor,none
17873136063458215,True,,False,False,False,5.0,1.0,studio,none
18072680903247150,True,,True,True,False,5.0,3.0,studio,none
17862919419561128,True,,False,False,False,5.0,2.0,indoor,none
18102472214314136,True,,True,True,False,5.0,4.0,indoor,none
18081577763631164,True,,True,False,False,5.0,4.0,studio,none
18001569398922834,True,,True,True,False,5.0,3.0,white,none
17963873619064983,True,,True,True,True,5.0,8.0,white,few
18131687617533850,True,,True,False,True,5.0,5.0,studio,heavy
18119107234634208,True,,True,False,False,4.0,8.0,outdoor,heavy
18017531801826482,True,,True,True,False,5.0,2.0,studio,none
18032341670795646,True,,True,True,True,5.0,5.0,studio,heavy
17928732807273534,True,,False,False,False,5.0,1.0,other,few
18024570467810875,True,,True,False,False,4.0,2.0,outdoor,none
18322269091270796,True,,True,True,True,5.0,2.0,white,few
17865233937670734,True,,True,True,True,5.0,1.0,studio,heavy
18105982447882627,True,,False,False,True,5.0,2.0,indoor,few
17944117062179195,True,,False,False,True,5.0,5.0,indoor,few
17948534433131515,True,,False,False,True,5.0,8.0,studio,few
18132991450551247,True,,False,True,True,5.0,10.0,other,few
18100424074810838,True,,True,False,False,4.0,1.0,outdoor,none
18091050511948465,True,,True,True,False,4.0,4.0,indoor,none
17950911525070425,True,,False,False,True,5.0,4.0,other,heavy
17891362566453844,True,,True,True,True,5.0,2.0,studio,heavy
18125907262576621,True,,True,True,False,5.0,2.0,studio,none
18097258825848934,True,,False,False,False,5.0,4.0,studio,none
18389179780091674,True,,False,False,False,5.0,3.0,white,none
17897002914288849,True,,False,False,False,5.0,1.0,studio,none
18084101627345700,True,,True,True,False,5.0,4.0,white,none
18064916675667539,True,,True,True,False,5.0,2.0,studio,none
18048696362520018,True,,False,False,False,4.0,4.0,indoor,none
17959042752091437,True,,False,False,True,5.0,10.0,indoor,few
17887695360351997,True,,True,True,True,5.0,1.0,white,few
18113217982683777,True,,True,True,False,5.0,5.0,indoor,none
18124113670614379,True,,True,True,True,5.0,5.0,studio,heavy
18098777242812405,True,,True,True,False,5.0,2.0,outdoor,none
18105553834931586,True,,True,True,False,5.0,1.0,white,none
18073559795539442,True,,False,False,False,5.0,2.0,indoor,none
18071466764275821,True,,False,False,True,5.0,3.0,white,few
18080756126161431,True,,True,True,True,5.0,7.0,outdoor,few
18137560036518595,True,,False,False,False,4.0,3.0,indoor,none
18160864459436544,True,,False,False,True,5.0,2.0,studio,few
17944909107172988,True,,False,False,False,5.0,1.0,white,few
17889759831463813,True,,True,True,True,5.0,5.0,studio,heavy
17909017050200999,True,,False,False,False,5.0,1.0,white,none
18158840200433176,True,,True,True,True,5.0,6.0,outdoor,few
18162087769431582,True,,False,False,True,5.0,1.0,indoor,few
18096204470514024,True,,True,False,False,5.0,3.0,studio,none
17861675295680997,True,,True,True,False,5.0,3.0,outdoor,none
17880838749551227,True,,False,False,True,5.0,2.0,white,few
18073456556243467,True,,False,False,False,5.0,1.0,indoor,none
18173165386401963,True,,False,False,True,5.0,4.0,indoor,few
18095773258841938,True,,True,True,False,5.0,3.0,studio,none
18081602315433567,True,,False,False,False,5.0,6.0,white,few
17856659346632720,True,,True,True,False,5.0,5.0,white,none
18354676711232487,True,,True,True,True,5.0,1.0,indoor,heavy
18078997814565095,True,,False,False,True,5.0,2.0,white,few
18122819839627161,True,,True,True,True,5.0,9.0,other,heavy
18062367707406147,True,,True,False,False,5.0,2.0,indoor,none
18168962062424180,True,,False,False,True,4.0,1.0,white,heavy
18094796894122486,True,,True,False,False,4.0,1.0,outdoor,few
18543646342070164,True,,False,False,True,5.0,1.0,studio,few
18000371312864827,True,,False,False,False,5.0,3.0,white,none
18100324856001056,True,,False,False,False,5.0,8.0,studio,none
18104597467900647,True,,False,False,False,5.0,1.0,studio,none
17978114978843773,True,,True,True,False,5.0,2.0,studio,none
18061470086699937,True,,True,True,True,5.0,2.0,indoor,few
17895349233441027,True,,True,False,True,4.0,2.0,indoor,heavy
18063326756678081,True,,False,False,False,4.0,2.0,indoor,heavy
18114118519705405,True,,False,False,False,4.0,1.0,indoor,none
18097654535090722,True,,False,False,False,5.0,9.0,indoor,none
17938988415039505,True,,True,False,False,5.0,2.0,studio,none
17963989107101718,True,,True,False,True,5.0,1.0,other,few
17893615155441072,True,,True,True,True,5.0,6.0,outdoor,heavy
18060122201406102,True,,True,True,False,5.0,3.0,indoor,none
18075192566220637,True,,False,False,True,4.0,1.0,other,heavy
18116398945676881,True,,False,False,False,5.0,7.0,indoor,none
18455727616104611,True,,True,True,True,5.0,4.0,white,few
17961332333932326,True,,False,False,True,4.0,10.0,indoor,few
18407968777177054,True,,True,True,False,5.0,5.0,studio,none
18095833652155491,True,,False,False,True,5.0,10.0,white,heavy
18055446074488133,True,,False,False,True,5.0,3.0,white,few
18126131017598709,True,,True,True,False,5.0,4.0,indoor,none
18081998831575552,True,,False,False,False,4.0,10.0,indoor,none
18100503317083331,True,,False,False,True,5.0,4.0,white,few
18103957583482920,True,,True,True,False,5.0,1.0,indoor,none
18151933933456470,True,,True,False,False,5.0,1.0,indoor,none
17878730766418429,True,,False,False,False,4.0,3.0,studio,none
17867510862522892,True,,True,True,False,5.0,1.0,studio,none
18028282124804096,True,,False,False,False,5.0,1.0,studio,none
18115560589676069,True,,True,True,False,5.0,4.0,outdoor,none
17937753390197921,True,,False,False,True,4.0,9.0,indoor,heavy
18149807941466374,True,,True,True,False,4.0,5.0,outdoor,none
18429949858184889,True,,False,True,True,5.0,1.0,white,few
18312030322277277,True,,True,True,False,5.0,1.0,outdoor,none
18116739775663794,True,,True,True,False,5.0,5.0,outdoor,none
18062492732678946,True,,True,True,False,5.0,3.0,white,none
18009121034851578,True,,False,False,True,5.0,8.0,studio,heavy
17859975738573956,True,,False,False,False,5.0,1.0,white,none
18075344144559108,True,,True,True,True,4.0,1.0,indoor,heavy
18060704339415750,True,,False,False,True,5.0,1.0,indoor,heavy
18049736219723933,True,,False,False,False,5.0,1.0,studio,none
18095507513043796,True,,False,False,True,5.0,6.0,studio,few
18076388879183061,True,,True,True,True,5.0,1.0,studio,few
17911055241181024,True,,True,False,True,5.0,10.0,outdoor,few
18062504741383360,True,,True,True,True,5.0,2.0,studio,few
17922045981128038,True,,False,False,True,5.0,10.0,studio,heavy
17947120047140884,True,,False,False,False,5.0,1.0,studio,none
18026794748647809,True,,True,True,False,5.0,7.0,indoor,few
18098496349968523,True,,True,True,False,5.0,2.0,outdoor,none
18350586196209031,True,,False,False,False,5.0,4.0,indoor,none
18313877479259300,True,,True,True,False,4.0,6.0,outdoor,none
18089599664521649,True,,False,False,True,5.0,1.0,white,few
18080709629616498,True,,True,True,True,5.0,2.0,studio,few
18181493254338711,True,,True,False,False,5.0,2.0,studio,none
17973653637008276,True,,False,False,True,5.0,1.0,studio,few
18085602719606854,True,,True,True,True,5.0,7.0,white,heavy
18080130464627844,True,,False,False,False,5.0,3.0,white,none
18096231455110099,True,,False,False,False,5.0,1.0,studio,none
18586377646059712,True,,True,True,True,5.0,2.0,studio,few
18153470173457229,True,,False,False,True,5.0,1.0,white,heavy
17924867616260205,True,,True,True,False,5.0,5.0,outdoor,none
18407146045179704,True,,False,False,False,5.0,2.0,studio,none
18097779041115386,True,,False,False,True,4.0,2.0,studio,heavy
17966863484900918,True,,True,True,False,4.0,5.0,indoor,none
18015233951674950,True,,False,False,True,4.0,3.0,white,few
17969322294043463,True,,True,True,False,5.0,5.0,outdoor,few
17917807137347390,True,,False,False,False,4.0,1.0,indoor,none
17954195534961426,True,,True,True,True,5.0,4.0,white,few
18385184518089937,True,,False,False,False,5.0,2.0,studio,none
18123028366718350,True,,False,False,False,5.0,4.0,studio,none
18116463151730565,True,,False,False,False,5.0,3.0,other,none
18069066665655982,True,,True,True,True,5.0,1.0,indoor,heavy
18114260386673794,True,,False,False,False,5.0,1.0,white,none
17970341142045522,True,,True,True,True,5.0,3.0,outdoor,few
18041882936770801,True,,True,True,False,3.0,1.0,indoor,none
17961423375078747,True,,True,False,False,5.0,1.0,white,none
18077784776393756,True,,True,True,False,5.0,5.0,outdoor,none
17998592978750573,True,,True,False,False,4.0,4.0,studio,none
17971215288033149,True,,True,False,True,5.0,2.0,white,heavy
18070776518651949,True,,True,False,False,4.0,2.0,white,none
18454897963104910,True,,True,False,True,5.0,3.0,indoor,heavy
18070272836283012,True,,True,False,True,5.0,8.0,indoor,few
18029168189805794,True,,True,True,False,5.0,3.0,outdoor,none
17860778751564328,True,,False,False,False,5.0,1.0,white,heavy
18126105310517383,True,,False,False,False,5.0,1.0,studio,none
17992545419778153,True,,False,False,False,4.0,1.0,outdoor,none
17937960180207669,True,,False,False,True,4.0,2.0,studio,few
17918289624342977,True,,True,True,True,5.0,6.0,outdoor,heavy
18129837526497015,True,,False,False,True,5.0,3.0,white,few
17961756072107122,True,,False,False,True,5.0,10.0,studio,heavy
18430093729143576,True,,False,False,True,5.0,3.0,studio,few
17901017418263555,True,,False,False,False,4.0,4.0,indoor,none
18099462397950163,True,,False,False,True,5.0,1.0,other,few
18088197800255425,True,,True,False,False,4.0,2.0,studio,none
18159168613449907,True,,False,False,True,5.0,2.0,studio,heavy
18015137141674615,True,,True,True,False,5.0,7.0,studio,none
18583272373034092,True,,True,True,False,5.0,4.0,outdoor,none
17912550588185277,True,,True,False,False,5.0,1.0,outdoor,none
17935683441234917,True,,True,False,False,5.0,8.0,outdoor,none
18149284795468587,True,,True,True,False,5.0,3.0,outdoor,none
17967818997024640,True,,True,True,True,5.0,5.0,other,heavy
18161404036386863,True,,False,False,False,5.0,1.0,indoor,few
17919797490336977,True,,True,True,True,5.0,6.0,indoor,heavy
18078799016421643,True,,True,True,False,5.0,3.0,outdoor,none
18083473763579271,True,,True,True,True,5.0,3.0,indoor,few
18045623225742231,True,,False,False,True,5.0,1.0,other,few
17947968849159841,True,,True,True,False,5.0,3.0,outdoor,none
17917542183341677,True,,True,True,True,5.0,3.0,studio,few
18043329116767824,True,,True,False,False,5.0,2.0,outdoor,none
18388683283080455,True,,True,True,False,5.0,4.0,white,none
18149958631475227,True,,False,False,True,5.0,9.0,studio,few
17906967972390406,True,,True,True,True,5.0,1.0,studio,heavy
18419748670122493,True,,True,True,True,5.0,6.0,studio,few
17970386286039911,True,,True,True,False,4.0,4.0,outdoor,none
17978701970842321,True,,False,False,False,4.0,4.0,white,few
17934896697083310,True,,False,False,True,5.0,2.0,white,few
18061169474444629,True,,False,False,True,3.0,2.0,other,heavy
18052551101514713,True,,False,False,True,5.0,1.0,indoor,heavy
17906803995394750,True,,True,False,False,3.0,3.0,indoor,none
18087085451220168,True,,True,True,True,5.0,3.0,outdoor,few
18117109507591266,True,,False,False,True,5.0,1.0,outdoor,few
17885008140494311,True,,False,False,False,5.0,1.0,white,few
18091950251359050,True,,False,False,False,5.0,4.0,studio,none
18105174899501624,True,,True,True,True,5.0,2.0,studio,heavy
17899978542419778,True,,True,True,True,5.0,6.0,studio,few
17969125971021935,True,,False,False,False,5.0,8.0,indoor,none
18045479099591434,True,,True,True,True,5.0,1.0,white,few
18320350339269996,True,,True,True,False,5.0,4.0,outdoor,none
17959426170118895,True,,True,True,True,5.0,7.0,studio,few
18119780317624758,True,,True,True,True,5.0,5.0,outdoor,few
17903229369407597,True,,True,True,True,5.0,1.0,white,few
18090779635927055,True,,True,False,False,5.0,3.0,white,none
18086576867360994,True,,True,True,False,4.0,6.0,studio,none
17893678908442788,True,,False,False,False,4.0,1.0,studio,none
18111384646783541,True,,False,False,False,4.0,1.0,indoor,few
18077592830158360,True,,True,True,True,5.0,1.0,studio,few
18073255016266091,True,,False,False,True,5.0,6.0,studio,few
18061364348423714,True,,False,False,True,5.0,4.0,studio,few
18327302848265800,True,,False,False,False,5.0,1.0,white,none
18291180325303014,True,,True,True,False,5.0,2.0,studio,none
18113803894752563,True,,True,True,True,5.0,3.0,outdoor,few
18079130018158409,True,,True,True,True,5.0,1.0,indoor,few
18077651225564169,True,,True,True,False,5.0,2.0,studio,none
18582833527053567,True,,True,True,False,5.0,2.0,studio,none
18545360518067692,True,,True,True,True,5.0,3.0,studio,few
18586581943040109,True,,False,False,False,4.0,9.0,indoor,few
18072170711248223,True,,False,False,False,5.0,1.0,studio,heavy
17877116853579846,True,,True,True,False,4.0,1.0,outdoor,none
17884200726516930,True,,False,False,False,5.0,1.0,white,none
18095890522887161,True,,False,False,False,4.0,3.0,white,none
18563841550024461,True,,False,False,False,5.0,4.0,outdoor,none
18100947877788864,True,,True,True,True,5.0,4.0,studio,heavy
17948516045981774,True,,False,False,False,5.0,1.0,studio,none
18083768420365425,True,,False,False,False,5.0,1.0,studio,none
17940545565017543,True,,True,True,False,5.0,5.0,outdoor,none
17875795836459017,True,,True,False,False,5.0,10.0,white,none
18132302380489567,True,,True,True,True,5.0,1.0,studio,few
18126258001589035,True,,False,False,False,4.0,4.0,outdoor,few
18100186976484620,True,,False,False,True,5.0,1.0,indoor,few
17860221729622434,True,,True,True,True,5.0,4.0,white,heavy
17933279526239220,True,,True,True,False,4.0,3.0,indoor,none
18160090459432805,True,,False,False,True,5.0,2.0,indoor,few
17985116021801562,True,,True,True,False,5.0,6.0,outdoor,none
18386213680095515,True,,True,True,False,5.0,6.0,white,none
18050835692721823,True,,True,True,False,5.0,3.0,outdoor,few
18062673530695976,True,,False,False,False,5.0,1.0,white,few
18436580170141668,True,,False,False,False,5.0,4.0,studio,few
18130663549482986,True,,True,True,True,5.0,1.0,white,few
17918631933300789,True,,True,True,False,5.0,3.0,indoor,none
17988733469793483,True,,False,False,False,5.0,1.0,indoor,none
17886475656492153,True,,False,False,False,5.0,1.0,studio,none
18100008895958292,True,,False,False,True,4.0,5.0,white,heavy
18121202212620234,True,,True,True,True,5.0,2.0,other,heavy
18100360432967249,True,,True,True,True,5.0,4.0,studio,few
18114856777750374,True,,True,True,True,5.0,1.0,studio,few
18036596699792646,True,,True,True,False,5.0,2.0,studio,none
17952688676963571,True,,False,False,False,4.0,2.0,indoor,few
18386883724093464,True,,False,False,False,5.0,2.0,white,none
17954842131120011,True,,True,False,False,4.0,1.0,outdoor,none
18313016179278323,True,,False,False,False,5.0,2.0,indoor,none
18161753842379539,True,,True,True,False,5.0,2.0,studio,none
18108748312849599,True,,False,False,False,5.0,1.0,white,none
18131469187564270,True,,False,False,False,5.0,3.0,indoor,none
18100442875981269,True,,False,False,False,4.0,3.0,indoor,none
18107681023889531,True,,True,False,False,3.0,4.0,outdoor,none
18114054151826551,True,,True,True,True,5.0,2.0,studio,few
18169257400411508,True,,False,False,False,4.0,1.0,white,none
17882368710394641,True,,True,False,False,5.0,3.0,white,none
18334327096247541,True,,False,False,True,5.0,7.0,studio,few
18119581426725108,True,,True,False,True,5.0,1.0,white,few
17887955169352176,True,,True,True,True,5.0,2.0,studio,heavy
17900740383410243,True,,False,False,False,5.0,1.0,outdoor,few
17887794243459977,True,,True,True,True,5.0,2.0,studio,few
18034948523788913,True,,False,False,False,5.0,10.0,studio,few
17935486143212022,True,,False,False,False,4.0,5.0,white,none
17979042737991329,True,,True,False,True,5.0,1.0,studio,heavy
17931943515237881,True,,True,True,True,5.0,3.0,studio,few
18312920617274140,True,,False,False,False,4.0,1.0,studio,none
18072670232232741,True,,True,False,False,5.0,1.0,outdoor,none
18127736905567963,True,,False,False,True,5.0,1.0,other,few
18112098520754360,True,,True,False,False,5.0,2.0,outdoor,few
18122650498618282,True,,False,False,True,5.0,5.0,indoor,few
18087236921256415,True,,False,False,False,4.0,5.0,indoor,none
18048705344756960,True,,False,False,False,5.0,3.0,white,none
17917241133336998,True,,True,True,True,5.0,5.0,studio,heavy
18058576172695635,True,,True,False,False,5.0,1.0,white,none
17919967008128487,True,,True,True,False,4.0,10.0,outdoor,none
18079480118420910,True,,True,True,True,5.0,1.0,indoor,heavy
17905185885392983,True,,False,False,True,5.0,2.0,indoor,heavy
18058068359481413,True,,False,False,True,5.0,4.0,studio,few
18101034580947365,True,,True,False,False,4.0,6.0,outdoor,few
18112077562695049,True,,False,False,True,5.0,1.0,studio,few
17919728325335671,True,,True,True,True,5.0,4.0,other,heavy
18386693968083550,True,,False,False,True,5.0,3.0,studio,heavy
18132205174546582,True,,False,False,False,5.0,1.0,indoor,few
18105051812315409,True,,False,False,False,5.0,4.0,white,none
18092075075140795,True,,True,True,False,5.0,4.0,white,none
18019949228831311,True,,True,True,False,5.0,3.0,outdoor,none
17911165227380095,True,,False,False,False,5.0,4.0,outdoor,none
18100161898771479,True,,True,True,False,5.0,1.0,white,none
17897420436425157,True,,True,True,False,4.0,4.0,outdoor,none
18171003139418077,True,,True,True,False,5.0,1.0,white,none
18078698900420265,True,,False,False,False,4.0,2.0,indoor,few
18142891009497898,True,,False,False,False,4.0,2.0,white,few
18079245974399876,True,,False,False,False,5.0,1.0,outdoor,none
18065242700668376,True,,False,False,True,4.0,3.0,studio,heavy
18102519860332137,True,,True,False,False,5.0,6.0,outdoor,none
18339753145169731,True,,False,False,False,5.0,7.0,white,none
18195043153362488,True,,False,False,False,5.0,1.0,studio,none
18151513912415692,True,,True,True,False,5.0,2.0,studio,none
17932957167057295,True,,False,False,True,5.0,1.0,studio,few
17912500386184894,True,,False,False,True,5.0,2.0,studio,heavy
18581862142062124,True,,True,True,True,4.0,3.0,indoor,few
17870904882485982,True,,True,True,False,5.0,3.0,studio,none
18109428070868111,True,,True,True,True,5.0,5.0,studio,heavy
18039911969789219,True,,True,False,False,4.0,5.0,outdoor,few
17969391552013480,True,,True,True,True,5.0,1.0,studio,heavy
18041738066771120,True,,True,True,True,5.0,7.0,studio,few
17896128678287475,True,,True,True,False,5.0,5.0,indoor,few
18146631616429785,True,,False,False,True,5.0,2.0,white,few
18071528987649806,True,,False,False,True,5.0,4.0,other,heavy
18098941901073224,True,,True,True,False,5.0,1.0,indoor,none
18412073071181062,True,,False,False,False,5.0,4.0,indoor,few
18086957978580163,True,,True,False,True,5.0,3.0,studio,few
18050338193749268,True,,True,False,False,5.0,1.0,white,none
18100189841007327,True,,True,True,False,5.0,5.0,indoor,none
17958050379083596,True,,False,False,False,4.0,2.0,other,few
17908897332205755,True,,False,False,True,5.0,10.0,other,heavy
17875894971447721,True,,False,False,True,5.0,2.0,white,few
18015749684667401,True,,True,True,False,5.0,7.0,outdoor,none
17888240976466336,True,,False,False,True,4.0,1.0,other,heavy
17974699229993888,True,,False,False,False,5.0,2.0,outdoor,none
17960290131107053,True,,False,False,False,5.0,1.0,studio,none
18044027072746039,True,,True,True,True,5.0,1.0,studio,few
17892863130455077,True,,False,False,True,5.0,1.0,outdoor,heavy
18093169964150244,True,,False,False,False,5.0,3.0,white,few
18189527968367297,True,,False,False,True,5.0,10.0,other,few
18083708756369281,True,,False,False,True,5.0,6.0,studio,heavy
18007974236851441,True,,True,True,False,5.0,3.0,outdoor,none
18063074291392629,True,,False,False,True,4.0,10.0,indoor,heavy
18459009301109697,True,,True,False,True,4.0,3.0,white,few
17861436954564765,True,,False,False,False,4.0,3.0,white,none
18065172263482710,True,,True,False,False,4.0,1.0,outdoor,few
18109740043881593,True,,True,True,True,5.0,2.0,indoor,heavy
18417222193125514,True,,True,True,True,5.0,1.0,white,few
18089312675586438,True,,False,False,True,5.0,2.0,studio,few
17976736892842837,True,,False,True,True,4.0,4.0,white,heavy
17992794746778831,True,,False,False,False,5.0,1.0,indoor,none
18082622681615631,True,,False,False,True,5.0,3.0,white,few
18100504912990496,True,,True,True,True,5.0,1.0,other,few
18127131562586776,True,,True,False,False,4.0,1.0,outdoor,few
18386914351090857,True,,True,True,False,2.0,5.0,outdoor,none
18165545113410795,True,,True,True,True,5.0,2.0,studio,few
18134150695537261,True,,True,False,False,5.0,2.0,white,none
17993585870945247,True,,False,False,False,5.0,3.0,white,none
18020081576830390,True,,False,False,False,5.0,1.0,outdoor,few
18517375813078694,True,,True,True,False,4.0,4.0,outdoor,none
17970415118875272,True,,False,False,True,5.0,2.0,studio,few
18101608343287339,True,,False,False,False,3.0,5.0,indoor,none
17921484828277124,True,,False,False,True,5.0,7.0,studio,heavy
18322605730264171,True,,True,False,False,4.0,6.0,indoor,none
18355967542228901,True,,False,False,False,5.0,4.0,white,few
18107780167686861,True,,False,False,False,5.0,4.0,studio,none
18348940714210239,True,,False,False,True,5.0,6.0,other,heavy
18346318414212617,True,,False,False,False,5.0,7.0,outdoor,few
18158457571444645,True,,False,False,False,4.0,3.0,studio,none
18102328891787636,True,,True,False,False,4.0,2.0,indoor,none
18098761982065299,True,,False,False,False,5.0,3.0,indoor,none
18090623072265524,True,,True,False,False,5.0,1.0,indoor,none
18351584686225762,True,,True,False,True,5.0,3.0,white,heavy
17998010684928323,True,,True,True,True,5.0,3.0,studio,few
18043667165759702,True,,True,True,False,5.0,1.0,indoor,none
17965353186081140,True,,True,True,False,5.0,4.0,indoor,none
18102398120490639,True,,False,False,True,4.0,3.0,white,heavy
17884604262390516,True,,True,False,False,5.0,7.0,white,none
18178223269352485,True,,False,False,False,5.0,1.0,studio,none
18169753729415740,True,,False,False,True,5.0,8.0,studio,heavy
18099369752056057,True,,True,False,False,5.0,2.0,white,none
17958306063117148,True,,True,True,False,5.0,3.0,outdoor,none
18180169666344960,True,,True,True,False,5.0,4.0,studio,none
18433106419137806,True,,False,False,False,5.0,1.0,white,none
18040001708584610,True,,True,True,False,4.0,6.0,outdoor,none
18181411816380428,True,,False,False,False,5.0,1.0,studio,none
18185668405326806,True,,False,False,False,5.0,5.0,studio,none
17950998561133831,True,,False,False,True,4.0,4.0,indoor,few
18211130332324429,True,,False,False,False,5.0,6.0,outdoor,none
17889616248465032,True,,True,True,False,5.0,2.0,studio,none
18097813916109724,True,,False,False,False,5.0,2.0,studio,none
18086430896622113,True,,True,False,True,5.0,3.0,white,heavy
18331661830223929,True,,True,False,True,5.0,3.0,outdoor,few
18072079127275846,True,,False,False,True,5.0,4.0,white,few
17928631695264717,True,,False,False,False,5.0,4.0,studio,none
18032133848608287,True,,False,False,False,5.0,2.0,studio,none
18066468809427886,True,,False,False,True,5.0,10.0,white,heavy
18003151616732169,True,,True,False,False,5.0,1.0,indoor,none
17983840553813923,True,,True,True,True,5.0,4.0,indoor,few
18150548839479642,True,,True,True,False,3.0,3.0,outdoor,none
18098323487079625,True,,True,True,True,5.0,10.0,studio,heavy
18356267326236952,True,,False,False,False,5.0,3.0,outdoor,few
18433161448137035,True,,True,False,False,5.0,6.0,studio,none
18580260751057171,True,,False,False,False,5.0,1.0,studio,none
18583508260012772,True,,False,False,False,5.0,5.0,other,few
18390177973084667,True,,False,False,False,5.0,4.0,indoor,none
17935844562207644,True,,True,False,False,4.0,1.0,outdoor,none
18133306258547394,True,,True,True,False,4.0,5.0,indoor,none
18090895003922115,True,,True,True,True,5.0,1.0,studio,few
17983687742796569,True,,True,True,True,5.0,4.0,white,few
18082540124085988,True,,False,False,True,4.0,2.0,indoor,few
17879596815518659,True,,False,False,True,5.0,2.0,white,few
18088464665251703,True,,False,False,True,5.0,4.0,other,heavy
17859314637590577,True,,True,True,False,3.0,4.0,indoor,none
18077643164419543,True,,False,False,True,5.0,4.0,white,few
17923054821292263,True,,True,True,False,5.0,1.0,studio,few
18111851101696191,True,,False,False,True,5.0,1.0,other,few
18079080527133198,True,,True,True,True,5.0,2.0,studio,few
17957837058097663,True,,False,False,False,4.0,7.0,other,few
18064802042677977,True,,False,False,True,4.0,9.0,indoor,heavy
17970119841042848,True,,False,False,False,5.0,2.0,indoor,none
18080927078437411,True,,True,True,False,5.0,2.0,indoor,none
18569262013043194,True,,False,False,False,5.0,3.0,white,none
18447384280119192,True,,True,True,False,4.0,6.0,outdoor,none
18091304923890745,True,,False,False,True,5.0,1.0,white,heavy
18087431237196449,True,,True,True,False,5.0,1.0,outdoor,none
18081350420455527,True,,False,False,False,5.0,5.0,studio,none
17969749104025148,True,,True,True,True,5.0,3.0,studio,few
18031351715796172,True,,True,True,False,5.0,5.0,outdoor,none
18003278261869816,True,,True,True,True,5.0,1.0,studio,few
17960095236071325,True,,True,False,False,5.0,3.0,white,none
17886621015506628,True,,False,False,False,5.0,1.0,white,few
17989187993793018,True,,True,True,False,5.0,7.0,outdoor,none
18145136086494859,True,,False,True,True,5.0,10.0,studio,few
18137868730507866,True,,False,False,False,4.0,7.0,indoor,none
18109851262671518,True,,True,True,True,5.0,2.0,indoor,few
18468541663102520,True,,False,False,True,5.0,1.0,indoor,few
18083305199357748,True,,True,True,True,5.0,1.0,studio,few
17939015820187370,True,,False,False,True,5.0,1.0,indoor,few
17919595689325054,True,,False,False,True,5.0,1.0,white,few
17954087201960135,True,,True,True,False,5.0,2.0,white,few
17891480910463657,True,,True,True,False,5.0,1.0,studio,none
18073726739214777,True,,True,False,False,5.0,6.0,outdoor,none
18318089827261557,True,,True,False,True,5.0,2.0,studio,few
18060375644426237,True,,True,True,True,5.0,5.0,indoor,few
17859730329626723,True,,False,False,False,5.0,1.0,white,none
17873982726574454,True,,False,False,True,5.0,2.0,white,few
18467249419105471,True,,False,False,True,5.0,10.0,other,heavy
18583984411032010,True,,True,True,True,5.0,1.0,studio,few
17888124924352628,True,,False,False,True,5.0,1.0,indoor,few
18423215275122019,True,,False,False,False,5.0,10.0,white,few
18060231389705429,True,,False,False,False,5.0,3.0,other,none
18094533286890916,True,,True,True,False,5.0,1.0,indoor,none
18577440643028588,True,,True,False,True,5.0,10.0,studio,heavy
17873292738579207,True,,True,True,False,5.0,4.0,studio,none
18124598134593201,True,,True,True,False,5.0,5.0,indoor,none
17959825772932479,True,,False,False,False,5.0,1.0,white,none
18098004728089476,True,,True,True,True,4.0,10.0,outdoor,heavy
17975052077859282,True,,True,True,False,4.0,5.0,outdoor,none
17984772707808636,True,,False,False,True,4.0,1.0,indoor,heavy
17867606250607061,True,,True,True,False,4.0,2.0,studio,few
18131308048556113,True,,True,True,False,5.0,4.0,outdoor,few
17855741721636082,True,,True,True,False,5.0,3.0,outdoor,few
18098378780022419,True,,True,True,False,5.0,2.0,outdoor,none
17966710958900173,True,,True,True,True,5.0,4.0,studio,heavy
18173997187391954,True,,True,True,False,4.0,2.0,indoor,none
18099849136792511,True,,False,False,False,5.0,1.0,studio,none
18095372393027492,True,,False,False,True,5.0,4.0,studio,few
18040328765790823,True,,True,True,True,4.0,5.0,outdoor,few
18093080455902833,True,,False,False,True,5.0,1.0,other,heavy
17876333970579589,True,,True,True,True,5.0,2.0,indoor,few
18109393897892726,True,,True,True,False,5.0,3.0,studio,none
18445273936114508,True,,True,True,False,5.0,4.0,studio,none
18122456878539863,True,,True,True,True,5.0,1.0,studio,heavy
18189798502365095,True,,False,False,False,4.0,1.0,white,none
17908977183390200,True,,True,True,False,5.0,8.0,indoor,none
17850222156678096,True,,True,False,False,5.0,10.0,white,none
18045355436764988,True,,False,False,True,5.0,1.0,white,few
18115538650663371,True,,False,False,False,4.0,2.0,indoor,none
18088671713192355,True,,False,False,True,5.0,1.0,white,heavy
17995373837763757,True,,False,False,False,5.0,3.0,studio,none
18091568818945865,True,,False,False,True,5.0,5.0,other,heavy
18580247941002252,True,,False,False,False,5.0,1.0,studio,none
17959605353932534,True,,False,False,True,5.0,3.0,other,few
17982646934814011,True,,False,False,False,5.0,3.0,other,none
18365896048203581,True,,False,False,False,5.0,4.0,white,few
17862826602618154,True,,True,True,False,4.0,4.0,indoor,none
18119547964727224,True,,True,True,True,5.0,4.0,studio,few
17897571675283627,True,,False,False,False,5.0,4.0,white,none
18101576108283889,True,,False,False,False,5.0,4.0,white,none
18578496979058107,True,,True,True,False,5.0,2.0,white,none
18088515209591731,True,,False,False,False,5.0,6.0,studio,none
18113379241794505,True,,True,True,True,5.0,6.0,outdoor,few
18093666050518994,True,,True,True,False,5.0,1.0,indoor,heavy
18118996267728366,True,,False,False,True,5.0,6.0,studio,few
18583896706037005,True,,False,False,False,5.0,1.0,studio,few
17853948792643155,True,,False,False,False,5.0,2.0,studio,none
18084799997049706,True,,True,False,True,5.0,1.0,outdoor,few
18126438649599761,True,,True,False,False,5.0,1.0,outdoor,none
17980990166821953,True,,True,True,True,4.0,6.0,studio,heavy
17948511311980682,True,,True,False,False,5.0,3.0,indoor,none
18094177880332100,True,,True,False,True,5.0,2.0,indoor,few
17899822731261576,True,,False,False,False,5.0,1.0,white,none
18000477605879793,True,,False,False,False,4.0,2.0,other,none
18574139497056245,True,,True,True,False,5.0,4.0,outdoor,none
18060466796702085,True,,False,False,False,5.0,1.0,studio,none
18076946114437127,True,,False,False,False,5.0,2.0,studio,none
17853907059639260,True,,True,True,False,4.0,7.0,outdoor,none
17903976810403858,True,,False,False,True,5.0,4.0,indoor,few
17909994009391582,True,,False,False,False,4.0,3.0,outdoor,few
18165235000426158,True,,False,False,False,5.0,1.0,white,none
18053182145720575,True,,True,False,True,4.0,3.0,indoor,few
18462270880107202,True,,True,False,False,4.0,2.0,indoor,none
18060945989394921,True,,True,True,True,5.0,6.0,outdoor,few
17847412524692621,True,,True,True,False,5.0,1.0,studio,none
18061160576419136,True,,True,True,True,4.0,1.0,white,heavy
18118329778647715,True,,False,False,True,5.0,1.0,white,few
17933569794054957,True,,False,False,False,5.0,3.0,studio,none
17918102712335365,True,,True,False,True,5.0,1.0,indoor,few
18245313088305314,True,,False,False,True,4.0,1.0,white,heavy
18108114056495208,True,,True,True,False,5.0,1.0,indoor,none
18099830093510749,True,,False,False,True,5.0,1.0,studio,few
18574257799045512,True,,False,False,True,5.0,10.0,other,heavy
18095075636150202,True,,True,True,False,5.0,5.0,outdoor,none
18094946012127383,True,,True,False,True,5.0,4.0,indoor,heavy
18073295642267061,True,,False,False,False,5.0,1.0,white,few
17859191178632697,True,,True,True,True,5.0,5.0,studio,few
18103975990909359,True,,False,False,False,5.0,3.0,studio,none
17868152874526483,True,,True,False,False,4.0,1.0,outdoor,none
18094540505151231,True,,True,False,True,5.0,1.0,white,few
18092235545332633,True,,True,False,True,5.0,1.0,indoor,few
18103061449940054,True,,True,False,False,5.0,1.0,white,none
18074908994338427,True,,True,False,False,5.0,5.0,outdoor,none
17892609861456236,True,,True,True,False,5.0,2.0,studio,none
18118579861640855,True,,True,True,False,5.0,3.0,studio,none
18068021840671435,True,,True,True,False,5.0,4.0,studio,none
18128185813582661,True,,False,False,False,5.0,5.0,indoor,none
18320440807265554,True,,False,False,False,5.0,5.0,white,few
18060446912415622,True,,True,False,True,5.0,1.0,indoor,few
17962995345106569,True,,True,True,False,5.0,5.0,studio,none
18404560306144155,True,,True,True,False,5.0,3.0,studio,none
18081702977378852,True,,False,False,False,5.0,6.0,studio,none
18065151536482513,True,,True,True,True,5.0,1.0,studio,few
17884598253387224,True,,False,False,False,5.0,1.0,studio,none
17873242092479231,True,,True,True,True,5.0,1.0,other,few
18135652540516422,True,,False,False,True,5.0,1.0,white,heavy
17889784356459459,True,,True,True,False,4.0,4.0,outdoor,none
18119851429727062,True,,False,False,False,4.0,2.0,outdoor,none
18104679625937923,True,,False,False,True,5.0,2.0,indoor,few
17878423524551712,True,,False,False,True,5.0,4.0,studio,few
18580651009028273,True,,True,False,True,4.0,6.0,indoor,few
17897100339283342,True,,True,True,True,5.0,2.0,studio,few
17960869470099052,True,,True,False,False,5.0,4.0,outdoor,few
18430560358186052,True,,True,True,True,5.0,3.0,studio,few
18607779319032553,True,,True,True,False,5.0,10.0,indoor,none
18062791925405822,True,,True,True,False,5.0,3.0,white,none
17867061384614975,True,,True,False,True,5.0,2.0,studio,few
18101404300812893,True,,True,False,False,4.0,4.0,outdoor,none
18103142777301962,True,,False,False,False,5.0,2.0,studio,none
18090416294192976,True,,True,True,False,5.0,2.0,studio,none
18322050034270739,True,,True,True,True,5.0,1.0,white,few
18136083235540170,True,,True,True,False,4.0,6.0,indoor,none
17901112509264627,True,,False,False,False,5.0,2.0,studio,none
18067901321670362,True,,False,False,True,5.0,5.0,studio,few
17988233912974312,True,,True,True,True,5.0,4.0,outdoor,few
18386083294088642,True,,False,False,True,5.0,6.0,white,few
18110604430636500,True,,True,True,True,5.0,1.0,studio,few
18121446556625378,True,,True,True,False,5.0,2.0,studio,none
17949490107153837,True,,True,True,True,5.0,1.0,studio,heavy
18116326984778543,True,,True,False,False,5.0,2.0,studio,none
18117480862630351,True,,True,True,False,5.0,8.0,indoor,few
18068765045322613,True,,True,True,False,5.0,3.0,outdoor,none
18080399672377300,True,,False,False,False,5.0,1.0,white,none
17949282005982395,True,,False,False,True,5.0,2.0,studio,heavy
18073585400227322,True,,True,True,True,4.0,10.0,outdoor,few
18311158195273607,True,,False,False,True,5.0,1.0,white,heavy
17958938397116419,True,,False,False,False,5.0,1.0,studio,none
17968708377018288,True,,False,False,True,5.0,10.0,white,heavy
18074962496207107,True,,True,True,False,5.0,10.0,indoor,none
18095751659331889,True,,True,True,True,4.0,1.0,indoor,few
18174321514401470,True,,True,True,False,4.0,4.0,outdoor,none
18446017135115394,True,,True,True,False,4.0,8.0,outdoor,none
17921240355322433,True,,True,False,False,5.0,6.0,indoor,few
17947940706171442,True,,True,False,False,5.0,1.0,outdoor,none
18144519031491724,True,,False,False,True,3.0,2.0,indoor,few
18112655245751333,True,,False,False,True,5.0,1.0,white,few
18059202266444665,True,,True,True,True,5.0,4.0,outdoor,few
18088020920192216,True,,True,True,True,5.0,3.0,studio,few
18080693984628837,True,,True,True,True,5.0,1.0,white,heavy
18200351827351147,True,,False,False,True,5.0,1.0,studio,few
17981150744994111,True,,True,True,False,5.0,4.0,indoor,none
17984228798805905,True,,True,True,False,5.0,3.0,studio,none
18088003166237843,True,,False,False,False,5.0,1.0,studio,none
18308700835287188,True,,True,True,False,5.0,3.0,white,none
17993661032941761,True,,False,False,True,5.0,3.0,other,heavy
18101057969304906,True,,False,False,True,5.0,2.0,studio,few
18116383105739894,True,,True,True,False,5.0,6.0,white,none
17978251172990719,True,,False,False,False,5.0,1.0,white,none
18004952048727653,True,,False,False,False,5.0,5.0,studio,few
18134626552540694,True,,False,False,False,5.0,1.0,studio,none
17939818155227182,True,,False,False,True,5.0,2.0,white,heavy
17999081996919926,True,,False,False,False,5.0,6.0,indoor,none
18075117464534460,True,,True,True,True,5.0,5.0,studio,heavy
18001783691865945,True,,False,False,True,5.0,1.0,white,few
18080401418114347,True,,False,False,False,4.0,4.0,indoor,none
18047242586765818,True,,False,False,False,5.0,4.0,indoor,none
18122432515556768,True,,True,True,False,4.0,6.0,outdoor,none
18588463069034819,True,,True,True,True,5.0,2.0,white,few
18099570853978240,True,,True,False,False,5.0,4.0,white,none
18110722123839299,True,,True,True,True,4.0,5.0,outdoor,few
18111998224705449,True,,False,False,False,5.0,1.0,studio,none
18128039311582561,True,,True,True,True,5.0,1.0,studio,heavy
18132014548478169,True,,True,False,True,5.0,5.0,indoor,heavy
18044838767749321,True,,False,False,False,5.0,1.0,white,none
17891942079461794,True,,False,True,False,5.0,4.0,white,none
17927490708268239,True,,False,False,True,5.0,2.0,studio,few
17964186180060934,True,,True,True,False,5.0,5.0,outdoor,none
18001329440870431,True,,True,False,True,5.0,3.0,outdoor,heavy
18117924889643232,True,,True,True,False,4.0,3.0,indoor,none
17870732367657715,True,,False,False,False,4.0,8.0,indoor,few
18076294589186124,True,,True,False,False,5.0,1.0,studio,none
18204695299334839,True,,True,True,False,5.0,5.0,white,none
17906547060224738,True,,False,False,True,5.0,2.0,other,few
17858405124588208,True,,False,False,False,4.0,1.0,indoor,none
18075928637208350,True,,False,False,False,4.0,1.0,white,none
17970078348029650,True,,True,False,True,4.0,9.0,indoor,heavy
18088968095241752,True,,False,False,False,3.0,4.0,indoor,few
18388097278089734,True,,False,False,True,5.0,1.0,white,heavy
17985715253976598,True,,True,True,False,5.0,2.0,studio,none
17905867782407940,True,,True,True,True,5.0,4.0,studio,heavy
18010120553702957,True,,True,False,False,5.0,4.0,indoor,none
17924987709276209,True,,False,False,True,5.0,1.0,studio,heavy
18057584696466499,True,,False,False,True,5.0,0.0,white,few
17874262035582793,True,,False,False,True,5.0,1.0,indoor,few
18112464823775039,True,,False,False,False,5.0,4.0,indoor,none
18448323022119884,True,,True,True,False,5.0,4.0,indoor,none
18064276697694274,True,,True,True,False,5.0,3.0,white,none
18200235367356733,True,,False,False,False,5.0,2.0,indoor,none
17970251253048267,True,,False,False,True,5.0,1.0,other,heavy
18133765525549094,True,,True,True,True,5.0,1.0,studio,few
18045831428737061,True,,True,False,False,5.0,3.0,white,none
17910644982185990,True,,True,True,True,5.0,1.0,studio,few
18111814924836392,True,,False,False,False,4.0,1.0,indoor,none
17997691760869440,True,,False,False,False,5.0,10.0,white,heavy
18456771025110903,True,,False,False,False,5.0,1.0,outdoor,none
17893996587450142,True,,True,True,False,4.0,3.0,indoor,none
18161128285437906,True,,False,False,False,5.0,3.0,studio,none
17868578799613478,True,,True,False,True,5.0,2.0,white,few
18081882827094242,True,,False,False,False,5.0,6.0,white,few
18101265374086116,True,,True,True,False,4.0,4.0,outdoor,none
17889334896459856,True,,False,False,True,5.0,1.0,studio,heavy
18121147132654117,True,,False,False,True,5.0,3.0,white,few
17985093875977840,True,,False,False,False,5.0,3.0,white,none
18096505421052098,True,,True,False,True,5.0,1.0,white,few
18119733088651270,True,,True,False,True,5.0,1.0,indoor,heavy
18002746550905398,True,,True,True,False,4.0,3.0,indoor,none
18082385255629011,True,,False,False,False,5.0,1.0,studio,none
18002256167739009,True,,True,True,False,5.0,6.0,indoor,heavy
17883645246516476,True,,True,True,True,5.0,1.0,indoor,heavy
18090485866947440,True,,False,False,True,5.0,6.0,white,few
17889602034464569,True,,True,False,True,5.0,1.0,studio,heavy
18091477025002612,True,,True,True,True,5.0,3.0,outdoor,heavy
17855058930640356,True,,False,False,False,5.0,1.0,studio,none
17911429599383240,True,,False,False,False,5.0,1.0,studio,none
18321704743253829,True,,False,False,False,5.0,1.0,studio,none
18107234450503276,True,,False,False,False,5.0,1.0,studio,none
18075880316535362,True,,False,False,True,5.0,1.0,other,few
18090394531967628,True,,True,False,True,5.0,1.0,outdoor,heavy
17865290190615733,True,,False,False,True,5.0,6.0,outdoor,few
18100427068988374,True,,True,False,False,4.0,1.0,indoor,none
17986928657972976,True,,True,True,False,4.0,5.0,indoor,none
18416340448120880,True,,True,True,True,5.0,2.0,indoor,heavy
17852211207661136,True,,False,False,False,5.0,1.0,studio,none
17996830781927496,True,,False,False,True,5.0,6.0,studio,few
18416510893133868,True,,False,False,False,5.0,7.0,white,none
18106651237889937,True,,False,False,True,5.0,5.0,studio,few
17962257282084885,True,,False,False,True,5.0,1.0,studio,few
18008848253849297,True,,False,False,False,4.0,9.0,indoor,none
18133100296529046,True,,False,False,True,4.0,10.0,white,heavy
17934687540218953,True,,True,True,False,5.0,5.0,outdoor,none
17952879693118641,True,,True,False,True,5.0,4.0,outdoor,few
18320359561254661,True,,False,False,True,5.0,3.0,white,few
18105019144734388,True,,False,False,False,5.0,3.0,studio,none
18079584938223012,True,,False,False,False,5.0,2.0,outdoor,few
18446402860112092,True,,True,True,True,5.0,7.0,outdoor,few
18076209434404801,True,,True,True,False,5.0,3.0,studio,none
18097042241048300,True,,True,False,True,5.0,7.0,studio,few
18179030272381789,True,,False,False,False,4.0,3.0,indoor,none
17851295097659077,True,,True,True,True,5.0,2.0,white,few
18207226099331067,True,,False,False,True,5.0,1.0,indoor,few
18172296166403789,True,,False,False,False,5.0,1.0,white,none
18402015376151580,True,,False,False,False,5.0,10.0,studio,none
18127099393576176,True,,True,False,False,5.0,1.0,indoor,none
18589529323026747,True,,True,True,True,5.0,1.0,indoor,heavy
18095763212114885,True,,False,False,False,5.0,2.0,outdoor,none
18119278399629831,True,,False,False,False,5.0,1.0,white,none
18004585877910429,True,,False,False,False,5.0,1.0,studio,none
18079125350576424,True,,True,False,False,5.0,2.0,indoor,none
18101171530817772,True,,True,True,False,5.0,1.0,indoor,none
18077643059449358,True,,True,True,True,5.0,3.0,studio,few
18122712073541811,True,,True,True,False,4.0,2.0,indoor,none
18151524637464898,True,,False,False,False,5.0,1.0,white,heavy
17902660392420559,True,,True,False,False,5.0,1.0,outdoor,none
18093891908144472,True,,True,True,True,5.0,1.0,other,heavy
18388442278156169,True,,False,False,True,5.0,1.0,studio,few
18578927026055471,True,,True,True,False,5.0,7.0,white,none
17886087555481631,True,,False,False,False,5.0,1.0,studio,none
17915302884165799,True,,True,True,True,5.0,1.0,white,few
18088793879219124,True,,True,False,False,5.0,2.0,studio,none
18087551021462247,True,,True,False,False,5.0,2.0,studio,none
18010326290698498,True,,False,False,False,5.0,1.0,studio,none
17882356383397427,True,,False,False,True,5.0,1.0,studio,few
18043096925769496,True,,True,False,False,5.0,1.0,indoor,none
18099259378818808,True,,True,True,True,4.0,1.0,indoor,heavy
18094840604142602,True,,False,False,False,4.0,10.0,indoor,none
18083965157093007,True,,True,True,True,5.0,3.0,outdoor,few
18098761655100940,True,,False,False,False,5.0,5.0,studio,few
18075468515233098,True,,False,False,False,5.0,1.0,white,none
18111125350832166,True,,True,True,True,5.0,6.0,studio,heavy
18349199902245925,True,,True,True,True,5.0,1.0,studio,few
17883180825525921,True,,True,False,False,3.0,1.0,indoor,none
18131865583563023,True,,True,True,True,5.0,1.0,other,heavy
18036514331629255,True,,True,False,False,5.0,4.0,indoor,none
18080461061419381,True,,True,True,True,5.0,10.0,studio,few
18060891422391521,True,,True,True,True,5.0,10.0,white,heavy
17901236493259005,True,,True,True,False,5.0,1.0,indoor,none
17997780764751266,True,,True,False,False,4.0,1.0,indoor,none
18122323027717354,True,,True,True,False,5.0,7.0,studio,none
17860738938629014,True,,False,False,False,4.0,2.0,indoor,none
18191016040367717,True,,False,False,False,5.0,4.0,indoor,few
18114098224793893,True,,False,False,True,4.0,2.0,indoor,few
18115907131734066,True,,True,False,True,5.0,1.0,other,few
18005911676910627,True,,False,False,True,5.0,1.0,indoor,heavy
18091837895237754,True,,False,False,False,5.0,5.0,studio,none
18111758785758567,True,,True,True,False,5.0,3.0,indoor,none
18112519246768666,True,,False,False,False,5.0,1.0,indoor,none
18346526779244286,True,,False,False,False,5.0,4.0,indoor,none
17915594193345243,True,,True,True,True,5.0,3.0,white,few
18068479838421607,True,,False,False,False,4.0,3.0,indoor,few
17893211388448055,True,,True,False,False,4.0,2.0,outdoor,few
17958427008098373,True,,True,True,False,5.0,1.0,white,none
17974926173859571,True,,False,False,False,4.0,4.0,other,none
17975228120859268,True,,True,True,False,5.0,1.0,white,heavy
17933533644249392,True,,True,True,False,4.0,4.0,indoor,none
18581219470049572,True,,False,False,True,5.0,5.0,studio,few
18526551541079282,True,,False,False,False,5.0,1.0,studio,none
18167681941422955,True,,False,False,True,5.0,1.0,studio,few
18098915645048819,True,,True,True,False,5.0,9.0,indoor,none
18101979052749233,True,,False,False,False,5.0,1.0,studio,none
17870033412504025,True,,True,True,False,4.0,6.0,outdoor,few
18085281497605727,True,,False,False,False,4.0,1.0,indoor,few
18101459143787460,True,,True,False,False,4.0,1.0,outdoor,none
18108250573906268,True,,True,True,False,5.0,9.0,outdoor,none
17980244837995400,True,,True,True,False,5.0,2.0,indoor,none
18098123858285242,True,,True,False,True,5.0,2.0,studio,few
18076860485635442,True,,False,False,True,5.0,10.0,indoor,few
17853151158647086,True,,True,True,False,5.0,3.0,indoor,none
18050913509724449,True,,True,False,True,5.0,10.0,other,heavy
17912028390363404,True,,True,True,False,5.0,2.0,studio,none
18371530219160576,True,,True,True,False,5.0,2.0,indoor,none
18095217494159571,True,,False,False,True,4.0,1.0,studio,few
18094533464162311,True,,True,True,False,5.0,3.0,outdoor,none
17885105688483002,True,,False,False,False,4.0,1.0,indoor,none
18351956182233351,True,,False,False,False,5.0,1.0,white,few
18135316252465035,True,,False,False,False,4.0,10.0,indoor,none
18056587649709651,True,,True,False,False,4.0,4.0,studio,none
18000898436864131,True,,True,False,False,5.0,6.0,outdoor,none
18063670718680273,True,,True,True,False,5.0,2.0,white,none
17884217436517285,True,,True,True,False,5.0,1.0,studio,none
18079507946161671,True,,False,False,True,5.0,3.0,white,few
17857034172685515,True,,False,False,False,5.0,1.0,studio,none
18074028149199014,True,,True,True,True,5.0,1.0,outdoor,few
17895827733307234,True,,True,True,True,5.0,2.0,other,heavy
17875178334458457,True,,True,True,False,5.0,5.0,white,none
18165437227425384,True,,True,True,True,5.0,2.0,studio,few
18082944926456657,True,,True,True,True,5.0,1.0,studio,few
18131097007492840,True,,True,False,False,5.0,1.0,white,none
17885159967502023,True,,True,False,False,5.0,3.0,studio,few
17903954103241040,True,,True,False,False,4.0,2.0,indoor,none
18104571229921691,True,,True,False,False,4.0,3.0,outdoor,none
18011060669689116,True,,True,False,True,5.0,4.0,studio,few
18085841189360090,True,,False,False,False,4.0,2.0,outdoor,none
18107272138692415,True,,False,False,False,4.0,2.0,white,none
18077820650411141,True,,False,False,False,4.0,1.0,studio,few
17978273957991138,True,,True,True,True,5.0,1.0,indoor,heavy
18097200053046389,True,,False,False,False,5.0,5.0,indoor,none
18058190546463610,True,,False,False,True,4.0,3.0,indoor,few
18098588720092320,True,,False,False,False,5.0,3.0,white,few
18084101033109256,True,,False,False,True,5.0,5.0,indoor,heavy
17956490991119805,True,,True,True,False,5.0,5.0,studio,none
18103759714905386,True,,False,False,False,5.0,1.0,white,none
18065397791689456,True,,True,True,False,5.0,4.0,indoor,none
18109726390880028,True,,False,False,False,5.0,10.0,indoor,few
18585137794055985,True,,False,False,False,5.0,2.0,indoor,none
18102637504975200,True,,False,False,False,5.0,1.0,white,few
18079124525394185,True,,False,False,False,5.0,1.0,indoor,none
18102331451486685,True,,True,True,True,5.0,9.0,studio,heavy
18335150299220322,True,,True,False,True,4.0,2.0,indoor,heavy
17888741475600122,True,,True,True,False,5.0,2.0,studio,none
18215320258322306,True,,True,False,True,5.0,2.0,outdoor,heavy
18079444577438894,True,,True,True,False,4.0,4.0,outdoor,none
17875616379454208,True,,True,True,True,5.0,4.0,outdoor,heavy
18102807688963371,True,,True,True,False,5.0,1.0,outdoor,none
18063756773370854,True,,False,False,True,4.0,1.0,other,heavy
18103859641947469,True,,False,False,False,5.0,3.0,studio,none
18094830179134064,True,,False,False,False,5.0,2.0,indoor,few
17891813646331548,True,,True,True,False,5.0,1.0,indoor,none
18113258653692811,True,,True,True,False,5.0,4.0,outdoor,none
18088050527000263,True,,False,False,True,5.0,10.0,indoor,few
18413665006199009,True,,True,False,False,5.0,2.0,white,none
17859336990595020,True,,True,False,False,4.0,3.0,indoor,none
18098206292472821,True,,True,True,False,5.0,1.0,outdoor,none
17978139927006105,True,,True,True,False,4.0,1.0,outdoor,none
18443475079113687,True,,False,False,False,4.0,9.0,indoor,none
17885209575499402,True,,True,False,False,5.0,1.0,indoor,none
18114421141616123,True,,True,True,True,3.0,1.0,indoor,few
18088904588233172,True,,False,False,True,3.0,3.0,white,heavy
18117221401711544,True,,True,False,False,4.0,1.0,other,none
18573467788032173,True,,True,True,False,5.0,1.0,white,none
18203313013341779,True,,True,False,True,5.0,1.0,indoor,few
18060431504448782,True,,False,False,False,5.0,1.0,white,none
18524816677074614,True,,True,False,False,4.0,1.0,outdoor,none
18367609291165534,True,,True,False,True,5.0,2.0,studio,heavy
18124167622611740,True,,True,True,True,5.0,1.0,studio,few
17883122460518179,True,,True,True,False,5.0,5.0,outdoor,none
18063083000679453,True,,True,True,False,5.0,1.0,outdoor,none
17906801889225322,True,,True,True,True,5.0,1.0,white,few
18356898112234432,True,,True,True,True,5.0,1.0,outdoor,few
18311114062273779,True,,True,True,False,5.0,6.0,outdoor,none
17958814281111298,True,,False,False,True,4.0,5.0,indoor,heavy
18077038316191150,True,,True,True,False,4.0,10.0,indoor,none
18460168063104768,True,,True,True,False,4.0,6.0,indoor,few
17909637492380556,True,,True,True,False,4.0,4.0,outdoor,none
18089684327213543,True,,True,True,True,5.0,2.0,indoor,few
17880845757396736,True,,False,False,True,5.0,9.0,other,heavy
18119250964633652,True,,False,False,False,5.0,7.0,indoor,none
18155734621453077,True,,True,True,False,5.0,9.0,studio,none
18163636231436328,True,,True,True,False,5.0,4.0,white,none
17873830347597261,True,,False,False,True,5.0,1.0,white,few
18433850224184934,True,,False,False,True,4.0,5.0,indoor,few
18330731686247860,True,,False,False,False,5.0,4.0,studio,none
17941232616177217,True,,True,False,True,5.0,2.0,indoor,few
18125372485579875,True,,True,True,True,4.0,8.0,outdoor,few
18060324266694615,True,,False,False,False,5.0,1.0,white,none
18181486903380076,True,,True,True,True,5.0,4.0,outdoor,heavy
18571286584001919,True,,False,False,False,5.0,1.0,studio,none
17996048942931073,True,,True,True,True,5.0,5.0,outdoor,few
18215255773321693,True,,False,False,False,5.0,5.0,studio,none
17895265407446214,True,,False,False,True,5.0,1.0,white,few
18091237243960970,True,,False,False,True,5.0,1.0,white,few
18109294759851652,True,,True,True,True,5.0,4.0,white,few
17907682155201435,True,,False,False,False,4.0,1.0,indoor,none
18086246255588943,True,,False,False,True,4.0,3.0,studio,few
18148005856472629,True,,False,False,False,5.0,1.0,white,none
17949039258138534,True,,True,True,True,5.0,2.0,studio,heavy
18038543660788743,True,,True,True,True,5.0,9.0,indoor,few
18075714458647988,True,,True,True,False,5.0,2.0,studio,none
17854049091642667,True,,True,True,True,5.0,1.0,studio,few
18040084421765279,True,,False,False,False,5.0,3.0,studio,few
18150461677466610,True,,True,True,False,4.0,5.0,outdoor,few
18112465162692473,True,,True,False,False,4.0,2.0,indoor,none
18108467611897266,True,,True,True,False,4.0,10.0,outdoor,few
18322412071264151,True,,True,True,True,5.0,2.0,studio,few
18112272529799942,True,,True,True,False,4.0,3.0,outdoor,none
18068283593658469,True,,True,False,False,5.0,4.0,outdoor,none
18089546921603563,True,,True,True,False,5.0,2.0,outdoor,none
18162305095429582,True,,False,False,True,5.0,10.0,other,heavy
18099573202819504,True,,False,False,True,5.0,4.0,white,few
18165545104424305,True,,True,True,False,5.0,1.0,studio,none
17999150717755152,True,,False,False,False,5.0,1.0,studio,none
18089994253918734,True,,False,False,False,5.0,1.0,white,none
17995061168922237,True,,True,True,True,5.0,5.0,indoor,few
18108601735681400,True,,False,False,True,4.0,3.0,white,heavy
17905478724392208,True,,False,False,False,5.0,7.0,studio,heavy
18112412047840203,True,,True,True,True,5.0,2.0,studio,few
17963735901071297,True,,False,False,False,3.0,5.0,white,none
18140029660442969,True,,False,False,True,5.0,7.0,studio,few
17872242024478678,True,,True,True,False,5.0,3.0,outdoor,none
18106656233493195,True,,False,False,False,5.0,1.0,other,none
18134299303536698,True,,True,True,True,5.0,4.0,studio,few
17874876708570240,True,,True,True,False,5.0,7.0,outdoor,none
18117011989732913,True,,False,False,False,4.0,3.0,indoor,few
18578914960009926,True,,False,False,False,5.0,2.0,indoor,none
18103069703485083,True,,False,False,False,4.0,1.0,other,heavy
18126218146513700,True,,False,False,True,5.0,1.0,studio,few
18320962975254204,True,,True,False,False,4.0,2.0,outdoor,none
18123652069558165,True,,False,True,True,5.0,10.0,studio,heavy
18264439006295817,True,,True,True,False,4.0,4.0,outdoor,none
18084734702133701,True,,False,False,True,5.0,1.0,white,few
18581836018042817,True,,False,False,False,4.0,3.0,studio,none
18094264064151903,True,,True,False,False,5.0,1.0,studio,none
18001473281875285,True,,False,False,False,5.0,2.0,white,none
17855465358645349,True,,True,True,False,5.0,6.0,studio,none
18105584320925383,True,,False,False,False,4.0,6.0,white,none
17947577010140140,True,,True,True,False,5.0,3.0,outdoor,none
18438130600190944,True,,False,False,False,4.0,1.0,indoor,few
18109205104916327,True,,False,False,True,5.0,4.0,indoor,few
17888729259350485,True,,True,True,True,5.0,10.0,indoor,few
18134464009535069,True,,True,False,False,5.0,1.0,indoor,none
18162346873429118,True,,False,False,True,5.0,1.0,studio,few
18105736897902239,True,,False,False,True,5.0,2.0,other,few
18047126684767523,True,,False,True,True,4.0,1.0,white,few
18372604699200300,True,,False,False,True,5.0,10.0,indoor,heavy
18089290382336351,True,,True,False,False,5.0,2.0,studio,none
18086651378614059,True,,True,True,True,5.0,1.0,indoor,heavy
18109396357885535,True,,False,False,False,5.0,1.0,white,none
17923978626297963,True,,True,True,False,5.0,1.0,studio,none
18019618067830588,True,,True,True,False,4.0,2.0,indoor,none
18192502492362784,True,,True,True,True,5.0,1.0,studio,heavy
17923924914278390,True,,False,False,True,5.0,8.0,studio,few
17992796132935436,True,,False,False,False,5.0,1.0,studio,none
18005860820895096,True,,True,True,False,5.0,6.0,indoor,few
18106330327925738,True,,False,False,False,5.0,1.0,indoor,none
17933813526216003,True,,True,True,False,5.0,2.0,white,none
18107887522853581,True,,True,True,True,5.0,4.0,indoor,few
18152466862457591,True,,True,True,True,4.0,10.0,indoor,few
18345086404215937,True,,False,False,True,5.0,8.0,studio,heavy
17930596860084758,True,,False,False,False,5.0,3.0,white,none
18069831077655750,True,,False,False,True,5.0,10.0,indoor,heavy
17986681028987501,True,,True,True,False,5.0,3.0,studio,none
17865074883617512,True,,True,True,False,5.0,5.0,studio,none
17859585249688459,True,,True,False,False,5.0,3.0,indoor,none
18200504608341737,True,,False,False,True,5.0,6.0,studio,few
18106947994893733,True,,True,True,False,5.0,7.0,studio,none
17937977850033218,True,,False,False,False,5.0,1.0,white,few
18067123172334934,True,,True,True,False,5.0,6.0,indoor,none
18411035899179626,True,,True,True,True,5.0,5.0,indoor,heavy
18578137774014013,True,,True,True,True,5.0,3.0,outdoor,heavy
17894038155309070,True,,True,False,False,5.0,2.0,white,none
18580584142065171,True,,True,True,False,5.0,2.0,studio,none
18137028259552754,True,,True,False,False,3.0,1.0,outdoor,few
17997012749940156,True,,False,False,False,5.0,1.0,studio,few
18335700466300963,True,,True,True,False,5.0,3.0,studio,none
18174319357397840,True,,False,False,True,5.0,1.0,studio,few
18081962567455752,True,,True,True,False,5.0,1.0,indoor,none
18077576813542281,True,,True,True,True,5.0,2.0,indoor,heavy
18107414254870028,True,,True,True,False,4.0,3.0,outdoor,none
18042446108773634,True,,True,True,False,5.0,3.0,studio,none
18062777885396856,True,,True,True,False,4.0,6.0,indoor,none
18005485277883566,True,,True,True,True,3.0,4.0,indoor,few
18085279667360672,True,,False,False,True,5.0,4.0,studio,few
18113944708746792,True,,True,True,True,5.0,1.0,studio,few
18097391150050137,True,,False,False,False,5.0,1.0,studio,few
18083782913382077,True,,False,False,False,5.0,1.0,white,few
18111797563633696,True,,True,True,False,5.0,3.0,white,none
17947835144980996,True,,True,False,False,5.0,2.0,studio,none
18448395406113631,True,,True,True,False,5.0,1.0,white,none
18043840079775495,True,,False,False,False,5.0,2.0,white,none
17935860303198542,True,,True,False,False,5.0,1.0,outdoor,none
18088973921584413,True,,False,False,False,5.0,1.0,outdoor,none
18589620985026579,True,,True,True,False,4.0,1.0,outdoor,few
18592959040042957,True,,False,False,True,5.0,10.0,studio,heavy
18106713343898742,True,,True,False,False,4.0,4.0,outdoor,none
17868503532510941,True,,False,False,True,5.0,9.0,white,heavy
18098957521802618,True,,False,False,False,5.0,1.0,indoor,none
18167918827418667,True,,False,False,True,5.0,1.0,outdoor,few
17979040727843833,True,,True,True,False,5.0,2.0,indoor,none
17902331388243116,True,,True,True,True,5.0,6.0,studio,heavy
18159827305452597,True,,False,False,False,4.0,2.0,white,none
17984815832986212,True,,True,True,False,5.0,2.0,outdoor,none
18154806805406949,True,,False,False,True,5.0,3.0,studio,few
18345815032242331,True,,True,True,False,5.0,1.0,white,none
17999200247925342,True,,False,False,True,5.0,5.0,studio,few
18104058847742060,True,,True,True,False,5.0,3.0,outdoor,none
18047807129772468,True,,True,True,True,5.0,2.0,outdoor,few
18089700245189875,True,,False,False,False,4.0,3.0,indoor,none
18094048778143825,True,,True,True,False,5.0,2.0,outdoor,none
18148677943488274,True,,True,True,False,5.0,2.0,indoor,none
18076678697182964,True,,True,False,True,5.0,7.0,outdoor,heavy
18356227303234398,True,,False,False,True,5.0,6.0,studio,few
18099378766968458,True,,False,False,False,5.0,1.0,studio,none
18093748205177848,True,,True,False,False,5.0,7.0,outdoor,none
18082705958084552,True,,False,False,False,5.0,1.0,indoor,none
18087642320362208,True,,True,True,True,4.0,10.0,indoor,heavy
18043201676774736,True,,False,False,False,5.0,3.0,indoor,few
17876001168577008,True,,True,True,False,5.0,1.0,white,none
18065275760360889,True,,True,True,True,5.0,6.0,white,few
18322122646254554,True,,True,True,False,5.0,4.0,white,none
18130680997588533,True,,False,False,True,5.0,6.0,white,few
17934277122452874,True,,True,True,False,5.0,4.0,other,none
18118193083570984,True,,False,False,True,5.0,2.0,studio,few
18168575953412876,True,,True,True,False,5.0,2.0,outdoor,none
18100692295948400,True,,True,True,False,4.0,5.0,outdoor,none
18159233353390071,True,,False,False,False,4.0,4.0,other,none
18174242734393522,True,,False,False,True,5.0,4.0,indoor,few
18092736887140746,True,,False,False,False,5.0,1.0,indoor,none
18120180280726453,True,,False,False,True,5.0,10.0,studio,few
18064651802703917,True,,True,True,False,5.0,4.0,outdoor,none
18014888762833572,True,,True,False,False,5.0,2.0,outdoor,none
18078434612531493,True,,True,True,False,5.0,1.0,studio,none
17961807897063252,True,,False,False,False,4.0,2.0,indoor,none
18108418258845823,True,,True,True,False,5.0,3.0,indoor,none
17872543035478626,True,,False,False,True,5.0,5.0,white,few
18067640615392745,True,,True,False,False,4.0,6.0,indoor,none
18004691828859824,True,,True,True,True,4.0,4.0,outdoor,few
18077344559190898,True,,True,True,False,5.0,4.0,indoor,none
17967286296058137,True,,False,False,False,5.0,1.0,studio,none
17862022389616853,True,,True,True,False,4.0,9.0,indoor,few
18132751867533457,True,,False,False,True,5.0,2.0,indoor,few
18085621493251668,True,,False,False,True,5.0,1.0,white,few
18087540920255660,True,,True,False,False,5.0,1.0,white,none
18176601175398159,True,,True,False,True,5.0,1.0,indoor,heavy
18113469685757325,True,,False,False,False,5.0,1.0,white,none
18127547917603151,True,,False,False,True,5.0,1.0,studio,few
18523077727078337,True,,True,True,False,4.0,7.0,indoor,none
17881413864518402,True,,True,True,False,5.0,6.0,indoor,none
17963101497073174,True,,True,False,False,4.0,7.0,outdoor,few
18068313389422062,True,,True,True,False,5.0,2.0,indoor,none
18092753915159544,True,,True,True,False,5.0,4.0,studio,few
18081638075572842,True,,True,True,False,5.0,5.0,studio,none
18014133851846329,True,,False,False,False,5.0,1.0,white,few
17858578191687001,True,,False,False,False,5.0,1.0,indoor,none
18058476290470858,True,,False,False,True,5.0,1.0,white,heavy
18106512562705758,True,,False,False,True,5.0,6.0,white,few
18135372778520347,True,,True,True,False,5.0,4.0,indoor,none
18072096239277011,True,,True,False,False,5.0,2.0,white,none
18086906015209540,True,,False,False,False,5.0,3.0,white,none
18262445488289365,True,,False,False,True,5.0,8.0,white,heavy
18031820015635339,True,,False,False,False,5.0,3.0,studio,none
17868044958527875,True,,True,True,False,4.0,7.0,indoor,none
18100568962800109,True,,True,True,True,5.0,4.0,outdoor,heavy
18120261328625298,True,,False,False,False,5.0,3.0,white,none
18314657179262287,True,,False,False,True,5.0,3.0,studio,few
18172268158395054,True,,True,False,False,5.0,5.0,outdoor,none
18130278241564175,True,,True,True,False,5.0,1.0,white,none
18032868671796398,True,,True,False,False,5.0,1.0,white,none
18104897815921596,True,,True,False,False,5.0,1.0,indoor,none
18326468287267174,True,,True,True,False,5.0,5.0,outdoor,none
18108608311920679,True,,True,True,True,5.0,6.0,studio,heavy
17976948266843955,True,,False,False,False,5.0,1.0,studio,none
17935139157238725,True,,True,False,True,2.0,1.0,indoor,few
18085190600041144,True,,False,False,False,5.0,3.0,white,none
17886080691508471,True,,True,True,True,5.0,5.0,white,few
17991725585779055,True,,False,False,False,5.0,1.0,studio,none
17895622569290046,True,,True,True,True,5.0,2.0,indoor,few
18419178331192835,True,,True,True,True,5.0,1.0,studio,heavy
18095257790152555,True,,True,True,False,5.0,1.0,indoor,none
17911893585184943,True,,True,True,False,4.0,4.0,indoor,none
18149170045486426,True,,False,False,True,4.0,10.0,indoor,few
18092166395140894,True,,False,False,False,4.0,3.0,white,none
18113446195888706,True,,False,False,False,5.0,2.0,indoor,none
18133034233552201,True,,True,True,False,5.0,1.0,indoor,none
17963128776056891,True,,True,True,False,4.0,5.0,outdoor,none
17861570223681277,True,,False,False,False,5.0,10.0,studio,none
18087208421603424,True,,True,True,False,5.0,6.0,outdoor,none
18071585162287279,True,,True,False,False,5.0,4.0,white,none
18171993022415162,True,,True,False,True,4.0,1.0,studio,heavy
18146779462476788,True,,False,False,True,5.0,5.0,white,few
17883647370510721,True,,False,False,False,5.0,6.0,indoor,few
17890176210452157,True,,True,True,False,4.0,6.0,indoor,none
18422447065133144,True,,True,True,True,5.0,3.0,studio,heavy
17887998117350248,True,,False,False,False,5.0,6.0,white,none
18118976635630302,True,,True,False,False,5.0,1.0,indoor,none
18320439058249231,True,,True,True,False,5.0,4.0,outdoor,none
18108372871889794,True,,False,False,True,5.0,3.0,white,few
17875868100572963,True,,True,True,True,5.0,1.0,indoor,heavy
18065602391370133,True,,False,False,True,5.0,4.0,white,few
17929760481250688,True,,True,True,True,5.0,5.0,outdoor,heavy
17945472582188806,True,,False,False,True,5.0,1.0,indoor,few
18005672438908313,True,,True,True,False,4.0,5.0,outdoor,none
18459120724109237,True,,False,False,False,5.0,2.0,white,none
18127445608587265,True,,True,False,False,5.0,2.0,outdoor,none
17896225845443589,True,,True,False,False,5.0,1.0,studio,none
17990239196791628,True,,False,False,False,5.0,1.0,outdoor,few
18092237402157275,True,,True,True,False,5.0,3.0,white,none
18090617867521444,True,,True,False,False,5.0,4.0,outdoor,heavy
18123757750547609,True,,True,True,False,5.0,5.0,outdoor,none
18062324126396012,True,,True,True,False,5.0,4.0,indoor,none
18090918119165508,True,,False,False,True,5.0,10.0,studio,heavy
18077469737533557,True,,False,False,False,5.0,1.0,white,none
18173406634393225,True,,False,False,False,5.0,1.0,indoor,none
18107299585884211,True,,True,True,False,5.0,8.0,indoor,none
18077008061565228,True,,False,False,False,4.0,1.0,other,none
18188672941371068,True,,True,True,True,4.0,3.0,other,few
18198051154348151,True,,False,False,True,4.0,1.0,outdoor,few
17959068249112580,True,,True,False,False,5.0,3.0,outdoor,none
17946395415140599,True,,True,False,False,5.0,2.0,outdoor,none
18064566695356031,True,,True,True,True,5.0,4.0,outdoor,few
18078404039138299,True,,False,False,True,5.0,1.0,indoor,heavy
18355082791228644,True,,True,False,False,5.0,1.0,studio,none
18148981318489569,True,,True,False,False,4.0,6.0,indoor,none
18086364179350973,True,,False,False,True,4.0,10.0,white,heavy
18112816750699522,True,,True,False,False,4.0,1.0,indoor,none
18121019425651476,True,,False,False,True,4.0,2.0,indoor,few
18052431695720296,True,,True,True,False,5.0,2.0,indoor,none
18078643049573784,True,,True,False,False,4.0,1.0,indoor,few
18344968210241588,True,,False,False,True,5.0,6.0,indoor,heavy
18069632060355437,True,,True,True,False,4.0,5.0,indoor,few
18090989945336683,True,,True,True,False,5.0,4.0,white,none
18082275740631572,True,,False,False,False,5.0,2.0,indoor,few
17954799029962138,True,,True,False,False,4.0,4.0,outdoor,none
17870970534666225,True,,True,False,False,5.0,1.0,white,none
18094901255159643,True,,True,True,True,5.0,3.0,outdoor,few
18185396014373115,True,,True,True,False,5.0,2.0,outdoor,none
18090132899259044,True,,False,False,True,5.0,3.0,white,heavy
18080274305121445,True,,False,False,False,5.0,2.0,indoor,none
17871719682591891,True,,False,False,True,5.0,3.0,white,few
18111103852872039,True,,False,False,False,4.0,1.0,outdoor,few
17997759782925769,True,,True,True,True,4.0,1.0,indoor,heavy
18095510753321942,True,,True,True,True,5.0,2.0,studio,few
17954155680094629,True,,True,False,False,5.0,2.0,outdoor,none
18023109644815071,True,,True,False,True,5.0,6.0,indoor,few
18195608671357466,True,,True,True,False,5.0,4.0,outdoor,none
17923824612293411,True,,True,True,False,5.0,3.0,studio,none
18128751385517452,True,,False,False,True,5.0,1.0,other,heavy
18369178918162061,True,,True,True,False,5.0,6.0,indoor,none
17945842881158874,True,,True,True,True,5.0,4.0,indoor,few
18091769923918291,True,,True,True,True,5.0,1.0,white,few
18063171416378516,True,,False,False,True,5.0,3.0,studio,few
17871713664599011,True,,False,False,False,5.0,1.0,studio,none
17865145968534379,True,,False,False,False,5.0,4.0,studio,none
17917115439345790,True,,False,False,True,5.0,10.0,indoor,few
17875401747453039,True,,True,False,True,5.0,10.0,outdoor,few
18081923684240527,True,,True,True,False,4.0,6.0,outdoor,none
18005937284885445,True,,False,False,False,5.0,2.0,indoor,few
17909690487390948,True,,False,False,False,5.0,1.0,white,none
17972332229882830,True,,False,False,True,5.0,10.0,other,heavy
17999119106877288,True,,True,True,False,5.0,3.0,outdoor,none
18456149872111143,True,,False,False,False,5.0,1.0,white,none
18042190253938932,True,,False,False,True,5.0,2.0,white,few
18207971956335792,True,,True,False,False,4.0,4.0,indoor,none
17925001092273422,True,,False,False,False,5.0,3.0,white,none
17954430402102097,True,,True,True,False,5.0,4.0,studio,none
18184433212327414,True,,False,False,False,5.0,1.0,white,none
17955368718105693,True,,False,False,False,5.0,10.0,indoor,none
18067569236323873,True,,True,True,True,4.0,8.0,outdoor,few
18082149626624516,True,,True,True,False,4.0,6.0,studio,none
18422057500123787,True,,False,False,False,5.0,2.0,indoor,none
18003985763911643,True,,True,True,False,5.0,1.0,studio,none
17942575914190161,True,,True,True,True,5.0,9.0,studio,heavy
18076639226392139,True,,False,False,True,4.0,6.0,white,heavy
18111516364744749,True,,False,False,True,5.0,3.0,white,few
18071561156264819,True,,True,True,True,5.0,3.0,white,few
17874824886447864,True,,True,False,True,5.0,3.0,studio,few
18113259259688216,True,,True,True,False,5.0,10.0,outdoor,few
18095342594032736,True,,False,False,False,5.0,4.0,white,none
18027211259684837,True,,True,True,False,5.0,5.0,indoor,none
17950641213135089,True,,True,True,False,5.0,6.0,outdoor,none
18078850058154711,True,,False,False,False,5.0,3.0,white,few
18349598269240315,True,,True,True,True,5.0,1.0,indoor,few
18201042187346353,True,,True,False,False,5.0,1.0,indoor,none
17865707187611231,True,,False,False,False,5.0,4.0,studio,none
18109205695871333,True,,False,False,True,5.0,4.0,studio,heavy
17881649580532783,True,,True,False,False,2.0,1.0,outdoor,none
18143080390492285,True,,False,False,True,5.0,2.0,other,heavy
17873798028457806,True,,False,False,False,4.0,3.0,white,none
17934540054208578,True,,False,False,False,5.0,4.0,indoor,heavy
18404428705177150,True,,False,False,False,4.0,2.0,white,none
17853881703648468,True,,True,True,False,5.0,3.0,indoor,none
18590409349010476,True,,True,True,False,4.0,6.0,outdoor,none
17947829297982396,True,,False,False,False,5.0,4.0,studio,none
17865315330667933,True,,False,False,False,4.0,2.0,indoor,few
18035587028791292,True,,False,False,True,5.0,3.0,white,few
18574317319013828,True,,True,False,False,5.0,1.0,indoor,none
18322864348271953,True,,False,False,False,5.0,3.0,white,none
18210076366329295,True,,True,False,False,5.0,2.0,outdoor,few
17846095020692064,True,,False,False,False,5.0,1.0,studio,none
18094346366178323,True,,True,True,False,4.0,5.0,indoor,few
18162994648427223,True,,False,False,True,5.0,9.0,indoor,heavy
18176005363394971,True,,True,True,False,5.0,2.0,indoor,none
18067215224668241,True,,False,False,False,5.0,1.0,studio,none
17885915286370945,True,,False,False,True,4.0,1.0,indoor,heavy
18146957626494490,True,,False,False,False,5.0,6.0,studio,none
18060910526406644,True,,True,True,True,5.0,1.0,other,heavy
18115506787663732,True,,False,False,False,5.0,4.0,other,none
18084170567343218,True,,False,False,True,5.0,2.0,studio,few
18210040729332605,True,,True,True,False,5.0,2.0,outdoor,none
18109942375874244,True,,False,False,True,5.0,1.0,white,few
17891171715449626,True,,False,False,False,5.0,1.0,white,none
18433464934137666,True,,True,True,True,5.0,3.0,outdoor,few
18084652097598679,True,,True,True,True,4.0,8.0,other,few
18087345956002987,True,,True,True,False,5.0,1.0,white,none
17853774018646495,True,,True,True,True,5.0,2.0,white,few
18044053802768386,True,,False,False,False,2.0,8.0,indoor,few
18582022921063017,True,,True,True,True,5.0,4.0,outdoor,few
18116738200658092,True,,True,True,True,4.0,5.0,indoor,few
18089511797521948,True,,True,True,False,5.0,4.0,white,none
17983607318980048,True,,False,False,False,4.0,1.0,white,none
18094003175515876,True,,True,True,True,5.0,3.0,indoor,few
18074498354649977,True,,True,True,False,5.0,1.0,indoor,none
18427114435191076,True,,False,False,True,5.0,2.0,indoor,few
17936206959209871,True,,False,False,False,5.0,1.0,studio,none
18172078696417476,True,,True,True,False,5.0,9.0,white,none
18011431190893826,True,,True,True,False,5.0,8.0,white,few
18077839406322281,True,,True,True,True,5.0,10.0,other,heavy
18046616057527015,True,,False,False,True,5.0,1.0,outdoor,few
18075578186211003,True,,False,False,False,5.0,1.0,indoor,none
18087016568341399,True,,True,True,True,5.0,6.0,studio,few
18139632640514143,True,,False,False,True,5.0,4.0,studio,few
18090680519237231,True,,False,False,True,5.0,2.0,studio,few
17909281218391837,True,,False,True,True,5.0,9.0,white,few
17943444552000559,True,,False,False,False,5.0,1.0,white,none
17965673832028495,True,,False,False,False,5.0,1.0,studio,none
18112261150764191,True,,True,False,False,5.0,2.0,white,none
17974048905007398,True,,True,False,False,4.0,1.0,studio,none
17877520983550047,True,,False,False,True,5.0,9.0,studio,heavy
17995319285765905,True,,False,False,False,3.0,1.0,other,none
18008410652854177,True,,True,True,True,5.0,1.0,white,few
17905371642401119,True,,True,True,False,5.0,3.0,indoor,none
17928278220258189,True,,False,False,False,5.0,2.0,indoor,few
17919464196340903,True,,True,False,False,4.0,1.0,indoor,none
18094730873041804,True,,False,False,True,5.0,2.0,studio,heavy
18078422336139583,True,,False,False,False,3.0,5.0,other,few
18071299943259679,True,,True,True,False,4.0,6.0,indoor,none
18044898026781227,True,,True,True,False,5.0,2.0,indoor,none
17869371426613509,True,,True,True,False,5.0,2.0,other,heavy
18219771739316536,True,,True,True,False,5.0,8.0,outdoor,few
18386998429086184,True,,True,False,True,5.0,8.0,indoor,few
18173094337397291,True,,False,False,True,4.0,1.0,other,few
18099511076490710,True,,True,False,False,5.0,1.0,studio,few
18120544819651664,True,,True,True,False,5.0,1.0,indoor,few
18091281791231972,True,,True,True,True,5.0,3.0,white,few
18102154771997311,True,,True,True,False,4.0,4.0,outdoor,none
18160823683437573,True,,False,False,True,5.0,1.0,outdoor,few
18076354577640176,True,,False,False,True,5.0,10.0,studio,heavy
18075832586203202,True,,False,False,True,5.0,2.0,indoor,heavy
17932067226247176,True,,True,True,True,5.0,1.0,studio,few
17946093351157618,True,,False,False,False,4.0,1.0,outdoor,none
18003783893731516,True,,True,False,True,4.0,2.0,outdoor,few
18105977311727405,True,,True,True,False,5.0,5.0,outdoor,none
18042879077767221,True,,False,False,False,5.0,1.0,studio,none
17891388849333586,True,,False,False,True,5.0,1.0,studio,few
18091672967127027,True,,True,False,False,5.0,1.0,white,none
18402721123145596,True,,False,False,False,5.0,2.0,other,none
17965261587047751,True,,True,False,True,5.0,2.0,outdoor,few
18170066410405575,True,,False,False,True,4.0,8.0,indoor,few
18063529295682236,True,,True,False,False,5.0,3.0,white,none
18121542070623143,True,,True,False,True,4.0,1.0,studio,few
18083583353610550,True,,True,True,True,5.0,2.0,indoor,heavy
17912925741359594,True,,False,False,True,5.0,4.0,studio,few
18079732715410198,True,,True,True,False,4.0,3.0,outdoor,none
18357423739229016,True,,True,True,True,5.0,5.0,indoor,few
18138472084515524,True,,True,False,True,5.0,3.0,studio,few
18116959054660320,True,,False,False,False,4.0,3.0,indoor,few
18117171946680912,True,,True,True,True,5.0,2.0,white,few
17971436601021629,True,,True,True,False,3.0,1.0,outdoor,none
17925349293275650,True,,True,True,True,5.0,1.0,other,heavy
18146768170470171,True,,True,True,False,5.0,2.0,outdoor,none
18370659754205713,True,,True,True,False,3.0,4.0,outdoor,none
17980764119995447,True,,True,True,False,5.0,1.0,white,none
17875703679586665,True,,True,True,False,5.0,2.0,white,none
18072530864632581,True,,False,False,False,5.0,5.0,studio,none
18080811110386252,True,,False,False,True,5.0,10.0,indoor,few
18109451812880144,True,,True,True,False,5.0,4.0,studio,none
17979011864844507,True,,False,False,False,5.0,6.0,studio,none
18098228116824241,True,,False,False,False,5.0,3.0,studio,none
18137675344463149,True,,True,True,False,5.0,1.0,studio,none
18343178203211730,True,,True,False,False,5.0,1.0,white,none
17965165275050839,True,,True,True,False,5.0,1.0,outdoor,none
18367947514160887,True,,False,False,False,5.0,1.0,studio,none
17980282991830556,True,,True,True,False,5.0,2.0,studio,none
18000245744745391,True,,False,False,False,5.0,2.0,outdoor,few
17952592287129307,True,,False,False,False,5.0,3.0,white,none
18077964611405744,True,,False,False,False,5.0,2.0,white,none
18008564618902701,True,,True,False,False,5.0,4.0,outdoor,none
18097889228091849,True,,False,False,False,4.0,5.0,indoor,few
17945730654000844,True,,True,True,True,5.0,6.0,outdoor,heavy
18143967940500360,True,,False,False,False,4.0,2.0,outdoor,none
17983807820809975,True,,False,False,False,5.0,1.0,indoor,none
18005623265715402,True,,True,True,False,5.0,2.0,studio,none
17948142855152043,True,,True,False,False,4.0,5.0,outdoor,none
17962754250082643,True,,False,False,False,5.0,4.0,studio,none
18367359484203350,True,,True,True,True,5.0,1.0,studio,heavy
18161545219440253,True,,False,False,True,5.0,1.0,white,few
18092982863116862,True,,True,False,False,4.0,2.0,outdoor,none
18388177021092561,True,,True,True,False,5.0,8.0,studio,none
18085441649591900,True,,True,False,False,4.0,1.0,other,none
18244592002305602,True,,True,True,True,5.0,1.0,studio,heavy
18336660454220113,True,,False,False,True,5.0,2.0,indoor,few
17858717553584314,True,,True,True,True,5.0,2.0,outdoor,few
18090171640986726,True,,True,False,False,5.0,1.0,studio,none
18077071163552668,True,,True,True,True,5.0,3.0,indoor,few
18093904532605884,True,,True,True,True,5.0,2.0,studio,few
18391525618091701,True,,True,False,False,5.0,1.0,indoor,none
18007451780899433,True,,False,False,False,4.0,2.0,studio,few
18017922149664905,True,,True,True,True,5.0,6.0,white,few
18094911845327534,True,,False,False,True,5.0,2.0,white,few
17999782421748470,True,,True,False,True,5.0,10.0,indoor,heavy
18010490354696803,True,,False,False,True,5.0,1.0,white,few
18089925839228309,True,,True,True,False,3.0,3.0,indoor,none
18112881544756846,True,,False,False,False,5.0,2.0,studio,none
17969438265022314,True,,True,False,True,4.0,1.0,indoor,heavy
17999307968751168,True,,True,True,False,5.0,10.0,indoor,few
17888254737471524,True,,True,True,True,5.0,1.0,studio,few
18073084358555363,True,,True,True,False,5.0,3.0,studio,none
18069072755659173,True,,True,True,True,5.0,6.0,indoor,few
17860968765562909,True,,True,True,True,5.0,4.0,indoor,few
18064789373370204,True,,True,False,False,3.0,5.0,indoor,none
18080479358569425,True,,True,True,False,5.0,3.0,white,none
18122749285622135,True,,False,False,False,5.0,1.0,white,few
17932331313067185,True,,False,False,False,5.0,1.0,studio,none
18116045209690243,True,,False,False,False,5.0,8.0,indoor,none
18090239032955798,True,,False,False,True,5.0,10.0,other,few
18167037355421534,True,,False,False,True,5.0,1.0,studio,few
17919021702145866,True,,True,False,False,5.0,2.0,white,none
18100346785998388,True,,True,True,False,4.0,3.0,outdoor,few
17883497607512884,True,,False,False,True,4.0,9.0,white,few
18196754689360445,True,,False,True,True,5.0,3.0,studio,heavy
17968877727060857,True,,False,False,False,5.0,1.0,white,none
17865533193614238,True,,True,True,False,5.0,4.0,outdoor,none
18115207534676429,True,,False,False,True,4.0,1.0,other,few
18404895439195745,True,,False,False,False,4.0,2.0,indoor,few
18269330986295950,True,,False,False,False,5.0,3.0,white,none
18586434628044782,True,,False,False,True,5.0,1.0,other,heavy
18332622382221888,True,,True,True,False,4.0,3.0,indoor,none
17850020775678158,True,,False,False,False,5.0,1.0,studio,none
18091564307178272,True,,True,False,True,5.0,6.0,white,few
18103622029979325,True,,False,False,False,5.0,2.0,studio,none
18121810219549500,True,,False,False,False,4.0,1.0,indoor,few
17991764564778171,True,,True,False,False,4.0,2.0,indoor,none
18215405590323305,True,,True,True,False,5.0,4.0,white,none
18209560834331408,True,,False,False,False,5.0,1.0,studio,none
18113033638775347,True,,False,False,False,5.0,1.0,white,few
18107047790499307,True,,True,True,False,4.0,2.0,indoor,none
18055480415491762,True,,True,True,False,5.0,2.0,indoor,none
17893818393448763,True,,False,False,True,5.0,2.0,studio,few
17909350668202297,True,,True,True,False,5.0,3.0,indoor,none
17879092302555661,True,,True,True,False,5.0,3.0,studio,none
17908242261377705,True,,True,False,True,5.0,8.0,indoor,heavy
18216325030318265,True,,True,False,False,5.0,3.0,studio,none
18116512774675559,True,,False,False,False,5.0,1.0,white,few
18122166580559013,True,,True,False,False,5.0,4.0,studio,none
18053435873491208,True,,True,True,False,5.0,2.0,white,none
18084069590357783,True,,False,False,False,4.0,1.0,indoor,none
18308935894275233,True,,False,False,False,5.0,2.0,indoor,none
17927609028270985,True,,False,False,False,5.0,9.0,white,none
18051323132718834,True,,True,True,True,5.0,7.0,indoor,few
17887427967356544,True,,True,True,False,4.0,2.0,studio,none
17888080197469852,True,,True,True,True,5.0,3.0,studio,heavy
18088408418255555,True,,True,True,False,5.0,4.0,outdoor,none
17885069790496137,True,,True,True,False,5.0,2.0,studio,none
18005659943885094,True,,True,False,False,5.0,1.0,indoor,none
17872219869605326,True,,True,False,True,4.0,10.0,outdoor,heavy
18076358708176053,True,,False,False,True,4.0,10.0,studio,heavy
18117522097647589,True,,True,True,False,5.0,1.0,indoor,none
18200602636351666,True,,False,False,True,5.0,1.0,white,few
18016027478670693,True,,False,False,True,5.0,9.0,white,few
18125914228580248,True,,True,True,False,5.0,4.0,white,few
18068447033663347,True,,True,False,False,5.0,3.0,indoor,none
18124388335715927,True,,True,True,False,5.0,1.0,indoor,none
17886867360506296,True,,False,False,False,5.0,2.0,studio,none
18322013218250061,True,,False,False,True,5.0,3.0,studio,few
18099813920097731,True,,False,False,True,5.0,1.0,white,heavy
17883727956509691,True,,True,False,False,5.0,2.0,studio,none
18005851352885662,True,,True,False,False,5.0,1.0,indoor,none
18101281715485926,True,,False,False,False,4.0,10.0,white,none
17990053598959045,True,,True,True,True,5.0,10.0,studio,heavy
18097053380012320,True,,True,False,False,5.0,3.0,other,none
17897496762287446,True,,True,True,True,5.0,3.0,white,few
17879315979550041,True,,True,True,False,5.0,5.0,outdoor,none
18577544707058192,True,,True,True,True,5.0,7.0,other,heavy
18101000537080158,True,,True,True,True,5.0,5.0,studio,few
18036052298717140,True,,True,True,True,5.0,3.0,studio,few
18058398545482751,True,,False,False,False,5.0,1.0,studio,none
18020141447658281,True,,True,False,True,5.0,2.0,white,few
18318486709287030,True,,False,False,False,4.0,3.0,other,none
18125974237579345,True,,False,False,False,5.0,3.0,indoor,none
18037734221596480,True,,True,True,False,4.0,4.0,outdoor,none
17922450051295160,True,,False,True,False,5.0,2.0,indoor,none
18112885330783537,True,,True,True,False,5.0,6.0,indoor,none
18090321392186545,True,,False,False,True,5.0,1.0,indoor,few
17858481939651661,True,,True,False,False,5.0,3.0,outdoor,none
18345917374209751,True,,True,False,False,4.0,1.0,studio,none
18117476734643586,True,,True,True,True,5.0,5.0,outdoor,few
18091314880927076,True,,True,True,True,5.0,1.0,other,few
18019754795656331,True,,True,True,True,5.0,1.0,outdoor,heavy
17948577608982823,True,,False,False,False,4.0,1.0,indoor,none
18104482045733421,True,,True,True,True,5.0,9.0,outdoor,few
18074386367202529,True,,True,False,False,4.0,5.0,outdoor,few
18124132402593557,True,,False,False,False,4.0,3.0,studio,few
18080327072566468,True,,True,True,True,5.0,1.0,studio,few
18553274062064301,True,,True,True,False,5.0,1.0,outdoor,none
17906120748221254,True,,False,False,True,5.0,4.0,studio,heavy
17959209546111665,True,,False,False,False,4.0,10.0,indoor,few
18147007924488657,True,,True,False,True,5.0,3.0,white,few
18083223554437158,True,,False,False,False,5.0,4.0,indoor,none
18077289800405723,True,,True,False,False,3.0,3.0,outdoor,few
18022979129817198,True,,False,False,True,4.0,10.0,studio,heavy
18432501169189001,True,,True,True,False,4.0,5.0,outdoor,none
18081384950161485,True,,False,False,False,4.0,4.0,indoor,none
18086683913016519,True,,True,False,False,5.0,1.0,studio,none
18029452394646509,True,,True,True,True,5.0,2.0,outdoor,few
18076914167315785,True,,True,True,False,5.0,8.0,outdoor,few
18404290636199790,True,,True,False,True,5.0,10.0,indoor,heavy
17994941828950140,True,,True,False,False,3.0,3.0,indoor,none
18117975157655965,True,,True,False,False,4.0,7.0,white,few
18148426960483114,True,,False,False,False,4.0,4.0,indoor,none
17903870520242563,True,,True,True,True,5.0,7.0,indoor,heavy
18157828921440283,True,,True,True,True,5.0,7.0,outdoor,heavy
18574845556053305,True,,True,False,False,5.0,6.0,indoor,none
18098834833798136,True,,False,False,True,5.0,7.0,white,few
18416056888135888,True,,False,False,False,5.0,6.0,white,none
18074223671193646,True,,False,False,True,5.0,2.0,white,few
18235406014308217,True,,True,True,True,5.0,5.0,white,few
18109983430865037,True,,False,False,True,5.0,10.0,white,heavy
18105327076918698,True,,False,False,False,5.0,1.0,white,none
17880491682520895,True,,True,True,False,5.0,1.0,indoor,none
17910174840366022,True,,True,True,False,5.0,2.0,indoor,none
18314366878257792,True,,False,False,False,4.0,3.0,studio,none
17895457104308784,True,,True,True,True,5.0,8.0,other,heavy
17897069109288328,True,,False,False,True,4.0,10.0,indoor,few
17960702790073682,True,,True,False,False,4.0,3.0,outdoor,none
18136730620524415,True,,False,False,False,5.0,2.0,studio,none
18113473111610301,True,,True,False,False,5.0,4.0,indoor,none
17983316669973499,True,,True,True,True,5.0,4.0,white,heavy
18101345606512670,True,,True,False,False,5.0,5.0,studio,none
17998228481922944,True,,False,False,False,5.0,4.0,studio,none
18110084851867945,True,,True,True,True,5.0,3.0,white,heavy
18111941257815048,True,,False,False,False,5.0,1.0,white,none
18079909145567148,True,,True,True,True,5.0,2.0,indoor,heavy
17984512751971556,True,,False,False,False,5.0,1.0,white,none
17863045095673523,True,,True,True,False,5.0,5.0,studio,none
17947943340147846,True,,False,False,False,4.0,1.0,other,few
18115191094783410,True,,False,False,False,4.0,8.0,indoor,none
18063386081361096,True,,False,False,True,5.0,1.0,white,few
18397773760194931,True,,True,True,False,5.0,10.0,outdoor,none
17914326189166448,True,,False,False,False,5.0,1.0,white,none
18107556472710004,True,,False,False,True,5.0,6.0,indoor,heavy
17913391938367056,True,,False,False,False,5.0,4.0,studio,none
17884950018492598,True,,True,True,False,5.0,1.0,indoor,none
18097950395010533,True,,True,True,True,5.0,2.0,indoor,few
18008734334849678,True,,False,True,True,2.0,9.0,indoor,heavy
17905054575402264,True,,False,False,False,4.0,2.0,indoor,heavy
17988980672791897,True,,False,False,False,5.0,1.0,outdoor,none
17905435953404026,True,,True,True,False,4.0,2.0,outdoor,none
17857482723691352,True,,False,False,False,5.0,4.0,white,none
18143073037498180,True,,False,False,True,5.0,4.0,studio,few
18008433284845481,True,,False,False,False,5.0,1.0,white,none
17864064672554798,True,,False,False,False,5.0,1.0,studio,none
17870168226491491,True,,True,True,False,5.0,10.0,indoor,none
17998332398920330,True,,True,True,True,5.0,4.0,outdoor,few
18135506761519506,True,,False,False,False,5.0,5.0,studio,few
17905301709407063,True,,True,True,True,5.0,5.0,studio,few
18130017406563602,True,,True,True,False,5.0,3.0,indoor,none
18430434643187632,True,,False,False,True,3.0,0.0,white,few
18109691470799915,True,,False,False,True,5.0,6.0,studio,few
17971549287043342,True,,True,True,False,5.0,3.0,indoor,none
18109527304645718,True,,True,True,True,5.0,3.0,white,few
18109710118842104,True,,True,True,False,5.0,5.0,indoor,none
18061750655497128,True,,False,False,False,5.0,1.0,white,none
17918792433344108,True,,False,False,False,5.0,2.0,studio,none
17925063123269326,True,,False,False,False,5.0,2.0,studio,none
18098549297105340,True,,False,False,True,5.0,1.0,studio,heavy
18066425693442886,True,,True,True,True,5.0,2.0,outdoor,few
18520961959074954,True,,False,False,True,5.0,10.0,outdoor,few
17969084388021916,True,,False,False,False,5.0,2.0,studio,none
18084075944599699,True,,True,False,False,5.0,1.0,white,none
17853798387644849,True,,True,True,False,5.0,2.0,indoor,none
18046898672736596,True,,True,True,False,5.0,2.0,outdoor,none
17972776610872012,True,,False,False,True,5.0,8.0,white,few
17920815786272824,True,,True,False,True,4.0,1.0,indoor,heavy
18068985641452424,True,,False,False,False,5.0,2.0,other,none
18092953451164551,True,,False,False,False,5.0,9.0,indoor,none
18125353354587115,True,,False,False,False,4.0,0.0,other,none
18073271351214459,True,,False,False,False,5.0,3.0,white,none
17934866016053516,True,,False,False,False,5.0,1.0,studio,none
17944965933158151,True,,True,False,False,4.0,2.0,outdoor,none
18123433807611977,True,,False,False,True,5.0,10.0,white,heavy
18089416316208908,True,,True,True,False,5.0,2.0,studio,none
18065750348697902,True,,True,True,False,5.0,5.0,white,none
18026788346805149,True,,False,False,True,5.0,10.0,indoor,heavy
18127659733583490,True,,True,True,True,5.0,2.0,outdoor,few
17876698674438791,True,,False,False,True,5.0,3.0,white,few
18103942111905864,True,,True,False,False,4.0,2.0,studio,none
18314639473261323,True,,True,False,True,5.0,10.0,studio,heavy
18574849948052508,True,,True,True,True,4.0,1.0,outdoor,few
18097262303091621,True,,False,False,False,4.0,2.0,other,none
17971121319043696,True,,False,False,False,5.0,1.0,outdoor,none
18056653457708356,True,,False,False,True,5.0,1.0,white,few
18152012485476009,True,,True,False,True,5.0,5.0,white,few
18163952374422876,True,,False,False,False,4.0,3.0,indoor,few
17916758667354188,True,,True,True,True,5.0,1.0,white,few
17997872207923768,True,,True,True,True,5.0,4.0,outdoor,few
18004456220873244,True,,True,False,False,5.0,1.0,indoor,none
18108212743681511,True,,True,True,False,5.0,3.0,indoor,none
17921667306126971,True,,True,False,False,2.0,2.0,indoor,few
17887886112466741,True,,False,False,False,5.0,2.0,white,none
17953116471108836,True,,True,True,False,5.0,4.0,outdoor,none
18100540826090498,True,,True,False,False,5.0,1.0,studio,none
18093011384182160,True,,True,True,False,5.0,3.0,studio,none
18575269828050999,True,,True,True,False,5.0,2.0,white,none
18119112724710810,True,,False,False,False,5.0,5.0,studio,none
17869167321503513,True,,False,False,False,5.0,1.0,other,none
18180531577388942,True,,True,True,True,5.0,1.0,other,heavy
18099370867795298,True,,True,True,False,5.0,3.0,indoor,heavy
18107613157882658,True,,False,False,False,4.0,4.0,outdoor,none
17945873925148485,True,,False,False,False,5.0,4.0,indoor,none
18069348455662811,True,,True,True,True,5.0,1.0,indoor,few
18436920841140308,True,,True,False,True,5.0,2.0,indoor,few
18123323353548845,True,,False,False,False,5.0,1.0,other,none
18355699447233416,True,,False,False,False,5.0,2.0,white,none
18081413441579452,True,,True,False,False,5.0,2.0,outdoor,none
18147120976489887,True,,True,True,True,5.0,3.0,studio,few
18109396013499662,True,,True,True,False,5.0,2.0,studio,none
18109217212868858,True,,True,True,False,5.0,2.0,studio,none
18075986771207430,True,,False,False,False,5.0,2.0,outdoor,few
18061552268486437,True,,False,False,True,5.0,6.0,studio,heavy
18097543031472354,True,,True,True,True,5.0,6.0,white,heavy
18098885105095235,True,,True,True,False,5.0,7.0,outdoor,none
18085056443525097,True,,False,False,False,5.0,3.0,white,none
17945948694000865,True,,False,False,False,4.0,4.0,studio,none
18006284234857568,True,,True,True,False,4.0,4.0,outdoor,none
17929396212272781,True,,True,False,True,5.0,5.0,white,few
18070317968306016,True,,False,False,False,5.0,1.0,other,none
18105595483904910,True,,True,False,True,5.0,1.0,indoor,heavy
17886614874472136,True,,False,False,False,5.0,10.0,indoor,none
17978612279840464,True,,True,True,False,4.0,9.0,outdoor,none
18351943342228607,True,,True,False,False,5.0,1.0,studio,none
18127168630586501,True,,True,False,True,5.0,3.0,outdoor,few
18113553664775840,True,,False,False,True,5.0,3.0,indoor,few
17934618501236164,True,,True,True,False,5.0,2.0,white,none
18114391372708393,True,,True,True,True,5.0,1.0,studio,few
18088755011464100,True,,False,False,True,4.0,1.0,white,few
18100324069786813,True,,True,True,False,5.0,6.0,indoor,none
18029226077801125,True,,True,True,True,5.0,1.0,studio,few
17917387887356925,True,,False,False,True,5.0,10.0,studio,heavy
18572536993011085,True,,True,True,False,5.0,4.0,outdoor,none
18108619387859105,True,,True,True,False,5.0,4.0,studio,none
18079647863161128,True,,False,False,True,5.0,1.0,studio,few
18313363006279465,True,,True,False,True,5.0,4.0,studio,few
17846285424693173,True,,True,True,False,5.0,2.0,indoor,none
18074929043636965,True,,True,True,False,5.0,1.0,white,none
18065740058677285,True,,False,False,False,4.0,5.0,indoor,none
18075712412187955,True,,False,False,True,4.0,2.0,indoor,heavy
17857155234594761,True,,False,False,True,5.0,2.0,studio,few
17928825021271044,True,,True,True,False,4.0,6.0,outdoor,none
18577624534029266,True,,True,True,False,5.0,2.0,white,none
17869150836661256,True,,True,True,False,5.0,2.0,studio,none
18136437340543613,True,,True,False,False,5.0,1.0,indoor,none
17963370161918677,True,,False,False,True,5.0,5.0,other,heavy
18109146610868266,True,,False,False,True,5.0,2.0,studio,few
17884751139499903,True,,True,False,False,4.0,2.0,white,none
18151925698473149,True,,True,True,False,3.0,6.0,indoor,none
18035939222788992,True,,True,True,False,5.0,3.0,outdoor,none
17890867020333913,True,,True,False,False,5.0,1.0,studio,none
18566233315046421,True,,True,False,False,5.0,1.0,studio,none
17914421460361687,True,,True,True,True,4.0,5.0,outdoor,few
18005856308902446,True,,True,True,False,5.0,1.0,indoor,none
18095560781330930,True,,True,False,False,5.0,4.0,white,none
17882766381519759,True,,True,False,True,4.0,1.0,indoor,few
18314601139257912,True,,False,True,False,5.0,9.0,white,none
17989084421975577,True,,False,False,False,5.0,1.0,studio,none
18096907508089764,True,,True,False,False,4.0,1.0,indoor,few
17986027940972402,True,,False,False,True,5.0,3.0,white,few
18074998013236990,True,,True,True,False,5.0,8.0,white,none
18108880015875977,True,,False,False,False,4.0,1.0,other,few
17906925102220065,True,,False,False,True,5.0,2.0,white,few
18435199384140078,True,,True,False,True,5.0,1.0,indoor,few
18081064763105126,True,,True,True,True,5.0,4.0,outdoor,few
18083912546580181,True,,False,False,True,5.0,8.0,white,heavy
17883137052500004,True,,False,False,False,4.0,7.0,indoor,none
17913579096365165,True,,True,True,True,4.0,2.0,indoor,few
18081513860102661,True,,False,False,True,5.0,3.0,indoor,few
18114786112668520,True,,False,False,True,4.0,10.0,indoor,heavy
17883301692486138,True,,True,True,False,5.0,3.0,white,none
18100877734960816,True,,True,False,True,5.0,3.0,indoor,few
18109013026855305,True,,False,False,True,5.0,2.0,indoor,few
17958431307095333,True,,True,True,False,5.0,3.0,studio,none
18069984863656570,True,,False,False,True,5.0,1.0,studio,heavy
17972550072012699,True,,True,True,False,5.0,6.0,studio,few
18196336336355065,True,,True,True,False,4.0,2.0,indoor,none
18071104229272282,True,,False,False,True,5.0,7.0,white,heavy
17907346542383326,True,,False,False,False,5.0,1.0,white,none
18085015856048689,True,,True,True,False,5.0,6.0,white,none
17938991976189788,True,,False,False,False,5.0,5.0,studio,none
18060747962412664,True,,True,False,False,3.0,1.0,outdoor,none
18076003058179320,True,,False,False,False,4.0,3.0,indoor,few
17908685265204180,True,,True,True,False,5.0,3.0,white,none
17886742860484392,True,,True,True,False,4.0,10.0,indoor,few
18194827885362035,True,,True,True,False,5.0,5.0,outdoor,none
17907231225398859,True,,False,False,True,4.0,5.0,outdoor,few
18113751187775931,True,,True,False,False,5.0,1.0,indoor,none
18095999645116255,True,,True,False,False,3.0,9.0,outdoor,few
18103411030749878,True,,True,True,False,5.0,4.0,studio,none
17975618759862481,True,,True,False,False,4.0,3.0,outdoor,none
18402281782147246,True,,True,False,True,4.0,3.0,indoor,few
18095831263866048,True,,False,False,False,5.0,1.0,white,none
17879363745571825,True,,False,False,False,5.0,4.0,studio,none
17870401392599699,True,,True,True,True,5.0,1.0,white,heavy
18001639577867911,True,,True,True,False,5.0,3.0,indoor,none
18586558369054807,True,,False,False,False,5.0,2.0,white,none
18166403584418977,True,,True,True,True,5.0,5.0,studio,few
17904693273241155,True,,True,True,False,5.0,5.0,studio,none
18090129224590095,True,,True,True,False,5.0,2.0,studio,none
18100448720081644,True,,True,True,True,5.0,9.0,studio,heavy
18078563264440288,True,,False,False,True,5.0,1.0,white,few
18210975550335385,True,,True,False,False,5.0,1.0,outdoor,none
18129287665596141,True,,False,False,False,5.0,1.0,studio,none
17891752863462165,True,,True,True,True,5.0,1.0,outdoor,few
18166558564417594,True,,True,True,False,5.0,2.0,indoor,none
18111614695833346,True,,True,False,False,5.0,1.0,indoor,none
18434305690139845,True,,True,False,False,4.0,5.0,outdoor,none
18054516425718426,True,,False,False,False,5.0,1.0,studio,none
18128180437575031,True,,True,True,False,5.0,3.0,outdoor,none
18084336179523222,True,,False,False,False,5.0,5.0,indoor,none
18102002395975024,True,,True,True,False,4.0,4.0,outdoor,none
18128679049565892,True,,False,False,False,5.0,1.0,white,none
17875980555447674,True,,True,True,False,5.0,1.0,outdoor,none
18096582125038229,True,,True,True,False,4.0,5.0,outdoor,none
17914420710347749,True,,True,True,True,5.0,10.0,studio,heavy
18162712675442167,True,,True,True,False,5.0,9.0,outdoor,none
18201770533339143,True,,True,True,False,5.0,1.0,indoor,none
17946039450161542,True,,False,False,False,5.0,2.0,studio,none
17958947351939499,True,,False,False,False,5.0,1.0,studio,none
17871500913476824,True,,False,False,False,5.0,1.0,outdoor,none
18111193777838375,True,,False,False,False,5.0,2.0,outdoor,few
17851927551659384,True,,False,False,False,5.0,3.0,indoor,none
17981671685827307,True,,True,True,False,5.0,1.0,indoor,none
18046243601756810,True,,False,False,True,5.0,1.0,studio,few
18125491222591473,True,,True,True,False,5.0,5.0,outdoor,few
18072275693645749,True,,True,True,True,5.0,5.0,studio,few
18181371088377704,True,,True,False,False,5.0,4.0,outdoor,none
18193224421366925,True,,False,False,False,5.0,4.0,studio,few
18100058897107422,True,,False,True,True,5.0,1.0,outdoor,heavy
17904123708407834,True,,True,True,True,5.0,1.0,studio,heavy
18109561786845780,True,,True,True,True,5.0,1.0,studio,heavy
18065976287658794,True,,True,False,False,5.0,4.0,outdoor,none
18365428687207522,True,,False,False,False,5.0,3.0,studio,none
18088388905976049,True,,True,True,False,4.0,10.0,indoor,none
17937907014039804,True,,False,False,True,5.0,9.0,studio,heavy
18046938707726395,True,,True,True,False,5.0,1.0,white,none
17902994715422935,True,,True,True,True,5.0,1.0,indoor,heavy
18126852853602681,True,,True,True,False,5.0,10.0,outdoor,none
17928339105271618,True,,True,False,True,4.0,1.0,studio,few
18077577272173567,True,,True,True,False,5.0,3.0,studio,none
17881184613393291,True,,False,False,False,5.0,10.0,studio,none
18106804103505122,True,,False,False,True,5.0,1.0,other,heavy
17859847944628182,True,,False,False,False,5.0,10.0,studio,none
18102396593311537,True,,False,False,True,5.0,1.0,studio,heavy
18087020120211316,True,,True,True,False,5.0,9.0,outdoor,few
18072012755339155,True,,True,True,False,4.0,4.0,indoor,none
18113864464748125,True,,False,False,False,5.0,1.0,studio,none
17946754116174638,True,,False,False,False,5.0,4.0,white,few
17987221727976258,True,,True,False,False,5.0,4.0,indoor,none
18077821481160988,True,,True,True,False,5.0,6.0,indoor,few
18332239990300247,True,,True,True,False,5.0,2.0,studio,none
17910677979382307,True,,False,False,True,5.0,2.0,indoor,heavy
18057678005470755,True,,False,False,False,5.0,2.0,outdoor,none
17863164240548504,True,,False,False,False,5.0,4.0,studio,none
18103928456503088,True,,True,True,False,4.0,5.0,outdoor,none
17968050332897501,True,,True,True,True,5.0,1.0,indoor,heavy
18135583729529519,True,,False,False,False,5.0,3.0,studio,none
18086142446345096,True,,False,False,False,5.0,2.0,studio,none
17937323724197391,True,,True,False,False,4.0,3.0,outdoor,few
18101101660946470,True,,False,False,True,5.0,1.0,white,heavy
17933594826232262,True,,True,True,False,5.0,4.0,indoor,none
18074468843537432,True,,False,False,True,4.0,1.0,indoor,few
18002651639732308,True,,True,False,False,5.0,3.0,studio,none
18291458452304134,True,,True,False,False,3.0,3.0,indoor,none
18045443801583554,True,,True,True,False,5.0,5.0,outdoor,none
18433855675143242,True,,True,False,False,5.0,3.0,outdoor,none
17927054760254704,True,,False,False,False,5.0,9.0,indoor,none
18347463949243155,True,,True,True,True,5.0,3.0,indoor,few
17961883740107116,True,,False,False,False,5.0,2.0,studio,none
18114027043744554,True,,False,False,True,5.0,6.0,studio,heavy
18008119235890702,True,,False,False,False,5.0,2.0,studio,none
17911978881360810,True,,True,False,False,4.0,2.0,indoor,none
17884436022530211,True,,True,True,True,5.0,4.0,outdoor,few
17983443881988816,True,,False,False,True,5.0,1.0,studio,few
18087165902213031,True,,False,False,False,5.0,1.0,white,none
18084386135575993,True,,False,False,True,5.0,8.0,indoor,few
17953341983960662,True,,False,False,False,5.0,1.0,white,none
18050716580532103,True,,False,False,False,3.0,3.0,outdoor,few
17904977928408523,True,,True,True,True,5.0,5.0,studio,heavy
18117103549726034,True,,True,True,False,5.0,3.0,outdoor,none
17934716031212491,True,,True,True,True,4.0,3.0,outdoor,few
18136017391522439,True,,False,False,True,5.0,4.0,white,few
17887348566472750,True,,True,True,False,5.0,3.0,indoor,few
18100513504779176,True,,True,False,False,4.0,4.0,indoor,none
17994769436763994,True,,True,True,False,3.0,4.0,indoor,none
18197748850348138,True,,True,True,False,5.0,3.0,indoor,none
18078752513402249,True,,True,True,False,5.0,1.0,indoor,none
18085629578363414,True,,True,True,True,5.0,1.0,studio,few
18162371443429405,True,,True,True,False,5.0,2.0,studio,none
18163205590426301,True,,False,False,True,5.0,6.0,studio,heavy
18348827569211074,True,,True,False,False,5.0,1.0,indoor,none
17887552263494423,True,,True,True,False,5.0,8.0,studio,none
18002442365880041,True,,True,True,True,5.0,2.0,white,few
18588411061040023,True,,True,False,False,4.0,1.0,indoor,none
18099561191313642,True,,True,True,False,5.0,3.0,studio,none
17904602790402199,True,,True,True,False,5.0,4.0,indoor,none
18136924315457350,True,,False,False,False,5.0,1.0,indoor,none
17855460885642884,True,,True,True,False,5.0,5.0,outdoor,none
18181762291379671,True,,True,True,True,5.0,1.0,indoor,few
18334559356217519,True,,True,True,True,5.0,3.0,outdoor,few
17984885975969526,True,,False,False,True,5.0,6.0,indoor,heavy
18096432626041868,True,,False,False,False,5.0,6.0,studio,none
18049934090545096,True,,True,True,True,5.0,2.0,studio,few
18082250357620060,True,,True,True,True,5.0,1.0,white,few
17887243833351753,True,,True,True,False,5.0,1.0,indoor,none
18106596895906635,True,,True,True,False,5.0,4.0,indoor,none
18100333346051690,True,,False,False,False,5.0,2.0,outdoor,none
18088114628264371,True,,False,False,False,5.0,1.0,white,none
18128727427574450,True,,False,False,False,5.0,3.0,white,none
17877540441562108,True,,True,False,False,4.0,3.0,indoor,none
17935321446209692,True,,False,False,True,5.0,1.0,studio,few
18100214876074045,True,,True,True,False,5.0,6.0,outdoor,heavy
18263608633290953,True,,True,True,True,5.0,1.0,indoor,heavy
17972162108880352,True,,False,True,True,5.0,1.0,white,heavy
18077895605218030,True,,True,True,False,5.0,2.0,studio,none
17857493679593478,True,,False,False,False,5.0,1.0,white,none
18100166038798349,True,,False,False,True,5.0,1.0,other,heavy
18390215914158815,True,,True,True,False,5.0,2.0,white,few
18582308785022494,True,,True,True,False,5.0,4.0,indoor,none
17941232529195313,True,,True,True,True,5.0,1.0,indoor,few
17966788131050820,True,,False,False,True,5.0,2.0,studio,heavy
17915602851360653,True,,False,False,False,5.0,1.0,white,few
17990213597791714,True,,False,False,False,5.0,2.0,studio,none
17946871731176022,True,,True,True,True,5.0,3.0,white,few
18064779086361254,True,,False,False,False,5.0,1.0,outdoor,none
18119226877715244,True,,True,False,True,5.0,1.0,outdoor,few
18105089188737883,True,,False,False,False,5.0,1.0,other,none
18087668855018273,True,,True,True,False,5.0,2.0,white,few
18455915716104689,True,,True,True,True,5.0,1.0,other,few
17957763504095283,True,,False,False,True,5.0,1.0,white,few
17846608632695949,True,,False,False,True,5.0,2.0,studio,few
18100802051055829,True,,True,True,False,5.0,3.0,outdoor,none
18102126097944347,True,,True,True,False,4.0,4.0,indoor,none
18197712556352645,True,,True,True,True,4.0,5.0,outdoor,few
18017831204827897,True,,True,False,True,5.0,1.0,indoor,few
17961711702068805,True,,False,False,True,5.0,6.0,studio,few
17865496374527489,True,,True,False,False,5.0,1.0,indoor,none
17862501570543210,True,,False,False,True,5.0,9.0,studio,few
17913824892363233,True,,True,True,False,5.0,10.0,outdoor,none
18408027841183594,True,,True,True,True,4.0,3.0,indoor,few
18109788388848002,True,,False,False,True,5.0,3.0,indoor,heavy
17931008985230772,True,,False,False,False,4.0,3.0,indoor,few
18095767493029858,True,,True,True,False,5.0,10.0,outdoor,none
18081831269617528,True,,False,False,False,5.0,2.0,white,none
18099623695797277,True,,True,True,False,5.0,1.0,indoor,none
17874835272457157,True,,True,False,True,5.0,1.0,outdoor,few
17988226736794715,True,,True,True,True,5.0,5.0,outdoor,few
18104358247939964,True,,False,False,False,5.0,1.0,white,none
18076295939194537,True,,True,True,True,5.0,5.0,outdoor,heavy
18092995235165372,True,,False,False,False,5.0,1.0,white,none
17884691076376037,True,,True,False,False,4.0,2.0,indoor,none
18089375869973443,True,,False,False,False,5.0,1.0,white,none
18094821830516338,True,,True,True,True,5.0,4.0,indoor,few
17935687923195616,True,,False,False,True,4.0,1.0,other,heavy
18587853286002143,True,,True,True,True,5.0,3.0,studio,few
17975158199852566,True,,True,False,False,5.0,5.0,indoor,few
17941157001178034,True,,True,True,False,5.0,2.0,white,none
17984426414798813,True,,False,False,True,5.0,1.0,studio,few
18355514683231148,True,,False,False,False,5.0,6.0,other,none
17932497003218915,True,,False,False,False,5.0,1.0,studio,none
18319559143248801,True,,True,True,False,5.0,3.0,outdoor,few
18168780493411812,True,,True,True,False,5.0,3.0,outdoor,none
17871299868598843,True,,False,False,False,5.0,4.0,indoor,none
18089316119069631,True,,False,False,True,5.0,9.0,white,heavy
18150634411467181,True,,False,False,False,5.0,10.0,outdoor,none
17889570435448034,True,,False,False,True,5.0,2.0,indoor,heavy
18125290786596874,True,,True,True,True,5.0,5.0,studio,heavy
18112506730700092,True,,True,True,False,4.0,3.0,outdoor,none
18346309396244459,True,,True,False,False,4.0,2.0,indoor,none
18087595994002310,True,,True,True,True,5.0,6.0,studio,heavy
18401819470146091,True,,True,False,False,5.0,2.0,outdoor,none
17853115869640639,True,,False,False,False,5.0,2.0,white,few
17969398335013885,True,,False,False,False,5.0,1.0,studio,none
18336014509173692,True,,False,False,False,5.0,1.0,other,heavy
17862055419564144,True,,True,False,False,5.0,1.0,indoor,heavy
18389126881086921,True,,True,True,False,5.0,3.0,indoor,none
18087315881215939,True,,True,True,True,5.0,8.0,outdoor,few
17941862301015806,True,,False,False,True,5.0,2.0,studio,few
17973735623994760,True,,False,False,False,4.0,3.0,outdoor,none
18465643258100222,True,,False,False,True,4.0,7.0,white,few
18088908865969684,True,,True,True,True,5.0,1.0,studio,few
18108564541886291,True,,True,False,True,5.0,1.0,white,few
18063406235384345,True,,True,False,False,4.0,1.0,indoor,none
18348709321215731,True,,True,True,True,5.0,2.0,outdoor,few
18067541096338902,True,,False,False,True,5.0,4.0,white,few
18091610923914492,True,,True,True,True,5.0,2.0,outdoor,heavy
17982131606994028,True,,True,True,False,4.0,7.0,outdoor,none
17948749457983710,True,,True,True,False,5.0,3.0,studio,none
18001720187863676,True,,True,True,True,5.0,3.0,studio,few
18005275796888106,True,,False,False,False,5.0,1.0,white,none
18108814576877362,True,,True,True,True,5.0,1.0,studio,few
18019743290821848,True,,False,False,True,5.0,2.0,white,heavy
17990368757953673,True,,True,True,True,5.0,10.0,studio,few
18208204993330208,True,,False,False,False,5.0,1.0,indoor,none
17880421296534268,True,,True,True,False,5.0,3.0,studio,none
17932477377249559,True,,False,False,False,5.0,6.0,white,few
18574573108023709,True,,True,True,True,5.0,2.0,indoor,heavy
18106214722900190,True,,False,False,True,5.0,1.0,studio,heavy
18022162211652197,True,,False,False,False,5.0,1.0,indoor,none
18009451232892190,True,,False,False,False,5.0,4.0,studio,none
18099064780800821,True,,False,False,True,5.0,5.0,outdoor,few
18079819304451753,True,,True,False,False,5.0,1.0,indoor,none
17879043792557568,True,,True,True,False,5.0,2.0,white,none
18036240581597987,True,,True,False,False,5.0,3.0,indoor,none
18096520846875285,True,,False,False,True,5.0,9.0,indoor,few
17973208376865102,True,,True,False,False,5.0,3.0,indoor,none
18047227925527526,True,,False,False,False,4.0,4.0,other,none
18004137284886267,True,,False,False,False,5.0,6.0,studio,none
18069488222690254,True,,False,False,False,5.0,2.0,indoor,none
17965067679061495,True,,True,False,False,5.0,2.0,indoor,none
18037278251588077,True,,True,True,True,5.0,1.0,outdoor,heavy
18040738832567992,True,,False,False,False,5.0,1.0,other,none
17940357780192472,True,,True,True,True,4.0,4.0,other,heavy
18098182165846151,True,,True,True,False,5.0,5.0,white,few
17986274762968310,True,,True,True,True,5.0,4.0,studio,few
18199072525351363,True,,False,True,True,5.0,2.0,studio,few
17877384537556158,True,,False,False,False,5.0,1.0,studio,none
18001895189728885,True,,False,False,False,5.0,1.0,studio,none
18043727831732489,True,,True,False,False,4.0,2.0,outdoor,none
17885281209496532,True,,True,True,False,5.0,5.0,white,none
18088277759210877,True,,False,False,True,5.0,2.0,studio,few
18111984487793526,True,,True,True,False,5.0,5.0,white,none
18102890093303535,True,,False,False,False,5.0,1.0,studio,none
18579801595022059,True,,False,False,True,5.0,2.0,studio,few
18112799758795505,True,,True,True,False,5.0,5.0,indoor,none
18075772022442192,True,,True,False,False,4.0,2.0,indoor,none
17953646514120300,True,,True,True,False,4.0,2.0,indoor,none
18046735265753074,True,,False,True,True,5.0,1.0,indoor,few
18128889085501993,True,,False,False,False,4.0,1.0,indoor,none
18097959311011145,True,,True,True,False,5.0,6.0,white,none
18098329160051337,True,,False,True,False,5.0,2.0,studio,none
17909015376385526,True,,True,True,False,5.0,3.0,studio,none
17921113224339614,True,,False,False,False,5.0,1.0,studio,none
18085218722337653,True,,True,True,True,5.0,1.0,indoor,few
18001272806879986,True,,False,False,True,5.0,5.0,white,heavy
18147208243477431,True,,False,False,True,5.0,8.0,studio,few
18097710619789546,True,,True,True,True,5.0,1.0,studio,few
18115479886732611,True,,True,True,False,4.0,4.0,indoor,none
18576788350007840,True,,True,True,True,5.0,2.0,studio,few
17947628970140945,True,,True,False,False,5.0,2.0,indoor,none
18186663289375529,True,,True,False,True,4.0,5.0,indoor,few
18096893623832871,True,,True,True,True,5.0,8.0,outdoor,heavy
18083933879036095,True,,False,False,False,5.0,1.0,studio,none
18097225949031178,True,,True,True,True,5.0,1.0,studio,few
17929227993253089,True,,False,False,True,5.0,4.0,white,few
18459570040104982,True,,False,False,True,4.0,6.0,white,heavy
18114031510708231,True,,False,False,False,5.0,10.0,indoor,none
17864350983670449,True,,False,False,False,5.0,6.0,white,none
18099988487056568,True,,False,False,True,5.0,8.0,white,heavy
18372111292167322,True,,True,True,True,5.0,4.0,studio,few
18110680933829072,True,,True,True,False,5.0,2.0,studio,none
18187930246370016,True,,True,True,False,5.0,5.0,studio,none
17895312264425547,True,,True,False,False,4.0,1.0,indoor,none
17900365044263137,True,,False,False,True,5.0,2.0,studio,few
18001993034905987,True,,False,False,True,5.0,1.0,other,few
18101166250788354,True,,True,True,True,5.0,3.0,white,few
18115640260669966,True,,False,False,True,5.0,1.0,white,heavy
18209526892333951,True,,True,True,True,3.0,2.0,indoor,few
17859042774625193,True,,True,True,True,5.0,3.0,other,heavy
17887348179361945,True,,False,False,True,5.0,1.0,white,few
18008397650860088,True,,False,False,True,5.0,7.0,studio,heavy
18097669049116534,True,,True,True,True,5.0,7.0,studio,heavy
18050386817741589,True,,True,True,False,5.0,2.0,studio,none
18098266846970466,True,,True,True,False,5.0,3.0,outdoor,none
18068984969660358,True,,False,False,False,5.0,2.0,studio,none
18085741028613216,True,,False,False,True,5.0,1.0,white,few
18113216035804619,True,,True,True,True,5.0,1.0,studio,few
17941360578195029,True,,True,False,False,5.0,1.0,indoor,none
18060081326425388,True,,False,False,True,5.0,1.0,white,few
18089210783219877,True,,True,True,False,5.0,2.0,white,none
18159096439450991,True,,False,False,True,5.0,3.0,white,few
18158948362431446,True,,False,False,True,5.0,1.0,other,heavy
17892846690301323,True,,True,False,False,4.0,3.0,outdoor,none
18069603134655425,True,,False,False,True,5.0,1.0,other,heavy
18012650153841646,True,,False,False,False,5.0,1.0,studio,none
18150584770478535,True,,True,True,False,4.0,2.0,outdoor,none
17971006386016987,True,,False,False,False,4.0,1.0,other,none
18064722164679011,True,,False,False,False,5.0,6.0,indoor,none
18087723086462273,True,,False,True,False,5.0,1.0,white,none
17924206944099953,True,,True,True,False,5.0,3.0,white,none
17941301709015529,True,,False,False,True,5.0,1.0,studio,few
17857816833631786,True,,False,False,True,5.0,2.0,studio,few
18175171462402038,True,,True,False,True,4.0,1.0,indoor,heavy
17850686928680319,True,,False,False,False,5.0,1.0,white,none
18124654945579327,True,,False,False,False,4.0,3.0,indoor,none
17935978929219140,True,,False,False,True,5.0,1.0,indoor,heavy
17908995363201678,True,,False,False,False,4.0,2.0,indoor,few
18094382930155906,True,,False,False,True,5.0,5.0,studio,few
18019772438827902,True,,False,False,True,5.0,6.0,white,few
18069939578666468,True,,False,False,False,5.0,5.0,other,none
18320537857265265,True,,True,True,False,5.0,3.0,outdoor,none
17882689896501922,True,,False,False,False,5.0,2.0,indoor,none
17855323104641084,True,,False,False,False,5.0,2.0,indoor,none
18426357940184445,True,,True,False,False,5.0,7.0,white,none
18084098105347510,True,,True,False,True,5.0,1.0,white,few
18045680027772792,True,,False,False,True,3.0,2.0,indoor,heavy
17925940713280240,True,,False,False,True,5.0,1.0,white,few
18389157262087518,True,,True,True,False,5.0,2.0,studio,none
18106924202298239,True,,True,True,False,5.0,1.0,white,none
18548080438069999,True,,True,True,True,5.0,4.0,studio,few
17992208528786632,True,,True,False,True,5.0,1.0,studio,few
18109086412854753,True,,False,False,False,5.0,1.0,outdoor,few
18181471024376966,True,,True,True,False,4.0,7.0,outdoor,none
18042942533767550,True,,True,False,False,5.0,3.0,outdoor,none
18082715723098060,True,,True,True,False,5.0,4.0,outdoor,none
17899223004416621,True,,True,False,False,5.0,3.0,outdoor,none
18104616814909987,True,,False,False,True,5.0,10.0,indoor,few
18121246327715619,True,,True,True,True,5.0,1.0,studio,few
18167790526417056,True,,True,True,False,5.0,2.0,studio,none
17904662586404203,True,,True,True,False,5.0,2.0,indoor,none
18359176525225437,True,,True,False,True,5.0,1.0,studio,few
18010570286700182,True,,False,False,False,5.0,4.0,white,none
18115680310708041,True,,False,False,True,5.0,2.0,studio,few
17921425950317063,True,,True,False,False,5.0,3.0,white,none
17986678241971114,True,,False,False,False,4.0,1.0,white,none
17920587924338987,True,,True,True,False,5.0,3.0,white,none
17999262506747978,True,,True,True,False,4.0,6.0,outdoor,none
18320391457250784,True,,False,False,False,5.0,3.0,studio,none
17861440560618292,True,,True,True,True,5.0,3.0,studio,few
18121338418612969,True,,False,False,False,5.0,1.0,white,none
18101606014948235,True,,True,False,False,5.0,3.0,white,none
18115362025687246,True,,False,False,False,5.0,1.0,other,none
18224883550312699,True,,False,False,False,5.0,2.0,white,none
18170946424405505,True,,False,False,True,5.0,1.0,other,heavy
17907545898402822,True,,True,False,False,5.0,5.0,indoor,none
18125351878591550,True,,False,False,False,5.0,2.0,indoor,none
18151453354476253,True,,True,True,False,4.0,3.0,indoor,heavy
18051413039742855,True,,False,False,True,5.0,10.0,indoor,few
18073365206244516,True,,True,True,True,5.0,2.0,white,few
17867019912669193,True,,True,False,False,4.0,2.0,indoor,none
18087931670199091,True,,True,True,False,5.0,4.0,outdoor,none
18016194185674229,True,,True,True,False,5.0,6.0,outdoor,few
17918687028325102,True,,True,True,False,4.0,5.0,indoor,none
18131925775548527,True,,True,True,False,5.0,3.0,white,none
18544938367065701,True,,True,True,False,5.0,1.0,studio,none
18085285313061317,True,,False,False,True,5.0,3.0,indoor,few
17865965136613132,True,,False,False,True,5.0,3.0,studio,few
18098992754472347,True,,False,False,True,5.0,1.0,studio,few
17970151041010518,True,,True,False,False,4.0,1.0,indoor,none
18543114025071905,True,,True,True,True,5.0,1.0,white,heavy
17923132650275504,True,,True,False,False,3.0,5.0,outdoor,none
17890314123459099,True,,False,False,False,4.0,1.0,studio,none
18073073234216682,True,,False,False,False,5.0,3.0,indoor,none
18088218182462292,True,,False,False,False,5.0,1.0,studio,few
17971954683022924,True,,False,False,False,5.0,3.0,white,none
18446358091114506,True,,True,True,True,5.0,1.0,indoor,few
18097707467086633,True,,False,False,False,4.0,2.0,other,none
18431754925142780,True,,False,False,True,5.0,1.0,other,few
17983170737989092,True,,False,False,False,5.0,1.0,white,none
18218318533320323,True,,True,False,False,5.0,1.0,outdoor,none
18088939028022750,True,,True,True,False,5.0,4.0,outdoor,none
18097877597059546,True,,True,False,True,5.0,3.0,studio,few
18092343845222203,True,,True,True,False,5.0,3.0,outdoor,none
18044064701548219,True,,True,True,False,5.0,4.0,studio,few
18120474778715837,True,,True,True,False,4.0,4.0,outdoor,none
17962618800059248,True,,True,False,False,4.0,2.0,outdoor,none
18075584603637728,True,,True,False,False,5.0,3.0,white,none
17862658584621648,True,,False,False,True,5.0,10.0,other,heavy
18118411897644220,True,,False,False,False,5.0,2.0,indoor,few
18075622376548034,True,,True,True,False,5.0,3.0,indoor,none
18066983369397197,True,,False,False,False,5.0,3.0,outdoor,none
18092355947178181,True,,False,False,False,5.0,2.0,studio,none
18042963020536297,True,,True,True,True,5.0,5.0,white,few
18320846500281035,True,,False,False,False,5.0,2.0,indoor,none
17969860110042030,True,,True,True,False,5.0,8.0,indoor,none
18113313460815053,True,,False,False,False,5.0,8.0,white,few
17997215666949134,True,,True,False,True,5.0,1.0,indoor,few
18042207194787412,True,,True,True,False,4.0,5.0,outdoor,none
18195713230348315,True,,False,False,True,5.0,1.0,studio,few
18127515004515960,True,,False,False,True,5.0,4.0,white,heavy
17870201820502925,True,,True,True,True,5.0,3.0,white,few
18047858921738520,True,,True,True,False,5.0,3.0,white,none
18112280983705312,True,,False,False,False,5.0,1.0,studio,none
18093297500171665,True,,False,False,True,5.0,3.0,white,few
18103405003943216,True,,False,False,False,4.0,1.0,indoor,none
18081892715629213,True,,False,False,True,5.0,6.0,indoor,few
18007348427909470,True,,True,False,False,5.0,2.0,other,none
18400942480146429,True,,False,False,True,5.0,1.0,other,heavy
18086720864214308,True,,False,False,True,5.0,10.0,studio,few
18369076501166102,True,,False,False,True,5.0,3.0,indoor,heavy
18136372027538246,True,,True,False,False,4.0,1.0,indoor,none
18058070375687720,True,,False,False,True,5.0,1.0,studio,few
17882026425506952,True,,False,False,True,5.0,1.0,other,heavy
18001718228740653,True,,True,True,False,3.0,4.0,outdoor,none
18001928651866054,True,,False,False,True,5.0,1.0,outdoor,heavy
18109447753665612,True,,False,False,False,5.0,1.0,outdoor,none
18109383940878891,True,,True,True,False,4.0,1.0,indoor,few
18356145769230522,True,,True,True,True,5.0,1.0,other,heavy
18086553374198422,True,,False,False,True,5.0,1.0,white,heavy
18584492332040729,True,,False,False,True,5.0,10.0,studio,few
17987872445977690,True,,True,True,True,5.0,1.0,studio,few
18105272524935419,True,,True,False,False,5.0,4.0,outdoor,none
18099943537968957,True,,False,False,False,5.0,4.0,indoor,none
18123636943611063,True,,True,True,False,5.0,4.0,studio,few
18087651437013169,True,,True,True,True,5.0,2.0,white,few
17847725466693851,True,,False,False,False,4.0,1.0,outdoor,none
18093438947331257,True,,True,True,True,5.0,4.0,white,heavy
18057897389467383,True,,False,False,True,4.0,3.0,white,heavy
18058764356448275,True,,False,False,False,5.0,8.0,studio,few
17934303387226457,True,,True,False,False,5.0,3.0,studio,none
18113990557772050,True,,True,True,False,5.0,1.0,white,none
18196880353358872,True,,False,False,False,5.0,6.0,studio,none
18067464740325296,True,,False,False,False,5.0,9.0,indoor,few
18102620851987884,True,,False,False,False,4.0,1.0,indoor,none
18130572940563873,True,,False,False,False,5.0,8.0,studio,none
18116740225659796,True,,False,False,False,5.0,1.0,indoor,few
18307800952302570,True,,True,True,False,5.0,2.0,outdoor,none
18042102794773979,True,,True,True,True,5.0,1.0,outdoor,few
18388666099086002,True,,False,False,True,5.0,1.0,outdoor,heavy
18248310295306092,True,,True,True,True,5.0,7.0,other,heavy
17856658485686542,True,,True,True,True,4.0,8.0,other,few
17915151195161403,True,,False,True,True,4.0,1.0,outdoor,heavy
18102850228758695,True,,True,False,False,5.0,1.0,indoor,none
18140222923505878,True,,True,True,True,5.0,2.0,outdoor,heavy
18113077702699195,True,,True,True,False,5.0,6.0,studio,none
18093848987089623,True,,True,False,False,5.0,1.0,indoor,none
17905698369224875,True,,False,False,True,5.0,1.0,white,heavy
18528715687073962,True,,True,True,False,5.0,7.0,indoor,none
17867087646665178,True,,False,False,True,4.0,10.0,indoor,heavy
18090916325170401,True,,True,False,False,5.0,1.0,white,none
18086610053603617,True,,True,True,True,5.0,4.0,studio,few
17959512554935201,True,,True,True,False,5.0,7.0,indoor,none
18114802264761122,True,,False,False,False,5.0,2.0,white,few
18575069881033467,True,,True,True,False,5.0,4.0,studio,none
17896821168428723,True,,True,True,False,5.0,5.0,studio,none
18128913946572698,True,,False,False,False,5.0,2.0,white,few
18178811038390421,True,,True,True,False,5.0,1.0,indoor,none
18101050541075538,True,,True,False,False,4.0,5.0,indoor,none
17958942402094249,True,,False,False,False,5.0,4.0,indoor,none
17993751686770731,True,,False,False,False,5.0,1.0,studio,few
18086016716196570,True,,False,False,False,5.0,5.0,studio,none
18176258047381197,True,,True,False,True,4.0,10.0,indoor,few
18210993919325117,True,,True,True,True,5.0,1.0,studio,heavy
18118364956724878,True,,False,False,True,5.0,3.0,studio,few
17902376976244949,True,,True,True,True,5.0,8.0,studio,heavy
18101954618511617,True,,True,True,True,5.0,3.0,outdoor,heavy
18068305466440975,True,,False,False,False,5.0,2.0,studio,none
17852896221648101,True,,True,True,True,5.0,4.0,outdoor,few
18136970338539933,True,,False,False,True,5.0,3.0,indoor,heavy
18145748773490848,True,,False,False,False,5.0,2.0,indoor,none
17928153270088397,True,,True,True,True,5.0,5.0,outdoor,few
17918196351146433,True,,False,False,True,5.0,6.0,studio,few
18111904213754936,True,,False,False,False,5.0,7.0,studio,few
17988963551972046,True,,True,False,False,4.0,2.0,indoor,none
17931225171229848,True,,False,False,False,5.0,1.0,indoor,few
17880162432405125,True,,True,True,False,5.0,1.0,outdoor,none
18115499143738629,True,,True,True,False,4.0,6.0,indoor,none
18140943514450954,True,,True,True,True,5.0,2.0,white,few
18070149641280542,True,,False,False,True,5.0,5.0,indoor,heavy
18070716581269276,True,,False,False,False,5.0,4.0,other,few
18079260440278861,True,,True,False,False,4.0,10.0,indoor,few
18097059332280637,True,,True,True,False,4.0,5.0,outdoor,none
18115326286678975,True,,True,True,True,5.0,1.0,studio,few
18159920383436868,True,,True,True,False,5.0,1.0,studio,none
18083141996374909,True,,True,True,False,5.0,3.0,white,none
18097115441039036,True,,True,True,False,5.0,1.0,white,none
18127170943507800,True,,False,False,False,5.0,1.0,indoor,none
18101718896316168,True,,False,False,False,4.0,4.0,indoor,none
17883883461480702,True,,False,False,True,4.0,3.0,studio,few
18358742047226527,True,,True,True,False,5.0,4.0,white,none
17877720990434614,True,,True,True,False,4.0,3.0,indoor,none
17858359119583962,True,,False,False,False,5.0,3.0,white,none
18092678680925846,True,,True,False,True,5.0,10.0,studio,few
18104631625734367,True,,False,False,True,5.0,1.0,white,few
18387727057086612,True,,True,True,True,4.0,1.0,indoor,few
17923623825282092,True,,True,False,False,5.0,4.0,white,none
18208433581330999,True,,True,True,False,5.0,5.0,studio,none
18316201426266528,True,,False,False,False,5.0,1.0,studio,none
18094324379158890,True,,False,False,False,5.0,3.0,white,few
17877488454426605,True,,False,False,True,5.0,1.0,studio,few
17953381770116170,True,,False,False,True,5.0,3.0,studio,few
18107908687675813,True,,False,False,True,5.0,5.0,studio,heavy
18086298167013369,True,,True,False,True,5.0,1.0,white,few
18006103355888117,True,,True,True,True,5.0,1.0,indoor,few
18061037867680778,True,,True,False,False,5.0,1.0,outdoor,few
18012643442691154,True,,False,False,False,4.0,4.0,other,none
18094822208128385,True,,True,True,False,5.0,10.0,indoor,none
17969246310018388,True,,True,True,True,5.0,6.0,studio,few
17988014996976825,True,,False,False,True,4.0,1.0,outdoor,few
18076044827165081,True,,True,True,False,5.0,3.0,white,few
18008445284704378,True,,False,False,False,5.0,1.0,white,none
17915409093166528,True,,True,True,False,5.0,4.0,white,none
18446143675119742,True,,False,False,False,5.0,1.0,other,none
18434722156137380,True,,True,True,False,4.0,5.0,indoor,none
17999861579745715,True,,True,False,True,4.0,1.0,indoor,few
18075939971637429,True,,False,False,True,3.0,1.0,white,heavy
17864032599616898,True,,False,False,False,5.0,2.0,studio,none
18088049975216815,True,,True,True,False,5.0,5.0,outdoor,none
17858925120626406,True,,True,True,True,5.0,1.0,indoor,few
18090178663976366,True,,False,False,True,5.0,1.0,studio,few
18089893067247718,True,,True,True,True,5.0,1.0,indoor,few
18069570755317708,True,,True,True,True,5.0,2.0,white,few
17897813037432525,True,,False,False,False,5.0,3.0,studio,none
17880751404395785,True,,True,False,True,5.0,5.0,white,few
18409100452177759,True,,True,True,True,5.0,3.0,white,few
18051390533560275,True,,True,True,False,5.0,5.0,indoor,none
18212780368325959,True,,False,False,True,5.0,1.0,studio,few
17863749918653844,True,,False,False,False,5.0,3.0,indoor,none
18522196156076834,True,,False,False,False,5.0,4.0,studio,none
18264664648293486,True,,False,False,True,5.0,9.0,white,few
18058817438704079,True,,False,False,False,4.0,1.0,white,heavy
18372555679164115,True,,False,False,False,5.0,4.0,white,few
18187000915327657,True,,True,True,False,5.0,8.0,studio,none
18121954252711855,True,,True,False,True,5.0,1.0,white,few
18572361175020232,True,,True,True,False,5.0,5.0,other,none
17862614016619681,True,,True,False,False,5.0,2.0,white,none
17896149600281952,True,,True,True,True,5.0,9.0,studio,few
18037529915596557,True,,True,True,False,5.0,7.0,indoor,none
18080675648110942,True,,True,True,True,5.0,2.0,white,few
17864213310654912,True,,True,True,False,5.0,4.0,outdoor,few
18121663816550084,True,,True,True,False,5.0,2.0,studio,none
18097952861102754,True,,True,True,True,5.0,1.0,white,heavy
17854859067639851,True,,False,False,True,4.0,2.0,white,heavy
18107355544879901,True,,False,False,False,5.0,1.0,studio,none
18138642385506517,True,,True,True,False,5.0,5.0,indoor,none
18114715777776481,True,,False,False,False,5.0,5.0,white,none
17883004185502317,True,,False,False,True,5.0,5.0,studio,few
18100307285004227,True,,True,False,False,5.0,1.0,indoor,none
17876097618569304,True,,True,True,False,5.0,4.0,outdoor,heavy
18356732329232636,True,,False,False,True,5.0,1.0,white,heavy
17885337531484705,True,,True,True,False,5.0,3.0,studio,none
18065954576662349,True,,True,True,True,5.0,7.0,studio,few
18045196859741819,True,,True,False,False,5.0,4.0,studio,none
18164588296422465,True,,False,False,True,5.0,1.0,white,few
18088409366258016,True,,True,True,True,5.0,2.0,indoor,few
17927756160254775,True,,False,False,False,5.0,2.0,white,none
17975349873010203,True,,False,False,False,4.0,3.0,white,none
18311989624272556,True,,False,False,False,5.0,1.0,studio,none
18109768696681275,True,,False,False,True,5.0,4.0,white,few
18108839905874736,True,,False,False,False,5.0,1.0,indoor,few
17985181832982387,True,,True,False,True,5.0,4.0,white,few
18129192703565563,True,,False,False,True,5.0,3.0,studio,few
17887043376466660,True,,True,True,False,5.0,2.0,white,none
17971050363046991,True,,True,True,True,5.0,4.0,studio,few
18116024080589970,True,,True,True,False,5.0,1.0,studio,none
18073516316265100,True,,True,False,False,5.0,2.0,indoor,none
18389961358091641,True,,False,False,True,4.0,1.0,white,heavy
18032145659796397,True,,True,True,False,5.0,1.0,indoor,none
18105194206936628,True,,False,False,False,5.0,4.0,studio,none
18107910220867664,True,,True,True,False,5.0,6.0,studio,none
18058520180474414,True,,True,False,True,5.0,5.0,studio,few
18584215456060810,True,,True,True,False,5.0,3.0,white,none
18088873706227789,True,,True,True,True,5.0,10.0,indoor,heavy
18103102426927915,True,,True,True,False,5.0,2.0,white,none
18003453341905731,True,,True,True,True,5.0,6.0,studio,few
18102640837770303,True,,True,True,True,5.0,5.0,studio,heavy
18074873096242477,True,,True,True,True,5.0,10.0,studio,heavy
18112555732698742,True,,True,True,False,5.0,1.0,studio,none
18082388351133213,True,,True,True,False,5.0,1.0,studio,none
17889261423349379,True,,False,False,False,5.0,5.0,indoor,none
17982641510987895,True,,True,True,False,5.0,5.0,indoor,none
18343791031243543,True,,True,True,False,5.0,1.0,studio,none
18419490553133955,True,,True,True,True,5.0,9.0,studio,heavy
17993150153934796,True,,True,True,True,5.0,2.0,other,heavy
17908051374202810,True,,False,False,False,5.0,1.0,white,none
18576803290040497,True,,True,True,True,5.0,4.0,studio,few
17907431022390010,True,,False,False,True,5.0,1.0,studio,few
17927198244264268,True,,True,True,False,5.0,3.0,studio,none
17859535296683706,True,,False,True,True,5.0,1.0,other,few
18135673552522855,True,,False,False,False,5.0,3.0,studio,none
18082271204614782,True,,False,False,True,5.0,1.0,white,few
18096955166060802,True,,False,False,True,5.0,2.0,indoor,few
18078349604231825,True,,True,True,True,5.0,1.0,studio,few
18180228841390678,True,,True,True,False,5.0,1.0,white,none
17919609093308815,True,,True,True,False,5.0,2.0,white,none
18024725531810776,True,,True,True,True,5.0,6.0,studio,few
18097790813020182,True,,False,False,False,4.0,6.0,studio,heavy
18076311767553451,True,,False,False,True,5.0,1.0,other,few
17895414468307925,True,,False,False,False,5.0,2.0,white,none
18583002772027918,True,,True,True,False,5.0,9.0,studio,none
18126670075591873,True,,True,False,False,5.0,2.0,white,none
18091135393980552,True,,False,False,True,5.0,1.0,white,heavy
18402940906149942,True,,True,True,False,5.0,5.0,studio,none
18111371992771270,True,,False,False,True,5.0,10.0,studio,few
18075398006540818,True,,False,False,True,5.0,4.0,white,few
18459440803098169,True,,True,False,False,5.0,4.0,indoor,none
18101036225510880,True,,True,False,True,5.0,3.0,white,few
18113104447702306,True,,True,True,False,5.0,6.0,indoor,none
17921888829126176,True,,False,False,True,5.0,1.0,studio,few
18372507943167156,True,,False,False,False,5.0,1.0,white,none
17930467662212702,True,,True,True,True,5.0,4.0,other,heavy
18126696169600988,True,,True,True,False,5.0,6.0,white,none
18182251663378612,True,,True,True,False,5.0,2.0,white,none
17988054503974098,True,,False,False,True,5.0,8.0,white,heavy
18060671939449512,True,,False,True,True,5.0,10.0,studio,heavy
18093431444163173,True,,False,False,False,5.0,5.0,indoor,none
18104719862501488,True,,True,True,True,5.0,8.0,studio,few
18099622262085601,True,,True,True,False,5.0,3.0,white,none
17936611161198060,True,,True,True,False,5.0,5.0,white,none
17913614139363346,True,,False,False,False,5.0,3.0,studio,none
18118092133565345,True,,True,True,False,5.0,3.0,studio,none
18110408419833855,True,,True,True,False,5.0,3.0,studio,none
17942567868157042,True,,False,False,True,4.0,10.0,white,heavy
17988561647792817,True,,True,False,False,5.0,3.0,white,few
18101366503812924,True,,True,True,False,4.0,1.0,indoor,few
18305452699302418,True,,True,True,False,5.0,5.0,studio,none
17885588979472934,True,,True,False,False,5.0,6.0,outdoor,none
18094898893896136,True,,True,True,True,5.0,1.0,indoor,heavy
18103370959902188,True,,True,True,False,5.0,7.0,outdoor,none
18065506904338904,True,,True,True,True,5.0,5.0,studio,heavy
18079925153415131,True,,True,True,True,5.0,1.0,studio,few
18117761137654879,True,,True,True,False,5.0,2.0,studio,none
17967920361020523,True,,True,True,False,5.0,2.0,studio,none
18093620056919190,True,,False,False,True,4.0,8.0,studio,heavy
18089452421366310,True,,True,False,False,5.0,2.0,studio,none
18127735051590642,True,,True,False,False,5.0,6.0,outdoor,none
17899024797420320,True,,True,True,False,5.0,2.0,studio,none
18065890679341467,True,,True,True,True,5.0,3.0,studio,few
18159736660432956,True,,True,True,True,5.0,4.0,outdoor,few
18101914243980076,True,,False,False,True,4.0,2.0,indoor,few
17938539510185057,True,,True,True,False,5.0,4.0,white,none
17999485694938319,True,,False,False,True,5.0,10.0,white,few
18097466648066765,True,,False,False,False,5.0,2.0,studio,none
18134130139530058,True,,True,True,True,5.0,2.0,indoor,few
18007535480710769,True,,True,True,False,5.0,5.0,outdoor,none
18075383939230121,True,,True,True,True,5.0,1.0,studio,heavy
18058982111440022,True,,False,False,False,4.0,3.0,indoor,none
17959216563110606,True,,False,False,False,5.0,2.0,studio,none
18123736570719733,True,,False,False,True,5.0,1.0,studio,few
18407118994198584,True,,True,False,False,5.0,3.0,outdoor,none
17921094795319553,True,,False,False,True,5.0,1.0,white,few
18117416635587239,True,,False,False,True,5.0,2.0,studio,few
18591409237022663,True,,True,True,True,5.0,3.0,white,few
18137961559524657,True,,True,True,False,5.0,1.0,studio,none
17931862782229300,True,,True,True,False,5.0,3.0,studio,none
17905126548220248,True,,True,True,True,5.0,8.0,outdoor,few
18096808835091099,True,,True,True,True,5.0,1.0,outdoor,few
17886459768470299,True,,True,False,True,5.0,4.0,white,few
18114842620675646,True,,True,False,True,5.0,7.0,indoor,few
18097400800864318,True,,False,False,True,5.0,3.0,white,few
18097993064047875,True,,False,False,True,5.0,3.0,studio,few
17969122308047569,True,,False,False,False,5.0,2.0,white,none
18097022240040828,True,,True,True,False,4.0,5.0,other,none
18107340151873964,True,,False,False,True,5.0,2.0,studio,heavy
17924496114289476,True,,True,True,False,5.0,6.0,white,none
17875364304586792,True,,False,False,False,5.0,1.0,white,none
18121491640651515,True,,False,False,False,5.0,1.0,studio,few
18088128182522002,True,,False,False,False,5.0,1.0,indoor,none
17979780384005452,True,,True,True,False,5.0,2.0,studio,none
18096991115291105,True,,False,False,False,5.0,10.0,white,none
17888956104354506,True,,True,True,False,5.0,2.0,indoor,none
18099665507002702,True,,False,False,False,4.0,1.0,studio,none
18386820271085974,True,,True,True,False,5.0,2.0,indoor,none
17972912172032491,True,,True,True,False,5.0,1.0,studio,none
18160286419428948,True,,False,False,False,4.0,1.0,studio,none
18117872365644985,True,,True,True,True,5.0,2.0,indoor,few
17999248121922996,True,,True,True,False,5.0,6.0,studio,none
18114875512685938,True,,False,False,False,5.0,5.0,studio,none
18078987788428323,True,,True,True,True,5.0,3.0,indoor,few
18107571319891670,True,,True,True,True,5.0,3.0,outdoor,heavy
18114247831775911,True,,False,False,False,5.0,2.0,studio,none
18144356623491114,True,,False,False,True,5.0,1.0,white,few
17891779038464497,True,,False,False,False,4.0,1.0,outdoor,few
18088400663220393,True,,False,False,True,5.0,2.0,studio,few
17931281352216808,True,,True,False,False,5.0,1.0,outdoor,none
18094875521025974,True,,True,True,False,4.0,5.0,outdoor,none
18152079979461021,True,,True,True,True,5.0,9.0,studio,few
18576889123007075,True,,True,True,False,5.0,5.0,white,none
18118467703631026,True,,False,False,False,4.0,5.0,indoor,none
17966915385060754,True,,False,False,False,5.0,1.0,white,none
18127075504578869,True,,False,False,True,5.0,6.0,white,few
18091333967143748,True,,False,False,True,5.0,10.0,other,few
18112129483774421,True,,True,True,False,5.0,3.0,white,none
18107343181727979,True,,True,True,False,5.0,3.0,white,none
17957880455936669,True,,False,False,False,4.0,6.0,other,none
17962150781918266,True,,True,True,True,5.0,5.0,white,few
18112766170775243,True,,False,False,True,5.0,4.0,white,few
17956540443082706,True,,True,True,False,5.0,1.0,indoor,none
18076272221278254,True,,True,True,False,5.0,2.0,studio,none
18430233811142193,True,,False,False,True,5.0,4.0,studio,few
18173079289396113,True,,True,True,False,5.0,2.0,white,none
18336450052169700,True,,False,False,True,5.0,2.0,indoor,heavy
18126471064597760,True,,True,True,False,5.0,6.0,white,none
18078847994131906,True,,False,True,True,5.0,4.0,other,heavy
18575389153034015,True,,True,True,True,5.0,4.0,studio,few
18065940083663684,True,,True,True,False,5.0,3.0,white,none
17945622408000849,True,,False,False,True,5.0,7.0,white,few
18349081213209899,True,,True,False,True,5.0,1.0,indoor,few
17989874222956137,True,,True,False,False,5.0,1.0,indoor,none
18066546443339414,True,,True,True,True,5.0,1.0,white,heavy
18133235014477191,True,,False,False,False,5.0,2.0,white,none
18072384935253127,True,,True,True,True,5.0,3.0,indoor,few
18048934694736736,True,,True,True,False,4.0,5.0,indoor,none
18007489781888578,True,,True,True,False,5.0,4.0,indoor,none
18106349572881897,True,,True,True,True,5.0,9.0,studio,heavy
17934412053225735,True,,True,True,False,5.0,2.0,studio,none
18091293836236813,True,,True,True,False,5.0,2.0,studio,none
18116531059731260,True,,False,False,False,5.0,3.0,indoor,none
17861464041622561,True,,True,True,True,5.0,4.0,outdoor,few
17967927383901120,True,,False,False,True,5.0,1.0,indoor,few
17962772033916708,True,,True,True,False,5.0,1.0,studio,none
17992104995780254,True,,True,True,True,5.0,3.0,white,few
18110101702892671,True,,True,True,False,5.0,3.0,studio,none
18097761742994817,True,,False,False,False,5.0,3.0,outdoor,none
17965521213064778,True,,True,True,False,5.0,5.0,white,none
18156080677394055,True,,False,False,True,5.0,1.0,white,few
18336214483174558,True,,False,False,False,5.0,1.0,outdoor,none
18056990330466711,True,,True,True,True,5.0,4.0,outdoor,few
17878301052435467,True,,False,False,True,5.0,3.0,indoor,heavy
17933959284229099,True,,True,True,False,5.0,6.0,white,none
18092677451467089,True,,True,True,False,4.0,1.0,other,few
18167162968418283,True,,True,True,True,5.0,6.0,studio,few
17995746296945828,True,,False,False,False,5.0,1.0,studio,none
18074451236194509,True,,True,True,True,5.0,7.0,white,heavy
18123010834550929,True,,False,False,True,4.0,4.0,indoor,heavy
17921402211325463,True,,True,False,False,5.0,3.0,studio,none
18145844065491038,True,,False,False,False,5.0,4.0,indoor,none
18128399410592946,True,,True,False,False,5.0,3.0,studio,none
18201487423342403,True,,True,False,False,4.0,2.0,outdoor,few
18047071139743542,True,,True,True,False,5.0,5.0,outdoor,none
18063421436368526,True,,True,True,False,5.0,1.0,studio,none
18019209095817962,True,,True,True,False,5.0,4.0,studio,none
17864021094679949,True,,True,False,True,5.0,8.0,other,heavy
18100289647954603,True,,True,True,False,5.0,1.0,white,none
18116348983731710,True,,True,False,False,5.0,2.0,outdoor,none
18114477685758526,True,,True,True,False,5.0,1.0,indoor,none
18580946227017034,True,,True,True,True,5.0,2.0,white,heavy
18314307037286033,True,,False,False,True,5.0,1.0,white,heavy
18117190426710132,True,,False,False,True,5.0,2.0,white,few
17946587547148296,True,,True,False,True,5.0,1.0,white,heavy
18101901685757637,True,,True,True,False,5.0,1.0,white,none
17934983301228789,True,,False,False,False,5.0,2.0,outdoor,none
17910527526185231,True,,False,False,False,4.0,4.0,studio,none
18048242132724540,True,,True,True,False,5.0,8.0,studio,few
18068277452317662,True,,False,False,True,5.0,3.0,white,few
18098592392000955,True,,True,True,True,5.0,1.0,white,few
18078895061140019,True,,False,False,False,5.0,6.0,studio,none
18096371252020204,True,,False,False,False,5.0,1.0,outdoor,none
18094568282161891,True,,False,False,False,5.0,9.0,white,none
17959564638077025,True,,True,True,False,5.0,3.0,studio,none
17999854115752308,True,,True,True,True,5.0,6.0,studio,heavy
17942899290011374,True,,True,True,False,5.0,5.0,studio,none
18102727897940602,True,,True,False,True,5.0,1.0,studio,few
18018404309827395,True,,True,False,True,5.0,8.0,white,few
18101313286803477,True,,True,True,False,5.0,1.0,studio,none
18122768470627199,True,,True,True,False,5.0,8.0,studio,none
18098514655819618,True,,True,True,False,5.0,3.0,white,none
18046716572559682,True,,True,True,False,5.0,3.0,studio,none
18319566169250018,True,,False,False,True,5.0,1.0,white,few
18069119078299293,True,,True,False,False,5.0,1.0,white,none
17925135573270872,True,,True,True,True,5.0,1.0,studio,few
17996222714931939,True,,False,False,True,5.0,10.0,studio,heavy
18032243537790017,True,,False,False,True,4.0,4.0,other,few
17944246638173733,True,,True,True,False,5.0,4.0,studio,none
18099380177076903,True,,False,False,False,5.0,1.0,indoor,none
17853718836648641,True,,True,True,True,5.0,6.0,studio,few
18098348729094694,True,,False,False,False,5.0,4.0,white,none
18152165488462177,True,,True,True,False,5.0,6.0,outdoor,none
18145205167492270,True,,True,True,False,5.0,3.0,white,none
18097229705030758,True,,True,False,True,5.0,1.0,studio,heavy
18148685533469148,True,,False,False,False,5.0,1.0,white,none
18431624878138988,True,,True,False,True,4.0,5.0,outdoor,few
18210316852328584,True,,False,False,False,5.0,7.0,studio,none
18520717921078591,True,,False,False,False,5.0,3.0,studio,none
18086120771612765,True,,True,True,False,5.0,6.0,studio,none
17860134858625153,True,,False,False,False,5.0,1.0,studio,none
18160840393433936,True,,False,False,True,5.0,3.0,indoor,heavy
18126422314583172,True,,False,False,True,5.0,5.0,white,heavy
18202118065340379,True,,False,False,True,5.0,1.0,white,few
18099899126098318,True,,True,True,True,5.0,2.0,studio,few
18115276720684989,True,,False,False,False,5.0,3.0,studio,none
18125388103720067,True,,False,False,True,5.0,2.0,studio,few
17962372017064431,True,,False,False,False,5.0,3.0,studio,none
18127940626585286,True,,True,False,False,5.0,2.0,indoor,none
17881245591538072,True,,True,True,False,5.0,3.0,studio,none
18082015178080682,True,,True,True,False,5.0,8.0,indoor,none
18084166979526371,True,,False,False,True,5.0,1.0,white,few
17898297561426366,True,,True,True,True,5.0,4.0,studio,few
18140013526448377,True,,True,True,True,5.0,10.0,studio,few
18111277399876620,True,,True,True,False,5.0,3.0,studio,none
17877836958564855,True,,True,True,False,5.0,3.0,outdoor,none
18064068578692029,True,,True,True,False,5.0,2.0,indoor,none
17972487114009387,True,,False,False,False,5.0,1.0,white,none
17894933223307914,True,,True,True,True,5.0,1.0,white,heavy
18088874639238303,True,,True,True,True,5.0,6.0,white,few
18027496169819224,True,,True,True,False,5.0,5.0,white,none
18128015197505562,True,,False,False,False,4.0,1.0,indoor,none
18111614299698491,True,,True,True,True,5.0,4.0,outdoor,heavy
18001744268734152,True,,False,True,True,5.0,1.0,indoor,heavy
18261583420288835,True,,False,False,True,5.0,1.0,outdoor,few
18061341998388505,True,,False,False,False,5.0,3.0,outdoor,none
18322206586268512,True,,True,True,False,5.0,7.0,studio,none
17885976723500086,True,,False,False,False,5.0,5.0,studio,few
18419142718120706,True,,True,True,True,5.0,4.0,white,few
18131939200553540,True,,False,False,True,5.0,6.0,indoor,few
17964023541020027,True,,True,True,False,5.0,2.0,white,none
18129956596577718,True,,False,False,False,5.0,2.0,white,few
18097372562159325,True,,True,True,True,5.0,5.0,white,few
18093743416879307,True,,True,True,False,5.0,2.0,indoor,none
17991737738784010,True,,False,False,True,5.0,4.0,white,few
17871855000476470,True,,True,False,False,5.0,1.0,studio,none
18193203859317139,True,,True,True,True,5.0,5.0,studio,few
17884773087475039,True,,False,False,False,5.0,2.0,outdoor,none
18092958814930718,True,,True,False,False,4.0,2.0,indoor,none
18008807195851086,True,,False,False,True,5.0,2.0,studio,few
18093037994125829,True,,True,True,False,5.0,5.0,indoor,none
17916300453355837,True,,False,False,True,5.0,10.0,studio,heavy
17855852268687890,True,,True,False,False,4.0,2.0,indoor,none
18226195378310496,True,,True,True,False,3.0,1.0,indoor,heavy
17870432331598970,True,,True,True,False,5.0,5.0,outdoor,none
18016489112835652,True,,True,False,False,5.0,4.0,studio,none
18115207633683098,True,,True,True,True,5.0,1.0,outdoor,few
17940943881189465,True,,False,False,True,5.0,6.0,indoor,few
18173826874395342,True,,False,False,True,5.0,2.0,white,few
18093345127890088,True,,True,True,False,5.0,10.0,outdoor,none
17945340168141537,True,,False,False,False,5.0,1.0,white,none
18015861402211228,True,,False,False,False,4.0,1.0,indoor,none
18078508577628377,True,,False,False,False,5.0,2.0,studio,none
18108065333507154,True,,False,False,True,4.0,6.0,indoor,heavy
17884818213503095,True,,True,True,True,5.0,1.0,indoor,few
17937574473081863,True,,True,True,False,5.0,2.0,white,none
18157642588444073,True,,True,True,True,5.0,3.0,outdoor,few
17875386639589114,True,,True,True,True,5.0,3.0,studio,few
18011749040845017,True,,False,False,True,5.0,6.0,indoor,few
17887956549352972,True,,False,False,False,5.0,1.0,studio,none
18128267335717595,True,,True,True,False,5.0,10.0,outdoor,few
18003614384903814,True,,False,False,True,5.0,2.0,white,few
18063972191340941,True,,True,True,False,5.0,5.0,studio,none
18086248937205555,True,,True,True,False,5.0,1.0,indoor,none
18095745041088832,True,,False,False,True,5.0,9.0,other,heavy
18112254718762296,True,,False,False,False,5.0,1.0,white,none
18078132779426972,True,,False,False,False,4.0,1.0,studio,none
18053330162678274,True,,True,True,False,5.0,5.0,white,none
18082228676099142,True,,False,False,True,5.0,3.0,studio,heavy
17945691948167190,True,,False,False,False,5.0,1.0,indoor,few
17862322380553983,True,,True,False,False,5.0,1.0,indoor,none
17961144159108302,True,,False,False,True,5.0,7.0,studio,few
18106899766906504,True,,True,True,False,5.0,4.0,studio,none
18137013907508108,True,,True,True,True,5.0,3.0,outdoor,few
17878740747424727,True,,True,True,True,5.0,1.0,indoor,few
17938125993191758,True,,False,False,False,5.0,3.0,studio,none
18386199172094399,True,,False,False,True,5.0,1.0,studio,few
17923347552274258,True,,True,False,True,4.0,4.0,outdoor,heavy
18098984330474201,True,,True,True,False,5.0,4.0,indoor,none
17859206379687363,True,,False,False,True,4.0,2.0,white,few
17846898777692962,True,,True,True,True,5.0,1.0,indoor,heavy
17996135540946741,True,,True,True,True,5.0,2.0,studio,few
18081506003455349,True,,True,True,True,5.0,4.0,other,heavy
18099258047076115,True,,True,True,False,5.0,4.0,studio,none
17995727246762822,True,,True,False,False,5.0,2.0,white,none
18046120529724501,True,,False,False,True,5.0,1.0,studio,heavy
18458386591108613,True,,False,False,False,5.0,9.0,indoor,none
18074861750537414,True,,False,False,False,5.0,3.0,indoor,none
17988234890794164,True,,True,False,True,4.0,1.0,indoor,few
18102526382293534,True,,True,True,False,5.0,1.0,studio,none
17942527323192057,True,,True,True,False,5.0,4.0,indoor,none
17993903714958592,True,,True,True,False,5.0,4.0,studio,none
18330252655247524,True,,True,False,False,5.0,2.0,white,none
18005718245712958,True,,False,False,False,2.0,1.0,indoor,none
18082565012081264,True,,True,True,False,5.0,6.0,studio,none
18081684839115993,True,,False,False,True,4.0,4.0,white,few
18095987576020374,True,,False,False,False,5.0,6.0,white,none
18078044285137631,True,,True,True,True,5.0,1.0,outdoor,few
17881661556531826,True,,True,True,False,5.0,2.0,studio,none
18077436014168710,True,,False,False,False,5.0,5.0,studio,none
18119649853642159,True,,False,False,True,5.0,8.0,white,few
17915522148359924,True,,True,True,False,5.0,3.0,studio,none
18130275844562962,True,,False,False,True,5.0,3.0,white,few
18114342082758613,True,,False,False,False,5.0,10.0,indoor,none
18573826363046482,True,,False,False,False,4.0,1.0,outdoor,none
18115433956593864,True,,False,False,True,4.0,1.0,outdoor,few
18076728530633009,True,,True,True,True,4.0,1.0,outdoor,few
18011371472851446,True,,False,False,True,4.0,2.0,indoor,few
17899789395261691,True,,True,True,False,5.0,3.0,studio,none
17936497965198034,True,,False,False,False,4.0,1.0,studio,none
18099757175009285,True,,True,False,False,5.0,1.0,white,none
18077436266316342,True,,True,True,False,5.0,4.0,studio,none
18043580711757879,True,,False,False,False,5.0,1.0,white,none
17886443289473739,True,,False,False,False,4.0,1.0,indoor,none
18456892534099881,True,,True,False,True,4.0,4.0,white,heavy
18107555911712977,True,,True,True,True,5.0,2.0,studio,heavy
18070974668648033,True,,True,True,False,5.0,1.0,white,none
18004813745885839,True,,True,False,False,5.0,2.0,outdoor,none
18319987060264225,True,,True,True,False,5.0,2.0,studio,none
18102577955486363,True,,False,False,True,5.0,4.0,white,few
18090587903234348,True,,False,False,False,5.0,2.0,indoor,none
18110023711892374,True,,False,False,True,5.0,2.0,studio,few
18083658728358593,True,,True,True,True,5.0,2.0,outdoor,few
18046376120746061,True,,False,False,False,4.0,3.0,indoor,none
18006169271892477,True,,True,True,False,5.0,5.0,indoor,none
18046153919735293,True,,True,False,False,4.0,4.0,outdoor,none
18015852032683704,True,,True,True,False,4.0,10.0,outdoor,none
18125231989515849,True,,False,False,False,5.0,1.0,white,none
18112446307808796,True,,True,True,False,5.0,2.0,white,none
18530849650068857,True,,True,True,False,5.0,1.0,studio,none
17890632633331572,True,,True,True,True,5.0,1.0,studio,heavy
18068137469331566,True,,True,True,False,5.0,2.0,studio,none
17869939668607446,True,,True,False,True,4.0,1.0,white,few
17967967062018287,True,,False,False,True,5.0,4.0,studio,few
18319737109248083,True,,True,True,False,4.0,2.0,outdoor,none
18249954607305817,True,,False,False,True,5.0,5.0,white,few
18128179873583721,True,,True,True,False,5.0,8.0,white,none
17927210733259355,True,,True,True,False,5.0,2.0,studio,none
18105218251927124,True,,False,False,False,5.0,1.0,outdoor,none
18389522497083708,True,,True,True,False,5.0,2.0,indoor,none
18088415687194164,True,,True,True,False,5.0,1.0,indoor,none
18109231129860192,True,,False,False,False,5.0,7.0,studio,none
17922414255323261,True,,False,False,True,5.0,8.0,indoor,few
18160358422437922,True,,True,True,True,5.0,4.0,studio,heavy
18007047632856395,True,,False,False,False,5.0,4.0,other,none
17874171546574296,True,,False,False,False,5.0,1.0,studio,none
18116270755655726,True,,True,False,False,5.0,4.0,indoor,none
18026932757803768,True,,True,True,False,5.0,3.0,outdoor,none
18123548764611910,True,,False,False,True,5.0,1.0,white,few
18134062918480484,True,,False,False,True,5.0,1.0,white,few
17984629616988218,True,,False,False,False,5.0,1.0,white,none
18099667558821288,True,,True,True,True,5.0,5.0,indoor,heavy
18024828482808893,True,,True,True,False,5.0,2.0,other,none
18081274937451643,True,,False,False,False,5.0,1.0,indoor,none
17901784389423510,True,,True,True,False,5.0,6.0,outdoor,none
17865643044535070,True,,True,True,False,5.0,3.0,outdoor,none
17928392991087784,True,,True,True,False,5.0,1.0,studio,none
18102807133736498,True,,False,False,True,3.0,2.0,studio,few
18120138007617344,True,,True,True,True,5.0,1.0,outdoor,heavy
17944086222155617,True,,False,False,True,5.0,6.0,studio,heavy
18013990295838824,True,,True,True,False,4.0,10.0,indoor,few
17904189219238818,True,,True,True,False,5.0,2.0,outdoor,none
18087991985214843,True,,False,False,True,5.0,1.0,studio,few
18094039670126711,True,,False,False,False,5.0,2.0,indoor,none
18082724963067539,True,,True,False,True,5.0,3.0,studio,few
17934234921213048,True,,False,False,True,5.0,1.0,white,few
18117473074727905,True,,False,False,False,5.0,3.0,studio,few
17969564628019580,True,,False,False,True,5.0,1.0,white,few
18119042536652854,True,,True,True,False,5.0,2.0,indoor,none
18334736815216191,True,,True,True,True,5.0,2.0,white,heavy
18132906640538825,True,,True,True,True,5.0,4.0,studio,few
18106241543500660,True,,True,False,False,5.0,4.0,white,none
18097642505021311,True,,True,True,False,5.0,2.0,white,none
17938236717038449,True,,True,True,True,5.0,3.0,indoor,few
18149713066466541,True,,True,True,True,5.0,6.0,studio,few
18118063819637297,True,,True,True,True,5.0,1.0,outdoor,few
18087193586362904,True,,True,True,False,4.0,4.0,outdoor,none
17919042723321932,True,,True,True,True,5.0,6.0,studio,few
18337457170170656,True,,True,True,False,5.0,10.0,studio,few
18420147697123919,True,,False,False,False,5.0,5.0,outdoor,none
18069607433397222,True,,False,False,False,4.0,4.0,white,none
18223752391315610,True,,False,False,False,5.0,1.0,white,none
17916720960344717,True,,True,True,True,5.0,2.0,indoor,few
18120857392626450,True,,True,True,True,5.0,2.0,studio,few
18100421197819708,True,,True,True,False,5.0,5.0,studio,none
18153943549479132,True,,True,True,False,5.0,9.0,white,none
18096807922853911,True,,False,False,True,5.0,10.0,white,few
18089496422247020,True,,True,False,False,5.0,1.0,studio,none
18082234907091288,True,,False,False,True,5.0,3.0,studio,few
18147954397480274,True,,False,False,False,5.0,1.0,white,none
17858802342652521,True,,False,False,False,5.0,2.0,studio,none
17935612416211993,True,,False,False,False,4.0,3.0,indoor,none
18183438628378731,True,,True,False,False,5.0,6.0,white,none
17898980454263904,True,,False,False,False,5.0,5.0,indoor,none
18126119770512802,True,,True,True,False,5.0,5.0,studio,none
18073887521221060,True,,False,False,False,5.0,2.0,studio,none
18077472503544304,True,,True,True,False,5.0,3.0,indoor,none
18092066594180402,True,,True,True,False,4.0,3.0,outdoor,none
18086971430598413,True,,True,True,False,5.0,2.0,indoor,none
18577733218049465,True,,False,False,False,4.0,1.0,indoor,none
18466620727098530,True,,True,False,False,4.0,1.0,white,none
17942648250013048,True,,True,True,False,4.0,3.0,indoor,none
18111473716696400,True,,True,True,False,4.0,5.0,studio,few
18172982248398917,True,,True,True,False,5.0,5.0,white,none
18006846593891028,True,,False,False,False,5.0,1.0,studio,none
18078633110238925,True,,False,False,False,4.0,4.0,indoor,few
18017080307672282,True,,True,True,False,5.0,7.0,studio,none
17862300690564281,True,,True,False,True,5.0,4.0,studio,few
18137928121450954,True,,False,False,True,5.0,1.0,white,heavy
17949380714980806,True,,False,False,False,5.0,1.0,white,none
17847661995693107,True,,True,True,False,5.0,3.0,outdoor,none
18263100409289504,True,,True,True,True,4.0,5.0,indoor,few
18077424149175055,True,,True,True,False,5.0,4.0,indoor,none
17966501520047181,True,,True,True,False,5.0,2.0,indoor,none
17905533540403974,True,,True,True,True,5.0,1.0,studio,few
18101906956996723,True,,True,True,False,5.0,2.0,studio,none
18217002289316497,True,,True,True,True,5.0,3.0,outdoor,few
18128660941506298,True,,True,True,False,5.0,5.0,outdoor,none
18390443461084171,True,,True,True,True,5.0,1.0,white,few
18339239560300177,True,,True,True,False,5.0,3.0,outdoor,none
18404138953147465,True,,True,True,False,5.0,5.0,studio,none
18435440920140562,True,,True,True,False,4.0,8.0,outdoor,none
18085980692613747,True,,False,False,True,5.0,1.0,white,few
17926218114091393,True,,True,True,False,5.0,6.0,indoor,none
18086708891265151,True,,True,False,True,5.0,8.0,indoor,heavy
18102666806291816,True,,True,False,False,5.0,5.0,indoor,none
18000999260935498,True,,True,True,False,5.0,5.0,outdoor,none
18102541835311567,True,,True,True,True,5.0,1.0,indoor,few
17933972490208906,True,,True,False,True,5.0,5.0,studio,few
18078969059387523,True,,True,False,False,5.0,2.0,studio,none
18101048207317968,True,,False,False,False,5.0,2.0,white,none
18169982836408270,True,,False,False,True,5.0,6.0,studio,heavy
17996691266941786,True,,False,False,True,5.0,8.0,indoor,few
18095513744151224,True,,False,False,True,4.0,3.0,indoor,few
18134133322558569,True,,True,True,True,5.0,6.0,indoor,few
18079348979445811,True,,True,True,False,5.0,7.0,studio,none
17919145941343003,True,,False,False,False,5.0,1.0,studio,none
17863855656547918,True,,True,True,True,5.0,10.0,white,heavy
18079167086379151,True,,False,False,True,5.0,8.0,white,few
17936623590232157,True,,False,False,False,5.0,1.0,studio,none
18068703638328131,True,,True,True,False,5.0,2.0,white,none
18147973042473664,True,,True,True,False,5.0,2.0,white,none
18004086212914380,True,,False,False,False,5.0,1.0,white,none
18108584647657270,True,,True,True,True,5.0,2.0,studio,few
18139866577450825,True,,True,False,False,5.0,2.0,indoor,none
17919895761318002,True,,False,False,False,4.0,3.0,indoor,none
17937758454193760,True,,False,False,False,5.0,2.0,outdoor,none
18098283422037635,True,,True,False,True,5.0,1.0,white,few
18093658697125676,True,,False,False,True,5.0,1.0,white,heavy
18134056666545420,True,,False,False,False,5.0,2.0,white,none
18063926243352487,True,,True,False,False,5.0,6.0,studio,none
17991334148955827,True,,True,True,False,4.0,3.0,indoor,none
18045565796732192,True,,True,True,False,5.0,1.0,studio,none
18327267841269445,True,,False,False,True,5.0,1.0,indoor,few
18066844427677047,True,,True,True,True,5.0,2.0,indoor,few
18096201470024983,True,,True,True,False,5.0,4.0,white,none
18126381409599054,True,,False,False,False,5.0,2.0,studio,none
18133962721481637,True,,False,False,True,5.0,5.0,studio,few
18113999275691107,True,,False,False,True,5.0,6.0,white,heavy
18060106472703151,True,,False,False,False,5.0,3.0,studio,none
18580645255060715,True,,True,True,False,5.0,4.0,studio,none
17865217986667292,True,,True,True,True,5.0,1.0,studio,few
18042011096553187,True,,False,False,False,5.0,2.0,studio,none
18173916124401755,True,,True,True,True,5.0,1.0,indoor,few
18074520770252219,True,,False,False,True,5.0,5.0,other,few
18175036984394321,True,,True,True,True,5.0,4.0,white,heavy
18447075637115890,True,,False,False,False,5.0,4.0,white,few
17920718304301549,True,,True,True,True,5.0,2.0,studio,few
18580369012017291,True,,True,True,False,5.0,2.0,white,none
18190785727369390,True,,False,False,False,5.0,1.0,white,none
18131514739559403,True,,False,False,True,5.0,2.0,studio,few
17981490017828599,True,,True,True,False,5.0,7.0,other,heavy
18107634001888616,True,,True,True,True,5.0,2.0,outdoor,few
18114780985667710,True,,True,True,False,5.0,4.0,white,none
17896203600428362,True,,False,False,False,5.0,1.0,indoor,none
17902953633246220,True,,True,True,False,5.0,3.0,studio,none
17873686638586447,True,,False,False,True,5.0,2.0,indoor,few
18008594639704802,True,,False,False,True,5.0,10.0,studio,few
18199928731346674,True,,False,False,True,5.0,4.0,studio,heavy
18062532356397427,True,,True,True,False,5.0,6.0,studio,none
18124956445589777,True,,False,False,True,5.0,1.0,white,few
17889355107354910,True,,True,True,False,5.0,5.0,studio,none
18064753301668708,True,,True,False,True,5.0,10.0,studio,few
18581023582045602,True,,False,False,False,5.0,4.0,studio,none
17961894402073826,True,,True,True,True,5.0,6.0,outdoor,heavy
17922306486320880,True,,False,False,False,5.0,4.0,studio,none
18085047938346973,True,,False,False,True,5.0,1.0,studio,few
18082780124531040,True,,False,False,False,5.0,2.0,indoor,none
17864994870668748,True,,True,True,False,5.0,2.0,white,few
18201977977337052,True,,False,False,True,4.0,10.0,indoor,few
18126430927522284,True,,True,True,True,5.0,3.0,outdoor,few
18100306288812593,True,,True,True,False,4.0,6.0,outdoor,none
18103957709304233,True,,False,False,False,5.0,1.0,studio,none
18148242436472097,True,,False,False,False,5.0,9.0,studio,none
17867314362611366,True,,True,False,False,5.0,2.0,studio,none
17924966463268001,True,,True,True,False,5.0,1.0,studio,none
17980589378995536,True,,False,False,False,5.0,2.0,white,none
18092911670161250,True,,False,False,True,5.0,6.0,indoor,few
17896224831429790,True,,True,True,False,5.0,3.0,studio,none
17897108919422904,True,,True,False,True,5.0,7.0,studio,few
18087323555248146,True,,False,False,True,4.0,1.0,indoor,few
18134663932474812,True,,False,False,False,5.0,1.0,white,none
18017092514664665,True,,True,True,True,5.0,3.0,outdoor,few
17939105250209945,True,,False,False,True,5.0,4.0,white,few
18075593237637645,True,,True,False,False,4.0,8.0,indoor,few
18209520844335686,True,,False,False,True,5.0,3.0,white,heavy
18093453784907375,True,,False,False,False,5.0,5.0,studio,none
18078114920172352,True,,True,True,True,5.0,5.0,studio,few
18005179769720914,True,,True,False,False,5.0,3.0,white,none
18579543058018437,True,,False,False,True,4.0,1.0,white,heavy
18053644049499536,True,,False,False,False,5.0,1.0,other,none
18077731058425058,True,,False,False,True,5.0,7.0,white,few
18102367193058021,True,,False,False,True,5.0,10.0,studio,few
18006111548857010,True,,False,False,True,5.0,1.0,white,few
17988013976791828,True,,True,False,True,4.0,1.0,outdoor,few
18094091248887760,True,,True,False,True,3.0,1.0,indoor,heavy
18114556000688263,True,,True,True,True,5.0,4.0,white,few
18094240436588206,True,,True,True,True,5.0,2.0,indoor,few
18099587801092328,True,,True,True,False,5.0,3.0,studio,none
18000258518868072,True,,False,False,False,4.0,3.0,other,none
18066204602666314,True,,False,False,False,4.0,1.0,indoor,few
17957680658939513,True,,True,True,False,5.0,1.0,studio,none
18093471209330047,True,,True,True,False,5.0,2.0,studio,none
18112855237828282,True,,True,True,True,5.0,8.0,white,few
18095050364136683,True,,False,False,False,5.0,4.0,indoor,none
18037752716780776,True,,False,False,True,5.0,7.0,white,heavy
18086069981370317,True,,False,False,True,4.0,1.0,indoor,few
18390433489084031,True,,True,False,False,4.0,5.0,white,none
18108555613828639,True,,False,False,True,5.0,7.0,white,few
17905431285394442,True,,False,False,True,5.0,4.0,outdoor,few
18093551198518492,True,,True,False,False,5.0,2.0,white,none
18078638420136479,True,,True,False,False,5.0,1.0,indoor,none
17897399460429510,True,,False,False,False,5.0,3.0,white,none
18116403124636966,True,,False,False,True,5.0,3.0,indoor,few
18094544840333579,True,,False,False,True,5.0,5.0,white,few
17874583782598773,True,,True,True,True,5.0,5.0,white,few
17869322517505822,True,,True,True,True,4.0,2.0,indoor,few
17858969178630869,True,,True,True,False,4.0,3.0,indoor,none
18135494098522809,True,,True,False,False,5.0,6.0,outdoor,none
18105971524906220,True,,False,False,True,5.0,9.0,white,heavy
17984270048797116,True,,False,False,False,4.0,1.0,indoor,none
17883268071543176,True,,True,True,False,5.0,2.0,outdoor,none
18110843881862347,True,,True,False,True,5.0,7.0,studio,few
18579103972017867,True,,True,True,True,5.0,5.0,other,heavy
18228275887308636,True,,True,True,True,5.0,8.0,outdoor,few
18047302748754479,True,,True,False,False,5.0,5.0,outdoor,none
17846895330696757,True,,False,False,False,5.0,1.0,white,few
18094300883278009,True,,True,True,False,5.0,5.0,outdoor,none
18177993154389835,True,,True,True,False,5.0,4.0,white,none
17948542875133113,True,,True,True,False,5.0,1.0,white,none
18345130186243189,True,,True,True,False,5.0,1.0,outdoor,none
18022922408650321,True,,True,True,True,5.0,10.0,studio,heavy
18003923189875700,True,,False,False,False,5.0,4.0,outdoor,few
18167990626417265,True,,True,True,False,5.0,2.0,studio,none
18076492040307110,True,,True,True,True,5.0,2.0,outdoor,few
17853395175629287,True,,True,False,False,5.0,2.0,indoor,none
17969059665039906,True,,True,False,False,4.0,6.0,outdoor,none
18088630547241855,True,,True,True,False,4.0,2.0,indoor,none
18097344182037439,True,,True,False,True,5.0,4.0,outdoor,few
18100007363060326,True,,True,False,True,4.0,3.0,indoor,few
18091909987919902,True,,False,False,False,5.0,4.0,outdoor,none
17865000006534131,True,,True,True,False,5.0,4.0,indoor,none
18080969162190363,True,,False,False,False,5.0,6.0,studio,none
18094365872156982,True,,False,False,False,5.0,1.0,white,none
18112950259699078,True,,True,True,True,5.0,1.0,white,few
17895030798441476,True,,False,False,True,4.0,5.0,studio,few
18523087867077192,True,,True,True,False,5.0,6.0,indoor,none
17953362236964417,True,,True,True,False,4.0,1.0,indoor,none
18100442374972287,True,,True,False,True,5.0,3.0,indoor,few
18077363621393808,True,,False,False,False,5.0,1.0,studio,none
18084077819526389,True,,True,True,False,5.0,1.0,indoor,none
18126261481584485,True,,True,True,False,5.0,1.0,studio,none
18086149751017874,True,,True,False,True,4.0,3.0,outdoor,few
18150402907478494,True,,False,False,False,4.0,1.0,studio,none
18120200131723436,True,,False,False,True,5.0,3.0,studio,few
17959800228080720,True,,False,False,False,5.0,1.0,indoor,none
17948099511136908,True,,False,False,True,5.0,2.0,studio,few
17894488737445210,True,,True,True,False,5.0,4.0,studio,none
18196996501358305,True,,False,True,True,5.0,8.0,studio,few
18389083984093416,True,,True,True,False,5.0,3.0,white,none
18135692263524002,True,,True,True,True,5.0,6.0,outdoor,heavy
17913027792359257,True,,False,False,False,4.0,1.0,studio,few
18074533502206622,True,,False,False,False,5.0,4.0,indoor,none
18403374805198139,True,,True,False,False,5.0,1.0,indoor,none
17936973003035767,True,,True,True,False,5.0,4.0,white,none
18415675057135776,True,,False,False,True,5.0,10.0,indoor,few
18060741560433828,True,,True,False,False,4.0,1.0,indoor,none
18097201919515435,True,,False,False,True,5.0,3.0,studio,heavy
18126377257586971,True,,True,True,True,5.0,10.0,other,heavy
18126831112590567,True,,True,True,True,5.0,1.0,studio,few
17882775093486249,True,,True,True,False,5.0,5.0,outdoor,none
17876585718435083,True,,False,True,False,4.0,1.0,indoor,few
18099553402980862,True,,False,False,False,5.0,2.0,studio,none
18086344802461215,True,,True,True,True,5.0,2.0,studio,few
18075493997184922,True,,True,True,True,5.0,1.0,studio,few
18061328825680701,True,,True,True,False,5.0,4.0,outdoor,none
18073480001275667,True,,False,False,False,5.0,1.0,white,none
18099287372100065,True,,True,True,False,5.0,1.0,indoor,none
17943374046176714,True,,True,True,False,5.0,3.0,white,none
18094188488325023,True,,True,False,True,5.0,3.0,indoor,few
18096523694025436,True,,True,True,True,5.0,1.0,studio,few
17853652632642873,True,,False,False,False,5.0,4.0,studio,none
17914323141358125,True,,False,False,True,5.0,3.0,white,heavy
17995878398763637,True,,True,False,False,5.0,1.0,outdoor,none
18170556664407142,True,,True,True,True,5.0,3.0,studio,few
18428966356142316,True,,True,True,True,5.0,1.0,studio,heavy
18104261141507072,True,,False,False,False,5.0,2.0,studio,none
17926653402267759,True,,False,False,False,5.0,4.0,white,none
18570027307033523,True,,False,False,True,5.0,5.0,white,few
18081856250452491,True,,True,False,False,5.0,6.0,studio,none
18573311428016744,True,,False,False,False,5.0,3.0,studio,few
18110611618660806,True,,False,False,True,5.0,4.0,studio,heavy
17938850589191298,True,,False,False,False,5.0,5.0,studio,none
17968376055047317,True,,True,False,True,5.0,3.0,indoor,few
18119212252640939,True,,False,False,True,5.0,5.0,indoor,heavy
18020249054827342,True,,True,False,False,5.0,2.0,studio,none
18396617980155995,True,,True,True,False,5.0,5.0,studio,none
17878261131435994,True,,True,True,False,5.0,2.0,studio,none
17863960920549233,True,,True,True,False,5.0,4.0,white,none
18335528113172157,True,,True,True,False,5.0,4.0,studio,none
17881833942395434,True,,True,False,True,5.0,1.0,studio,few
17882969757518930,True,,True,True,False,4.0,3.0,outdoor,none
18102419471297201,True,,False,False,False,5.0,2.0,studio,few
17981255723972777,True,,True,False,False,5.0,4.0,indoor,none
18576920527002452,True,,True,True,True,5.0,3.0,studio,heavy
17944029447172672,True,,True,True,False,5.0,3.0,outdoor,none
18102270334941320,True,,True,False,True,5.0,3.0,white,few
18081580706624787,True,,False,False,True,5.0,6.0,studio,few
17949067722133893,True,,True,True,True,5.0,8.0,studio,few
17907539517400585,True,,True,False,True,4.0,5.0,outdoor,few
18085857842524566,True,,True,True,True,5.0,6.0,studio,few
18091031231243148,True,,False,False,True,5.0,4.0,studio,few
18075683774288930,True,,False,False,False,5.0,3.0,studio,few
18116000908656172,True,,True,True,False,5.0,3.0,indoor,none
18465768283103833,True,,True,True,False,5.0,3.0,studio,none
17967955115892201,True,,True,True,True,5.0,5.0,studio,few
17923710468332766,True,,True,True,False,5.0,1.0,studio,none
17878042134433875,True,,True,True,True,5.0,1.0,studio,few
18118855726631192,True,,True,True,False,5.0,2.0,studio,none
17965640798901304,True,,True,True,False,5.0,5.0,studio,none
18111202654691158,True,,False,False,False,5.0,1.0,white,none
17892825093452634,True,,True,True,False,5.0,1.0,studio,none
17915474079163557,True,,False,False,False,5.0,5.0,studio,none
18141774886444908,True,,True,False,False,5.0,2.0,studio,none
18146436763485559,True,,True,False,True,5.0,3.0,studio,few
18078398066536210,True,,False,False,True,5.0,1.0,white,heavy
18173820064394746,True,,True,True,True,5.0,10.0,studio,heavy
18076663583532908,True,,True,True,False,4.0,3.0,outdoor,none
17892769647442939,True,,True,True,False,5.0,4.0,studio,none
17901941040420374,True,,True,True,True,5.0,1.0,outdoor,heavy
18101289164496797,True,,False,False,False,5.0,1.0,white,none
18611473636016348,True,,True,True,True,5.0,2.0,white,heavy
18117319198637340,True,,False,False,False,5.0,3.0,indoor,none
17882599566540382,True,,True,True,False,5.0,7.0,outdoor,none
18185461255373042,True,,True,False,False,4.0,2.0,studio,none
18372315553165612,True,,False,False,False,5.0,3.0,indoor,few
18190280602367849,True,,False,False,False,5.0,8.0,white,few
18070493387302483,True,,False,False,False,4.0,1.0,white,none
18112572460706704,True,,False,False,True,5.0,10.0,studio,heavy
17947023006159998,True,,True,False,True,5.0,2.0,studio,heavy
18088410521599584,True,,True,False,False,5.0,1.0,studio,none
18178470106385062,True,,False,False,True,5.0,2.0,indoor,few
18134596417546579,True,,False,False,True,5.0,1.0,other,heavy
18331835047221207,True,,True,False,False,4.0,1.0,indoor,none
17913620697162219,True,,False,False,True,5.0,8.0,white,few
18052418081708910,True,,True,True,False,5.0,2.0,white,none
17883808593539200,True,,True,True,True,5.0,5.0,white,heavy
17957496153094258,True,,False,False,False,5.0,5.0,white,none
18225761824313770,True,,False,False,False,5.0,1.0,white,none
18112592119706437,True,,False,False,True,4.0,3.0,studio,few
18126462106610196,True,,False,False,True,5.0,3.0,indoor,heavy
18101881574511233,True,,False,False,False,5.0,1.0,studio,few
18353554873228487,True,,True,True,False,5.0,3.0,indoor,none
17965710996028674,True,,True,True,False,5.0,4.0,white,none
18016000748836501,True,,True,True,False,5.0,5.0,indoor,none
18581106337016568,True,,False,False,True,5.0,4.0,studio,few
18332432002217838,True,,True,True,False,5.0,6.0,studio,none
17983275137989986,True,,False,False,False,5.0,2.0,outdoor,none
17902955811240577,True,,True,False,False,5.0,2.0,white,none
18078296285308234,True,,False,False,False,5.0,5.0,white,none
18100460783003435,True,,False,False,False,4.0,2.0,studio,few
17860577970689493,True,,False,False,True,5.0,5.0,studio,few
18107609023849726,True,,False,False,True,5.0,2.0,white,few
18097913228094425,True,,False,False,True,5.0,2.0,white,few
18065617751433253,True,,True,True,True,5.0,1.0,white,few
18099277675992031,True,,False,False,True,5.0,3.0,white,few
17932174881248786,True,,True,True,False,5.0,5.0,white,none
18572849758019239,True,,True,True,True,5.0,5.0,studio,few
17971206159016921,True,,True,True,False,5.0,6.0,studio,none
17960041736928704,True,,True,True,True,5.0,1.0,studio,few
18264482143288668,True,,False,False,True,5.0,9.0,other,few
18083240996609927,True,,True,False,False,5.0,1.0,studio,none
18071291732290111,True,,True,False,False,5.0,2.0,white,none
17933552016247531,True,,True,False,True,5.0,1.0,studio,few
18118194022655797,True,,True,False,False,5.0,2.0,studio,none
18459516937108606,True,,True,True,True,5.0,1.0,white,few
18347648821245812,True,,False,False,False,5.0,9.0,white,none
17968996842043055,True,,True,True,False,5.0,2.0,studio,none
18147205078477857,True,,True,True,True,5.0,5.0,indoor,few
17920762701313391,True,,True,True,True,5.0,2.0,white,few
17872503630583938,True,,True,True,False,5.0,3.0,indoor,none
18085955093198651,True,,True,True,True,5.0,4.0,white,few
18089176199250074,True,,True,True,False,5.0,4.0,studio,none
18101267743757815,True,,False,False,False,5.0,1.0,indoor,none
18402940327145761,True,,True,True,False,5.0,5.0,studio,none
17944948314160282,True,,False,False,False,5.0,1.0,white,none
18099195958821315,True,,True,True,False,5.0,5.0,studio,none
18187059547370260,True,,True,True,False,5.0,1.0,white,none
18097838333011365,True,,True,True,False,5.0,1.0,white,none
18087851402196059,True,,False,False,False,5.0,3.0,studio,few
18388760662089965,True,,True,True,True,5.0,2.0,outdoor,few
17994243050931468,True,,True,True,True,5.0,2.0,white,few
17888334063470014,True,,True,True,True,5.0,1.0,studio,heavy
18077622473536461,True,,True,True,True,5.0,8.0,studio,few
18080836910422566,True,,True,True,True,5.0,3.0,outdoor,few
17861692659681142,True,,True,False,False,5.0,2.0,studio,none
18158216410451244,True,,True,True,True,5.0,4.0,studio,few
18072447803642717,True,,True,False,False,5.0,3.0,studio,none
18079953578109530,True,,False,False,True,5.0,3.0,white,few
17933998374211178,True,,False,False,False,5.0,4.0,outdoor,none
18387233455095357,True,,True,False,False,4.0,3.0,white,none
17882421174515833,True,,False,False,True,4.0,1.0,white,few
18580506046001140,True,,False,False,True,4.0,1.0,white,few
18119910328565490,True,,True,False,True,5.0,1.0,outdoor,few
17961901911104330,True,,True,True,False,5.0,2.0,indoor,none
18128282752574762,True,,True,True,True,5.0,4.0,studio,heavy
17981403314830789,True,,True,True,False,5.0,4.0,studio,none
17891929185451971,True,,False,False,True,5.0,1.0,white,few
18049427636545003,True,,True,True,False,5.0,3.0,white,none
18161598145436966,True,,False,False,False,5.0,1.0,white,few
18030198533802516,True,,True,True,True,5.0,5.0,studio,heavy
18311741539287473,True,,True,True,True,5.0,5.0,white,few
18097719110088693,True,,True,True,False,5.0,3.0,studio,none
18006986261715316,True,,True,False,False,5.0,1.0,outdoor,none
17885113887485542,True,,False,False,False,5.0,6.0,indoor,few
17997535502939063,True,,False,False,True,5.0,5.0,indoor,few
18157454914446265,True,,True,True,False,5.0,2.0,white,none
18107118079894415,True,,True,False,True,3.0,2.0,indoor,few
17945922216153704,True,,True,False,True,5.0,3.0,white,few
17994402428932028,True,,False,False,False,5.0,3.0,white,none
18556831732066006,True,,True,True,False,5.0,8.0,indoor,none
18027569957802733,True,,True,False,True,5.0,6.0,studio,few
18118978858635650,True,,False,False,False,5.0,4.0,studio,none
17995983053933492,True,,True,True,False,5.0,1.0,indoor,none
17998407056926295,True,,True,True,True,5.0,1.0,indoor,few
17996893091927181,True,,True,True,False,5.0,1.0,studio,none
17883204351498272,True,,True,True,True,5.0,1.0,studio,few
18098302334480602,True,,False,False,True,5.0,1.0,other,heavy
18091211717183440,True,,False,False,True,5.0,1.0,studio,few
18073303502228544,True,,False,False,False,5.0,3.0,outdoor,none
17876839230437574,True,,False,False,False,5.0,7.0,white,none
17921913297282239,True,,True,True,True,5.0,3.0,studio,heavy
18081112235380453,True,,False,False,True,5.0,3.0,studio,heavy
18217804480320855,True,,True,True,False,5.0,2.0,outdoor,none
18349938166213721,True,,False,False,False,4.0,6.0,indoor,few
18150278548477927,True,,True,True,True,5.0,5.0,outdoor,few
18345936451243868,True,,True,True,True,5.0,3.0,studio,few
18062933321398573,True,,True,True,False,5.0,5.0,studio,none
18109729201655629,True,,False,False,True,4.0,1.0,outdoor,few
18081717473426074,True,,True,True,False,5.0,3.0,studio,none
18247568626305711,True,,True,False,True,5.0,4.0,other,heavy
17988355625976227,True,,True,False,True,5.0,4.0,indoor,heavy
18347600434242003,True,,True,True,False,5.0,7.0,white,none
18091046938981417,True,,True,True,True,5.0,3.0,outdoor,heavy
18106032514921520,True,,False,False,True,5.0,7.0,white,few
18030105860684548,True,,False,False,False,5.0,2.0,studio,none
18110414536760923,True,,True,True,False,5.0,6.0,indoor,none
18159811405445629,True,,True,True,False,4.0,3.0,white,none
17886141510488536,True,,True,True,True,5.0,1.0,studio,heavy
17944775769151458,True,,True,True,False,5.0,2.0,studio,none
17992248173776085,True,,True,True,True,5.0,3.0,studio,few
18094860158157399,True,,True,True,False,5.0,6.0,studio,none
18100276225781476,True,,True,False,True,5.0,1.0,studio,heavy
17906375919388240,True,,True,False,False,5.0,5.0,indoor,none
18119067868734255,True,,True,True,False,5.0,4.0,studio,none
17863178427673341,True,,True,True,False,3.0,4.0,indoor,none
18077832998208600,True,,True,True,False,5.0,3.0,studio,none
18051791126720284,True,,False,False,False,4.0,7.0,indoor,few
18111993394782287,True,,False,False,False,5.0,1.0,white,none
18115323724690724,True,,False,False,False,5.0,5.0,studio,none
17983562456986090,True,,True,True,False,5.0,6.0,indoor,none
18104165884731134,True,,False,False,False,5.0,2.0,indoor,none
18078337520139589,True,,False,False,True,4.0,2.0,white,few
18576620125013350,True,,False,False,True,5.0,5.0,studio,heavy
17884847013516207,True,,True,True,True,4.0,1.0,indoor,heavy
18324129577264889,True,,True,True,True,5.0,2.0,indoor,heavy
18037735781594276,True,,False,False,True,5.0,1.0,other,heavy
18093039521124644,True,,True,True,False,5.0,2.0,studio,none
18127297909600735,True,,False,False,True,4.0,1.0,other,heavy
18113495308849311,True,,False,False,True,4.0,1.0,indoor,heavy
18573764461059371,True,,True,False,False,5.0,2.0,studio,none
18094399349518343,True,,True,True,False,5.0,5.0,studio,none
18436270720188297,True,,False,False,False,5.0,1.0,white,none
18357932707230168,True,,False,False,False,5.0,2.0,studio,none
18086143919206516,True,,False,False,False,5.0,3.0,white,none
18099285400944671,True,,True,False,False,5.0,4.0,white,none
18040555874782846,True,,True,True,False,4.0,5.0,indoor,none
18082938632626262,True,,True,True,True,5.0,4.0,white,few
18094655195164957,True,,True,True,False,5.0,1.0,indoor,few
18103065541936989,True,,False,False,True,5.0,1.0,studio,heavy
18575521675014265,True,,False,False,True,5.0,7.0,white,few
18082518878612242,True,,False,False,True,5.0,2.0,studio,few
18219807118316385,True,,True,False,False,5.0,1.0,white,none
18064614986339249,True,,True,True,True,5.0,1.0,studio,few
18089148206227148,True,,True,True,False,5.0,2.0,studio,none
17991359453778563,True,,False,False,False,4.0,1.0,indoor,none
18004649747855936,True,,True,False,True,5.0,1.0,white,few
17930008068245216,True,,True,True,False,5.0,6.0,indoor,few
18095322806039339,True,,True,False,True,5.0,8.0,other,few
17878012512577243,True,,True,True,True,5.0,2.0,studio,heavy
17995438199931963,True,,False,False,True,5.0,9.0,studio,heavy
18117130537638756,True,,True,True,True,4.0,3.0,studio,few
18111691162692078,True,,True,True,True,5.0,5.0,other,heavy
18104054519505983,True,,True,True,True,5.0,3.0,studio,few
18090250393952226,True,,False,False,False,5.0,1.0,studio,none
18091967456272529,True,,False,False,False,4.0,3.0,indoor,none
18089208365253076,True,,True,False,False,5.0,1.0,studio,none
17931419709218591,True,,True,True,False,5.0,2.0,white,none
18097225385034318,True,,True,False,False,4.0,5.0,indoor,few
17890607763469601,True,,True,False,True,5.0,4.0,white,few
18125035360521962,True,,True,True,True,5.0,4.0,studio,few
17870484804657460,True,,True,True,False,5.0,9.0,studio,none
18083867831070598,True,,True,False,False,5.0,5.0,white,none
18214862707320124,True,,True,True,False,5.0,3.0,studio,none
18088366115187088,True,,True,True,False,5.0,1.0,studio,none
18337090897168937,True,,False,False,False,5.0,4.0,indoor,none
17988675221955159,True,,True,True,False,5.0,2.0,studio,none
18118146253715256,True,,False,False,False,5.0,3.0,studio,none
17952672863963849,True,,False,False,True,5.0,2.0,indoor,few
17943520737171337,True,,False,False,False,5.0,1.0,outdoor,few
18576225706027396,True,,True,True,False,4.0,10.0,studio,none
18321055090249104,True,,True,True,True,5.0,1.0,white,few
18088115807585487,True,,True,True,True,5.0,5.0,other,few
18044188061767566,True,,True,True,False,5.0,3.0,outdoor,none
18104192917924820,True,,True,True,True,4.0,1.0,white,heavy
18145770070428525,True,,False,False,False,5.0,1.0,studio,none
18048727724757485,True,,False,False,False,5.0,1.0,white,none
18099260699076744,True,,True,True,True,5.0,2.0,studio,few
17944787253153264,True,,False,False,True,4.0,4.0,studio,few
17888202972354091,True,,False,False,True,5.0,4.0,indoor,few
17970588291035122,True,,False,False,False,5.0,10.0,indoor,few
18407249596182375,True,,False,False,True,5.0,6.0,white,few
17985656819978618,True,,True,True,True,5.0,3.0,studio,few
18095642710899124,True,,True,True,False,5.0,4.0,studio,none
17961069621082251,True,,False,False,False,5.0,2.0,studio,none
18117232285646157,True,,False,False,False,5.0,10.0,indoor,few
18019793906820015,True,,False,False,False,5.0,1.0,outdoor,none
18086472200340464,True,,True,False,True,5.0,1.0,white,few
18083212991365159,True,,False,False,False,5.0,1.0,studio,none
18330785425222831,True,,True,True,False,5.0,5.0,studio,few
17872865628598890,True,,True,False,True,5.0,1.0,indoor,few
17897059791280360,True,,True,False,False,5.0,2.0,outdoor,none
17947201836170548,True,,True,False,True,5.0,3.0,outdoor,few
18133780915469533,True,,False,False,False,5.0,1.0,studio,none
18150987280462592,True,,True,True,False,4.0,1.0,indoor,few
17987422082980987,True,,True,True,False,5.0,1.0,indoor,none
18117221290675618,True,,True,True,True,5.0,10.0,outdoor,few
18104384830929454,True,,False,False,True,5.0,1.0,white,few
17910363000373740,True,,True,False,True,5.0,2.0,indoor,few
18166696867418972,True,,True,False,True,4.0,1.0,indoor,few
18051822806706537,True,,True,True,False,5.0,3.0,studio,none
18099170071962558,True,,True,False,False,5.0,4.0,white,none
18094211977882075,True,,True,True,True,5.0,1.0,studio,few
18354366061235277,True,,True,True,False,5.0,4.0,white,none
18062846498351345,True,,False,False,True,5.0,1.0,studio,few
18061827677694804,True,,False,False,False,5.0,1.0,white,heavy
17991432191778278,True,,True,True,True,5.0,4.0,studio,few
18099266467824749,True,,True,True,True,5.0,1.0,indoor,few
17892857043451566,True,,True,True,True,5.0,7.0,studio,few
18015781595835569,True,,True,True,True,5.0,1.0,white,few
17984929217981644,True,,False,False,True,5.0,4.0,studio,few
17882545182531880,True,,True,False,False,5.0,2.0,indoor,none
17944228047155195,True,,True,False,False,5.0,1.0,indoor,none
17872381710600281,True,,False,False,False,5.0,2.0,studio,none
18317767981256567,True,,True,True,True,5.0,8.0,indoor,few
18069300617345065,True,,True,True,True,5.0,5.0,studio,heavy
18069068264315768,True,,True,True,False,5.0,1.0,studio,none
18069721412314725,True,,False,False,True,5.0,1.0,white,few
17937816900034864,True,,True,True,True,4.0,5.0,outdoor,few
18094372247274690,True,,True,False,False,5.0,8.0,outdoor,none
18348691390241816,True,,True,True,False,5.0,7.0,studio,none
18354767869238572,True,,False,False,False,5.0,2.0,studio,none
17982436298826361,True,,True,True,False,5.0,3.0,studio,none
17993387675956784,True,,False,False,True,5.0,1.0,studio,few
17920654320338145,True,,True,False,True,5.0,2.0,indoor,few
18101174323977692,True,,True,True,True,5.0,10.0,studio,heavy
18138785548506037,True,,True,True,False,5.0,2.0,studio,none
17847834195690662,True,,True,True,False,5.0,2.0,outdoor,none
18088774661351989,True,,False,False,False,5.0,1.0,outdoor,few
18335762446221958,True,,True,True,True,5.0,2.0,studio,few
18126603433586476,True,,True,True,True,5.0,7.0,outdoor,heavy
18109993786867711,True,,True,True,True,5.0,2.0,indoor,few
17873823201457582,True,,True,True,False,5.0,2.0,studio,none
18084397499346883,True,,True,True,True,5.0,9.0,studio,heavy
17859854499623957,True,,False,False,True,5.0,10.0,white,heavy
17964618474056919,True,,False,False,True,5.0,3.0,studio,heavy
18083434622618521,True,,True,True,True,4.0,1.0,outdoor,few
17890171239465381,True,,False,False,True,5.0,2.0,studio,few
18346965385246135,True,,True,True,False,5.0,1.0,indoor,none
17987393204980689,True,,False,False,True,5.0,1.0,studio,few
18166279273423074,True,,True,True,False,4.0,9.0,outdoor,none
18099123658825813,True,,True,True,True,5.0,8.0,white,few
18110325652885692,True,,False,False,False,4.0,3.0,indoor,none
18088680365366012,True,,False,False,True,5.0,4.0,outdoor,few
17940202059192482,True,,True,True,True,5.0,9.0,white,few
18087541385578496,True,,True,True,False,5.0,1.0,indoor,none
18355389829237589,True,,False,False,False,4.0,4.0,indoor,few
18092235721923067,True,,False,False,False,4.0,3.0,other,none
17863631718554529,True,,True,True,False,5.0,5.0,white,none
18061665599387880,True,,True,True,False,5.0,3.0,studio,none
18120480238724425,True,,False,False,True,5.0,5.0,white,few
18016004081675150,True,,False,False,True,4.0,8.0,other,heavy
18316903597264446,True,,True,False,False,5.0,1.0,outdoor,none
18101298091940593,True,,True,False,False,5.0,1.0,studio,none
18097649879051510,True,,True,False,False,5.0,3.0,outdoor,none
17883886902517822,True,,False,False,False,5.0,4.0,studio,none
17913055875362717,True,,False,False,False,4.0,1.0,indoor,none
18198135169358043,True,,True,True,True,5.0,3.0,white,few
17867623365533795,True,,False,False,False,5.0,6.0,white,none
17890849053451145,True,,False,False,False,5.0,6.0,white,few
18101063536800797,True,,False,False,False,5.0,2.0,studio,none
18101905946484224,True,,True,True,False,5.0,4.0,studio,none
18457893097099567,True,,False,False,False,5.0,2.0,studio,none
18097506694862202,True,,False,False,True,5.0,6.0,studio,heavy
18404211343198183,True,,False,False,True,5.0,1.0,indoor,few
18159566755448872,True,,True,True,True,5.0,7.0,studio,few
18580380034062618,True,,True,False,False,5.0,5.0,white,none
17990328188956971,True,,True,True,False,5.0,4.0,studio,none
18524429875076786,True,,False,False,False,5.0,4.0,white,none
18086588360036352,True,,False,False,False,4.0,2.0,indoor,none
18109703464853067,True,,True,True,True,5.0,3.0,studio,few
18118533043629656,True,,False,False,False,5.0,2.0,outdoor,none
17861478957628122,True,,True,False,False,4.0,3.0,outdoor,none
17885866188523991,True,,True,False,False,4.0,1.0,indoor,heavy
18101464105939146,True,,True,True,False,5.0,4.0,studio,none
18111372271658134,True,,False,False,False,5.0,2.0,white,none
18095606957118188,True,,False,False,True,5.0,10.0,white,heavy
17938015554032653,True,,True,True,True,5.0,1.0,indoor,few
18326218069264297,True,,False,False,True,5.0,1.0,studio,few
18091000358333000,True,,False,False,True,5.0,4.0,studio,heavy
18086748398524470,True,,True,True,False,5.0,1.0,indoor,none
18126929116575282,True,,True,True,True,5.0,4.0,indoor,few
18416050801121169,True,,False,False,False,4.0,3.0,indoor,heavy
18461254390109200,True,,True,True,True,5.0,9.0,white,few
18152624152415876,True,,False,False,True,5.0,8.0,white,few
18099906235812065,True,,True,True,False,5.0,3.0,white,none
17949587264980460,True,,True,False,False,5.0,2.0,white,none
17897998626276214,True,,True,True,False,5.0,7.0,studio,none
18119630056722964,True,,False,False,True,5.0,8.0,studio,few
18161035522442667,True,,True,True,True,5.0,1.0,indoor,few
18186329635373894,True,,False,False,True,4.0,1.0,indoor,few
17863118688671896,True,,True,True,True,3.0,1.0,indoor,few
18117579511734316,True,,True,True,True,5.0,1.0,white,few
17854084494639211,True,,True,False,False,5.0,5.0,outdoor,none
18091662167182522,True,,True,False,False,5.0,8.0,indoor,none
18026941724684824,True,,False,False,False,5.0,1.0,indoor,none
18103477600898575,True,,False,False,True,5.0,1.0,studio,few
18116509999661107,True,,False,False,True,5.0,8.0,studio,few
18014512754837881,True,,True,True,False,5.0,3.0,outdoor,none
18060895244397275,True,,False,False,False,5.0,1.0,outdoor,none
18015553922847343,True,,False,False,False,5.0,1.0,white,none
18088597813965615,True,,False,False,False,4.0,1.0,indoor,none
18095217995125630,True,,True,True,True,5.0,4.0,other,few
17884380624501874,True,,True,True,False,4.0,4.0,indoor,few
18081954905169274,True,,True,True,False,5.0,6.0,studio,none
18044968610536826,True,,True,True,True,5.0,5.0,indoor,heavy
17899253598433147,True,,True,False,True,5.0,1.0,white,few
18094213862153369,True,,False,False,True,5.0,2.0,white,few
18100104550963060,True,,True,True,False,5.0,6.0,white,none
18098635294838693,True,,True,True,False,5.0,5.0,studio,none
18065031884349472,True,,False,False,True,4.0,1.0,white,few
18079829750111887,True,,True,True,True,5.0,5.0,outdoor,few
18135260062536143,True,,True,True,False,5.0,3.0,studio,none
18360537271227695,True,,True,True,False,5.0,4.0,white,none
18585211945008427,True,,False,False,False,4.0,2.0,indoor,none
18110379790827859,True,,True,False,False,5.0,3.0,white,none
18163954702427207,True,,True,True,True,5.0,2.0,indoor,few
18317738644280656,True,,True,True,False,5.0,4.0,white,none
18103223143766044,True,,False,False,True,5.0,5.0,white,few
17914840806165561,True,,True,True,True,5.0,1.0,studio,few
17992206089950335,True,,False,False,False,5.0,2.0,white,none
17948087561980289,True,,True,True,True,5.0,1.0,outdoor,few
17947098477150890,True,,False,False,False,4.0,1.0,studio,none
18101700130959720,True,,False,False,False,5.0,4.0,studio,none
18113468098741292,True,,True,True,True,5.0,5.0,studio,few
18042822116543182,True,,False,False,False,5.0,2.0,white,none
18119671840730065,True,,True,True,False,5.0,3.0,white,none
17903897679244900,True,,True,True,True,5.0,3.0,studio,few
17866392948655559,True,,True,True,False,5.0,1.0,white,none
18010028699904975,True,,True,True,True,5.0,10.0,indoor,few
17877085239557120,True,,True,True,False,5.0,2.0,white,none
18075726161194718,True,,False,False,True,5.0,6.0,white,few
17953436093964802,True,,False,False,True,5.0,1.0,white,few
18079306754539758,True,,False,False,True,5.0,3.0,studio,few
18100628173819816,True,,True,True,False,5.0,5.0,white,none
17972266539012919,True,,False,False,False,5.0,8.0,indoor,few
18167682685417501,True,,False,False,True,5.0,2.0,white,few
18401772706151676,True,,True,True,True,5.0,8.0,outdoor,few
18007116815711952,True,,False,False,True,5.0,3.0,white,few
17884985403376787,True,,True,True,False,4.0,2.0,indoor,none
18094591277324344,True,,True,True,True,5.0,9.0,other,few
18092170859179703,True,,True,False,False,5.0,1.0,studio,none
18096048278028229,True,,True,True,False,5.0,5.0,white,none
18165839404421733,True,,True,True,False,4.0,3.0,studio,none
18323675398264285,True,,True,True,False,5.0,2.0,white,none
18108167944850325,True,,False,False,True,5.0,4.0,studio,heavy
17891319480451925,True,,True,True,False,5.0,9.0,outdoor,none
17914959012163104,True,,True,False,True,5.0,1.0,studio,heavy
18085862762016469,True,,True,True,False,5.0,4.0,outdoor,none
18185820535373373,True,,True,False,True,5.0,2.0,studio,few
18185553169373379,True,,False,False,True,5.0,5.0,studio,heavy
17909286564378192,True,,False,False,False,5.0,1.0,white,none
18088660634362022,True,,True,True,True,5.0,3.0,white,few
18135691789470303,True,,True,True,False,4.0,3.0,outdoor,none
17952855080964121,True,,True,True,False,5.0,2.0,white,none
18105971797931244,True,,True,True,True,5.0,2.0,indoor,few
18089282408520865,True,,True,True,False,5.0,5.0,studio,none
17901445731422495,True,,True,True,True,5.0,2.0,white,few
18217515757320704,True,,False,False,False,5.0,8.0,white,few
18102526621938517,True,,False,False,True,5.0,1.0,white,few
18029068880619021,True,,True,True,True,5.0,1.0,studio,few
18001959032728653,True,,True,True,False,5.0,2.0,white,none
18104606995899997,True,,True,True,False,5.0,7.0,studio,none
18089016328971719,True,,True,True,True,5.0,10.0,white,few
18089165804601167,True,,True,True,False,5.0,3.0,studio,none
17974962399031940,True,,True,True,False,5.0,6.0,white,none
18006607082853932,True,,True,True,True,5.0,2.0,other,heavy
18106296340910740,True,,True,True,True,5.0,5.0,indoor,few
18391328896152579,True,,True,True,False,5.0,4.0,white,none
18094978796158901,True,,False,False,True,5.0,8.0,studio,few
18132510307544408,True,,True,True,False,5.0,5.0,white,none
18208857046327750,True,,True,True,True,5.0,2.0,studio,few
17859809112624505,True,,False,False,False,5.0,2.0,white,none
17996742302939277,True,,False,False,True,5.0,1.0,other,heavy
18116316970731528,True,,True,False,False,4.0,4.0,outdoor,none
17896305429425492,True,,True,True,False,5.0,4.0,white,none
18078403505168289,True,,False,False,False,5.0,1.0,white,few
17870406630608789,True,,True,False,True,4.0,5.0,outdoor,few
18113314915687831,True,,False,False,False,4.0,1.0,white,none
18107286436919441,True,,True,True,True,4.0,4.0,outdoor,heavy
17875416336590372,True,,False,False,False,5.0,4.0,studio,few
18338218057219418,True,,True,False,True,5.0,3.0,studio,few
17877648204439795,True,,False,False,False,4.0,3.0,indoor,few
17904038697240090,True,,True,True,False,5.0,2.0,studio,none
18127793266585718,True,,True,True,False,5.0,2.0,indoor,none
18112467238757320,True,,False,False,True,5.0,4.0,studio,heavy
18104768114503822,True,,True,False,True,4.0,1.0,white,heavy
17877010359561560,True,,True,True,False,5.0,5.0,studio,none
17944673049175458,True,,False,False,False,5.0,2.0,outdoor,none
18174571303360129,True,,False,False,False,4.0,7.0,studio,none
18149906380489413,True,,True,False,False,5.0,1.0,white,none
18100358776948706,True,,False,False,True,5.0,7.0,studio,few
18114221548687939,True,,True,True,False,5.0,4.0,indoor,none
18076452020550875,True,,False,False,True,5.0,3.0,studio,few
18086716163617668,True,,False,False,True,5.0,6.0,white,few
18108451240871142,True,,True,True,False,5.0,1.0,studio,none
18386732881089662,True,,True,True,False,5.0,3.0,indoor,none
18352280812229746,True,,True,False,True,4.0,3.0,studio,few
17964589044058192,True,,False,False,True,5.0,4.0,white,few
18096075742844218,True,,False,False,False,5.0,4.0,studio,none
18572723386056945,True,,True,True,True,5.0,5.0,indoor,few
18357616870238223,True,,True,False,True,4.0,4.0,indoor,heavy
17992651250779107,True,,True,False,False,5.0,4.0,indoor,none
18099833702076904,True,,True,False,False,4.0,3.0,outdoor,none
17933500875227100,True,,True,True,False,5.0,3.0,studio,none
17871102396477371,True,,True,True,True,5.0,9.0,studio,heavy
17960146752099211,True,,True,True,False,5.0,4.0,outdoor,none
18136231990520883,True,,True,False,False,5.0,3.0,studio,none
17946705399159010,True,,True,True,True,5.0,1.0,studio,heavy
18348006361212681,True,,True,True,True,5.0,3.0,studio,few
18211997347324400,True,,False,False,True,5.0,10.0,studio,heavy
18148498372484931,True,,False,False,False,5.0,1.0,white,few
18174527821394355,True,,True,False,False,5.0,6.0,white,none
18364956820206959,True,,False,False,True,5.0,1.0,white,few
17859778713687161,True,,False,False,True,5.0,10.0,white,few
18131974741539683,True,,True,False,True,5.0,2.0,outdoor,few
17909015556200669,True,,False,False,False,5.0,5.0,white,none
18094833875278656,True,,True,True,True,5.0,3.0,studio,few
18084049301374222,True,,False,False,False,4.0,2.0,indoor,none
17859862113627339,True,,False,False,False,5.0,4.0,studio,none
18291432697304938,True,,True,True,True,5.0,4.0,studio,few
17856095916601591,True,,True,False,True,5.0,1.0,white,heavy
17966073783045869,True,,True,False,False,5.0,2.0,indoor,none
17919289947357310,True,,True,True,False,5.0,1.0,studio,none
17947913490136488,True,,False,False,True,5.0,3.0,white,few
17961015894080127,True,,False,False,False,5.0,2.0,indoor,none
18111586333815343,True,,False,False,False,5.0,5.0,outdoor,none
18084416564369673,True,,True,True,True,5.0,4.0,studio,few
18078570674395701,True,,True,True,False,5.0,6.0,studio,none
17972067060034244,True,,True,False,False,5.0,3.0,white,none
17970443235029400,True,,True,True,False,5.0,6.0,indoor,none
18424081711121319,True,,True,False,True,5.0,3.0,indoor,few
17934302199218106,True,,False,False,False,4.0,2.0,outdoor,none
17920283100303657,True,,True,True,False,5.0,5.0,indoor,none
18014366705843494,True,,True,True,False,4.0,6.0,indoor,none
18113788390774682,True,,True,False,True,5.0,3.0,studio,few
18099424262487774,True,,True,False,False,4.0,5.0,outdoor,none
18364924924201114,True,,True,True,False,5.0,3.0,indoor,none
18167784379410981,True,,True,True,True,5.0,4.0,white,few
17882301978520712,True,,True,True,False,4.0,5.0,indoor,none
18199178854353436,True,,True,True,False,4.0,10.0,indoor,none
18105559325498867,True,,True,True,False,5.0,7.0,studio,none
17938477446194010,True,,True,True,False,5.0,2.0,outdoor,none
18070765232295515,True,,True,True,True,5.0,3.0,indoor,few
18105638260918174,True,,True,True,True,5.0,4.0,studio,few
18063201779345302,True,,True,True,True,5.0,3.0,indoor,heavy
17882369937526413,True,,True,False,False,5.0,2.0,white,none
17972346570001882,True,,True,True,False,5.0,2.0,studio,few
17996141714766384,True,,True,False,True,4.0,5.0,outdoor,few
18174802144398172,True,,False,False,False,5.0,3.0,studio,few
18584994097060495,True,,True,True,False,5.0,6.0,studio,none
18132496552555295,True,,False,False,True,5.0,1.0,studio,few
17911403409368945,True,,False,False,True,5.0,10.0,white,few
17895771087432512,True,,False,False,False,5.0,1.0,indoor,few
17929998876298381,True,,True,True,True,5.0,1.0,indoor,few
18389272798085213,True,,False,False,False,5.0,1.0,other,none
18071057348296763,True,,True,True,True,5.0,1.0,indoor,few
17976199835846355,True,,False,False,False,5.0,2.0,white,none
18086111759349514,True,,True,True,False,5.0,5.0,white,none
18092205656275026,True,,False,False,False,5.0,9.0,indoor,few
18148830592464352,True,,True,True,False,5.0,3.0,indoor,none
18107979976842450,True,,False,False,False,5.0,1.0,indoor,none
17913511716354570,True,,False,False,False,5.0,1.0,white,none
18102445940292386,True,,True,True,False,5.0,3.0,indoor,none
18334497859222320,True,,True,True,False,5.0,3.0,studio,none
18063102716487600,True,,False,False,True,4.0,2.0,studio,few
18096424514325843,True,,True,True,False,4.0,5.0,outdoor,none
18074007545634398,True,,True,False,False,5.0,2.0,white,none
17997322475921148,True,,True,True,False,5.0,5.0,studio,none
18067507415671042,True,,True,False,False,5.0,1.0,white,none
18102006247940698,True,,True,True,True,5.0,2.0,indoor,few
17923021260301898,True,,True,False,False,4.0,1.0,indoor,heavy
17882054790539547,True,,True,True,True,5.0,3.0,studio,few
17960829126073154,True,,True,True,True,5.0,1.0,white,few
18088139167996126,True,,True,True,False,5.0,1.0,white,none
18589234825045736,True,,True,False,True,5.0,9.0,other,few
18130637893496487,True,,False,False,True,5.0,5.0,studio,heavy
18196951864347802,True,,True,True,True,5.0,6.0,white,few
17858072961588272,True,,False,False,False,5.0,5.0,white,none
17858650758625873,True,,True,True,False,5.0,1.0,indoor,none
17965687914062350,True,,True,True,False,5.0,6.0,studio,none
17949539357979618,True,,True,False,True,5.0,1.0,other,heavy
18090188231186855,True,,True,False,False,4.0,2.0,indoor,few
17976671811007588,True,,True,True,False,5.0,5.0,studio,none
17847320238694888,True,,False,False,True,5.0,10.0,studio,few
17937980010191758,True,,True,True,False,5.0,4.0,studio,none
18053822795733536,True,,True,False,True,4.0,5.0,indoor,heavy
17960253252108194,True,,True,True,True,5.0,2.0,white,few
18006363785899336,True,,True,True,False,4.0,1.0,studio,none
18100521724810901,True,,True,True,True,5.0,4.0,outdoor,heavy
17922491256294278,True,,False,False,False,5.0,1.0,studio,none
18088821365252451,True,,False,False,True,5.0,10.0,white,few
18136595425523404,True,,True,True,False,5.0,1.0,white,none
18355630414226153,True,,True,True,False,5.0,4.0,white,none
18013794923685106,True,,False,False,False,5.0,4.0,studio,none
18115253479673567,True,,True,True,False,5.0,4.0,white,none
18090919951918740,True,,True,True,True,5.0,5.0,studio,few
18170207614416398,True,,True,True,False,5.0,7.0,outdoor,none
18120411940722167,True,,False,False,True,5.0,6.0,studio,heavy
18357686611233650,True,,True,True,True,5.0,3.0,indoor,few
18111520750696326,True,,True,True,False,5.0,3.0,outdoor,none
18588347245038727,True,,True,True,False,5.0,3.0,studio,none
18407221408176616,True,,True,True,True,5.0,1.0,white,few
18128213602595292,True,,False,False,False,4.0,3.0,white,few
18095334239104433,True,,True,True,False,5.0,3.0,white,none
18054921512687438,True,,True,True,True,5.0,6.0,studio,heavy
18102221335781906,True,,True,False,True,5.0,7.0,studio,heavy
18116086942780701,True,,True,True,False,4.0,5.0,outdoor,none
17946316929138112,True,,False,False,True,5.0,9.0,studio,few
17933235462210588,True,,True,True,True,5.0,1.0,outdoor,few
18116207668678169,True,,True,True,True,5.0,4.0,outdoor,few
18097030954935939,True,,False,False,True,5.0,5.0,studio,heavy
18102145724318414,True,,False,False,True,5.0,9.0,white,few
18132416665532080,True,,True,True,True,5.0,4.0,studio,few
17906676504222104,True,,False,False,False,5.0,3.0,white,none
18080490671120416,True,,True,True,False,5.0,3.0,indoor,none
18088937117594066,True,,True,True,False,5.0,5.0,studio,none
17910685464184680,True,,False,False,False,5.0,1.0,white,few
17997802724755518,True,,True,False,False,5.0,1.0,studio,none
17880762840514777,True,,False,False,True,5.0,4.0,white,heavy
18343305613241529,True,,True,True,True,5.0,1.0,studio,few
18058850165449765,True,,False,False,True,5.0,6.0,outdoor,few
18144889525499539,True,,True,True,True,5.0,4.0,white,few
17952520181961823,True,,False,False,False,5.0,7.0,white,few
17882815128517839,True,,True,False,False,5.0,5.0,white,none
18176492530390549,True,,False,False,False,5.0,3.0,white,none
17908401687382900,True,,True,False,True,5.0,2.0,indoor,heavy
18289097272305140,True,,True,True,False,5.0,2.0,studio,none
18104432687481572,True,,False,False,True,5.0,3.0,studio,few
18102619258747515,True,,False,False,True,5.0,1.0,indoor,few
18575079097012568,True,,False,False,True,5.0,9.0,studio,few
18400740364194444,True,,True,True,True,5.0,3.0,other,heavy
18086997089203437,True,,True,False,False,5.0,3.0,indoor,none
18576846574032059,True,,True,True,False,5.0,5.0,white,none
18161586139436313,True,,False,False,False,5.0,1.0,white,none
18112947379790857,True,,True,True,True,5.0,2.0,white,few
17888079222356474,True,,True,True,True,5.0,1.0,white,few
18588893683010078,True,,False,False,True,5.0,1.0,white,few
18083988368600755,True,,True,True,False,5.0,4.0,white,few
18068835194650012,True,,False,False,True,5.0,5.0,white,few
18065194718347453,True,,True,True,False,5.0,4.0,indoor,none
17958951918093824,True,,False,False,True,5.0,1.0,white,few
18198384490350872,True,,True,False,False,5.0,1.0,indoor,few
17971004046020640,True,,True,True,False,5.0,4.0,indoor,none
18173673772394723,True,,True,True,True,5.0,6.0,outdoor,heavy
17872333665485523,True,,False,False,False,5.0,3.0,outdoor,none
18028379267630896,True,,True,True,False,5.0,1.0,indoor,none
18010777619700139,True,,False,False,True,5.0,1.0,white,few
18007450268888658,True,,True,True,True,5.0,3.0,white,few
18114169462706088,True,,True,True,False,5.0,1.0,indoor,none
18085017326457977,True,,False,False,False,5.0,3.0,indoor,none
18113290369776190,True,,False,False,True,4.0,1.0,white,heavy
17868932748658406,True,,False,False,True,5.0,6.0,white,few
17899900110265079,True,,True,True,False,5.0,3.0,studio,none
18578646238024305,True,,False,False,False,4.0,2.0,indoor,few
18074520662290793,True,,False,False,True,5.0,10.0,studio,heavy
17986571570978146,True,,False,False,False,5.0,3.0,white,none
18572741221065014,True,,False,False,False,5.0,3.0,indoor,none
17917321416340742,True,,False,False,False,5.0,4.0,other,none
18097292738041829,True,,True,True,False,5.0,1.0,studio,none
17999687804866745,True,,True,False,False,5.0,3.0,studio,none
17930988234067899,True,,True,True,True,5.0,5.0,white,few
17962329737917926,True,,True,True,True,5.0,1.0,outdoor,heavy
18582530116039449,True,,False,False,True,5.0,6.0,studio,few
18131582242492395,True,,False,False,True,5.0,5.0,white,few
18088899665002598,True,,True,True,True,5.0,1.0,white,few
17888156328501132,True,,True,True,False,5.0,1.0,outdoor,none
18133953691535419,True,,False,False,False,5.0,2.0,studio,none
18368634109164359,True,,False,False,True,5.0,6.0,studio,heavy
18069345986659679,True,,False,False,False,5.0,5.0,white,none
18099344413806810,True,,True,True,True,5.0,2.0,studio,few
18146450086487260,True,,False,False,False,4.0,1.0,indoor,none
18087823973363584,True,,False,False,True,5.0,1.0,indoor,few
18582372430017444,True,,False,False,False,5.0,2.0,studio,none
18077656724181540,True,,True,True,False,5.0,2.0,white,none
17941800882178713,True,,False,False,True,5.0,10.0,other,heavy
17910447450365323,True,,True,True,False,4.0,6.0,white,none
18123608032627844,True,,True,True,False,4.0,5.0,indoor,none
18099665546069548,True,,False,False,False,5.0,8.0,white,none
18085224509580007,True,,True,True,False,5.0,2.0,outdoor,none
18207442198331984,True,,False,False,False,5.0,5.0,studio,none
18077250011295358,True,,False,False,False,5.0,1.0,indoor,none
17972714868001348,True,,False,False,True,4.0,1.0,studio,heavy
17935282512212033,True,,True,True,True,5.0,7.0,white,few
17962769712105009,True,,False,False,False,4.0,8.0,indoor,few
18054790061711814,True,,True,False,True,5.0,1.0,studio,few
17949817829983106,True,,True,True,True,5.0,2.0,white,few
17922114525289661,True,,True,True,False,5.0,3.0,indoor,none
17938531638256329,True,,True,True,False,5.0,3.0,white,none
18196738450351923,True,,False,False,False,4.0,1.0,white,none
17857346667651822,True,,False,False,True,4.0,10.0,white,heavy
18003060167875472,True,,False,False,False,5.0,1.0,white,none
18171870244398583,True,,True,True,True,5.0,10.0,studio,heavy
18090731447333195,True,,False,False,False,5.0,1.0,white,none
17868232290512356,True,,True,True,True,5.0,4.0,outdoor,few
17947915139979435,True,,False,False,False,5.0,2.0,outdoor,none
18083506712367281,True,,False,False,True,4.0,3.0,white,few
18113080252625825,True,,False,False,False,5.0,4.0,other,none
18143171146491173,True,,True,True,True,5.0,3.0,indoor,few
17927181234084743,True,,True,True,True,5.0,4.0,indoor,heavy
17919824934315199,True,,False,False,True,5.0,4.0,studio,few
18051209108722187,True,,True,True,True,5.0,2.0,outdoor,heavy
18080669453116023,True,,True,False,False,4.0,3.0,indoor,few
18111939346798782,True,,True,True,False,5.0,1.0,outdoor,none
18100250639318806,True,,True,True,True,5.0,8.0,studio,few
18572857522057045,True,,True,True,True,4.0,1.0,outdoor,heavy
17936381757217108,True,,True,True,False,5.0,5.0,studio,none
18156816313394135,True,,False,False,True,5.0,10.0,studio,few
18096580427469317,True,,True,False,True,4.0,2.0,indoor,few
18083535980601407,True,,False,False,False,5.0,5.0,white,none
18075244070222092,True,,False,False,False,5.0,1.0,studio,none
18440977747118265,True,,True,False,False,5.0,5.0,studio,none
18102417529759131,True,,False,False,False,5.0,1.0,studio,none
18124206967612355,True,,False,False,True,5.0,1.0,white,few
18082091843378200,True,,True,True,True,5.0,1.0,indoor,few
18097410817996329,True,,True,False,False,4.0,2.0,outdoor,none
17855720076602001,True,,True,False,True,5.0,1.0,studio,heavy
18431398864186393,True,,True,True,False,5.0,3.0,studio,none
18154011835455212,True,,True,True,True,5.0,1.0,white,few
18107909263873924,True,,False,False,True,5.0,6.0,studio,heavy
18192191791317930,True,,True,True,False,5.0,2.0,white,none
17919488817318880,True,,True,True,False,5.0,3.0,indoor,none
18062091011400969,True,,True,True,False,5.0,1.0,indoor,none
18039209549578190,True,,True,True,True,5.0,6.0,outdoor,few
18348510172209932,True,,True,True,True,5.0,8.0,indoor,few
18099664150979449,True,,True,True,False,4.0,2.0,outdoor,none
17881963719517982,True,,True,True,False,5.0,4.0,white,none
18078079196138838,True,,True,True,True,5.0,3.0,white,few
18101571514792671,True,,False,False,True,5.0,5.0,indoor,few
18102943253510393,True,,False,False,False,5.0,2.0,studio,none
18051814256529715,True,,True,False,True,4.0,5.0,outdoor,heavy
17969218380058147,True,,True,True,False,5.0,1.0,indoor,none
18094093298171545,True,,True,True,False,5.0,3.0,studio,none
18575617888016808,True,,True,True,False,5.0,1.0,studio,none
18007963277895819,True,,True,True,False,5.0,8.0,studio,none
18580236328046154,True,,False,False,True,5.0,4.0,studio,few
18009041129856372,True,,False,False,True,4.0,2.0,white,few
18104957665718839,True,,True,True,True,5.0,1.0,indoor,few
18105002626934937,True,,False,False,True,4.0,2.0,white,few
18120691009615939,True,,False,False,True,5.0,3.0,studio,few
18137305984525080,True,,True,True,True,5.0,5.0,indoor,heavy
17910926361362554,True,,False,False,True,5.0,1.0,studio,few
18134280832479180,True,,True,False,True,5.0,3.0,indoor,heavy
18187372861369866,True,,True,False,True,5.0,3.0,studio,few
17964923727050386,True,,True,True,True,5.0,1.0,indoor,few
18015068393829766,True,,True,False,False,5.0,2.0,outdoor,none
18048603260715640,True,,False,False,False,5.0,2.0,white,none
18144195868498021,True,,True,False,False,5.0,2.0,white,none
18437056237142288,True,,True,True,True,5.0,1.0,indoor,few
18414460045131143,True,,False,False,False,5.0,3.0,indoor,few
17959124259083498,True,,True,True,True,5.0,1.0,studio,few
17874653202454953,True,,True,True,True,5.0,5.0,studio,heavy
18109175836882812,True,,False,False,True,5.0,2.0,white,few
18180256714388697,True,,True,True,False,5.0,6.0,studio,none
18112625110796654,True,,False,False,False,5.0,2.0,studio,none
18309865573274670,True,,True,True,True,5.0,2.0,studio,few
18082249100620436,True,,True,True,True,5.0,4.0,studio,few
18127747099509239,True,,False,False,False,5.0,1.0,indoor,none
18102603437488981,True,,False,False,True,5.0,3.0,studio,few
18079434509115561,True,,False,False,False,5.0,3.0,studio,none
18094244404933665,True,,True,False,False,5.0,3.0,indoor,none
18576872821028830,True,,True,False,False,3.0,2.0,indoor,none
17883588933542597,True,,True,True,False,4.0,3.0,outdoor,none
18389228863083072,True,,False,False,False,5.0,6.0,indoor,none
18225392371312219,True,,False,False,False,5.0,2.0,white,none
18014905823837345,True,,True,True,False,5.0,6.0,indoor,none
18063579215690421,True,,False,False,True,4.0,7.0,indoor,heavy
18078191348163592,True,,True,True,False,5.0,3.0,outdoor,none
17859463326681768,True,,True,True,True,5.0,7.0,outdoor,few
18085115054597712,True,,True,True,False,5.0,4.0,indoor,none
18154864738397464,True,,False,False,False,5.0,1.0,indoor,none
18093783923156002,True,,True,True,True,5.0,1.0,studio,few
18087930821193039,True,,False,False,True,5.0,4.0,outdoor,few
17868138312666819,True,,False,False,True,4.0,8.0,indoor,few
18102559192770903,True,,True,True,True,5.0,1.0,studio,heavy
17873159013603724,True,,True,True,True,5.0,4.0,indoor,heavy
18335194720220452,True,,False,False,False,5.0,1.0,studio,none
17990264288785786,True,,True,True,True,5.0,3.0,white,heavy
18122407201624311,True,,False,False,False,4.0,2.0,indoor,none
17963525928052683,True,,False,False,False,4.0,1.0,other,none
17976834840009062,True,,False,False,True,4.0,1.0,other,few
18096845828514185,True,,True,True,True,5.0,5.0,white,few
17936165046215058,True,,False,False,False,5.0,5.0,white,none
17878237122558265,True,,True,True,False,5.0,7.0,outdoor,none
18146241490472426,True,,False,False,False,5.0,4.0,indoor,none
18314599090287643,True,,True,True,True,5.0,1.0,outdoor,few
18005486195913294,True,,True,True,False,5.0,3.0,indoor,none
17951982203964323,True,,True,True,False,5.0,5.0,indoor,none
18577094707003753,True,,True,True,True,5.0,3.0,indoor,heavy
18400031620146469,True,,False,False,True,4.0,1.0,other,heavy
17999317070754959,True,,False,False,False,4.0,1.0,white,none
18142946167502157,True,,False,False,True,5.0,10.0,other,heavy
17891548428448925,True,,False,False,False,5.0,1.0,white,none
18115856665666862,True,,True,True,True,4.0,1.0,indoor,heavy
18116699395645521,True,,True,False,False,5.0,2.0,indoor,none
17961866856083023,True,,True,False,False,5.0,6.0,white,none
18073290776218715,True,,True,False,False,4.0,1.0,indoor,none
18097098634860281,True,,False,False,True,5.0,4.0,indoor,few
17946087417158669,True,,False,False,False,5.0,3.0,white,none
18149997235464689,True,,False,False,True,5.0,12.0,white,few
18079347965389348,True,,False,False,True,5.0,2.0,studio,heavy
18099245816065983,True,,True,True,True,5.0,6.0,studio,few
18104277469933217,True,,True,True,False,5.0,3.0,outdoor,none
18524421151074934,True,,False,False,False,5.0,1.0,indoor,none
18042459875549365,True,,True,True,False,5.0,2.0,studio,none
18172672711402205,True,,True,True,False,4.0,3.0,white,few
17989048598790912,True,,False,False,True,5.0,1.0,white,few
18046963835753301,True,,False,False,True,5.0,1.0,studio,few
18098723950956490,True,,False,False,False,5.0,4.0,white,few
18167239777422476,True,,True,True,False,5.0,1.0,outdoor,none
18113285764745424,True,,False,False,True,5.0,5.0,studio,heavy
18044006060591224,True,,True,True,True,5.0,3.0,other,few
18104514007738236,True,,True,True,False,5.0,3.0,indoor,few
18103155934931536,True,,True,True,False,4.0,5.0,indoor,none
17993865086779366,True,,False,False,False,4.0,4.0,indoor,none
18121828501545466,True,,True,True,False,5.0,2.0,studio,none
17858845185632271,True,,False,False,True,5.0,1.0,studio,few
18329247778223358,True,,False,False,False,5.0,1.0,studio,none
18459999535128335,True,,False,False,False,5.0,1.0,indoor,few
17848370517680540,True,,True,False,False,5.0,2.0,studio,none
18089906957178092,True,,True,True,False,5.0,2.0,white,none
18414877294133049,True,,False,True,True,5.0,2.0,studio,few
18148863466425349,True,,False,False,True,5.0,4.0,studio,few
18124777846595889,True,,True,True,False,5.0,1.0,studio,none
18113477962773853,True,,True,True,False,5.0,2.0,white,none
18405452641199733,True,,False,False,False,5.0,1.0,white,none
18066439478414378,True,,True,True,False,5.0,2.0,white,none
17868269874610399,True,,False,False,True,5.0,7.0,studio,few
18126415594596725,True,,False,False,False,5.0,1.0,white,none
18052874831720070,True,,True,True,False,5.0,4.0,indoor,none
18098739062321021,True,,False,False,False,4.0,4.0,indoor,few
18099627812077315,True,,False,False,False,5.0,1.0,white,few
17890573512452588,True,,True,True,True,5.0,10.0,indoor,heavy
17893789866445353,True,,False,False,False,5.0,2.0,indoor,few
18129062119602506,True,,True,True,False,5.0,3.0,studio,none
18181660051375764,True,,True,True,False,5.0,4.0,indoor,none
17915698509166329,True,,True,True,False,5.0,1.0,studio,none
18100608692053876,True,,True,True,True,5.0,7.0,studio,heavy
18096560752862057,True,,True,True,True,5.0,7.0,white,few
18094759556325450,True,,True,False,True,5.0,1.0,studio,few
17948926515136352,True,,True,True,False,5.0,2.0,outdoor,none
17861336436673993,True,,True,False,True,5.0,4.0,indoor,heavy
18112456867817511,True,,False,False,False,5.0,6.0,indoor,few
18578664064026586,True,,False,False,False,5.0,3.0,studio,none
18105930815313676,True,,True,True,False,5.0,4.0,indoor,none
18440321794190754,True,,True,True,True,5.0,1.0,white,few
17904243696402436,True,,True,True,True,5.0,4.0,white,few
18109369087853610,True,,False,False,False,5.0,1.0,white,none
17953477322962651,True,,True,True,False,5.0,3.0,studio,none
17925427737293759,True,,True,True,False,5.0,5.0,studio,none
17994911780764627,True,,False,False,True,5.0,7.0,white,few
17862461361655153,True,,False,False,True,5.0,1.0,studio,few
18081213839455331,True,,True,True,True,5.0,3.0,studio,few
18076532630634148,True,,False,False,False,5.0,3.0,studio,none
17985571028986382,True,,False,False,True,5.0,4.0,white,heavy
18121514632544584,True,,True,True,True,5.0,1.0,studio,heavy
18102193864967357,True,,True,True,False,5.0,3.0,indoor,none
18289397356304159,True,,False,False,False,5.0,4.0,studio,none
18103295332941674,True,,False,False,False,4.0,1.0,indoor,none
18091170262955564,True,,False,False,True,5.0,5.0,outdoor,few
18148518145469236,True,,True,False,True,5.0,8.0,studio,heavy
18128520253510750,True,,True,True,True,5.0,5.0,white,few
18104462134910761,True,,False,False,True,5.0,1.0,white,heavy
18109086655890865,True,,True,True,False,5.0,1.0,indoor,none
17897186091428086,True,,False,False,False,5.0,6.0,studio,none
18100430713824221,True,,True,True,True,5.0,1.0,studio,few
18078484058152775,True,,False,False,True,5.0,1.0,indoor,heavy
17888162061468739,True,,True,True,True,5.0,1.0,studio,heavy
18112673569775476,True,,False,False,True,5.0,4.0,studio,few
18088100944979243,True,,False,False,True,5.0,2.0,outdoor,few
17961007218113663,True,,False,False,False,5.0,8.0,white,none
18369298414163652,True,,True,False,False,5.0,2.0,white,none
18090716509918843,True,,True,True,False,5.0,3.0,indoor,none
18091003166161932,True,,True,True,False,5.0,3.0,indoor,none
17882769090393221,True,,True,True,True,5.0,4.0,studio,few
17958281646092034,True,,True,True,False,5.0,3.0,white,none
18098890250318633,True,,True,False,True,5.0,1.0,outdoor,heavy
18090022391189931,True,,False,False,False,5.0,2.0,white,none
18128220838601188,True,,False,False,False,5.0,5.0,studio,none
17901837828407500,True,,True,False,False,5.0,10.0,studio,none
18201027031342439,True,,False,False,False,5.0,5.0,studio,few
18107220469896231,True,,True,True,True,5.0,2.0,studio,few
18078754739176087,True,,False,False,False,5.0,1.0,white,none
18091927553465473,True,,True,True,False,5.0,1.0,indoor,none
17945357721163744,True,,True,False,False,5.0,2.0,studio,none
18099350999287935,True,,True,True,True,5.0,10.0,white,few
18123538747719225,True,,True,False,False,5.0,4.0,indoor,none
18059489327436359,True,,True,True,False,4.0,1.0,white,none
18100445929985941,True,,True,True,True,5.0,7.0,studio,few
18309431356277702,True,,False,False,False,5.0,4.0,studio,none
18576858091024538,True,,False,False,True,5.0,1.0,white,heavy
18125509279607591,True,,False,False,False,5.0,2.0,indoor,none
17909387958202232,True,,True,True,False,5.0,8.0,studio,none
18100068076805020,True,,True,False,False,5.0,3.0,studio,none
18074848274187957,True,,True,True,True,5.0,2.0,white,few
18060917996412290,True,,False,False,True,4.0,2.0,indoor,few
18116845357659669,True,,False,False,True,5.0,6.0,white,few
18153779449462915,True,,False,False,False,5.0,5.0,white,few
17914014297167745,True,,True,False,False,4.0,1.0,white,none
18110335624861952,True,,False,False,False,5.0,4.0,other,few
18000753041744833,True,,True,True,True,5.0,3.0,outdoor,heavy
17939215719191844,True,,False,False,True,5.0,2.0,studio,few
18407081389199209,True,,False,False,False,5.0,2.0,white,none
18084557306615217,True,,False,False,True,4.0,7.0,outdoor,few
18102561889738592,True,,True,True,False,5.0,2.0,studio,none
18080849759109521,True,,False,False,False,5.0,4.0,studio,none
18208904089333499,True,,False,False,True,5.0,4.0,white,heavy
18453843520128580,True,,False,False,True,5.0,7.0,other,few
18264423346288219,True,,False,False,False,5.0,1.0,white,none
18106222828910063,True,,False,False,False,5.0,9.0,studio,few
17903379192245051,True,,True,True,False,5.0,4.0,white,none
18116730007628924,True,,True,True,False,5.0,1.0,studio,none
18115343782735913,True,,True,False,False,5.0,2.0,white,none
18121314493618544,True,,False,False,True,5.0,5.0,studio,heavy
18003541439912039,True,,True,False,True,5.0,3.0,white,few
18016631021834314,True,,True,False,False,5.0,3.0,white,none
18032748635810844,True,,True,True,False,3.0,3.0,indoor,none
17873251512478171,True,,False,False,False,5.0,2.0,indoor,none
18046982966739887,True,,True,True,True,5.0,10.0,studio,few
18027015833811312,True,,True,True,True,5.0,1.0,outdoor,few
18062064374408930,True,,False,False,False,5.0,1.0,indoor,none
18095806589157636,True,,True,True,False,5.0,1.0,studio,none
18114929305770092,True,,True,True,True,4.0,8.0,other,heavy
18044195060776748,True,,True,True,False,5.0,2.0,indoor,few
18006304724908754,True,,False,False,False,5.0,1.0,white,none
17945541039155116,True,,True,True,False,5.0,6.0,indoor,none
18080381936381733,True,,False,False,False,5.0,5.0,outdoor,none
18099911857970223,True,,False,False,True,5.0,6.0,studio,few
18060448634450189,True,,True,True,False,5.0,7.0,outdoor,none
18100019891069711,True,,True,True,False,5.0,4.0,white,none
18142483036504539,True,,False,False,False,5.0,5.0,indoor,heavy
17920794900124390,True,,True,False,True,5.0,4.0,studio,few
18106781878921053,True,,False,False,True,5.0,4.0,studio,few
18086710175015782,True,,True,True,True,5.0,2.0,studio,few
18108585259892270,True,,False,False,False,5.0,2.0,white,none
17947998594178349,True,,False,False,False,4.0,2.0,indoor,few
18117506203663561,True,,True,True,True,5.0,1.0,indoor,few
17962140450066829,True,,False,False,True,5.0,1.0,white,few
18006480347885226,True,,True,True,True,5.0,5.0,outdoor,heavy
17884303617519217,True,,True,False,False,5.0,1.0,studio,none
17969064453050333,True,,True,False,False,5.0,4.0,indoor,none
18043604888775003,True,,True,True,False,4.0,3.0,outdoor,none
17983232609994012,True,,False,False,False,5.0,2.0,indoor,few
18101390666063041,True,,True,True,False,5.0,3.0,white,none
18112366318762611,True,,False,False,True,5.0,5.0,white,heavy
18099025166060607,True,,True,False,True,5.0,1.0,studio,few
17923565766285655,True,,False,False,False,5.0,4.0,white,none
18082069898575594,True,,False,False,True,3.0,1.0,white,heavy
18209778433331995,True,,True,False,False,5.0,3.0,white,none
18080391989414351,True,,True,True,True,5.0,6.0,white,few
18389303146152507,True,,True,True,True,5.0,5.0,studio,heavy
18124905406526309,True,,True,True,False,5.0,2.0,studio,none
17994228011941596,True,,True,True,False,5.0,2.0,white,none
18112637338699768,True,,True,True,True,5.0,7.0,indoor,heavy
18090829127177021,True,,False,False,False,5.0,4.0,white,none
18083850317344225,True,,True,True,False,5.0,2.0,studio,none
18099264301974186,True,,True,False,True,5.0,1.0,studio,few
17877017724439922,True,,False,False,True,5.0,5.0,studio,few
17848431558678228,True,,False,False,True,5.0,2.0,studio,few
17871381231597889,True,,True,False,True,4.0,3.0,indoor,few
17898068142423367,True,,True,True,True,5.0,3.0,indoor,few
17871312141657566,True,,True,True,False,5.0,1.0,other,none
18098046385972098,True,,False,False,False,5.0,1.0,white,none
18152608132468028,True,,False,False,True,5.0,3.0,studio,few
17908818144401910,True,,True,True,True,5.0,1.0,outdoor,heavy
18089284616245125,True,,False,False,True,5.0,2.0,indoor,few
18060748574395314,True,,True,True,True,4.0,6.0,indoor,few
17906760453399956,True,,False,False,False,5.0,1.0,white,none
18087237035196458,True,,True,True,False,5.0,7.0,outdoor,none
17946066204153123,True,,False,False,True,4.0,8.0,white,few
18086601881010712,True,,True,True,False,5.0,4.0,indoor,none
18103223297500196,True,,True,True,False,5.0,4.0,studio,few
17989006994793104,True,,True,False,False,5.0,2.0,white,none
17941394547178493,True,,True,True,False,5.0,3.0,studio,few
17965230291044649,True,,True,True,False,5.0,3.0,studio,none
17887625496467880,True,,True,False,False,5.0,3.0,studio,few
18089180708592881,True,,True,True,False,4.0,5.0,indoor,none
18089719889349824,True,,False,False,True,5.0,2.0,studio,few
18038718638581564,True,,False,False,False,5.0,4.0,white,none
18110541055643065,True,,True,True,True,5.0,2.0,indoor,few
18080901011455355,True,,False,False,False,4.0,1.0,indoor,none
18078324749293192,True,,False,False,False,5.0,10.0,studio,few
17915768067358853,True,,True,True,True,5.0,6.0,studio,heavy
18098433634967571,True,,True,True,False,5.0,2.0,white,none
18201328321356193,True,,False,False,True,5.0,2.0,white,heavy
17931218967072164,True,,True,False,False,4.0,3.0,outdoor,few
17884690029372679,True,,True,True,False,5.0,3.0,white,none
18115563325658217,True,,False,False,False,5.0,3.0,white,few
18044746313769319,True,,True,True,True,5.0,1.0,white,few
17987461313967770,True,,False,False,False,5.0,4.0,indoor,few
17935354242231813,True,,True,True,True,5.0,4.0,white,few
18111553006764355,True,,True,True,True,5.0,1.0,studio,few
18093458804232125,True,,True,False,False,5.0,1.0,outdoor,none
18191902330364797,True,,True,True,False,5.0,5.0,indoor,none
17863589385621818,True,,False,False,False,5.0,1.0,white,none
17957697969111678,True,,False,False,True,5.0,8.0,other,heavy
18579780850020442,True,,True,True,True,5.0,4.0,studio,heavy
18118946593660722,True,,True,True,False,5.0,3.0,studio,none
18025982453807726,True,,False,False,True,4.0,2.0,other,few
17962581300110821,True,,True,True,True,5.0,5.0,outdoor,heavy
18349084432208856,True,,False,False,True,5.0,2.0,white,heavy
18098309225100971,True,,True,True,False,5.0,2.0,studio,none
18115102537774292,True,,True,True,True,5.0,3.0,white,few
18054380351525992,True,,True,False,False,4.0,6.0,other,few
18127061578602831,True,,False,False,False,4.0,1.0,indoor,none
18147956518484109,True,,True,True,True,5.0,5.0,studio,few
17913007299182781,True,,True,True,True,5.0,1.0,outdoor,few
18135683737543796,True,,False,False,True,5.0,2.0,studio,heavy
18061191932398191,True,,True,True,True,5.0,1.0,studio,few
18060210767414999,True,,True,True,True,5.0,9.0,white,few
18096431740859928,True,,False,False,True,5.0,9.0,studio,few
18589788757015810,True,,False,False,True,5.0,2.0,white,few
18086221844588164,True,,True,True,True,5.0,2.0,studio,few
18102641363314014,True,,True,True,False,5.0,9.0,studio,none
18062640293690745,True,,False,False,False,5.0,2.0,white,none
18122673202622858,True,,True,True,False,5.0,2.0,white,none
18097503458017418,True,,False,False,False,5.0,1.0,white,none
18073094741222353,True,,True,True,False,4.0,2.0,indoor,none
18009007391892739,True,,True,True,True,5.0,5.0,outdoor,few
17877157515436629,True,,False,False,False,5.0,3.0,studio,few
17876979198571294,True,,False,False,False,5.0,1.0,white,few
18077280971391826,True,,False,False,False,5.0,1.0,studio,none
18110639638769820,True,,True,True,True,5.0,3.0,white,few
18578310913033686,True,,True,True,True,5.0,2.0,indoor,few
18402911362196443,True,,False,False,True,5.0,3.0,indoor,few
17906210922225483,True,,True,True,True,4.0,9.0,studio,few
18464484070098021,True,,False,False,True,5.0,1.0,white,few
17900227872419530,True,,True,False,True,5.0,2.0,white,few
18091095881244926,True,,False,False,True,5.0,10.0,indoor,few
18100542509319628,True,,True,True,False,4.0,4.0,outdoor,none
17943489201166238,True,,False,False,False,5.0,2.0,white,none
18574694113004758,True,,False,False,True,5.0,6.0,studio,few
18074610371229692,True,,True,False,False,5.0,3.0,outdoor,none
18066298022339401,True,,False,False,True,5.0,3.0,white,few
17860126815684746,True,,True,True,True,5.0,3.0,white,few
18117922282561249,True,,False,False,False,5.0,2.0,white,none
18356924815231386,True,,False,False,True,5.0,1.0,white,few
18164264932421741,True,,True,True,False,5.0,6.0,indoor,none
18082515416347177,True,,True,True,False,5.0,5.0,white,none
18453353179106622,True,,False,False,True,5.0,6.0,white,few
18120005290621210,True,,True,False,False,5.0,2.0,indoor,none
18579474262016547,True,,False,False,False,4.0,3.0,indoor,few
18416660857134402,True,,False,False,False,5.0,1.0,white,none
17897752833280765,True,,True,False,False,4.0,5.0,outdoor,none
17854142727640963,True,,True,False,False,4.0,3.0,studio,none
18099352027789426,True,,True,True,False,4.0,9.0,indoor,none
17905930137222953,True,,False,False,False,5.0,1.0,white,none
17921791221323574,True,,False,False,False,5.0,3.0,studio,none
18083971526366028,True,,False,False,False,5.0,2.0,indoor,none
18084762926595144,True,,True,False,True,5.0,3.0,indoor,few
17890287177463803,True,,False,False,True,5.0,5.0,white,few
17917471569146156,True,,False,False,False,5.0,5.0,studio,none
18116267644678613,True,,True,True,True,5.0,1.0,outdoor,heavy
18070563518294353,True,,True,True,True,5.0,2.0,studio,few
17878954830421037,True,,True,False,True,4.0,1.0,indoor,heavy
18263333059289647,True,,True,True,False,5.0,2.0,outdoor,none
18104428088307241,True,,False,False,True,5.0,10.0,studio,heavy
18150147991470873,True,,True,False,False,5.0,6.0,white,few
18126033712604742,True,,True,True,False,5.0,4.0,white,none
18047029988519588,True,,True,True,True,5.0,5.0,indoor,few
18112112383774729,True,,False,False,False,5.0,2.0,outdoor,few
18081093482433109,True,,False,False,True,5.0,3.0,studio,heavy
17871705645605249,True,,True,True,False,5.0,10.0,indoor,none
18048126788524732,True,,False,False,True,5.0,1.0,indoor,few
18323461201265780,True,,True,True,False,5.0,3.0,studio,none
18149414899479912,True,,True,True,False,5.0,2.0,studio,none
17951011959120797,True,,False,False,True,5.0,1.0,other,few
18422977939120392,True,,True,True,False,5.0,7.0,white,none
18106647952848182,True,,False,False,True,5.0,6.0,white,heavy
18086731007599303,True,,True,True,False,5.0,3.0,white,none
18099995662982004,True,,True,False,False,5.0,8.0,white,none
18064515137677723,True,,False,False,True,5.0,4.0,white,heavy
18096064508517090,True,,False,False,False,5.0,2.0,indoor,none
18079227203110427,True,,True,True,True,5.0,4.0,other,few
18204202855342828,True,,False,False,False,5.0,1.0,outdoor,none
18008099024856046,True,,True,True,True,5.0,3.0,outdoor,few
18101859004745719,True,,True,False,False,5.0,2.0,studio,none
18590450248024736,True,,False,False,True,5.0,1.0,white,few
17961403455075176,True,,False,False,False,5.0,4.0,studio,few
17922476832315303,True,,True,True,True,5.0,10.0,indoor,few
18577001614051130,True,,False,False,False,5.0,3.0,white,none
17925977031267341,True,,True,False,True,4.0,4.0,indoor,heavy
17967405864053188,True,,False,False,True,5.0,1.0,studio,heavy
18117476140578990,True,,True,True,False,5.0,5.0,outdoor,none
17983368230986588,True,,True,True,True,5.0,10.0,other,heavy
17995591010956868,True,,True,False,True,5.0,5.0,indoor,few
17873176203590116,True,,True,True,False,5.0,3.0,other,none
17965576215022479,True,,False,False,False,4.0,2.0,indoor,few
18120035524644752,True,,False,False,True,5.0,4.0,studio,few
18120978571624895,True,,True,True,False,5.0,1.0,white,none
17986241183798394,True,,True,True,True,5.0,5.0,white,few
18058814429470563,True,,True,True,False,5.0,1.0,studio,none
18098824915957606,True,,False,False,False,5.0,2.0,white,none
17972573250042075,True,,False,False,True,5.0,1.0,white,few
18090860822227198,True,,True,True,False,5.0,2.0,indoor,none
18104656258939373,True,,False,False,True,5.0,4.0,studio,few
18041064809558891,True,,True,True,False,5.0,1.0,indoor,none
18060638024405986,True,,True,True,True,5.0,1.0,white,few
18100581412781540,True,,True,True,True,5.0,1.0,outdoor,few
18047770355561749,True,,True,True,False,5.0,4.0,studio,none
18334560610218265,True,,True,True,False,5.0,9.0,indoor,none
18522472120076408,True,,False,False,True,5.0,3.0,studio,heavy
17896172277425551,True,,True,False,False,5.0,2.0,studio,none
18148338379468220,True,,True,True,False,5.0,6.0,studio,none
18061243220443677,True,,True,False,False,5.0,5.0,outdoor,none
18076267250445752,True,,False,False,False,5.0,5.0,indoor,none
18091770974277618,True,,False,False,False,5.0,2.0,white,none
18001702241869337,True,,True,True,True,5.0,1.0,studio,few
18081791900457551,True,,True,False,False,5.0,1.0,white,none
17882174079530719,True,,False,False,True,5.0,1.0,indoor,heavy
18104865763933297,True,,False,False,True,5.0,10.0,studio,few
17943723756000823,True,,True,True,True,5.0,5.0,studio,few
18038559824577794,True,,False,False,False,5.0,1.0,studio,none
18139360099511582,True,,False,False,False,5.0,1.0,white,few
17903607945240518,True,,True,True,False,5.0,5.0,studio,none
18401191825198888,True,,False,False,True,5.0,4.0,studio,few
18007972208857061,True,,False,False,True,5.0,6.0,white,few
17947839131984581,True,,False,False,True,5.0,1.0,studio,few
18060421703403673,True,,False,False,False,5.0,3.0,white,none
18104499799903963,True,,False,False,True,5.0,1.0,studio,few
17930491668252483,True,,True,False,False,5.0,1.0,outdoor,none
17876703750560414,True,,False,False,True,5.0,1.0,studio,few
17852951838660426,True,,False,False,True,5.0,6.0,studio,few
17945976303168153,True,,False,False,False,5.0,1.0,white,none
18085187282609582,True,,True,True,True,5.0,4.0,studio,few
18118254124634942,True,,False,False,False,5.0,3.0,studio,none
18335102899175430,True,,True,True,True,5.0,1.0,white,few
18099982877087221,True,,False,False,False,4.0,5.0,indoor,none
17969667417047026,True,,False,False,False,5.0,1.0,white,none
18086966402525239,True,,True,True,False,5.0,3.0,studio,none
18096466004031485,True,,True,True,False,5.0,3.0,outdoor,none
18084056168617910,True,,False,False,True,5.0,10.0,indoor,few
18059308895454788,True,,True,True,True,5.0,1.0,studio,heavy
18117980698575988,True,,True,True,True,5.0,3.0,studio,few
17992376780944461,True,,True,True,False,5.0,4.0,white,none
18133529686483019,True,,True,True,False,5.0,4.0,white,none
17860753044624996,True,,False,False,False,5.0,2.0,white,none
17934174333051583,True,,True,False,False,5.0,2.0,white,none
17958559329090081,True,,True,True,False,5.0,1.0,studio,none
18125643079595087,True,,True,True,True,5.0,5.0,studio,heavy
18209466082328883,True,,True,False,False,5.0,2.0,outdoor,none
18461768446100296,True,,True,True,False,4.0,5.0,indoor,none
18091010126157254,True,,True,True,True,5.0,1.0,studio,few
17898577800423435,True,,True,True,True,5.0,6.0,white,few
17887923651472154,True,,True,True,False,5.0,2.0,studio,none
18100471499060366,True,,False,False,True,5.0,5.0,white,few
18325841251270253,True,,True,True,False,5.0,4.0,outdoor,heavy
18097487567082714,True,,True,False,True,5.0,1.0,outdoor,few
18199949824355996,True,,False,False,True,5.0,1.0,other,heavy
17884530165514648,True,,True,True,False,5.0,3.0,white,none
18261908785291252,True,,False,False,False,3.0,5.0,outdoor,heavy
18099056185822950,True,,True,True,False,5.0,5.0,studio,none
17992991600782706,True,,True,True,False,5.0,6.0,studio,none
18090916028228048,True,,True,False,False,5.0,2.0,studio,none
18209885968334928,True,,False,False,True,5.0,3.0,studio,heavy
18169348720398432,True,,True,True,False,5.0,3.0,indoor,none
17984075426986188,True,,True,True,True,5.0,3.0,white,few
17872911132475583,True,,True,True,False,4.0,5.0,outdoor,none
18524461312078532,True,,True,True,False,5.0,4.0,outdoor,none
17971410198010380,True,,True,True,False,5.0,2.0,white,none
18101095702810765,True,,False,False,False,5.0,2.0,indoor,none
18076660094156527,True,,True,True,False,5.0,4.0,outdoor,none
18005805518884317,True,,True,False,True,5.0,4.0,studio,heavy
17966883072026760,True,,False,False,False,5.0,2.0,white,none
17991768008956834,True,,True,True,False,5.0,6.0,indoor,none
17871817125665548,True,,False,False,True,5.0,8.0,white,heavy
18064113113382090,True,,True,True,False,5.0,2.0,white,none
17870900811656128,True,,False,False,False,5.0,4.0,white,few
18107564827897046,True,,True,True,False,5.0,3.0,white,none
18314164249285446,True,,False,False,True,5.0,1.0,studio,few
18025459301806096,True,,True,True,True,5.0,1.0,indoor,few
18086366936349976,True,,True,True,False,4.0,1.0,indoor,none
18151907242458619,True,,False,False,False,5.0,5.0,studio,none
18103594921741439,True,,True,True,True,5.0,5.0,other,heavy
18069403997317147,True,,True,False,True,5.0,6.0,outdoor,heavy
18589396540051421,True,,True,False,False,5.0,4.0,white,none
17896258047441114,True,,True,False,False,4.0,7.0,outdoor,none
17940006243186021,True,,True,True,True,5.0,10.0,other,heavy
17872473711469007,True,,True,True,False,5.0,3.0,white,none
18085475318049518,True,,False,False,False,5.0,2.0,white,none
17893303944309374,True,,False,False,True,5.0,9.0,studio,heavy
17891199057333888,True,,True,False,False,5.0,2.0,outdoor,none
18140932051497513,True,,False,False,True,4.0,1.0,white,few
17920307463124175,True,,True,True,False,5.0,7.0,studio,none
18073691225560213,True,,True,True,True,5.0,1.0,outdoor,few
18112243111865446,True,,True,True,False,5.0,7.0,outdoor,few
17863423251682546,True,,False,False,True,5.0,3.0,indoor,few
18086149163360999,True,,False,False,True,5.0,1.0,other,few
18083722271614849,True,,False,False,False,5.0,2.0,indoor,few
18097151725844840,True,,True,True,False,5.0,7.0,studio,none
18074587919633475,True,,True,True,True,5.0,1.0,white,few
18088536905464574,True,,False,False,True,5.0,1.0,white,few
17965194741063796,True,,False,False,True,5.0,10.0,white,heavy
18112905790747631,True,,True,True,False,4.0,1.0,white,none
18057488897707438,True,,False,False,False,5.0,1.0,indoor,none
17862657147681738,True,,True,True,False,4.0,4.0,studio,none
17990688032959363,True,,True,True,False,5.0,6.0,indoor,none
18094909184039496,True,,True,True,False,5.0,6.0,studio,none
17866782399527454,True,,True,False,False,4.0,7.0,outdoor,none
18106836388906268,True,,False,False,True,5.0,3.0,indoor,few
18090192574955006,True,,True,False,False,4.0,4.0,indoor,none
18346919215211000,True,,False,False,False,4.0,1.0,indoor,none
17901116991413881,True,,True,False,False,5.0,4.0,white,none
18133613371534988,True,,True,True,False,3.0,5.0,indoor,none
17884535253496237,True,,False,False,False,5.0,1.0,other,none
18578956309031904,True,,False,True,False,3.0,1.0,indoor,none
17871336171657843,True,,True,False,True,5.0,3.0,indoor,few
18196494451356011,True,,False,False,False,5.0,1.0,white,none
18098111297047115,True,,True,True,True,5.0,2.0,white,few
18090433463544002,True,,False,False,True,5.0,3.0,studio,few
18573736744002878,True,,False,False,False,4.0,2.0,indoor,none
17894917059307870,True,,False,False,True,4.0,2.0,studio,few
17966192655061638,True,,False,False,True,5.0,10.0,studio,few
18578561887051315,True,,True,True,True,5.0,4.0,studio,heavy
18101891501510600,True,,True,True,False,5.0,2.0,indoor,few
17856005826634240,True,,True,True,False,5.0,7.0,white,few
17974445790007729,True,,False,False,True,5.0,1.0,studio,few
17989246442951316,True,,False,False,True,5.0,3.0,white,few
18376706401200017,True,,True,False,True,5.0,3.0,studio,few
17935711167235091,True,,False,False,False,4.0,2.0,outdoor,none
18373668595166382,True,,True,False,False,4.0,2.0,indoor,none
17919068703141860,True,,True,True,False,5.0,4.0,indoor,none
17869494882598624,True,,True,True,False,5.0,6.0,white,none
18099064663990314,True,,True,True,False,4.0,4.0,outdoor,none
18102797167923981,True,,True,False,False,5.0,1.0,white,few
18061296992689407,True,,False,False,True,5.0,1.0,studio,heavy
17970253644040905,True,,False,False,True,5.0,3.0,indoor,few
18090282803186694,True,,True,True,True,4.0,2.0,indoor,heavy
18078146777425713,True,,False,False,True,5.0,6.0,studio,heavy
18077112497388034,True,,False,False,True,5.0,5.0,studio,few
18022697390812850,True,,True,False,False,4.0,4.0,white,none
18074485808221730,True,,True,True,True,5.0,3.0,indoor,heavy
18130263625560627,True,,True,True,False,5.0,1.0,studio,none
17884522956378488,True,,True,False,True,5.0,6.0,outdoor,few
17872626813476662,True,,False,False,False,4.0,2.0,studio,none
17939553135193766,True,,True,False,False,5.0,1.0,indoor,none
18355772800235151,True,,False,False,False,4.0,6.0,studio,none
18024258161815899,True,,True,False,False,4.0,3.0,outdoor,none
18008596451850561,True,,False,False,False,5.0,3.0,indoor,few
18122354020555395,True,,True,False,False,5.0,6.0,white,none
17866123350670261,True,,True,True,True,5.0,8.0,indoor,few
18086521331034604,True,,True,True,False,4.0,4.0,outdoor,none
18576227647026059,True,,True,True,False,5.0,6.0,studio,none
18197198542358378,True,,True,True,True,5.0,2.0,studio,few
18356873965226744,True,,False,False,False,5.0,2.0,white,none
17948530713129888,True,,False,False,True,3.0,1.0,indoor,few
18105844369923194,True,,True,False,True,5.0,1.0,outdoor,few
18077791901143445,True,,True,True,True,5.0,1.0,outdoor,few
18311877865279985,True,,False,False,True,5.0,8.0,white,few
18064728797348558,True,,True,True,True,5.0,2.0,studio,few
18088494689599820,True,,True,True,False,5.0,2.0,studio,none
18081856232381574,True,,False,False,False,5.0,4.0,studio,few
17924447817281233,True,,True,False,False,5.0,2.0,indoor,none
18004215248729118,True,,True,True,True,5.0,4.0,studio,few
18265719052292116,True,,True,True,False,5.0,2.0,studio,none
18397819417145983,True,,True,True,False,5.0,5.0,studio,none
18173879650399993,True,,False,False,False,5.0,3.0,indoor,none
17860551453654007,True,,True,True,False,5.0,3.0,outdoor,none
18069455978656631,True,,False,False,False,5.0,6.0,indoor,none
18133229731529447,True,,False,False,False,5.0,2.0,white,none
17884624932526788,True,,True,True,True,5.0,4.0,outdoor,few
17941657077174516,True,,False,False,False,5.0,2.0,outdoor,none
17911082295182925,True,,True,False,True,5.0,7.0,studio,few
18151487008471230,True,,True,False,False,5.0,4.0,white,none
18110515633828977,True,,True,True,False,5.0,5.0,white,none
18155945566445734,True,,True,True,False,4.0,4.0,outdoor,none
18097894312845503,True,,True,True,False,5.0,7.0,white,none
18085637975623538,True,,True,True,False,5.0,8.0,outdoor,none
17927675265268459,True,,False,False,True,5.0,4.0,studio,few
18121173943629916,True,,False,False,False,5.0,3.0,white,none
18112916239812635,True,,True,True,False,5.0,4.0,studio,none
18098812337283201,True,,True,True,True,5.0,7.0,studio,few
18076231592629237,True,,True,True,True,5.0,5.0,studio,few
18095154911041508,True,,True,False,True,5.0,4.0,indoor,heavy
18100085102067503,True,,False,False,True,5.0,4.0,white,few
17850477426675101,True,,True,True,False,5.0,3.0,studio,none
18010971704890214,True,,False,False,False,5.0,1.0,indoor,none
18417909910135125,True,,False,False,False,5.0,8.0,indoor,none
18048533636514695,True,,False,False,True,5.0,1.0,white,few
18056225381687801,True,,True,True,False,5.0,8.0,outdoor,none
17892343212451918,True,,True,True,False,5.0,2.0,studio,none
18086824541578907,True,,True,False,False,5.0,5.0,studio,none
18574803538004841,True,,True,False,True,5.0,2.0,indoor,heavy
17999905844926772,True,,True,True,False,5.0,5.0,studio,none
18119099158729943,True,,False,False,False,5.0,1.0,studio,none
18063973892682272,True,,False,False,False,5.0,3.0,outdoor,none
18098132174319382,True,,False,False,False,5.0,6.0,studio,none
18101646343952899,True,,False,False,True,5.0,3.0,studio,heavy
18109598323662416,True,,True,True,False,5.0,6.0,studio,none
18123507910719413,True,,True,True,False,5.0,3.0,white,none
18062947646388891,True,,True,False,False,5.0,3.0,indoor,none
18113492956694553,True,,False,False,True,5.0,9.0,studio,few
18047075402797442,True,,True,True,True,5.0,4.0,outdoor,heavy
17952340445962768,True,,True,False,False,5.0,3.0,white,none
18093239846171331,True,,True,True,True,5.0,1.0,studio,few
17865686250613606,True,,True,False,False,5.0,1.0,white,none
17958452940080189,True,,True,True,False,5.0,7.0,white,none
17859115524625867,True,,False,False,False,5.0,4.0,white,none
18094099730152708,True,,True,True,True,5.0,1.0,outdoor,few
18096134051020576,True,,True,True,True,5.0,1.0,indoor,few
18312068752283730,True,,False,False,False,5.0,1.0,outdoor,none
18122472997721747,True,,True,True,False,5.0,1.0,white,none
18095185940119900,True,,True,True,False,4.0,3.0,indoor,none
18119987575626418,True,,True,True,False,5.0,2.0,studio,none
18580359982021930,True,,False,False,False,3.0,1.0,indoor,none
17963678514109251,True,,True,True,False,5.0,1.0,studio,none
18130604092566149,True,,True,False,False,5.0,1.0,indoor,none
18093223397140229,True,,False,False,True,5.0,3.0,white,few
18079464347434099,True,,False,False,False,5.0,1.0,outdoor,none
17960277321102988,True,,True,False,True,5.0,2.0,outdoor,heavy
17917557834344782,True,,True,False,False,4.0,1.0,other,none
18086779265358835,True,,True,True,True,5.0,1.0,studio,few
18079023314112793,True,,True,False,False,4.0,2.0,indoor,none
17931661494237033,True,,True,True,False,5.0,1.0,indoor,none
17934880338226686,True,,True,True,False,5.0,4.0,indoor,none
17922037989340474,True,,True,True,True,5.0,10.0,white,heavy
17981520065972483,True,,True,True,False,5.0,8.0,outdoor,none
18433118482184015,True,,True,False,False,5.0,1.0,white,none
18088159142259365,True,,False,False,False,5.0,1.0,white,none
18111507322862357,True,,False,False,True,5.0,2.0,studio,few
17912783214368280,True,,False,False,False,5.0,3.0,white,few
18576636100001734,True,,True,False,True,5.0,4.0,indoor,heavy
17864901693544981,True,,False,False,True,5.0,5.0,studio,few
17871092766486728,True,,True,False,True,5.0,2.0,studio,heavy
18115129540682430,True,,True,True,False,5.0,4.0,studio,none
18118349155634460,True,,False,False,True,5.0,4.0,white,few
18022362347810741,True,,True,False,False,5.0,6.0,indoor,none
18431347399184532,True,,True,True,False,5.0,1.0,studio,none
18142581724501478,True,,False,False,True,5.0,6.0,studio,heavy
18405529915196913,True,,True,False,False,5.0,3.0,white,none
17905527987221377,True,,True,True,True,5.0,3.0,indoor,few
17986411100974550,True,,False,False,True,5.0,4.0,white,heavy
17920151097335451,True,,True,True,True,5.0,2.0,indoor,few
18075856886169665,True,,False,False,True,5.0,3.0,white,few
18146710102485690,True,,True,False,True,5.0,8.0,studio,heavy
18113934631706317,True,,False,False,False,5.0,4.0,studio,none
18039612863766073,True,,True,True,True,5.0,5.0,studio,few
17949086007121391,True,,True,True,False,5.0,6.0,studio,none
18004140329726433,True,,False,False,True,5.0,7.0,studio,heavy
17884564494517755,True,,True,True,False,5.0,3.0,indoor,none
17929996950238283,True,,True,False,False,5.0,3.0,white,none
17876750478434573,True,,False,False,False,4.0,1.0,indoor,few
18040884860781396,True,,True,False,False,5.0,5.0,indoor,none
18106269958856677,True,,False,False,True,5.0,1.0,other,heavy
18119279155644497,True,,True,True,True,5.0,10.0,other,heavy
18099906689052920,True,,False,False,True,4.0,1.0,other,heavy
18084176453057748,True,,True,True,False,5.0,5.0,outdoor,none
17894288370303065,True,,False,False,False,5.0,1.0,white,few
18112743886743628,True,,False,False,False,5.0,2.0,studio,none
18099619930819807,True,,False,False,False,5.0,2.0,white,none
17879733474550530,True,,False,False,False,5.0,4.0,studio,none
18096015641109745,True,,True,True,False,5.0,4.0,white,none
18436833670188501,True,,False,False,True,5.0,10.0,studio,few
18083093147370311,True,,True,True,False,5.0,2.0,white,none
18107033716910467,True,,True,True,False,5.0,3.0,studio,none
18096043778118198,True,,False,False,True,5.0,5.0,white,few
17893435236309070,True,,False,False,False,5.0,2.0,indoor,none
18169079524412681,True,,True,False,False,4.0,1.0,indoor,none
18098531648082983,True,,False,False,True,5.0,2.0,indoor,few
18321975034248145,True,,True,True,False,5.0,2.0,indoor,none
18321346348265934,True,,False,False,False,5.0,1.0,studio,none
18102746747491351,True,,True,False,False,5.0,3.0,studio,none
18123277426621230,True,,True,True,False,5.0,5.0,outdoor,none
17988180119794456,True,,False,True,True,5.0,6.0,other,heavy
18076974695544221,True,,True,False,False,5.0,1.0,indoor,none
17885156469514689,True,,False,False,False,5.0,3.0,studio,none
18569172055049094,True,,True,True,False,5.0,4.0,outdoor,none
18100040249513410,True,,False,False,True,5.0,4.0,indoor,few
18133593622474197,True,,True,True,True,4.0,1.0,studio,few
18025743182811060,True,,True,False,True,5.0,2.0,studio,few
18086510108599513,True,,True,False,True,5.0,8.0,other,few
17964187146072291,True,,True,True,False,5.0,4.0,white,none
18157192144451535,True,,False,False,True,5.0,6.0,studio,heavy
18018398630667575,True,,True,True,False,5.0,5.0,studio,none
18451557034111325,True,,False,False,False,5.0,1.0,white,none
18081556004630118,True,,False,False,False,4.0,3.0,white,none
18406867054179132,True,,False,False,False,5.0,1.0,white,none
18114044716749611,True,,False,False,True,5.0,2.0,white,few
18090698411465456,True,,True,True,True,5.0,7.0,studio,few
18120341347621592,True,,True,False,False,5.0,1.0,white,none
18094822766161912,True,,True,True,False,5.0,3.0,outdoor,none
18091729103269720,True,,False,False,False,5.0,1.0,white,none
17906656665224239,True,,False,False,True,5.0,4.0,white,heavy
18128616001505358,True,,False,False,True,5.0,3.0,studio,few
18203012716337240,True,,True,True,True,5.0,2.0,outdoor,few
18159201679438007,True,,False,False,True,5.0,8.0,white,heavy
17905197789221899,True,,False,False,True,4.0,1.0,indoor,few
18133478998558278,True,,False,False,False,5.0,1.0,outdoor,none
18128164444582944,True,,True,False,True,4.0,3.0,studio,heavy
17882099691506999,True,,False,False,True,5.0,6.0,studio,few
18140473924448351,True,,True,False,True,5.0,2.0,outdoor,few
18001512605913821,True,,True,False,True,5.0,1.0,white,few
18048443327739720,True,,False,False,True,5.0,6.0,white,few
17941426941168235,True,,True,True,True,5.0,3.0,outdoor,few
18189878152323367,True,,False,False,True,4.0,1.0,white,few
18067689656688380,True,,True,True,True,5.0,1.0,studio,few
18147743932467175,True,,True,False,False,5.0,6.0,indoor,none
18059930075445576,True,,True,True,False,4.0,4.0,indoor,none
18079508540628755,True,,True,True,False,5.0,3.0,indoor,none
17891331813446342,True,,True,True,False,5.0,3.0,white,none
17908485498370144,True,,True,True,True,5.0,1.0,white,few
18394480492152728,True,,True,True,False,5.0,2.0,studio,none
17971344500886567,True,,True,True,False,5.0,2.0,white,none
18099197485823767,True,,False,False,False,5.0,2.0,outdoor,none
18078446969132976,True,,True,False,False,5.0,2.0,studio,none
18092612501268716,True,,True,True,True,5.0,4.0,studio,heavy
17910108447379675,True,,True,True,False,5.0,3.0,indoor,none
17969365775891790,True,,True,True,False,5.0,4.0,white,none
18140840131446124,True,,True,False,False,5.0,1.0,studio,none
18046927124764838,True,,True,True,True,5.0,3.0,indoor,heavy
18074246438629880,True,,False,False,True,5.0,1.0,studio,few
18060958988409837,True,,False,False,True,5.0,4.0,white,few
17894125905432573,True,,True,True,False,5.0,4.0,white,none
18095515331032317,True,,True,True,True,5.0,5.0,indoor,few
18091613264181909,True,,True,True,False,5.0,3.0,studio,none
18081223172113006,True,,True,True,False,5.0,1.0,white,none
18121174975536285,True,,True,False,True,5.0,1.0,studio,heavy
18082183187123721,True,,True,True,False,5.0,3.0,indoor,none
17971929482880111,True,,False,False,True,4.0,10.0,white,heavy
18111258319744326,True,,False,False,False,5.0,3.0,studio,none
17934076743055802,True,,True,True,False,5.0,8.0,indoor,none
18389947900153380,True,,True,True,False,5.0,2.0,other,none
18354010597225315,True,,False,False,True,5.0,4.0,white,few
17953403777961856,True,,True,False,False,5.0,5.0,studio,none
17981774711823213,True,,True,True,False,5.0,9.0,studio,none
18107953696850035,True,,True,True,False,5.0,2.0,white,none
17932572861236222,True,,True,False,True,5.0,1.0,studio,few
18119519053657907,True,,False,False,False,5.0,3.0,white,none
18073022657542385,True,,True,True,False,5.0,7.0,indoor,none
17876350374589060,True,,False,False,True,4.0,1.0,other,heavy
18006310994887591,True,,False,False,False,5.0,4.0,studio,none
17873243445600085,True,,True,True,False,5.0,2.0,studio,none
17872741296606762,True,,True,True,True,5.0,4.0,white,heavy
18126812044573258,True,,True,True,False,5.0,3.0,studio,none
17869337799512635,True,,False,False,True,5.0,5.0,studio,few
17875140273459334,True,,False,False,True,5.0,3.0,indoor,few
18009557804903588,True,,True,True,False,5.0,1.0,white,none
18077235830437711,True,,True,True,True,5.0,5.0,outdoor,few
18064854758669839,True,,True,True,True,5.0,2.0,outdoor,few
18111255718835707,True,,False,False,False,5.0,1.0,white,none
18582246319048078,True,,False,False,True,4.0,9.0,indoor,heavy
18024294968647151,True,,False,False,True,5.0,1.0,indoor,few
18098754805819866,True,,True,False,False,5.0,1.0,studio,none
18172847269405532,True,,True,True,False,5.0,3.0,indoor,few
17933065680240889,True,,True,False,True,5.0,2.0,indoor,few
18095085017331051,True,,True,True,True,5.0,6.0,studio,few
17918491437321643,True,,True,True,True,5.0,4.0,studio,few
18101139451795358,True,,True,True,True,5.0,8.0,white,few
18058121315465828,True,,False,False,False,5.0,5.0,white,few
18113577541752649,True,,True,False,False,5.0,8.0,white,none
18356166103231987,True,,False,False,True,5.0,1.0,studio,heavy
18014846513835476,True,,True,True,False,5.0,5.0,indoor,none
17967629625020340,True,,True,True,False,5.0,5.0,outdoor,none
18119652511638798,True,,True,True,False,5.0,5.0,studio,none
17906986788222695,True,,True,False,False,5.0,2.0,studio,none
17854617588649881,True,,True,False,True,5.0,3.0,outdoor,few
18094377286882853,True,,True,True,False,5.0,1.0,white,none
18097939283094396,True,,False,False,True,5.0,8.0,white,few
17890962597452129,True,,False,False,False,4.0,2.0,other,none
18038815865716948,True,,True,True,True,5.0,4.0,indoor,few
18160041970436151,True,,True,True,False,5.0,1.0,studio,none
18199639600353983,True,,True,True,True,5.0,2.0,studio,heavy
18162714118428160,True,,True,True,False,5.0,4.0,studio,none
18080986253097239,True,,True,True,True,5.0,1.0,indoor,few
18062254613698248,True,,False,False,True,5.0,6.0,white,few
17894724447441298,True,,False,False,False,5.0,2.0,white,few
18123587257627830,True,,False,False,False,5.0,4.0,white,none
18110489920692031,True,,False,False,True,5.0,1.0,white,few
18153262249462092,True,,True,False,True,5.0,1.0,studio,heavy
17909695713368050,True,,True,False,False,5.0,2.0,indoor,none
18065481176692254,True,,True,True,False,5.0,4.0,studio,none
17881576890556465,True,,False,False,False,4.0,1.0,other,few
17990710589954857,True,,False,False,True,5.0,1.0,indoor,few
18110455006828350,True,,True,False,False,4.0,5.0,indoor,none
18137687614516867,True,,True,False,False,5.0,6.0,white,none
18070194776405881,True,,True,True,True,5.0,1.0,indoor,few
18118332712632939,True,,True,False,True,5.0,4.0,indoor,heavy
18126910555563677,True,,True,False,False,4.0,4.0,indoor,none
18006734258896465,True,,False,False,True,5.0,5.0,studio,few
17932355031231456,True,,False,False,True,5.0,1.0,white,few
18132370507559266,True,,True,True,True,5.0,1.0,outdoor,heavy
18056395643706797,True,,False,False,False,5.0,3.0,studio,none
18109976905867830,True,,False,False,False,5.0,3.0,white,none
18407364019177004,True,,True,True,True,5.0,3.0,other,few
18085882574209038,True,,True,True,False,5.0,3.0,indoor,none
18145376608493836,True,,True,False,True,4.0,4.0,indoor,heavy
18206937877327540,True,,False,False,True,5.0,10.0,indoor,few
18092659658114476,True,,False,False,False,5.0,2.0,studio,none
18132451147543553,True,,False,False,True,5.0,2.0,studio,few
18065933327354285,True,,False,False,False,5.0,2.0,white,few
17943647291996295,True,,True,True,True,5.0,1.0,indoor,few
18443754460112484,True,,False,False,False,5.0,1.0,indoor,none
18091344487897346,True,,False,False,True,5.0,1.0,studio,few
18407202409182402,True,,False,False,True,4.0,1.0,indoor,few
18109610245654248,True,,True,True,False,4.0,3.0,white,none
17920426086332753,True,,False,False,False,5.0,3.0,white,none
17904907353403179,True,,True,True,False,5.0,4.0,white,none
18096153083118501,True,,False,False,True,5.0,3.0,indoor,few
18083575469375377,True,,True,True,False,5.0,3.0,studio,none
18112562179686381,True,,False,False,False,5.0,2.0,studio,none
18111882682696626,True,,False,False,True,5.0,3.0,studio,heavy
18070478879412165,True,,False,False,True,5.0,1.0,white,heavy
17903954883241788,True,,False,False,False,5.0,1.0,white,none
18092011355582182,True,,True,True,True,5.0,1.0,outdoor,few
18112641643691198,True,,True,False,False,5.0,1.0,studio,none
17878213041560185,True,,False,False,False,5.0,2.0,studio,none
18432029317190374,True,,True,True,False,5.0,5.0,white,none
18076936670431847,True,,True,True,False,5.0,7.0,indoor,none
17857269561593866,True,,True,True,True,5.0,1.0,studio,few
18080972582626847,True,,False,False,True,4.0,2.0,studio,few
18100835006491265,True,,False,False,True,5.0,2.0,studio,few
17933333697226871,True,,False,False,False,4.0,8.0,indoor,few
17991723164946842,True,,True,True,True,5.0,2.0,studio,heavy
18060318986417409,True,,True,False,False,5.0,7.0,indoor,none
18590115502020564,True,,True,True,True,5.0,8.0,white,heavy
18118759312633342,True,,True,False,True,5.0,1.0,studio,few
18065586374354097,True,,True,True,True,5.0,3.0,studio,few
17968698459062340,True,,False,False,True,4.0,1.0,white,heavy
17948503742981100,True,,False,False,False,4.0,1.0,studio,none
17925918126101601,True,,False,False,False,5.0,4.0,studio,none
18121159657635839,True,,False,False,False,5.0,2.0,studio,none
18112319254841095,True,,False,False,False,5.0,2.0,white,none
18085701677341799,True,,False,False,True,5.0,5.0,studio,few
17923867647314810,True,,False,False,False,4.0,2.0,other,none
18102086809984928,True,,False,False,True,5.0,6.0,studio,few
17995264040928435,True,,False,False,True,5.0,4.0,white,few
18112815712836289,True,,True,True,False,4.0,3.0,studio,none
17944477320077516,True,,True,True,False,5.0,4.0,white,none
18262990426289718,True,,False,False,False,5.0,1.0,white,none
17866053234657223,True,,False,False,False,4.0,3.0,indoor,few
18121782400619391,True,,False,False,False,5.0,1.0,studio,none
18005831513860696,True,,True,True,False,4.0,4.0,outdoor,none
18087455015255943,True,,True,True,True,5.0,4.0,white,few
18089188501976346,True,,True,False,False,5.0,6.0,indoor,few
17971050845878262,True,,False,False,False,4.0,2.0,outdoor,none
18059056553704531,True,,False,False,True,5.0,1.0,indoor,few
18053918231705980,True,,False,False,False,5.0,1.0,indoor,none
18313296169285120,True,,True,True,False,4.0,3.0,outdoor,none
18101717414480149,True,,True,True,False,5.0,2.0,outdoor,none
18091983140334440,True,,True,True,False,5.0,6.0,outdoor,none
17914564362357837,True,,True,False,False,5.0,3.0,outdoor,none
18134239045556997,True,,True,True,False,5.0,4.0,white,none
17983897163993519,True,,True,False,False,4.0,4.0,outdoor,none
17978688387005987,True,,True,True,False,4.0,5.0,outdoor,none
18125523367610278,True,,True,False,False,5.0,4.0,studio,none
18108388801893111,True,,False,False,True,4.0,10.0,studio,few
17867059929526300,True,,True,True,True,5.0,3.0,outdoor,heavy
17923896051260478,True,,False,False,False,5.0,3.0,white,none
18042800744759618,True,,True,True,True,5.0,1.0,studio,few
18126989227586055,True,,True,True,False,5.0,5.0,outdoor,none
17900510091414960,True,,True,False,True,5.0,3.0,indoor,few
18101777665950418,True,,False,False,False,5.0,9.0,studio,none
18078783797420880,True,,True,False,False,5.0,4.0,indoor,few
18147009409481876,True,,False,False,True,5.0,2.0,other,few
18098078366319588,True,,False,False,True,5.0,1.0,white,few
18000548129748866,True,,False,False,True,5.0,1.0,white,heavy
18582346354023670,True,,False,False,True,4.0,2.0,outdoor,few
18127306717606805,True,,False,False,True,5.0,7.0,studio,few
17876416779558042,True,,True,True,False,5.0,3.0,indoor,none
18082335407090609,True,,True,False,True,5.0,1.0,outdoor,heavy
18461094595110432,True,,True,True,False,4.0,7.0,outdoor,none
18168325027416822,True,,True,False,True,5.0,1.0,studio,few
18586214971013721,True,,False,False,False,5.0,4.0,white,none
18099897842066713,True,,False,False,False,5.0,5.0,indoor,none
17846424258696905,True,,True,True,False,5.0,6.0,studio,none
18069230840308949,True,,True,True,False,5.0,1.0,outdoor,none
17854437519645167,True,,False,False,False,5.0,3.0,white,none
18094527506110146,True,,True,False,True,5.0,3.0,indoor,few
17961166838915829,True,,False,False,True,5.0,2.0,studio,few
18085965350358682,True,,True,False,True,5.0,1.0,white,few
18102915259752435,True,,True,True,False,5.0,6.0,studio,none
18132382633542590,True,,False,False,False,4.0,9.0,other,none
17921990886319802,True,,False,False,True,5.0,1.0,studio,few
17863598781616005,True,,False,False,False,5.0,1.0,white,none
18084357461460389,True,,False,False,True,5.0,5.0,indoor,heavy
17970401202015990,True,,True,True,True,5.0,2.0,studio,few
18165200728424654,True,,False,False,True,5.0,6.0,other,heavy
17853905655639775,True,,True,True,True,5.0,7.0,white,few
18127740610586975,True,,False,False,False,5.0,1.0,other,none
18096989921102896,True,,True,True,True,5.0,2.0,indoor,few
18060811214686389,True,,True,True,True,4.0,1.0,indoor,few
18085919252599529,True,,True,True,False,5.0,6.0,outdoor,none
18100398154962723,True,,True,True,True,4.0,4.0,outdoor,few
17884912041373739,True,,True,True,False,5.0,3.0,studio,none
17907534834220002,True,,True,True,True,5.0,2.0,studio,few
18048050822543079,True,,False,False,False,5.0,6.0,white,none
17959538100075100,True,,True,True,False,4.0,5.0,indoor,none
18365757832201533,True,,True,True,True,5.0,1.0,studio,few
18525661531072894,True,,True,True,True,5.0,6.0,indoor,heavy
17963090742068691,True,,True,True,False,5.0,4.0,indoor,none
17881825233522273,True,,False,False,True,5.0,9.0,studio,few
17946266898160334,True,,False,False,False,5.0,5.0,studio,none
18113023513775313,True,,True,True,False,5.0,5.0,white,none
17853057426643143,True,,True,True,True,5.0,4.0,studio,few
18117514723670337,True,,False,False,False,4.0,3.0,studio,none
18070809896272507,True,,False,False,False,5.0,1.0,studio,none
18003080066728418,True,,True,True,False,5.0,4.0,studio,few
18526198279078070,True,,True,True,False,5.0,3.0,outdoor,none
18093869686887052,True,,True,True,False,5.0,1.0,studio,none
18028458989799515,True,,True,True,False,5.0,3.0,studio,none
17903957295240935,True,,False,False,False,5.0,2.0,outdoor,none
17926306344273230,True,,True,False,False,5.0,4.0,studio,none
17988217610968142,True,,True,True,False,5.0,3.0,indoor,none
18101945821822353,True,,True,True,False,5.0,5.0,white,none
18335967298174443,True,,False,False,True,5.0,8.0,indoor,few
18009150047892526,True,,False,False,True,5.0,6.0,white,few
18149980018473237,True,,True,True,True,5.0,4.0,studio,heavy
18087926453191384,True,,True,True,False,5.0,3.0,studio,none
18054943748706087,True,,True,True,False,4.0,6.0,outdoor,none
18109696246672045,True,,False,False,True,5.0,2.0,white,few
17915458272345889,True,,False,False,True,5.0,1.0,white,few
17895997626437751,True,,True,False,False,5.0,2.0,studio,none
18070581716645481,True,,True,True,True,5.0,5.0,indoor,few
18097432568037825,True,,False,False,False,5.0,10.0,indoor,none
18081160517432150,True,,False,False,False,5.0,2.0,studio,none
18082957415095034,True,,False,False,True,5.0,3.0,studio,few
18086541668027707,True,,True,True,True,4.0,7.0,white,few
18128078980509662,True,,False,False,True,5.0,8.0,white,few
17974295243863100,True,,False,False,True,5.0,4.0,indoor,few
18117391684668780,True,,True,True,False,5.0,8.0,indoor,none
18086150729345155,True,,False,False,True,5.0,7.0,studio,few
18263532727291562,True,,True,True,False,5.0,6.0,white,none
17913353706166117,True,,True,True,True,5.0,5.0,studio,heavy
17978590055843871,True,,True,True,True,5.0,6.0,white,few
18006243278891290,True,,True,True,False,5.0,3.0,studio,none
18112556812769278,True,,True,False,True,5.0,3.0,studio,few
17983769927992851,True,,True,False,False,4.0,3.0,indoor,none
18000337013866798,True,,True,False,True,5.0,7.0,studio,few
18088533005003348,True,,True,True,True,5.0,6.0,indoor,few
17864683113535487,True,,True,True,True,5.0,3.0,studio,few
18090683881897757,True,,True,False,True,4.0,2.0,white,few
18147783808427934,True,,False,False,False,4.0,1.0,studio,none
17917368423357224,True,,True,True,False,5.0,1.0,white,none
18577742326008643,True,,True,True,True,5.0,3.0,white,few
18097684061032319,True,,True,True,True,5.0,3.0,outdoor,few
18117714880584387,True,,True,False,False,5.0,2.0,white,none
18071401094260602,True,,True,True,True,5.0,3.0,studio,few
18103139411508543,True,,True,False,False,5.0,5.0,white,none
18113437957691018,True,,True,False,False,5.0,2.0,other,none
18096202174858027,True,,True,False,False,5.0,1.0,studio,none
18263181034294006,True,,False,False,True,5.0,5.0,studio,few
18123388840539976,True,,False,False,False,5.0,5.0,white,none
17971301649034250,True,,False,False,False,5.0,3.0,indoor,none
17905074405396890,True,,True,False,False,5.0,3.0,studio,none
17947493322168090,True,,True,False,True,4.0,8.0,white,few
18077755145567777,True,,True,True,True,5.0,4.0,studio,few
17860887258653227,True,,True,True,True,5.0,1.0,white,few
17928345096089245,True,,False,False,True,5.0,1.0,indoor,few
17999476646756169,True,,True,True,False,5.0,3.0,indoor,none
18089169181992538,True,,False,False,False,5.0,1.0,white,none
18177295498385920,True,,False,False,True,5.0,10.0,indoor,few
17883905487524641,True,,False,False,True,4.0,10.0,indoor,heavy
18202286350346127,True,,False,False,True,4.0,5.0,other,few
17853564270639140,True,,True,True,False,5.0,1.0,studio,none
18156233701403096,True,,False,False,False,5.0,3.0,studio,none
18310360534279932,True,,True,True,False,5.0,4.0,white,none
18097877863835670,True,,True,True,False,5.0,5.0,white,none
18097043063015544,True,,False,False,False,5.0,1.0,white,none
18098671076052173,True,,True,True,False,5.0,1.0,studio,none
17891275803461968,True,,False,False,True,5.0,6.0,white,heavy
18023959541824950,True,,True,True,False,5.0,5.0,studio,none
18099235066954371,True,,False,False,False,5.0,2.0,white,none
17853178116648341,True,,True,True,False,5.0,5.0,indoor,none
18069222635416992,True,,False,False,False,5.0,5.0,indoor,none
17918837301143716,True,,False,False,True,4.0,5.0,white,few
18080435876384968,True,,True,True,True,5.0,5.0,studio,heavy
17948545787981305,True,,True,True,True,5.0,1.0,indoor,few
18108461533858280,True,,True,True,True,5.0,3.0,white,few
18096566539887820,True,,True,True,True,5.0,2.0,white,few
18060965702698798,True,,True,True,False,5.0,4.0,white,none
18119328562565723,True,,True,False,True,5.0,3.0,studio,few
18061184897700702,True,,True,False,False,5.0,9.0,indoor,none
17923123293297275,True,,False,False,False,5.0,2.0,white,few
17996398076761382,True,,True,True,False,4.0,2.0,indoor,heavy
18072534590263586,True,,True,True,False,5.0,3.0,studio,none
18519972679078613,True,,True,True,False,5.0,2.0,white,none
18414750499135339,True,,True,False,False,5.0,1.0,studio,none
18079667468566568,True,,False,False,False,5.0,4.0,white,heavy
18048380060737632,True,,True,True,False,5.0,2.0,outdoor,none
18335196988172320,True,,True,True,True,5.0,2.0,outdoor,few
18581187868046565,True,,False,False,False,5.0,5.0,studio,none
18086618255251371,True,,False,False,False,5.0,1.0,studio,none
18019947467657972,True,,True,True,False,5.0,3.0,indoor,none
17994886817929188,True,,True,False,False,5.0,6.0,studio,none
18094640408027962,True,,True,True,False,5.0,4.0,studio,none
18072666758273358,True,,False,False,True,5.0,5.0,studio,few
18132903433543925,True,,True,False,False,5.0,4.0,white,none
17868054996502203,True,,False,False,True,5.0,3.0,studio,few
17908664733199554,True,,True,True,True,5.0,2.0,white,few
17933692524216796,True,,True,True,False,5.0,2.0,studio,none
17995519088938134,True,,False,False,False,5.0,2.0,indoor,none
17991496784954966,True,,True,True,False,5.0,4.0,studio,none
18133616434526602,True,,True,True,True,5.0,5.0,studio,few
17879469021565070,True,,True,True,True,5.0,1.0,indoor,few
18104043124897685,True,,True,True,False,5.0,4.0,studio,none
17866049685526335,True,,False,False,False,4.0,2.0,white,none
18105400390912794,True,,False,False,True,5.0,3.0,studio,few
17856531162691567,True,,False,False,False,5.0,1.0,studio,few
18118167235648533,True,,False,False,False,5.0,1.0,studio,none
18576104944044170,True,,True,True,True,5.0,4.0,indoor,few
18429349333189586,True,,True,True,False,5.0,6.0,white,none
18006146978716921,True,,True,True,False,5.0,6.0,studio,none
18112969861753586,True,,False,False,False,4.0,3.0,indoor,few
18064418246349596,True,,False,False,True,5.0,2.0,white,few
18081790565385226,True,,False,False,True,4.0,1.0,white,few
17899181007421907,True,,True,True,False,5.0,1.0,studio,none
18321917494267062,True,,False,False,False,4.0,2.0,outdoor,none
17866774338611636,True,,True,True,False,5.0,5.0,studio,none
18119291407654301,True,,False,False,True,5.0,2.0,white,few
18102962486487484,True,,True,True,True,5.0,1.0,studio,heavy
18346636705208349,True,,False,False,True,4.0,2.0,indoor,heavy
18120624238618731,True,,True,True,False,5.0,3.0,outdoor,none
18144747916500075,True,,False,False,True,5.0,5.0,studio,few
18090746405231580,True,,False,False,True,5.0,1.0,other,few
18065940602326053,True,,True,True,True,5.0,3.0,white,few
18118267138646240,True,,True,True,True,5.0,2.0,indoor,few
17987977757974186,True,,True,False,True,5.0,8.0,studio,few
17877957558568599,True,,True,True,False,5.0,1.0,white,none
18127029214578344,True,,True,True,False,5.0,6.0,white,none
17849631240675975,True,,False,False,True,5.0,6.0,studio,few
18107153398894701,True,,True,True,True,5.0,2.0,indoor,few
18148677088467429,True,,True,False,False,4.0,1.0,studio,none
18177552628384613,True,,False,False,False,5.0,2.0,outdoor,none
18093406130272182,True,,False,False,True,5.0,1.0,white,few
18163896304430326,True,,False,False,False,5.0,1.0,studio,few
17863253880673871,True,,False,False,True,4.0,2.0,other,few
18163738090437209,True,,True,True,True,5.0,5.0,indoor,heavy
17890637676327693,True,,True,True,False,5.0,6.0,studio,none
18080360624451306,True,,False,False,False,5.0,2.0,outdoor,none
18009359555886230,True,,True,False,False,4.0,3.0,outdoor,heavy
18061351187430616,True,,True,True,False,4.0,4.0,outdoor,none
17980915652993816,True,,True,True,False,5.0,5.0,studio,none
17881857081517330,True,,True,True,False,5.0,7.0,indoor,none
18073770881240568,True,,True,True,True,4.0,3.0,indoor,few
18105724538500864,True,,True,False,False,5.0,2.0,studio,none
18107960440870524,True,,False,False,True,5.0,1.0,white,few
17962609722066650,True,,True,True,True,5.0,4.0,white,few
18080344535373323,True,,False,False,False,4.0,2.0,indoor,none
17933133939223816,True,,True,True,True,5.0,4.0,studio,few
18098014058053304,True,,False,False,True,5.0,4.0,studio,heavy
18057690233709546,True,,False,False,True,5.0,1.0,studio,few
18073043072226186,True,,True,True,False,5.0,4.0,indoor,none
18354296386236131,True,,True,True,False,5.0,2.0,outdoor,none
18097961462108457,True,,False,False,False,5.0,2.0,studio,none
17968114530049865,True,,True,True,True,5.0,4.0,white,few
18046920083724914,True,,True,True,True,5.0,2.0,white,few
18075589109636647,True,,False,False,True,5.0,1.0,studio,few
18589281487036409,True,,False,False,False,5.0,2.0,indoor,none
17886204873522466,True,,False,False,True,5.0,1.0,studio,few
18126235879586670,True,,False,False,False,5.0,1.0,studio,few
18121008031529185,True,,False,False,False,4.0,4.0,indoor,none
18099979108819618,True,,False,False,False,5.0,6.0,studio,none
17933334039056404,True,,True,True,True,5.0,2.0,studio,few
18586431550039801,True,,True,True,False,5.0,5.0,outdoor,none
18070193219339070,True,,False,False,True,5.0,4.0,white,heavy
18161101888434803,True,,True,True,True,5.0,4.0,studio,few
18402921871196346,True,,False,False,True,5.0,4.0,indoor,few
18225558259310657,True,,True,True,False,5.0,7.0,studio,none
18104698795907530,True,,True,True,False,5.0,2.0,studio,none
18107502841926356,True,,False,False,False,5.0,4.0,indoor,none
17918207868343513,True,,True,False,True,5.0,1.0,outdoor,few
17921320068279559,True,,False,False,True,5.0,1.0,white,few
17946265647156917,True,,True,True,False,5.0,1.0,white,none
17966086233058583,True,,True,True,False,5.0,3.0,studio,none
17860570215565584,True,,True,True,True,5.0,1.0,studio,heavy
18101250215294228,True,,False,False,True,5.0,3.0,white,heavy
18071611235288979,True,,False,False,False,5.0,3.0,indoor,few
18093789863111171,True,,True,False,False,5.0,4.0,white,none
18390009244084435,True,,False,False,True,5.0,1.0,outdoor,few
17863913313671838,True,,True,True,True,5.0,6.0,indoor,heavy
18050451827720511,True,,True,False,False,5.0,1.0,indoor,none
18124724020612143,True,,False,False,True,5.0,1.0,indoor,few
18069810176652829,True,,True,True,True,5.0,1.0,white,few
18102754339953352,True,,False,False,False,5.0,4.0,studio,none
18105536914918192,True,,False,False,True,5.0,10.0,other,heavy
17960584638106417,True,,False,False,True,5.0,1.0,studio,few
18085121732579754,True,,True,True,False,5.0,8.0,indoor,none
18092670115963163,True,,False,False,True,5.0,6.0,white,few
18321694075252399,True,,False,False,True,5.0,9.0,studio,heavy
18088059689261202,True,,True,True,False,4.0,5.0,outdoor,none
17924788464278310,True,,True,False,False,5.0,2.0,white,none
18451350136129935,True,,True,False,False,5.0,2.0,outdoor,none
17892764493450653,True,,False,False,True,5.0,6.0,studio,few
18046935191757206,True,,False,False,True,5.0,3.0,white,few
18120659695654585,True,,False,False,False,5.0,3.0,white,none
18095041519879648,True,,True,False,True,5.0,4.0,white,few
17971119999042016,True,,True,True,True,5.0,4.0,indoor,few
18001150184911867,True,,True,True,False,5.0,4.0,white,none
18002512487914681,True,,True,True,False,4.0,2.0,outdoor,few
18101398859484510,True,,False,False,False,5.0,2.0,studio,few
18047763371516112,True,,True,True,True,5.0,1.0,studio,few
18112385212693626,True,,False,False,True,5.0,5.0,white,few
18104387603480647,True,,True,True,False,4.0,4.0,indoor,none
18114569884665066,True,,True,True,False,5.0,2.0,studio,none
18433142713137858,True,,False,False,True,5.0,3.0,indoor,few
18047821298757983,True,,True,True,False,5.0,2.0,outdoor,none
18043556147767292,True,,True,True,True,5.0,9.0,white,few
18125058709524850,True,,True,True,False,5.0,2.0,white,none
17885572257506709,True,,True,True,False,5.0,2.0,white,none
17884282416518853,True,,True,True,False,5.0,1.0,outdoor,none
18043545716750975,True,,True,True,False,5.0,1.0,studio,none
18107891239675276,True,,True,True,False,5.0,5.0,studio,none
17989853966789422,True,,False,False,False,5.0,1.0,white,none
18149051173485225,True,,True,False,False,5.0,7.0,outdoor,none
18114835306682447,True,,False,False,False,5.0,2.0,white,none
18581956309016615,True,,True,False,True,5.0,10.0,studio,heavy
17945151078168988,True,,True,False,True,4.0,3.0,outdoor,heavy
17901543081413204,True,,True,False,False,4.0,2.0,indoor,none
18022487270818285,True,,False,False,False,4.0,3.0,indoor,none
18125678170521954,True,,True,True,False,4.0,2.0,outdoor,none
18128604718564162,True,,True,True,True,5.0,3.0,studio,few
18174310504397191,True,,True,True,False,5.0,6.0,white,none
18062330495689281,True,,False,False,True,5.0,1.0,studio,few
18085197386580452,True,,True,False,True,5.0,1.0,indoor,heavy
18140262502509893,True,,True,True,False,5.0,5.0,white,none
17867733858522765,True,,False,False,True,5.0,6.0,white,few
18089934478968777,True,,False,False,False,5.0,1.0,white,none
18087733613215040,True,,True,True,True,5.0,3.0,indoor,few
17890784742460035,True,,False,False,True,5.0,4.0,white,few
17993492180781642,True,,False,False,False,4.0,1.0,studio,none
18179308546384231,True,,False,False,True,4.0,2.0,studio,few
18048390080759488,True,,True,True,False,5.0,3.0,indoor,none
18411455044177360,True,,True,False,False,4.0,3.0,outdoor,none
18094775441144440,True,,True,True,False,5.0,1.0,white,none
18018417917818933,True,,False,False,False,5.0,2.0,indoor,none
18094356161125136,True,,True,False,False,5.0,2.0,white,none
17917441167342116,True,,False,False,True,5.0,1.0,outdoor,few
18173339704401336,True,,True,True,True,5.0,1.0,outdoor,few
17943353823172315,True,,True,True,True,5.0,10.0,studio,few
18094369274332031,True,,False,False,True,5.0,2.0,studio,few
18145220221494961,True,,False,False,False,5.0,10.0,indoor,few
18108134848874253,True,,True,True,False,4.0,4.0,indoor,none
18109332634830747,True,,False,False,False,5.0,1.0,white,few
17854932576650100,True,,False,False,False,5.0,1.0,white,few
18077312453130651,True,,True,True,False,5.0,2.0,indoor,none
18088768871587296,True,,True,True,False,5.0,2.0,studio,none
18119158312654423,True,,False,False,False,5.0,3.0,indoor,none
18089467790187813,True,,True,True,True,5.0,1.0,white,few
18345111589300762,True,,False,False,False,4.0,1.0,other,none
18135039766532269,True,,True,True,True,5.0,1.0,white,few
17933272044225753,True,,True,True,False,5.0,4.0,white,none
17988792455977214,True,,True,True,False,5.0,5.0,studio,none
17929927656069294,True,,True,False,False,5.0,6.0,outdoor,none
17884905423480793,True,,True,True,True,5.0,2.0,outdoor,heavy
17949766973980464,True,,True,True,False,5.0,1.0,indoor,none
18420144958121615,True,,True,True,True,4.0,6.0,outdoor,few
18072648173283377,True,,False,False,True,3.0,1.0,indoor,few
18337388194223693,True,,True,True,True,5.0,2.0,white,few
18100008098050597,True,,True,False,True,5.0,3.0,indoor,heavy
18087760412363148,True,,True,True,False,5.0,7.0,white,none
17847293469692992,True,,True,True,False,5.0,7.0,studio,none
17921426868127780,True,,True,True,True,5.0,9.0,other,heavy
17866389909662906,True,,True,True,True,5.0,4.0,indoor,few
17884979367529010,True,,True,True,False,5.0,6.0,outdoor,none
18122831143718335,True,,True,True,True,5.0,2.0,studio,heavy
18102908692820111,True,,False,False,True,5.0,5.0,white,few
17958722232065521,True,,True,True,False,5.0,3.0,studio,none
17875998903565332,True,,True,True,False,5.0,5.0,studio,none
18030235538804167,True,,False,False,False,5.0,6.0,studio,none
18580257109028595,True,,False,False,False,5.0,8.0,indoor,none
18086603768035419,True,,True,True,True,5.0,10.0,studio,heavy
18461321659104096,True,,True,True,True,5.0,2.0,studio,few
17901455070409078,True,,True,True,True,5.0,3.0,white,few
18087931124211883,True,,True,False,False,5.0,5.0,indoor,none
18134409196480110,True,,False,False,False,5.0,1.0,white,none
18431302003188302,True,,True,True,False,5.0,6.0,studio,none
18085544633013605,True,,True,False,False,5.0,3.0,other,none
18148377985464361,True,,True,True,False,5.0,4.0,indoor,none
18575520343048881,True,,True,True,False,5.0,7.0,studio,none
18123203845610817,True,,True,True,True,5.0,7.0,other,heavy
17919185091337706,True,,False,False,True,5.0,8.0,studio,few
18096676106516006,True,,False,False,True,5.0,9.0,studio,heavy
18167609662416635,True,,True,False,False,5.0,1.0,indoor,none
17859432774652930,True,,False,False,True,5.0,6.0,studio,few
18169259260417325,True,,False,False,False,5.0,3.0,white,none
17988579419974097,True,,True,False,False,5.0,1.0,white,none
18119390041629837,True,,True,True,True,5.0,3.0,outdoor,few
17990778626950059,True,,True,True,False,5.0,4.0,indoor,none
18101542180987525,True,,True,True,True,5.0,2.0,outdoor,few
18078370259396515,True,,False,False,True,5.0,1.0,studio,few
18048803393511976,True,,True,True,False,5.0,2.0,studio,none
17846549226692087,True,,True,True,True,5.0,5.0,white,few
17877247821561111,True,,False,False,False,3.0,2.0,indoor,none
18418338295122779,True,,False,False,False,5.0,3.0,studio,none
18117491503658708,True,,True,True,False,4.0,3.0,outdoor,none
17887652619496512,True,,False,False,False,4.0,2.0,indoor,few
18185637139372363,True,,False,False,False,5.0,9.0,studio,none
17949075222137520,True,,True,True,False,5.0,2.0,outdoor,none
18051343808740911,True,,True,True,True,5.0,1.0,studio,heavy
17971524174041275,True,,False,False,True,5.0,2.0,indoor,heavy
17887668327497381,True,,False,False,False,5.0,1.0,studio,none
17947571813979435,True,,True,True,False,5.0,3.0,white,none
18424722457131445,True,,False,False,False,5.0,2.0,studio,none
17948848238980206,True,,True,True,True,5.0,7.0,studio,few
18078616064267331,True,,True,True,False,5.0,3.0,studio,none
18023840045633184,True,,True,False,False,5.0,1.0,studio,none
17933178981228838,True,,True,True,False,5.0,3.0,white,none
18063282884377599,True,,True,True,False,5.0,2.0,white,none
17871902613468820,True,,False,False,False,3.0,1.0,indoor,few
18407527636181111,True,,True,True,True,5.0,1.0,studio,heavy
18078459488628787,True,,False,False,False,5.0,1.0,studio,none
18094447355123605,True,,True,True,True,5.0,3.0,indoor,heavy
18047843519758898,True,,True,True,True,5.0,2.0,indoor,few
18159170092438504,True,,False,False,True,5.0,5.0,white,few
18132658948483736,True,,True,True,True,5.0,6.0,white,few
18200214646342702,True,,False,False,False,5.0,1.0,white,none
18008063282720106,True,,True,False,True,5.0,4.0,white,few
17984790701809371,True,,False,False,False,4.0,6.0,white,none
17868485001609234,True,,True,True,True,5.0,4.0,white,few
18005950571718378,True,,False,False,True,5.0,5.0,other,heavy
17920209318126569,True,,True,True,True,5.0,1.0,indoor,few
17853906876642508,True,,False,False,False,5.0,10.0,white,none
18158118415452164,True,,True,False,False,5.0,3.0,indoor,none
18116575735681142,True,,False,False,True,5.0,5.0,other,few
18109934185805702,True,,False,False,False,5.0,4.0,studio,none
18081665012578102,True,,False,False,False,5.0,3.0,outdoor,none
18075900764541921,True,,False,False,True,5.0,2.0,white,few
17914390833161697,True,,True,True,False,5.0,8.0,white,none
18389099188093746,True,,False,False,False,5.0,3.0,studio,none
17873909622583777,True,,False,False,True,4.0,1.0,other,few
17974553658036238,True,,False,False,False,4.0,2.0,indoor,none
18078717761449804,True,,False,False,False,5.0,3.0,indoor,none
17894258493310863,True,,True,True,False,5.0,4.0,studio,none
18099671414294132,True,,False,False,False,5.0,2.0,other,none
18099819629291898,True,,False,False,False,5.0,2.0,outdoor,none
17877417552433889,True,,False,False,False,5.0,3.0,indoor,none
17882783628509270,True,,False,False,True,5.0,2.0,studio,few
18137986813520625,True,,True,True,False,5.0,4.0,outdoor,none
18124070674589867,True,,True,True,True,4.0,5.0,outdoor,few
18387578155090667,True,,True,True,True,4.0,1.0,indoor,few
17893268637443718,True,,False,False,False,5.0,2.0,indoor,few
18115905979674934,True,,False,False,True,5.0,10.0,white,few
17881941081557910,True,,False,False,True,5.0,3.0,studio,few
18319893094280351,True,,False,False,True,5.0,2.0,other,heavy
17980260456007108,True,,False,False,True,5.0,1.0,white,few
18102874883291110,True,,False,False,True,4.0,9.0,white,heavy
18208573213328873,True,,False,False,False,5.0,8.0,indoor,none
18119129314637857,True,,False,False,True,5.0,3.0,indoor,few
18110673673857053,True,,True,True,True,5.0,1.0,studio,heavy
18086079224462222,True,,True,True,False,5.0,3.0,outdoor,none
18112597564837139,True,,True,True,False,5.0,4.0,studio,none
17908750833199374,True,,True,True,False,5.0,7.0,studio,none
17962926654062580,True,,False,False,False,5.0,5.0,white,none
18087095864251707,True,,True,True,False,5.0,1.0,indoor,none
18116964388646368,True,,False,False,False,3.0,1.0,indoor,heavy
18388418845093818,True,,False,False,False,5.0,2.0,indoor,none
18115482772709315,True,,True,False,False,5.0,2.0,white,none
18072326279643376,True,,True,False,False,4.0,2.0,outdoor,none
18117882541640878,True,,True,True,True,5.0,3.0,white,few
17957080899098318,True,,True,False,True,5.0,2.0,white,few
18148104802471425,True,,True,False,False,5.0,5.0,studio,none
18087507521592350,True,,True,False,True,5.0,2.0,indoor,few
18074291657235707,True,,True,True,False,5.0,5.0,indoor,none
17984291093806561,True,,False,False,False,5.0,3.0,indoor,none
18160723192432155,True,,True,True,True,5.0,2.0,outdoor,heavy
18112310809690654,True,,True,True,False,5.0,2.0,white,none
18058898675476314,True,,False,False,False,5.0,10.0,indoor,few
18094963844517883,True,,False,False,True,5.0,2.0,white,few
18069156746649107,True,,True,True,False,5.0,3.0,white,none
17923838493323563,True,,False,False,False,5.0,1.0,white,none
18096346177854243,True,,False,False,False,5.0,10.0,indoor,few
18115895218683251,True,,False,False,True,5.0,1.0,white,heavy
18368367133205019,True,,True,True,True,5.0,1.0,indoor,few
18028129409801294,True,,True,True,True,4.0,3.0,indoor,heavy
18126414961605549,True,,True,False,False,5.0,2.0,studio,none
18225190294310863,True,,True,True,True,5.0,1.0,studio,few
17860199871681555,True,,True,True,True,5.0,3.0,studio,few
18096734834040311,True,,False,False,False,5.0,2.0,studio,none
17935716360216161,True,,False,False,True,5.0,5.0,studio,few
17896918332424181,True,,True,True,False,5.0,4.0,indoor,none
17983797314986737,True,,False,False,False,5.0,5.0,indoor,few
17866223673534393,True,,False,False,True,5.0,5.0,white,heavy
18128771080560893,True,,True,True,False,5.0,5.0,outdoor,none
18061936466704684,True,,False,False,False,5.0,3.0,white,none
18106997251891679,True,,True,True,False,5.0,3.0,outdoor,none
17875078590564320,True,,True,False,False,4.0,4.0,indoor,none
18102591922755152,True,,False,False,False,5.0,6.0,white,none
18008438309846598,True,,False,False,False,5.0,10.0,indoor,none
18159261502447611,True,,True,True,False,5.0,2.0,white,none
17904253287413353,True,,False,False,False,5.0,3.0,outdoor,none
17884639230504788,True,,True,False,False,5.0,1.0,studio,none
18046511534762628,True,,False,False,True,5.0,6.0,white,few
18089094988993633,True,,True,True,True,5.0,8.0,studio,few
18113906417276815,True,,True,True,True,5.0,9.0,studio,heavy
18060772367399335,True,,False,False,True,4.0,7.0,studio,heavy
17930924088072077,True,,True,True,False,5.0,3.0,studio,none
17854216260643479,True,,True,True,False,4.0,5.0,outdoor,few
17980399472825568,True,,True,False,True,4.0,1.0,indoor,heavy
17949678992985000,True,,True,True,True,5.0,4.0,indoor,heavy
18186307231328305,True,,True,True,False,5.0,1.0,studio,none
18101306422989903,True,,False,False,False,5.0,2.0,other,none
17878958826554368,True,,True,True,False,5.0,5.0,studio,few
18374638204166834,True,,True,True,False,5.0,5.0,white,none
18087384227190300,True,,True,False,True,5.0,1.0,studio,few
17956705491096017,True,,True,True,False,5.0,4.0,studio,none
18113238658819315,True,,True,False,True,4.0,1.0,indoor,few
17921859489302814,True,,True,True,True,5.0,1.0,indoor,few
18092761609925548,True,,True,False,True,5.0,2.0,other,few
18095086691123865,True,,False,False,True,5.0,5.0,white,heavy
18088631090254356,True,,False,False,False,5.0,2.0,indoor,none
18015114158841344,True,,True,False,False,5.0,3.0,white,none
18113714917682834,True,,False,False,False,5.0,2.0,outdoor,few
18114791728759763,True,,False,True,False,3.0,1.0,indoor,none
18110949427796734,True,,False,False,True,4.0,5.0,studio,few
18106893349899082,True,,True,True,True,5.0,2.0,studio,few
17914827723349263,True,,True,False,False,5.0,3.0,studio,none
18098103733838142,True,,True,True,True,5.0,5.0,white,few
18389322376083606,True,,True,True,True,4.0,1.0,outdoor,heavy
17993269121946050,True,,True,True,False,5.0,8.0,indoor,none
18102412537749361,True,,False,False,False,5.0,1.0,indoor,none
17961541989074682,True,,False,False,True,5.0,2.0,white,few
18096939884042666,True,,False,False,False,5.0,2.0,studio,few
17935913526219320,True,,False,False,True,5.0,6.0,studio,few
18443600980119977,True,,True,True,False,5.0,1.0,outdoor,none
18062605202396862,True,,False,False,False,5.0,1.0,outdoor,none
18008325902896259,True,,True,True,True,5.0,1.0,studio,few
18059139347455562,True,,True,True,False,5.0,3.0,outdoor,none
18059196866704199,True,,True,True,False,5.0,1.0,studio,none
18437319007143600,True,,False,False,False,5.0,10.0,studio,none
18064005863373228,True,,False,False,True,5.0,10.0,studio,heavy
18332099341220952,True,,True,True,False,5.0,8.0,studio,none
18088273154218848,True,,True,True,False,5.0,4.0,outdoor,none
18340970983244677,True,,False,False,False,5.0,2.0,studio,none
18065418062671786,True,,False,False,False,5.0,1.0,indoor,none
17867719947606091,True,,False,False,False,4.0,4.0,indoor,none
18543190618070345,True,,True,True,False,5.0,7.0,white,none
18101542975752110,True,,False,False,True,5.0,4.0,studio,few
17883160356527713,True,,False,False,False,5.0,1.0,white,none
18085140047344859,True,,False,False,False,5.0,6.0,white,few
17935312578215361,True,,False,False,True,5.0,4.0,studio,few
18091819958182149,True,,True,True,False,5.0,3.0,indoor,none
18584927251054197,True,,True,True,False,4.0,5.0,outdoor,none
17883469059514043,True,,True,True,False,5.0,1.0,studio,none
18001503239739954,True,,True,True,False,5.0,2.0,outdoor,none
18455694733106166,True,,True,False,False,5.0,5.0,indoor,none
18087262241609046,True,,True,True,True,5.0,1.0,outdoor,heavy
18319004611248149,True,,False,False,False,5.0,2.0,studio,none
18089009063231117,True,,True,True,False,5.0,6.0,indoor,none
18159753085438975,True,,False,False,True,5.0,3.0,other,few
17935159485239042,True,,False,False,True,4.0,1.0,white,heavy
17905613634392383,True,,False,False,True,5.0,4.0,other,few
17885598753525693,True,,True,True,False,5.0,1.0,white,none
18085944926053821,True,,True,False,False,5.0,2.0,indoor,none
18087533558353863,True,,True,False,False,5.0,4.0,other,none
18068648462382340,True,,False,False,False,5.0,3.0,studio,few
18089542352225516,True,,True,True,True,5.0,2.0,studio,few
18586126342047640,True,,False,False,True,5.0,10.0,white,few
18103899901898534,True,,True,True,False,4.0,6.0,indoor,none
18071639762647781,True,,True,False,True,5.0,3.0,studio,few
18104176237933209,True,,False,False,True,5.0,5.0,indoor,few
18431761450137692,True,,True,True,False,5.0,2.0,studio,none
18360213577227332,True,,True,True,False,5.0,5.0,indoor,none
18093603311169823,True,,True,False,True,5.0,4.0,outdoor,few
18098318798059090,True,,True,True,True,5.0,1.0,white,few
18075837920530519,True,,True,True,False,5.0,5.0,outdoor,none
18121316704628056,True,,True,True,True,5.0,3.0,outdoor,few
18215532988325738,True,,True,False,True,5.0,1.0,outdoor,heavy
17985101126966513,True,,True,True,False,5.0,5.0,studio,none
18085689767255650,True,,False,False,False,5.0,3.0,white,none
18577576981004033,True,,True,True,False,5.0,2.0,studio,none
17945923209144240,True,,True,False,True,5.0,2.0,indoor,few
18099322870801376,True,,False,False,False,5.0,10.0,studio,none
17981731175828888,True,,True,True,False,5.0,4.0,white,none
18096941681470372,True,,True,True,False,5.0,4.0,outdoor,none
18000783731862595,True,,False,False,False,4.0,4.0,studio,few
18075788615560815,True,,True,True,True,4.0,2.0,indoor,heavy
18102257804486242,True,,True,False,True,5.0,5.0,studio,few
18064452287343007,True,,False,False,True,5.0,4.0,studio,few
17889286791342460,True,,True,True,True,5.0,7.0,white,few
17864446452613157,True,,False,True,True,5.0,1.0,white,heavy
18085183289597851,True,,False,False,False,5.0,4.0,white,none
18012347966852913,True,,False,False,False,5.0,10.0,white,few
18062983937690813,True,,True,True,False,5.0,3.0,outdoor,none
18105708796927621,True,,False,False,True,5.0,10.0,white,heavy
17909484297375544,True,,False,False,False,5.0,1.0,white,none
18093285908136840,True,,False,False,False,5.0,1.0,white,none
18015412913875495,True,,True,True,False,5.0,3.0,indoor,none
18310282873274306,True,,True,False,False,5.0,1.0,white,none
17917668459143024,True,,True,True,False,5.0,6.0,outdoor,none
18208979650329412,True,,False,False,False,4.0,1.0,indoor,none
18128091391597858,True,,True,True,False,5.0,3.0,white,none
18102366223747501,True,,False,False,True,5.0,4.0,studio,few
18101568250769971,True,,False,False,False,5.0,1.0,studio,none
18102553807944949,True,,True,True,False,5.0,1.0,indoor,none
18097249499026446,True,,True,True,False,5.0,2.0,white,none
17882629536389625,True,,False,False,True,4.0,10.0,white,few
17934418152216096,True,,True,False,True,5.0,1.0,white,few
18041526548780269,True,,False,False,True,5.0,6.0,white,few
18125405305514327,True,,False,False,True,4.0,1.0,indoor,few
18076819193537920,True,,True,True,False,5.0,3.0,outdoor,none
18315229138260525,True,,False,False,True,5.0,4.0,other,few
17981166581990103,True,,True,False,False,5.0,1.0,studio,few
17943168924015857,True,,False,False,False,3.0,1.0,indoor,none
18109062205846707,True,,False,False,False,4.0,9.0,indoor,few
18107548183856187,True,,True,True,True,5.0,3.0,studio,few
18045948623758678,True,,True,True,False,5.0,5.0,white,none
18122098012622038,True,,False,False,False,5.0,1.0,white,none
18033936071630049,True,,False,False,False,5.0,3.0,white,none
18071035556289468,True,,True,True,False,5.0,6.0,outdoor,none
18308132431277021,True,,False,False,True,5.0,8.0,studio,few
18581156491053989,True,,True,True,False,5.0,2.0,outdoor,few
18457471714105026,True,,True,True,False,5.0,2.0,white,none
18096340958031897,True,,True,False,True,3.0,2.0,indoor,few
18135446188530266,True,,False,False,True,5.0,1.0,other,heavy
18099806426007969,True,,True,True,True,5.0,6.0,studio,heavy
18130548046559993,True,,True,True,False,5.0,4.0,indoor,none
17876955756571012,True,,True,True,False,5.0,3.0,outdoor,none
18179830051386184,True,,False,False,True,3.0,10.0,indoor,heavy
17958926081932808,True,,False,False,True,5.0,1.0,indoor,heavy
18117286555777074,True,,True,True,True,5.0,5.0,studio,few
17970252585041304,True,,True,True,False,5.0,3.0,studio,none
17858347215631018,True,,True,False,True,5.0,1.0,studio,few
18102205609944953,True,,True,True,True,5.0,1.0,white,few
18078957623246934,True,,True,True,False,5.0,6.0,white,none
17862732060547711,True,,False,False,False,5.0,1.0,indoor,none
18088047668253298,True,,False,False,True,4.0,2.0,white,few
18173959990400559,True,,True,False,True,5.0,1.0,white,heavy
18003446195885931,True,,True,True,False,5.0,1.0,studio,none
18085440551341697,True,,False,False,True,5.0,1.0,other,heavy
18087180146205599,True,,False,False,False,5.0,1.0,white,none
18415991131131457,True,,False,False,False,5.0,1.0,outdoor,none
18047902922723531,True,,True,True,False,5.0,3.0,studio,none
17897427822427989,True,,False,False,False,5.0,8.0,white,none
18098729783078575,True,,True,True,False,5.0,4.0,white,none
18100738678984071,True,,False,False,False,5.0,3.0,white,none
18172060660416792,True,,False,False,True,5.0,4.0,white,heavy
17900709807265629,True,,True,True,True,5.0,7.0,studio,heavy
18072923387265133,True,,True,True,False,5.0,4.0,white,none
18003994028732301,True,,False,False,False,5.0,1.0,white,none
17881777953524072,True,,False,False,False,5.0,2.0,studio,none
18018137786831586,True,,False,False,False,5.0,7.0,white,none
18521456098074445,True,,True,True,False,5.0,4.0,indoor,none
18066412559339412,True,,True,True,False,5.0,2.0,studio,none
17855397531691418,True,,False,False,True,5.0,4.0,studio,heavy
18385045777094465,True,,True,True,True,5.0,3.0,studio,few
17861221743682431,True,,True,True,True,5.0,2.0,studio,few
18040055402576746,True,,False,False,True,5.0,1.0,white,few
18114088168761653,True,,False,False,False,5.0,1.0,white,none
17856692982632781,True,,True,True,False,5.0,5.0,white,none
18063939155688241,True,,False,False,False,4.0,2.0,outdoor,none
18115257523660246,True,,False,False,True,5.0,3.0,studio,few
17962228910918383,True,,True,True,False,5.0,1.0,studio,none
18104681977924378,True,,False,False,False,5.0,1.0,studio,none
17858502294628709,True,,False,False,False,5.0,1.0,white,none
18391789513084606,True,,False,False,False,4.0,9.0,indoor,none
18041177201558095,True,,True,False,True,5.0,5.0,indoor,few
17924574087275526,True,,True,True,False,5.0,1.0,white,none
18456239629128936,True,,True,False,False,5.0,2.0,indoor,none
17935989948215986,True,,True,False,True,5.0,1.0,studio,few
17906518293222221,True,,True,False,False,5.0,3.0,studio,none
18080343431095524,True,,False,False,True,5.0,1.0,outdoor,heavy
17857206750593366,True,,True,True,True,5.0,1.0,white,few
18081396212547392,True,,True,True,True,5.0,6.0,studio,few
18098991007799388,True,,False,False,False,5.0,7.0,studio,none
17859581505687188,True,,False,False,False,5.0,1.0,outdoor,none
18062353244679055,True,,True,True,False,5.0,8.0,studio,none
18079056977426100,True,,False,False,False,4.0,2.0,indoor,few
18367326010200832,True,,True,True,False,5.0,2.0,white,none
18060755150406834,True,,False,False,False,5.0,1.0,white,none
18347410123209324,True,,True,True,True,5.0,4.0,outdoor,few
18104015624481808,True,,True,True,True,5.0,1.0,indoor,few
17970214194024327,True,,True,True,False,5.0,1.0,white,none
18037479698789933,True,,True,True,True,5.0,4.0,outdoor,few
18100115515965867,True,,False,False,False,5.0,8.0,white,few
18095474773889986,True,,False,False,False,5.0,3.0,white,few
18099353975058497,True,,True,True,True,5.0,2.0,indoor,few
18017824790836409,True,,True,True,True,5.0,1.0,studio,few
18171250756417034,True,,True,True,False,5.0,5.0,white,none
17904324090407725,True,,False,False,True,4.0,1.0,studio,few
17884555260372548,True,,True,True,True,5.0,1.0,indoor,few
18096933695100736,True,,False,False,True,5.0,2.0,studio,few
17892248229327881,True,,False,False,True,5.0,1.0,white,few
18092725190268936,True,,True,True,False,5.0,2.0,white,none
18048232616742381,True,,False,False,False,5.0,2.0,studio,few
17920651824314230,True,,False,False,True,5.0,2.0,other,few
18077687906451131,True,,True,True,False,5.0,2.0,studio,none
17852204631659973,True,,True,False,True,5.0,3.0,studio,heavy
17959441071114414,True,,True,False,True,4.0,5.0,outdoor,few
18090726389521725,True,,True,False,False,5.0,8.0,indoor,none
18212842699323738,True,,True,True,False,5.0,5.0,indoor,none
18170035831415058,True,,False,False,True,5.0,3.0,studio,heavy
18097665380015947,True,,True,True,False,5.0,2.0,outdoor,none
17867584005666279,True,,True,True,True,5.0,1.0,outdoor,heavy
17894155803307942,True,,False,True,True,5.0,9.0,studio,heavy
18108237586868041,True,,True,True,True,5.0,4.0,studio,few
18086343026341278,True,,True,True,False,5.0,2.0,indoor,none
18133818088539207,True,,True,False,False,4.0,1.0,indoor,none
18195470794359835,True,,True,True,False,5.0,2.0,studio,none
18086801114217371,True,,True,False,True,5.0,9.0,studio,few
18347408674212981,True,,True,True,False,5.0,7.0,studio,none
17882894883541550,True,,False,False,True,5.0,5.0,studio,heavy
18035100422597984,True,,True,True,True,5.0,1.0,studio,few
18157064812445469,True,,True,False,False,5.0,1.0,studio,none
18111545452801108,True,,False,False,True,5.0,2.0,white,few
18068918051307867,True,,True,True,False,5.0,4.0,outdoor,none
18115851907775942,True,,False,False,True,5.0,3.0,white,few
18106026688926413,True,,False,False,True,5.0,3.0,white,few
17863882545547810,True,,True,True,True,5.0,3.0,studio,few
18123727618610624,True,,False,False,False,5.0,2.0,indoor,none
18203739751338257,True,,True,False,False,4.0,3.0,outdoor,none
18050371589720658,True,,False,False,True,5.0,6.0,white,few
18102045529748002,True,,True,True,True,5.0,1.0,studio,few
18007502150856903,True,,False,False,True,5.0,1.0,studio,few
18088772972597564,True,,False,False,True,4.0,7.0,white,few
18579779941025488,True,,True,True,False,4.0,2.0,outdoor,none
18463040476103081,True,,False,False,True,4.0,3.0,indoor,few
17879327487551513,True,,False,False,False,5.0,2.0,studio,none
18390460339084688,True,,False,False,True,4.0,5.0,other,heavy
18073294280552689,True,,True,False,False,5.0,5.0,indoor,none
18150432856463117,True,,False,False,False,5.0,8.0,white,none
18582220960017746,True,,True,True,True,5.0,3.0,studio,few
18176930797378071,True,,True,True,False,5.0,5.0,white,none
17855021274647455,True,,True,True,True,5.0,3.0,studio,few
18081375692216335,True,,True,True,False,5.0,4.0,studio,none
17972963712021388,True,,False,False,False,5.0,1.0,indoor,few
18100552672797450,True,,False,False,True,5.0,10.0,studio,few
18085464611580099,True,,False,False,False,5.0,10.0,white,few
18551473612066377,True,,True,True,False,4.0,9.0,outdoor,none
17911916220369732,True,,True,True,True,5.0,1.0,white,few
17873454606457458,True,,False,True,False,5.0,5.0,white,heavy
17944165254141364,True,,False,False,True,5.0,10.0,studio,heavy
18069890231273935,True,,True,True,True,4.0,2.0,indoor,few
18002987702731881,True,,False,False,True,5.0,1.0,indoor,few
18002754602879333,True,,True,False,False,4.0,4.0,indoor,none
18399517021199286,True,,True,True,False,4.0,1.0,studio,none
18078207752293345,True,,True,True,True,5.0,1.0,white,few
18081141017527756,True,,True,True,False,5.0,3.0,white,none
17904899829408896,True,,True,True,False,5.0,2.0,outdoor,none
18388823236092828,True,,True,True,False,4.0,2.0,indoor,none
18075564563649724,True,,True,True,True,5.0,1.0,studio,heavy
17944603134159809,True,,True,True,False,5.0,3.0,white,none
18391498594159658,True,,False,False,False,5.0,3.0,indoor,none
18464123317099539,True,,False,False,False,5.0,1.0,outdoor,none
18091713398600260,True,,False,False,False,5.0,1.0,white,none
17949838068137130,True,,False,False,False,5.0,4.0,white,few
18074498471444141,True,,True,True,False,5.0,5.0,studio,none
18039290186769901,True,,True,False,False,5.0,2.0,white,none
18354331378234001,True,,True,True,True,5.0,10.0,indoor,few
17910489051385240,True,,True,True,False,5.0,2.0,outdoor,none
18123612820625544,True,,True,True,True,5.0,3.0,indoor,few
17871448740476514,True,,False,False,False,5.0,1.0,white,none
18161156626387216,True,,True,False,False,5.0,4.0,studio,none
18110617444646062,True,,True,False,False,5.0,2.0,studio,none
18100531888943517,True,,True,True,False,5.0,4.0,studio,none
17854964931648587,True,,True,True,True,5.0,2.0,studio,few
18123875458606706,True,,False,False,False,5.0,3.0,indoor,few
18035160305603979,True,,True,True,False,5.0,4.0,studio,none
18053356226707753,True,,True,True,True,5.0,3.0,studio,few
18096732995015658,True,,True,False,True,5.0,5.0,outdoor,few
18289525567303072,True,,True,False,False,5.0,2.0,studio,none
18101611220511163,True,,True,True,False,5.0,5.0,white,none
18101157655756169,True,,True,False,False,5.0,3.0,white,none
17954393990961923,True,,True,True,True,5.0,3.0,indoor,few
18003034886858407,True,,False,False,True,5.0,8.0,studio,few
18346378735214522,True,,False,False,True,5.0,7.0,white,few
18136233190531444,True,,False,False,False,5.0,1.0,other,heavy
18087532562262103,True,,False,False,False,5.0,1.0,white,none
18573954364013447,True,,False,False,True,4.0,1.0,other,heavy
18115494037675597,True,,False,False,False,5.0,1.0,white,none
18085122272603163,True,,False,False,False,5.0,1.0,white,none
18074268518199009,True,,True,True,False,5.0,2.0,studio,none
18089469278352982,True,,True,True,False,5.0,5.0,studio,none
18105416740899176,True,,False,False,True,5.0,6.0,studio,few
17959875996076501,True,,False,False,False,5.0,1.0,studio,none
17870997399476605,True,,True,False,False,5.0,2.0,indoor,none
18065008571340947,True,,False,False,False,5.0,2.0,other,none
17962640838061104,True,,False,False,False,5.0,2.0,white,none
18087895523225072,True,,True,False,True,5.0,2.0,indoor,heavy
18111819671508158,True,,True,False,True,4.0,1.0,indoor,few
18129775579498154,True,,True,False,False,5.0,7.0,white,none
18076181531541594,True,,False,False,True,5.0,2.0,white,few
18115649032805427,True,,False,False,True,5.0,3.0,studio,few
18346692469210656,True,,True,True,False,5.0,4.0,white,none
18102022450786954,True,,True,True,True,5.0,2.0,studio,heavy
18389099404090667,True,,True,True,True,5.0,2.0,studio,few
18318467755281494,True,,False,False,True,5.0,4.0,white,few
18076417193407154,True,,True,False,False,5.0,2.0,studio,few
18138432715505812,True,,True,True,True,5.0,2.0,studio,heavy
18012304070688114,True,,True,False,False,5.0,7.0,indoor,few
18074887946206656,True,,False,False,False,5.0,3.0,indoor,none
17957428776093828,True,,True,True,True,5.0,2.0,indoor,few
18098456146988291,True,,False,False,False,5.0,1.0,white,none
17934746163083274,True,,False,False,True,5.0,1.0,studio,heavy
17928140637254260,True,,True,False,False,5.0,2.0,studio,none
18173316352403895,True,,False,False,True,5.0,3.0,white,heavy
18264757453288364,True,,True,True,True,5.0,1.0,indoor,few
17983903109816631,True,,True,True,False,5.0,4.0,indoor,few
18408568192182678,True,,False,False,False,5.0,2.0,indoor,none
18099692092779389,True,,False,False,False,5.0,1.0,indoor,none
18087129233262217,True,,False,False,True,5.0,1.0,outdoor,few
17917587291347434,True,,False,False,True,5.0,2.0,white,few
18061577219416503,True,,True,True,False,5.0,4.0,indoor,none
18262070725293141,True,,False,False,False,4.0,1.0,other,none
18106150327921178,True,,True,False,False,5.0,4.0,white,none
18097485920002740,True,,True,True,True,5.0,1.0,white,heavy
18337635487168262,True,,True,False,True,5.0,2.0,white,few
18062496683373363,True,,True,True,False,5.0,2.0,studio,none
18078991649432929,True,,False,False,False,5.0,3.0,white,none
18135060343536362,True,,True,True,True,5.0,5.0,indoor,few
17912833179179972,True,,False,False,True,4.0,3.0,indoor,heavy
17999642855932548,True,,True,True,False,5.0,2.0,studio,none
17883965802540240,True,,True,True,False,5.0,5.0,outdoor,none
17995538519933793,True,,True,True,True,5.0,3.0,white,few
18001465979874781,True,,True,True,False,5.0,7.0,studio,none
17982530528997191,True,,False,False,False,4.0,2.0,white,none
18318929647258665,True,,False,False,False,5.0,4.0,indoor,heavy
18122741584623827,True,,False,False,True,4.0,7.0,white,heavy
18385348477094864,True,,True,False,False,5.0,7.0,white,none
18075140777541393,True,,True,False,False,5.0,1.0,white,none
18092517452135677,True,,False,False,False,5.0,3.0,indoor,few
18077033909172225,True,,True,False,True,5.0,4.0,indoor,few
18105628153903903,True,,True,True,False,5.0,2.0,studio,none
17857805814594620,True,,False,False,False,5.0,1.0,white,none
18107536913505090,True,,False,False,False,5.0,2.0,other,none
18084406595185860,True,,True,True,True,3.0,3.0,indoor,heavy
18085466858258366,True,,False,False,True,5.0,2.0,studio,few
17952233568132711,True,,False,False,False,5.0,2.0,white,few
17885199411506790,True,,False,False,True,4.0,1.0,other,few
18098254454019172,True,,False,False,False,4.0,6.0,outdoor,none
18087588950014618,True,,True,True,False,3.0,5.0,outdoor,few
18007349981912581,True,,True,True,False,5.0,3.0,white,none
18081361448564700,True,,True,False,True,5.0,3.0,outdoor,few
18136675195534473,True,,False,False,False,5.0,5.0,outdoor,none
18102498568938039,True,,False,False,True,5.0,1.0,white,heavy
18581286943027226,True,,True,True,False,5.0,3.0,white,none
18092419129936781,True,,True,True,False,5.0,5.0,indoor,none
18400530319145565,True,,False,False,False,4.0,1.0,studio,few
17864185038614870,True,,True,True,False,3.0,2.0,outdoor,none
18092725366917068,True,,True,True,False,5.0,5.0,outdoor,none
18117968392636700,True,,False,False,True,5.0,1.0,studio,few
18337660024168760,True,,True,True,True,5.0,3.0,outdoor,few
18087479197996817,True,,True,False,False,4.0,1.0,outdoor,none
18042228992776599,True,,True,True,False,5.0,1.0,indoor,none
18133821544553150,True,,True,False,False,5.0,5.0,indoor,none
18332683222217708,True,,False,False,True,5.0,3.0,studio,few
17977268993840701,True,,False,False,False,5.0,4.0,indoor,none
17974694348867427,True,,True,True,False,4.0,3.0,indoor,none
17962413950917604,True,,True,True,False,5.0,2.0,indoor,none
18091065652926585,True,,False,False,False,5.0,1.0,white,few
18063740987356175,True,,True,True,False,5.0,2.0,indoor,none
18112950139795758,True,,True,False,False,5.0,4.0,studio,none
18095915858119833,True,,False,False,False,5.0,1.0,studio,none
18092313950134109,True,,True,True,False,5.0,3.0,studio,none
18113157283606923,True,,True,True,True,5.0,10.0,studio,few
18113235868684229,True,,True,True,False,5.0,3.0,studio,none
18022882232819170,True,,False,False,False,5.0,3.0,indoor,few
18402648400150992,True,,True,False,False,4.0,1.0,indoor,none
18062369111423814,True,,False,False,False,5.0,2.0,white,none
18578647537046420,True,,False,False,False,4.0,10.0,indoor,none
18527738905077740,True,,True,False,True,4.0,1.0,indoor,heavy
18126471007585513,True,,True,True,False,5.0,8.0,studio,none
18166008211420138,True,,True,False,False,3.0,4.0,indoor,none
18387581413094616,True,,True,True,False,4.0,1.0,indoor,none
17887204002476781,True,,False,False,False,5.0,1.0,indoor,none
17927713320277440,True,,False,False,False,5.0,3.0,white,none
18100847854749375,True,,True,False,True,5.0,1.0,white,heavy
18001976405873980,True,,True,True,False,4.0,5.0,indoor,few
18019285499824177,True,,False,False,True,5.0,1.0,outdoor,few
18576780394033278,True,,False,False,False,5.0,1.0,white,none
18109381879833408,True,,False,False,True,5.0,1.0,white,few
18101811220988910,True,,True,False,True,5.0,2.0,indoor,few
18079741016126585,True,,True,False,True,5.0,6.0,outdoor,few
18043187675781239,True,,True,True,False,5.0,1.0,indoor,none
17901613677411288,True,,False,False,True,5.0,10.0,studio,heavy
18090851635910985,True,,False,False,False,5.0,1.0,white,few
18095829763863912,True,,False,False,True,5.0,8.0,white,few
18044563805520558,True,,False,False,True,4.0,1.0,white,few
18084814901039851,True,,False,False,True,5.0,7.0,studio,heavy
18395073025159972,True,,True,True,False,5.0,2.0,studio,none
17967369114054440,True,,True,False,False,5.0,3.0,studio,none
18337386109222129,True,,False,False,False,5.0,6.0,white,none
17883763068484360,True,,True,True,False,4.0,3.0,indoor,none
18153766105457345,True,,False,False,False,5.0,1.0,studio,none
18064900082669681,True,,False,False,True,5.0,2.0,white,heavy
18104292757921379,True,,True,False,False,5.0,3.0,white,none
17915769738167912,True,,True,True,True,5.0,5.0,studio,heavy
18097708922015349,True,,False,False,False,5.0,3.0,white,none
18111896563815331,True,,True,False,False,5.0,1.0,studio,none
18418355155193838,True,,True,True,False,4.0,3.0,outdoor,none
17903909736402494,True,,True,True,False,5.0,3.0,indoor,none
17885412369472630,True,,False,False,False,5.0,5.0,indoor,none
18000290924877638,True,,True,False,False,5.0,4.0,indoor,none
17942849913177255,True,,False,False,False,5.0,1.0,other,none
18316738909253300,True,,True,True,True,5.0,2.0,studio,few
18077235980291998,True,,False,False,False,4.0,3.0,studio,few
17984180828808979,True,,False,False,True,5.0,3.0,studio,few
18091710748897503,True,,True,True,True,5.0,1.0,outdoor,heavy
18569787829061340,True,,True,True,False,5.0,3.0,studio,none
17911898727359307,True,,False,False,False,5.0,2.0,studio,none
18008543093899781,True,,False,False,False,5.0,1.0,white,none
17871701358486740,True,,False,False,True,5.0,2.0,studio,heavy
18087970409206430,True,,False,False,True,5.0,10.0,white,few
18017250749833356,True,,True,False,True,4.0,1.0,indoor,few
18113242882787308,True,,False,False,False,5.0,2.0,studio,none
18097916216045772,True,,True,True,False,5.0,10.0,outdoor,heavy
18014118209842873,True,,False,False,True,5.0,5.0,indoor,few
18102253316477297,True,,False,False,True,4.0,10.0,indoor,few
17958164121107656,True,,True,True,True,5.0,8.0,studio,heavy
18208608901335370,True,,False,False,True,4.0,2.0,indoor,few
18123870631611666,True,,True,True,True,5.0,1.0,indoor,heavy
17850628722676377,True,,False,False,True,5.0,2.0,white,few
18121995514628941,True,,True,True,False,5.0,2.0,white,none
17884787616535645,True,,True,True,True,5.0,2.0,indoor,few
18101182354759215,True,,False,False,False,5.0,1.0,white,none
18357350170230664,True,,False,False,True,5.0,3.0,outdoor,few
18002946575728663,True,,True,True,True,5.0,3.0,indoor,heavy
17996490674766567,True,,True,False,True,5.0,1.0,other,heavy
17943063501183536,True,,False,False,True,5.0,1.0,studio,few
18453156523129289,True,,True,False,False,5.0,2.0,studio,none
17853357402688113,True,,False,False,False,5.0,1.0,white,none
18329746990221193,True,,False,False,False,5.0,3.0,indoor,none
18103573489767721,True,,True,True,False,5.0,3.0,studio,none
18108925648876743,True,,True,True,False,5.0,2.0,studio,none
18098496077047618,True,,False,False,True,5.0,1.0,studio,few
17971169163020314,True,,True,True,True,5.0,5.0,white,few
17854692417643524,True,,True,False,False,5.0,2.0,indoor,none
18022650719641987,True,,True,True,False,5.0,1.0,studio,none
17939189091188330,True,,False,False,True,5.0,1.0,studio,few
18150566032477324,True,,False,False,True,5.0,1.0,indoor,few
18128762083562133,True,,False,False,False,5.0,3.0,white,few
18024390809804913,True,,True,False,False,5.0,1.0,studio,none
18147993844488161,True,,True,True,False,5.0,3.0,outdoor,none
18086195885016553,True,,False,False,True,5.0,1.0,studio,few
18099716872779134,True,,False,False,True,5.0,1.0,studio,few
18454309762129753,True,,False,False,True,5.0,4.0,studio,heavy
18126249094585660,True,,False,False,False,4.0,1.0,white,none
18143384401496583,True,,False,False,False,5.0,1.0,white,none
18005847848885774,True,,True,False,False,5.0,3.0,studio,none
18099390245042631,True,,False,False,False,5.0,1.0,indoor,none
17916973446352284,True,,False,False,True,4.0,2.0,white,heavy
18078071354181287,True,,True,True,False,5.0,3.0,outdoor,none
18552016324071837,True,,False,False,False,4.0,3.0,outdoor,few
18373584718207127,True,,True,True,False,4.0,10.0,indoor,heavy
18106085716936054,True,,True,False,False,4.0,6.0,indoor,none
18023563802658629,True,,False,False,False,5.0,1.0,white,none
18132784354558775,True,,False,False,False,4.0,5.0,indoor,few
17933587926232549,True,,False,False,True,5.0,3.0,other,heavy
18079944071384828,True,,False,False,False,5.0,1.0,white,none
17933286540233977,True,,False,False,True,5.0,1.0,indoor,heavy
18437840338142609,True,,False,False,False,5.0,1.0,white,none
18074252426555658,True,,False,True,True,5.0,2.0,white,heavy
17861714397619310,True,,True,True,False,5.0,4.0,white,none
18119773372712353,True,,True,True,False,5.0,3.0,indoor,none
18575957047048549,True,,True,True,True,5.0,2.0,studio,few
18106149382907249,True,,False,False,False,4.0,2.0,studio,none
18081946757428529,True,,True,True,False,5.0,1.0,indoor,none
17896610940285105,True,,True,False,False,5.0,6.0,white,none
18096021251095463,True,,True,False,False,4.0,3.0,indoor,few
17855030322649092,True,,False,False,True,4.0,1.0,other,few
18132411505543673,True,,True,True,True,5.0,3.0,indoor,few
18090848584921584,True,,True,True,False,5.0,1.0,white,none
17854076745642407,True,,True,True,False,5.0,6.0,indoor,none
18097510049038530,True,,True,True,True,5.0,6.0,white,few
18355774915225168,True,,True,True,True,5.0,10.0,indoor,heavy
18404038168199500,True,,True,False,False,4.0,2.0,indoor,none
18110763628770471,True,,True,False,False,4.0,1.0,indoor,none
17886708669493260,True,,True,True,True,5.0,1.0,white,heavy
17997022259761461,True,,False,False,False,5.0,1.0,studio,few
18129412018499089,True,,False,False,True,4.0,1.0,other,few
18087244517252616,True,,False,False,False,5.0,3.0,other,none
18080440265422585,True,,True,False,False,4.0,1.0,indoor,none
18009101681849483,True,,False,False,False,5.0,1.0,indoor,none
17902914369242161,True,,True,False,True,5.0,1.0,outdoor,few
18118533961628737,True,,True,True,False,5.0,4.0,outdoor,heavy
18150007288472793,True,,True,False,True,4.0,5.0,outdoor,few
18111959446696996,True,,False,False,True,5.0,7.0,indoor,few
18077596409551818,True,,True,True,False,5.0,6.0,outdoor,none
18116975905570337,True,,False,False,False,5.0,1.0,white,none
18096848668851533,True,,True,True,False,4.0,4.0,indoor,few
18025484072810542,True,,False,False,False,4.0,7.0,indoor,few
18059160059443641,True,,True,True,False,5.0,5.0,studio,none
17891576622461549,True,,True,True,False,5.0,1.0,white,none
18110466799803079,True,,False,False,True,5.0,4.0,studio,few
17883062619516322,True,,True,False,False,4.0,5.0,outdoor,none
18345050614214293,True,,True,False,False,5.0,4.0,white,none
18094101374146277,True,,False,False,False,5.0,1.0,studio,none
18094215536603119,True,,True,True,False,5.0,4.0,indoor,none
17908767492200248,True,,True,True,False,4.0,3.0,white,none
18122478889529726,True,,False,False,False,4.0,2.0,indoor,none
17883703701545368,True,,True,True,False,5.0,6.0,studio,none
18078296264531538,True,,True,True,False,4.0,2.0,indoor,few
18099577487080733,True,,False,False,False,5.0,1.0,studio,none
18060874181502040,True,,True,True,False,5.0,3.0,white,none
17915757255346653,True,,True,False,False,4.0,1.0,indoor,none
18543897229067769,True,,True,True,False,5.0,8.0,outdoor,heavy
18097605530097521,True,,True,True,False,5.0,2.0,white,few
18080391413542359,True,,True,True,True,4.0,10.0,indoor,few
18072367328240495,True,,True,False,False,4.0,7.0,outdoor,none
18085667534360152,True,,True,True,False,5.0,1.0,indoor,none
17951374614108784,True,,False,False,False,5.0,8.0,white,few
17962290492077986,True,,False,False,False,5.0,4.0,outdoor,few
18310147225285885,True,,True,True,False,5.0,9.0,outdoor,none
17986205060987141,True,,True,True,False,5.0,4.0,white,none
17887376565495397,True,,False,False,False,4.0,8.0,indoor,none
17968764429048934,True,,True,True,False,5.0,5.0,studio,none
17997193694761313,True,,True,False,False,4.0,2.0,indoor,none
18103473992506805,True,,True,False,True,5.0,6.0,indoor,few
17942813442176204,True,,False,False,False,5.0,1.0,white,none
18454578115107472,True,,False,False,True,5.0,1.0,white,few
17896851828441501,True,,True,True,False,5.0,7.0,white,none
18094419023031496,True,,False,False,False,3.0,1.0,outdoor,none
18102823778491296,True,,True,True,True,5.0,1.0,studio,heavy
17885083362532844,True,,True,False,False,5.0,2.0,indoor,none
18083270948616053,True,,True,True,False,5.0,9.0,indoor,none
18124478635717849,True,,False,False,True,3.0,1.0,indoor,heavy
17882575407518229,True,,False,False,False,5.0,1.0,studio,none
18581087524013606,True,,False,False,False,5.0,10.0,indoor,none
17934095778237441,True,,True,True,True,5.0,4.0,white,few
18090230837176827,True,,True,True,False,4.0,4.0,white,none
18406650358196884,True,,False,False,False,5.0,1.0,studio,none
18099393223970289,True,,True,False,True,5.0,1.0,white,heavy
18122666971543459,True,,True,True,True,5.0,2.0,studio,few
17914090920163124,True,,False,False,False,5.0,2.0,white,none
18076112105533008,True,,True,True,False,5.0,3.0,outdoor,none
18109026325893409,True,,True,False,True,5.0,1.0,white,few
18312607594278628,True,,True,True,False,4.0,1.0,outdoor,none
17863492869617504,True,,False,False,True,4.0,10.0,indoor,heavy
18083488514578867,True,,False,False,False,5.0,6.0,outdoor,none
17989434092970335,True,,False,False,True,5.0,4.0,studio,few
18114942040688771,True,,True,True,False,5.0,4.0,studio,none
18036224645809098,True,,False,False,True,4.0,1.0,outdoor,few
18099044642051947,True,,False,False,False,5.0,1.0,white,none
18036093494594266,True,,True,True,False,5.0,6.0,indoor,none
17969951660881221,True,,False,False,False,5.0,1.0,white,heavy
18087384902244041,True,,True,False,True,5.0,1.0,studio,few
17888325876474282,True,,False,False,True,5.0,1.0,studio,few
18148830400477558,True,,False,False,True,4.0,3.0,indoor,few
17881726836396340,True,,False,False,True,5.0,1.0,studio,few
17941856841177401,True,,True,True,True,5.0,2.0,outdoor,heavy
18073437029236959,True,,True,False,True,4.0,1.0,indoor,few
18120473821643335,True,,True,True,False,5.0,5.0,outdoor,none
18061073141412671,True,,True,True,False,5.0,3.0,outdoor,none
18068678957329441,True,,True,False,True,5.0,1.0,white,few
17913005631369325,True,,True,True,False,5.0,2.0,white,none
18117710710579179,True,,True,False,True,5.0,1.0,studio,few
18108825742885383,True,,True,True,False,4.0,4.0,indoor,none
17912108688379593,True,,True,False,False,5.0,1.0,indoor,few
18173279101396190,True,,False,False,False,5.0,1.0,studio,none
18101715064980107,True,,True,True,False,4.0,3.0,indoor,none
18162137017448809,True,,True,True,False,5.0,4.0,studio,none
18072313652249984,True,,False,False,True,4.0,10.0,studio,few
17963680707068392,True,,True,False,False,5.0,2.0,studio,none
18083784698620552,True,,True,True,True,5.0,3.0,studio,few
18093605420152275,True,,True,True,False,4.0,3.0,outdoor,few
18006702815900430,True,,True,True,True,5.0,2.0,studio,few
18108154663889581,True,,True,True,False,5.0,1.0,studio,none
17921165016125627,True,,True,True,True,5.0,5.0,studio,heavy
17903217750408038,True,,True,False,True,5.0,5.0,indoor,heavy
17911409040186486,True,,True,True,False,5.0,1.0,other,none
18139974166501511,True,,True,True,False,5.0,2.0,studio,none
18388970785087742,True,,False,False,False,5.0,5.0,white,none
17962754664102721,True,,True,True,False,5.0,5.0,outdoor,none
17862673338620945,True,,False,False,False,5.0,1.0,studio,none
18077460017151784,True,,True,True,False,5.0,1.0,outdoor,few
18102170011781767,True,,True,False,False,3.0,1.0,outdoor,none
17950940946136470,True,,True,True,False,5.0,2.0,white,none
18096004667028145,True,,True,True,False,5.0,2.0,studio,none
18152335819415814,True,,True,True,False,4.0,4.0,indoor,few
18102899753477091,True,,False,False,False,5.0,2.0,studio,none
18002473652740189,True,,False,False,False,5.0,10.0,indoor,heavy
18178206421383613,True,,True,True,False,5.0,3.0,indoor,none
18105159892901617,True,,True,True,False,4.0,7.0,indoor,few
17966009978903956,True,,False,False,False,4.0,1.0,outdoor,none
18262157872288203,True,,False,False,False,4.0,2.0,indoor,none
17972466188993460,True,,True,True,True,5.0,2.0,outdoor,few
18132868207534450,True,,True,True,False,4.0,6.0,indoor,none
18096718582835277,True,,False,False,False,5.0,2.0,white,none
18336857137173394,True,,True,True,False,5.0,2.0,outdoor,none
18077136197531945,True,,True,False,False,5.0,2.0,indoor,none
18088115702583345,True,,True,True,True,5.0,1.0,white,few
17995528859767152,True,,False,False,True,3.0,1.0,indoor,heavy
17853202149658846,True,,True,True,False,5.0,2.0,indoor,none
18436024336190422,True,,True,True,False,5.0,1.0,studio,none
17986021883986425,True,,False,False,False,4.0,3.0,indoor,none
18007670357906587,True,,True,True,False,5.0,3.0,studio,none
18095191765955639,True,,False,False,False,5.0,2.0,studio,none
17974168518010516,True,,False,False,True,4.0,1.0,studio,few
17995253882768081,True,,False,False,False,5.0,1.0,indoor,none
17909438313383627,True,,True,True,False,5.0,3.0,studio,none
18093056672164465,True,,True,False,False,5.0,1.0,studio,none
18130696792588396,True,,False,False,True,5.0,2.0,studio,heavy
17959652850088332,True,,True,True,False,5.0,2.0,white,none
18076439978162849,True,,True,True,True,5.0,1.0,indoor,few
17907240279383822,True,,True,True,False,4.0,2.0,indoor,none
18134259721469055,True,,True,True,False,4.0,4.0,indoor,few
17931472014065101,True,,True,True,True,5.0,7.0,outdoor,heavy
18421965586126043,True,,False,False,True,5.0,4.0,studio,few
18066196205424457,True,,False,False,True,4.0,1.0,other,few
18115076752750420,True,,False,False,False,5.0,2.0,indoor,few
18072010697256966,True,,False,False,True,4.0,8.0,studio,heavy
17953378367961859,True,,False,False,False,5.0,6.0,studio,few
18078525611407930,True,,False,False,False,5.0,1.0,outdoor,none
18076124438220990,True,,True,True,False,4.0,1.0,indoor,few
18094811533883755,True,,False,False,False,4.0,4.0,outdoor,none
18003379715879017,True,,True,True,True,5.0,1.0,white,few
18117365386778706,True,,True,True,False,3.0,6.0,outdoor,none
18097477538089404,True,,False,False,True,5.0,2.0,white,few
18093463559177843,True,,True,True,False,5.0,4.0,outdoor,none
17852000874659227,True,,False,False,False,4.0,1.0,indoor,few
18041487503564811,True,,False,False,True,4.0,5.0,indoor,heavy
17972894708867764,True,,True,True,True,5.0,4.0,studio,few
18133321642552015,True,,True,True,False,5.0,3.0,studio,none
18088950965268608,True,,False,False,False,4.0,1.0,outdoor,few
18115703026671640,True,,False,False,False,5.0,8.0,indoor,few
18311431081277688,True,,False,False,False,5.0,1.0,white,few
17990108507959733,True,,False,False,True,5.0,8.0,white,few
18100313480003889,True,,True,True,True,5.0,2.0,outdoor,few
17895621261442172,True,,True,True,False,5.0,4.0,indoor,none
17907897192382491,True,,False,False,True,4.0,1.0,indoor,heavy
18099626753007985,True,,True,False,False,5.0,3.0,studio,none
18032357849629971,True,,True,True,True,5.0,1.0,studio,few
18017457905829885,True,,False,False,True,5.0,3.0,indoor,few
18086626400340388,True,,True,True,False,4.0,4.0,indoor,none
18113741218737942,True,,True,True,False,4.0,9.0,indoor,none
18036056150598075,True,,False,False,True,5.0,3.0,outdoor,few
18150673006465121,True,,False,False,True,5.0,2.0,white,heavy
17950815726134089,True,,False,False,True,5.0,1.0,white,few
18077378960557006,True,,True,False,False,5.0,2.0,studio,none
18096477134078488,True,,False,False,False,4.0,7.0,indoor,none
18044799347758400,True,,True,False,False,5.0,4.0,white,none
17934270600055075,True,,True,True,False,5.0,3.0,white,none
18578713447007925,True,,True,False,False,4.0,1.0,indoor,none
18357945295224396,True,,False,False,False,4.0,1.0,studio,none
18050326355569312,True,,True,False,False,5.0,3.0,outdoor,none
18064754525343613,True,,False,False,False,5.0,1.0,white,none
18067217081330266,True,,False,False,True,4.0,1.0,white,few
18095959127040400,True,,True,True,False,2.0,3.0,indoor,few
17854506621640810,True,,False,False,False,5.0,1.0,studio,few
18094774394029733,True,,True,False,False,4.0,7.0,indoor,none
17936612529035805,True,,False,False,True,5.0,1.0,other,few
18357807979226950,True,,True,False,False,3.0,5.0,outdoor,none
18094017913886413,True,,True,True,True,4.0,2.0,outdoor,heavy
17870899932598673,True,,True,True,True,5.0,2.0,indoor,few
17878982157545571,True,,True,True,False,5.0,6.0,studio,none
18018426809666854,True,,True,True,True,5.0,1.0,studio,few
18095732356841814,True,,True,False,False,5.0,6.0,white,none
18099237506078257,True,,True,False,False,4.0,5.0,studio,none
18096487505032086,True,,True,False,False,4.0,2.0,indoor,none
17853286254648932,True,,False,False,False,5.0,6.0,indoor,heavy
17885890842530253,True,,True,True,False,4.0,7.0,white,few
17975673923862257,True,,False,False,False,5.0,1.0,studio,none
18073145567268390,True,,False,False,True,5.0,2.0,white,few
18170264680409494,True,,True,True,False,5.0,4.0,indoor,none
18004720475912538,True,,False,False,True,5.0,1.0,white,few
18367780525166146,True,,True,False,False,4.0,1.0,indoor,none
18088768139600626,True,,False,False,False,4.0,1.0,studio,few
18079973516417502,True,,False,False,False,5.0,2.0,outdoor,none
17941450953015971,True,,True,True,False,5.0,5.0,studio,none
17977481153843464,True,,False,False,True,5.0,1.0,studio,heavy
18116145553728551,True,,False,False,False,5.0,6.0,white,few
18197298076347564,True,,False,False,False,5.0,2.0,outdoor,none
18095142881155086,True,,False,False,False,4.0,4.0,studio,none
18114753775607653,True,,True,False,False,4.0,2.0,outdoor,none
18109678168878417,True,,False,False,False,4.0,1.0,outdoor,few
18423283966120211,True,,False,False,False,5.0,4.0,indoor,none
17905769649222032,True,,True,True,True,5.0,5.0,indoor,few
18103729766488745,True,,True,True,False,4.0,1.0,indoor,none
18346941229242852,True,,False,False,True,5.0,1.0,indoor,few
18089345708590484,True,,False,False,True,4.0,1.0,indoor,few
18126899557610899,True,,False,False,False,5.0,8.0,white,none
17996212049943640,True,,True,True,False,5.0,4.0,outdoor,none
17975447643008073,True,,False,False,True,4.0,10.0,other,heavy
18091131223915858,True,,True,True,True,4.0,3.0,outdoor,heavy
17999145920941157,True,,False,False,False,4.0,10.0,indoor,few
18006714656903328,True,,True,True,False,5.0,5.0,indoor,none
18137789929513230,True,,True,True,False,5.0,5.0,studio,none
18446276992118590,True,,True,False,False,5.0,1.0,outdoor,none
18333657373219434,True,,False,False,False,3.0,2.0,indoor,none
18180495007384485,True,,False,False,False,5.0,10.0,white,few
18211496071322484,True,,False,False,False,5.0,2.0,studio,few
17857385556601950,True,,False,False,True,5.0,9.0,white,few
17931723294234688,True,,True,True,False,5.0,5.0,outdoor,none
18098244272068691,True,,True,False,False,4.0,6.0,outdoor,none
18386759146095617,True,,False,False,False,4.0,7.0,indoor,few
18063617396679626,True,,True,True,False,4.0,5.0,outdoor,none
18452982754119702,True,,False,False,False,5.0,4.0,indoor,none
18038256134794885,True,,False,False,False,5.0,2.0,white,none
17996251067768983,True,,True,False,True,5.0,6.0,studio,few
17941535577017107,True,,True,False,True,4.0,1.0,outdoor,few
18107957104896046,True,,True,True,False,5.0,3.0,indoor,none
18089717464946768,True,,False,False,True,4.0,1.0,studio,heavy
18072179084392968,True,,False,False,True,5.0,1.0,other,heavy
17917332723342549,True,,True,True,False,5.0,10.0,indoor,none
18103494271778012,True,,False,False,False,5.0,1.0,studio,none
17853878910641267,True,,True,True,False,5.0,4.0,studio,none
17974796600858664,True,,False,False,False,3.0,2.0,indoor,none
18111181120749497,True,,True,False,False,5.0,10.0,outdoor,none
17933367081215791,True,,True,True,False,5.0,4.0,white,none
17866434366657176,True,,True,True,True,4.0,1.0,indoor,few
18075547970180490,True,,True,False,False,4.0,2.0,other,none
18112337047692107,True,,True,False,False,5.0,2.0,outdoor,none
17884831410521069,True,,True,True,True,4.0,1.0,indoor,few
18331240567220272,True,,True,False,False,5.0,1.0,indoor,few
18108319015842934,True,,True,True,True,5.0,1.0,studio,few
18017908331833795,True,,True,False,False,4.0,1.0,indoor,none
18069617483295567,True,,True,False,False,5.0,2.0,studio,none
18103458583942082,True,,False,False,False,5.0,1.0,other,none
17926772133260285,True,,False,False,False,5.0,1.0,other,none
18356420074227914,True,,False,False,True,5.0,2.0,studio,few
18099724612951927,True,,True,True,False,5.0,5.0,outdoor,none
18115795690706236,True,,True,True,False,5.0,1.0,white,none
17964334869060839,True,,False,False,False,5.0,2.0,outdoor,none
18109184719849373,True,,False,False,True,5.0,1.0,studio,few
18094605043888150,True,,True,True,False,5.0,5.0,outdoor,heavy
18082452752096156,True,,True,True,False,5.0,5.0,indoor,heavy
17887186902486776,True,,False,False,False,4.0,1.0,other,none
18101123768486528,True,,False,False,True,5.0,2.0,white,few
18108648487802170,True,,False,False,True,4.0,1.0,indoor,heavy
18108628340492563,True,,False,False,True,4.0,9.0,white,few
17860088769625829,True,,True,False,False,5.0,4.0,outdoor,none
18094512593181973,True,,False,False,True,5.0,1.0,studio,few
17959771569112129,True,,True,True,False,5.0,5.0,outdoor,heavy
17894266212306213,True,,False,False,False,5.0,1.0,white,heavy
18119281141563757,True,,False,False,False,5.0,1.0,white,none
17945771030999168,True,,False,False,True,5.0,10.0,indoor,few
18011649179847653,True,,True,True,False,5.0,3.0,outdoor,none
18088489493256850,True,,True,True,True,5.0,2.0,indoor,few
18146727628483870,True,,False,False,False,5.0,1.0,white,none
18202084681338762,True,,False,False,True,5.0,4.0,white,few
18045146057774251,True,,True,True,True,5.0,10.0,other,heavy
18074569325647675,True,,True,False,False,5.0,7.0,indoor,none
18078150437178657,True,,False,False,False,5.0,1.0,white,few
18107250340676325,True,,False,False,True,5.0,1.0,studio,few
17865061419618612,True,,True,True,False,5.0,3.0,white,none
18061559498425991,True,,True,False,False,4.0,1.0,outdoor,none
18141952735503509,True,,True,True,False,5.0,4.0,indoor,none
18007561865708509,True,,False,False,False,5.0,4.0,other,none
18100954381748727,True,,True,True,False,5.0,4.0,studio,none
17963043246105328,True,,True,False,False,4.0,4.0,outdoor,none
18165147631423042,True,,True,True,False,5.0,1.0,white,none
18112212727827936,True,,True,True,False,5.0,4.0,studio,few
17997178250764119,True,,False,False,False,5.0,1.0,studio,none
18099147884070830,True,,True,False,False,5.0,1.0,indoor,none
18124004806721648,True,,False,False,False,5.0,2.0,studio,none
17964267660103409,True,,False,False,False,5.0,6.0,studio,none
18085735127036535,True,,True,False,False,5.0,2.0,white,none
17855567523638953,True,,True,True,False,5.0,2.0,white,none
17969930940037489,True,,False,False,True,5.0,10.0,white,few
18581085322007853,True,,False,False,False,5.0,1.0,white,none
18075743006219700,True,,True,False,False,4.0,1.0,indoor,none
18072084452645789,True,,True,True,True,4.0,6.0,indoor,few
17980575959828413,True,,True,True,True,5.0,5.0,studio,few
17952076779135164,True,,True,False,True,4.0,1.0,indoor,heavy
18081523481421716,True,,True,True,False,5.0,2.0,studio,heavy
18115549495781016,True,,True,True,False,5.0,4.0,studio,none
17956793904096269,True,,False,False,False,4.0,1.0,studio,none
17878084596438206,True,,False,False,False,5.0,2.0,indoor,none
17854436394639715,True,,True,False,False,5.0,1.0,indoor,few
17855510187636040,True,,False,False,False,5.0,1.0,white,none
18076588637403863,True,,False,False,False,4.0,5.0,outdoor,none
17931955050216821,True,,False,False,True,5.0,6.0,other,heavy
17943661752190120,True,,True,False,False,4.0,2.0,indoor,few
18101854066968833,True,,False,False,False,5.0,1.0,white,none
17930988003233236,True,,False,False,False,5.0,1.0,white,none
18004052477890325,True,,True,False,False,5.0,1.0,indoor,few
18388367122084084,True,,True,True,False,5.0,3.0,studio,few
18142500424505312,True,,True,True,True,5.0,3.0,other,heavy
17884750221482669,True,,False,False,True,4.0,2.0,studio,few
18020968067820637,True,,True,False,False,4.0,3.0,indoor,few
18337152643220576,True,,True,True,True,5.0,1.0,studio,few
17879817816544761,True,,True,True,False,5.0,9.0,indoor,none
17994523274937716,True,,True,False,False,4.0,5.0,indoor,none
18068130962331159,True,,True,False,True,5.0,1.0,white,few
18101766986288354,True,,True,True,False,4.0,9.0,indoor,few
18366659305206538,True,,False,False,True,5.0,1.0,outdoor,few
18101674501940997,True,,True,False,True,5.0,1.0,studio,few
18012441524842428,True,,True,True,False,5.0,3.0,indoor,none
18090091715220404,True,,True,True,False,4.0,6.0,outdoor,few
18131866453489951,True,,True,False,False,5.0,3.0,studio,few
18156622552457888,True,,False,False,True,5.0,3.0,white,few
18087868232210181,True,,True,False,True,4.0,5.0,other,heavy
18076863140427220,True,,False,False,False,3.0,1.0,other,none
17888203086455090,True,,True,False,False,5.0,1.0,white,none
18213063754322476,True,,True,True,False,3.0,3.0,indoor,none
18576249388021368,True,,True,True,True,4.0,10.0,indoor,few
17891883120384762,True,,True,False,False,4.0,1.0,other,none
18096556322278179,True,,False,False,False,5.0,1.0,white,none
18347698447300815,True,,True,True,False,5.0,2.0,outdoor,few
18080693489096089,True,,True,True,False,5.0,4.0,outdoor,none
18071245697370113,True,,False,False,False,4.0,1.0,outdoor,none
18574151158036064,True,,False,False,False,5.0,1.0,studio,few
18159195556448029,True,,False,False,True,5.0,1.0,white,few
18362000647204982,True,,True,False,False,5.0,4.0,outdoor,none
18158321791433659,True,,True,False,True,5.0,2.0,studio,few
18420428542124326,True,,False,False,False,4.0,7.0,indoor,none
17985968222971221,True,,True,False,True,4.0,1.0,other,few
17905212768220675,True,,False,False,False,5.0,3.0,studio,none
17937595839031497,True,,True,False,False,4.0,2.0,outdoor,none
17878682409557555,True,,False,False,False,5.0,3.0,indoor,none
18105193753913520,True,,False,False,False,5.0,2.0,white,none
18417373621193647,True,,True,True,False,2.0,3.0,indoor,none
18048396623734962,True,,True,False,False,4.0,3.0,indoor,none
18181408003342918,True,,True,True,False,4.0,4.0,indoor,none
18025352699810175,True,,False,False,False,5.0,1.0,white,few
18080491694377076,True,,False,False,False,4.0,1.0,indoor,none
18099230270489994,True,,False,False,False,4.0,2.0,studio,few
18149049544470642,True,,True,False,False,4.0,6.0,indoor,none
17877937641566222,True,,True,False,False,5.0,6.0,indoor,none
18102329221758324,True,,True,False,False,5.0,8.0,indoor,none
18205009522332832,True,,False,False,False,5.0,10.0,white,none
18078820013128599,True,,True,True,False,5.0,1.0,outdoor,none
17920586466312530,True,,True,True,False,5.0,4.0,outdoor,none
18102862517511087,True,,True,True,True,5.0,1.0,outdoor,few
18044596340782142,True,,True,True,True,5.0,1.0,studio,few
17928835317250088,True,,True,True,False,5.0,4.0,indoor,none
17991011282781778,True,,False,False,False,5.0,2.0,indoor,none
18114620014804550,True,,True,False,False,3.0,2.0,outdoor,none
17966149343901317,True,,True,True,False,5.0,1.0,indoor,none
17887693209494871,True,,True,True,False,5.0,3.0,studio,none
18019704923819292,True,,True,False,False,4.0,1.0,indoor,none
18091991078191463,True,,False,False,False,5.0,1.0,studio,none
17922774522296683,True,,False,False,False,4.0,1.0,indoor,few
18368843440202524,True,,True,True,False,4.0,4.0,outdoor,none
18367493596167683,True,,True,True,True,5.0,5.0,indoor,few
18070865792649556,True,,True,False,False,5.0,4.0,white,none
18088063220192146,True,,False,False,False,5.0,5.0,white,none
18005520209715017,True,,True,True,True,5.0,2.0,outdoor,few
18081537479423596,True,,False,False,True,5.0,2.0,white,few
18097531547044609,True,,True,False,True,5.0,1.0,white,heavy
18076797446192632,True,,True,True,False,3.0,8.0,outdoor,none
17983776299996782,True,,True,False,False,5.0,3.0,studio,none
18103212778938099,True,,False,False,True,4.0,1.0,indoor,heavy
18107577688687450,True,,True,True,False,5.0,3.0,white,none
18203499898338126,True,,True,False,False,5.0,5.0,outdoor,few
17918653989146863,True,,False,False,True,3.0,4.0,indoor,heavy
17961424524101188,True,,True,True,True,5.0,1.0,studio,few
18583138192043277,True,,True,False,False,5.0,8.0,outdoor,none
17881135785531447,True,,True,True,False,5.0,1.0,studio,none
18086273108597587,True,,True,True,False,5.0,5.0,outdoor,heavy
18127083850567008,True,,False,False,False,5.0,3.0,outdoor,none
18098494478021609,True,,False,False,False,3.0,1.0,indoor,none
18006531107911171,True,,True,True,False,5.0,3.0,studio,none
18086450150111488,True,,False,False,False,5.0,4.0,studio,none
18092867912162199,True,,False,False,False,4.0,9.0,indoor,none
18100425814949962,True,,True,False,True,5.0,1.0,indoor,few
17872601793580681,True,,True,False,False,5.0,2.0,white,none
18125650186512036,True,,True,True,True,5.0,9.0,other,heavy
18445373704117070,True,,True,True,False,5.0,2.0,studio,none
17856783681688421,True,,True,True,True,5.0,1.0,white,few
17935623705209379,True,,False,False,False,5.0,1.0,white,none
17893103061437932,True,,False,False,True,4.0,10.0,indoor,few
17921872443297328,True,,False,False,False,5.0,7.0,indoor,none
18371892343166106,True,,True,True,False,5.0,4.0,white,none
17867052636511084,True,,True,True,False,5.0,2.0,indoor,none
18126426013521343,True,,True,True,False,5.0,5.0,studio,few
18064217894489886,True,,True,True,False,5.0,4.0,indoor,none
18096891506061043,True,,True,True,True,3.0,10.0,outdoor,few
17989065620953344,True,,True,False,False,5.0,2.0,white,none
18573702631009633,True,,False,False,True,5.0,1.0,white,few
18100919749787196,True,,True,True,False,5.0,5.0,studio,none
18082024301370621,True,,False,False,True,5.0,4.0,white,few
17898319020428254,True,,False,False,False,5.0,5.0,white,none
18087435161203652,True,,True,True,True,5.0,1.0,white,few
17883220797550771,True,,False,False,False,4.0,1.0,other,none
18133497535538541,True,,False,False,True,5.0,1.0,studio,few
18147564250483304,True,,False,False,False,5.0,1.0,studio,none
17877985689551501,True,,False,False,True,5.0,3.0,indoor,few
18114138961751670,True,,True,True,True,4.0,6.0,outdoor,few
17865408543609599,True,,True,True,False,3.0,7.0,outdoor,none
18100154884801598,True,,True,False,False,4.0,3.0,indoor,none
18102605822316208,True,,False,False,False,5.0,1.0,white,few
18157490686446862,True,,False,False,False,5.0,1.0,outdoor,none
18073484267558664,True,,True,True,True,5.0,3.0,other,few
18084834734610341,True,,True,False,True,5.0,1.0,white,heavy
17960616861104660,True,,True,True,False,5.0,10.0,outdoor,none
18088479986246794,True,,True,True,False,5.0,1.0,white,none
18073942031242243,True,,True,False,True,5.0,5.0,outdoor,few
18092894168167108,True,,False,False,True,5.0,1.0,other,few
18050812481729922,True,,True,True,False,5.0,5.0,outdoor,none
18116919628677626,True,,False,False,False,5.0,1.0,white,none
18041724575551045,True,,True,False,False,5.0,3.0,white,none
18108464935891377,True,,True,True,False,4.0,1.0,outdoor,none
17988448688793743,True,,True,True,True,5.0,1.0,outdoor,heavy
18091241684231107,True,,True,True,False,5.0,4.0,studio,none
18042688652772920,True,,True,True,False,4.0,5.0,indoor,few
17920886841123879,True,,True,False,False,5.0,4.0,outdoor,none
17996629841755861,True,,False,False,False,4.0,7.0,indoor,few
18081953681077627,True,,True,True,False,5.0,2.0,outdoor,none
18095713529034333,True,,True,True,True,5.0,2.0,white,few
17998254095926660,True,,False,False,False,5.0,2.0,outdoor,few
18099000877955076,True,,False,False,False,5.0,2.0,indoor,none
18089299778585954,True,,False,False,False,3.0,1.0,indoor,few
18096186482032690,True,,False,False,False,5.0,1.0,studio,none
18043005755769663,True,,True,False,True,4.0,1.0,outdoor,few
18105321403918659,True,,True,True,True,5.0,2.0,indoor,heavy
18087233717359961,True,,False,False,False,5.0,1.0,white,none
18166171351373501,True,,True,False,True,5.0,2.0,indoor,heavy
18111039214751851,True,,False,False,True,4.0,1.0,other,heavy
18118754614724682,True,,True,False,True,5.0,1.0,outdoor,few
17960465211110206,True,,False,False,False,5.0,1.0,indoor,none
18090617141515981,True,,False,False,False,5.0,1.0,white,none
18410397670178196,True,,False,False,False,4.0,2.0,outdoor,none
18080437334539735,True,,True,False,True,4.0,1.0,indoor,few
18078803087449601,True,,True,True,False,5.0,4.0,outdoor,none
17873155458477767,True,,True,True,False,4.0,6.0,outdoor,none
18108538295509362,True,,False,False,False,5.0,4.0,indoor,none
18132943243484463,True,,True,False,True,5.0,1.0,outdoor,heavy
17885952198496553,True,,True,False,False,4.0,2.0,indoor,none
18071267267292092,True,,True,True,False,4.0,7.0,outdoor,few
17981209334829605,True,,True,False,False,5.0,3.0,outdoor,none
18093607610176368,True,,True,True,True,5.0,1.0,indoor,few
18103540141914098,True,,False,False,False,5.0,1.0,white,none
18406873120149994,True,,True,False,False,4.0,2.0,indoor,none
18126978391583222,True,,True,True,False,5.0,4.0,studio,none
18053063759518941,True,,True,False,False,5.0,3.0,indoor,none
18460754971102573,True,,True,True,False,5.0,1.0,white,none
17922085893313824,True,,True,False,False,4.0,3.0,outdoor,none
18009299927904635,True,,True,True,True,5.0,1.0,white,heavy
18547748086070437,True,,True,False,False,5.0,2.0,studio,none
18096162278280861,True,,False,False,False,4.0,2.0,white,none
17924306832263422,True,,False,False,False,5.0,2.0,studio,none
18022801778815382,True,,False,False,True,5.0,1.0,indoor,few
18073569389261994,True,,False,False,True,4.0,2.0,indoor,few
17873521473476823,True,,False,False,True,5.0,2.0,indoor,few
18126991924605889,True,,True,True,True,3.0,4.0,outdoor,few
17972596146010016,True,,False,False,True,5.0,1.0,indoor,few
18079993349112252,True,,True,False,False,4.0,4.0,indoor,none
17855750796651217,True,,True,True,True,5.0,1.0,indoor,heavy
17893658256447507,True,,True,True,False,5.0,7.0,white,none
18064951007352520,True,,False,False,False,5.0,1.0,indoor,few
17961361574931357,True,,True,True,False,5.0,2.0,white,none
18090496703586644,True,,True,True,True,5.0,4.0,studio,few
18083734367371377,True,,True,True,True,5.0,7.0,indoor,heavy
18104663440901618,True,,False,False,False,5.0,2.0,white,none
17900206629260824,True,,False,False,False,4.0,1.0,white,few
18092995057910707,True,,True,False,False,4.0,3.0,outdoor,none
17853525618646087,True,,True,True,False,5.0,6.0,studio,none
18107340406905878,True,,True,False,False,4.0,5.0,outdoor,none
17883724224532521,True,,False,False,True,5.0,1.0,studio,few
17977351862848768,True,,True,True,False,5.0,4.0,outdoor,none
17872362336599047,True,,True,False,False,4.0,1.0,other,none
18403260325151189,True,,True,True,False,4.0,2.0,outdoor,none
18582367120045403,True,,True,True,False,4.0,1.0,outdoor,few
18073993022245722,True,,False,False,True,4.0,3.0,indoor,heavy
17866136109670696,True,,True,True,False,5.0,5.0,white,none
18114541729612447,True,,False,False,True,4.0,1.0,other,heavy
18013514654814759,True,,True,True,False,4.0,6.0,indoor,none
18087260033023488,True,,True,True,False,5.0,4.0,indoor,none
18115935844731651,True,,True,False,False,5.0,1.0,white,none
18174280396359760,True,,False,False,False,5.0,1.0,white,none
18014997038845952,True,,False,False,True,5.0,1.0,white,few
17986504121993559,True,,True,True,False,5.0,8.0,indoor,none
17859860376687038,True,,False,False,True,5.0,1.0,other,few
18096544838046445,True,,False,False,False,5.0,1.0,studio,none
18060646346448737,True,,True,False,True,5.0,9.0,outdoor,few
18127880812587756,True,,False,False,True,4.0,2.0,indoor,heavy
18317008270284179,True,,False,False,True,5.0,4.0,white,few
18090988415244635,True,,True,True,False,5.0,3.0,studio,none
17920781232320133,True,,True,True,False,5.0,3.0,white,none
18115421068738515,True,,True,True,False,5.0,4.0,studio,none
18074227628635348,True,,True,True,False,4.0,10.0,outdoor,none
18580862710002929,True,,False,False,False,5.0,4.0,studio,none
18102261730981925,True,,True,True,False,4.0,1.0,indoor,none
18080652161452582,True,,False,False,False,5.0,2.0,studio,none
18077412428454108,True,,False,False,False,5.0,3.0,other,few
18120784780628155,True,,True,True,False,5.0,4.0,other,none
18082551071366375,True,,False,False,False,5.0,2.0,studio,few
17934549420055218,True,,True,True,True,5.0,1.0,studio,heavy
18113629471773334,True,,False,False,True,5.0,2.0,studio,few
17890537284465175,True,,False,False,True,3.0,1.0,white,heavy
18582997024011484,True,,False,False,True,5.0,3.0,studio,few
18312602428277184,True,,True,True,False,5.0,1.0,studio,none
17887468749355258,True,,True,False,False,4.0,6.0,other,none
18135579526523256,True,,True,True,False,5.0,7.0,outdoor,none
17870312016665757,True,,False,False,False,5.0,1.0,studio,none
18126865579600057,True,,True,True,True,5.0,4.0,outdoor,few
17882423811513072,True,,False,False,False,5.0,1.0,white,none
18336480589172736,True,,False,True,True,4.0,1.0,indoor,few
18348726184241562,True,,True,True,True,5.0,2.0,indoor,few
18097989962102897,True,,True,True,False,5.0,4.0,white,none
17971278354045798,True,,True,True,False,5.0,4.0,indoor,none
18126830092594756,True,,False,False,True,4.0,1.0,white,heavy
18068635163663986,True,,False,False,False,5.0,10.0,studio,few
18147438505488432,True,,True,True,False,5.0,10.0,outdoor,none
17869376139609957,True,,True,True,False,5.0,2.0,studio,few
18074243270445259,True,,True,False,False,5.0,3.0,studio,none
17978709011990957,True,,False,False,True,5.0,1.0,studio,heavy
18396215677145997,True,,False,False,True,5.0,1.0,other,few
18100979516295896,True,,True,True,False,5.0,2.0,outdoor,none
18167655664414874,True,,True,False,False,5.0,3.0,indoor,none
17887154523467455,True,,False,False,False,5.0,5.0,indoor,heavy
18337529173222619,True,,True,True,True,4.0,6.0,outdoor,few
17923190223279899,True,,True,True,False,4.0,6.0,white,none
18060022586452417,True,,True,False,True,3.0,6.0,other,few
18435337102137171,True,,False,False,True,5.0,1.0,other,heavy
18200159746342352,True,,True,False,False,5.0,3.0,outdoor,none
18030140069623197,True,,True,True,False,5.0,4.0,studio,none
18090428696218674,True,,True,True,False,4.0,2.0,outdoor,none
18100223122804983,True,,True,True,False,5.0,2.0,white,few
18089685623237842,True,,False,False,False,5.0,4.0,white,none
18107300575867458,True,,True,False,False,5.0,2.0,outdoor,none
18015273710833044,True,,True,True,False,4.0,2.0,indoor,none
17893409772305032,True,,False,False,False,5.0,1.0,indoor,none
17931458028071763,True,,True,True,False,4.0,4.0,outdoor,none
18077023691538586,True,,True,True,False,5.0,6.0,indoor,none
18101557786798887,True,,True,False,True,5.0,1.0,studio,few
18103194436943582,True,,True,False,False,3.0,10.0,outdoor,few
18098392370040092,True,,True,False,False,4.0,4.0,white,none
17874211368459027,True,,True,False,False,5.0,1.0,white,few
18178281424386118,True,,True,False,True,5.0,1.0,indoor,few
18078915488408064,True,,True,False,False,5.0,3.0,outdoor,none
18096253849926065,True,,True,True,False,5.0,3.0,outdoor,none
18181497382384664,True,,True,False,False,5.0,1.0,indoor,none
17930917356234601,True,,True,True,True,4.0,1.0,indoor,few
18149751481486665,True,,False,False,False,5.0,1.0,white,none
17984344562957749,True,,False,False,False,5.0,1.0,white,none
17951917821121075,True,,True,False,False,5.0,1.0,outdoor,none
17941593480011914,True,,True,True,True,5.0,6.0,outdoor,few
18038143739584959,True,,False,False,False,4.0,1.0,indoor,few
18346717996208116,True,,False,False,False,5.0,1.0,white,none
18088929499957881,True,,True,True,False,5.0,7.0,outdoor,none
18143208328498595,True,,True,False,False,4.0,3.0,indoor,none
18107352368478966,True,,True,True,False,4.0,10.0,outdoor,none
17903365998408204,True,,False,False,False,5.0,1.0,studio,none
18117639745676846,True,,False,False,False,4.0,4.0,indoor,none
17963589192067087,True,,True,True,True,4.0,2.0,white,few
17997344666755859,True,,True,True,True,3.0,10.0,indoor,few
18037914848620608,True,,False,False,True,5.0,4.0,outdoor,few
18113734522702474,True,,True,True,False,5.0,5.0,white,none
18121124839565053,True,,True,True,False,4.0,4.0,outdoor,none
18337379854220550,True,,True,True,True,5.0,10.0,other,few
18111863710757692,True,,True,True,False,4.0,6.0,outdoor,none
17864841330668761,True,,True,True,False,4.0,4.0,indoor,none
18393182581152380,True,,True,False,False,5.0,5.0,indoor,none
18097973162090282,True,,False,False,True,4.0,4.0,indoor,few
18368446447202285,True,,False,False,True,4.0,6.0,indoor,heavy
18101176672820270,True,,True,True,False,4.0,5.0,outdoor,few
18322116808271521,True,,False,False,False,5.0,1.0,studio,few
18006019337717064,True,,True,False,False,5.0,5.0,outdoor,none
18099183974009634,True,,True,True,False,4.0,7.0,outdoor,none
18081547718104608,True,,True,True,False,5.0,5.0,studio,few
17982444587827652,True,,False,False,True,5.0,1.0,studio,heavy
18024908114812790,True,,False,False,False,4.0,1.0,indoor,none
18134757427532943,True,,False,False,False,1.0,10.0,other,none
18461399053106287,True,,True,True,False,4.0,3.0,indoor,few
18077134487110280,True,,True,False,False,5.0,1.0,white,none
18344195929246727,True,,False,False,False,5.0,1.0,outdoor,none
18109597066873221,True,,True,True,True,5.0,1.0,indoor,few
17881568577546469,True,,True,True,False,5.0,6.0,indoor,none
18095739278515947,True,,True,True,False,5.0,3.0,outdoor,few
17971962687032624,True,,False,False,True,5.0,2.0,other,heavy
18105668995716991,True,,False,False,False,5.0,2.0,white,none
18197917576347136,True,,True,True,False,5.0,1.0,studio,none
18152040058413215,True,,False,False,False,5.0,1.0,studio,none
18067008407427492,True,,True,True,True,5.0,4.0,white,heavy
17881940607513268,True,,False,False,False,4.0,10.0,studio,none
18098033255008359,True,,True,False,False,4.0,6.0,indoor,few
18075301304239823,True,,True,False,False,5.0,2.0,white,none
18091346293922136,True,,True,False,False,5.0,4.0,white,none
17869728783505945,True,,True,True,False,5.0,5.0,outdoor,none
18097190213022831,True,,True,True,False,4.0,1.0,white,few
18097775135039739,True,,False,False,True,5.0,3.0,indoor,few
18041350652717095,True,,True,True,False,4.0,4.0,outdoor,none
17960211030106283,True,,True,False,False,4.0,1.0,outdoor,none
18064868765669192,True,,True,True,False,5.0,2.0,indoor,none
18130293442493370,True,,True,False,False,5.0,4.0,indoor,none
18098438573044886,True,,True,False,False,4.0,5.0,outdoor,none
18097475939028926,True,,True,False,False,4.0,1.0,indoor,none
18117606757725577,True,,True,True,False,4.0,1.0,indoor,none
17991409196959587,True,,True,False,False,5.0,1.0,white,none
17925464760272278,True,,True,True,False,5.0,1.0,outdoor,none
18317454271251167,True,,True,False,False,5.0,3.0,white,few
18004073480903578,True,,False,False,True,5.0,1.0,white,few
18003481598884059,True,,True,True,False,5.0,3.0,studio,none
18092378674900247,True,,True,True,False,5.0,1.0,indoor,few
18060487019696244,True,,True,True,False,4.0,4.0,indoor,none
18090858890237026,True,,False,False,False,4.0,2.0,studio,none
17972762229012707,True,,True,False,False,5.0,2.0,studio,none
18111848602781372,True,,False,False,True,5.0,1.0,white,few
17952450339126759,True,,False,False,True,5.0,1.0,white,few
18349549591235017,True,,True,False,True,5.0,8.0,outdoor,few
17853142533644124,True,,False,False,True,5.0,7.0,other,heavy
17966687867906150,True,,False,False,False,5.0,1.0,outdoor,none
18081210875371932,True,,True,True,False,5.0,1.0,studio,none
17959234832932622,True,,True,True,False,5.0,5.0,studio,none
18415566379131793,True,,True,False,False,5.0,1.0,outdoor,heavy
17948197623140959,True,,True,True,True,5.0,1.0,studio,heavy
18062287661342294,True,,False,False,False,4.0,2.0,indoor,none
17958337889938159,True,,True,True,True,5.0,1.0,outdoor,heavy
18064550285439701,True,,False,False,False,5.0,5.0,white,none
17853808914648709,True,,False,False,False,5.0,3.0,white,none
17876064645579654,True,,True,False,False,5.0,3.0,outdoor,none
18127466182604002,True,,True,True,False,5.0,4.0,studio,none
17871190236488303,True,,True,True,True,5.0,4.0,outdoor,few
18145350706492036,True,,True,True,False,5.0,1.0,indoor,none
18079985057419516,True,,True,True,False,4.0,6.0,indoor,heavy
18077066894559997,True,,True,False,False,4.0,2.0,indoor,none
17887470828377196,True,,True,True,True,4.0,4.0,indoor,few
17983913387985648,True,,False,False,False,5.0,1.0,white,none
18131293291566186,True,,True,True,False,5.0,4.0,outdoor,none
18345704488212707,True,,True,True,False,5.0,3.0,white,none
18083797007069587,True,,True,True,False,5.0,5.0,outdoor,none
18160959565438610,True,,True,False,False,4.0,1.0,indoor,none
18200551966353234,True,,False,False,True,5.0,6.0,studio,few
18321103777253153,True,,False,False,True,5.0,1.0,studio,few
18100938550968484,True,,False,False,True,5.0,1.0,studio,few
17981348663825953,True,,True,True,False,5.0,3.0,studio,none
17886528675497435,True,,True,True,True,5.0,2.0,indoor,few
17890778922465523,True,,True,True,False,5.0,1.0,studio,none
18065107397673346,True,,False,False,False,5.0,2.0,studio,none
18047304218754362,True,,False,False,False,5.0,1.0,white,none
17899080531264827,True,,False,False,True,4.0,1.0,outdoor,few
18082340984625619,True,,True,True,False,5.0,7.0,outdoor,none
18064340114672780,True,,False,False,False,5.0,2.0,indoor,none
18572492185045042,True,,True,True,False,5.0,2.0,white,none
17960807259103510,True,,False,False,False,5.0,1.0,white,none
18044842169527658,True,,True,True,False,5.0,5.0,white,none
18149120266471421,True,,True,True,True,5.0,3.0,studio,few
18098886707006233,True,,True,True,False,5.0,2.0,studio,none
17937687444204307,True,,False,False,False,5.0,1.0,other,none
18086050412255520,True,,True,True,True,5.0,2.0,outdoor,few
17999159984747360,True,,False,False,False,5.0,1.0,white,none
18132759709547513,True,,False,False,True,5.0,2.0,studio,heavy
17947478316131887,True,,False,False,False,5.0,1.0,indoor,none
18214572073323331,True,,False,False,True,5.0,1.0,other,few
18087187760201309,True,,True,False,True,5.0,2.0,outdoor,few
18113985214689141,True,,True,False,True,5.0,2.0,studio,few
17890387806333812,True,,True,True,False,5.0,6.0,studio,none
18347603149246472,True,,False,False,True,5.0,2.0,white,few
18083286473578308,True,,False,False,False,4.0,6.0,white,none
17994337040934696,True,,False,False,True,5.0,2.0,indoor,few
17866559493524297,True,,False,False,False,5.0,4.0,indoor,few
18339388318175898,True,,True,True,False,4.0,2.0,indoor,few
17867957814608886,True,,True,True,False,4.0,2.0,indoor,few
18344969842300562,True,,True,True,True,5.0,1.0,indoor,few
17961631617061874,True,,False,False,True,5.0,1.0,other,heavy
17879258319552949,True,,False,False,False,5.0,2.0,indoor,few
18373345192161475,True,,True,True,True,4.0,2.0,outdoor,heavy
18097732892035366,True,,True,True,False,5.0,1.0,white,none
18114196831840131,True,,True,True,True,4.0,4.0,indoor,heavy
18088920398225285,True,,False,False,False,5.0,1.0,outdoor,few
18071232608288407,True,,False,False,False,4.0,2.0,indoor,none
18122019142719196,True,,False,False,False,5.0,3.0,indoor,none
18122916640610985,True,,True,True,True,5.0,5.0,other,heavy
18117204685672118,True,,True,True,True,4.0,4.0,outdoor,few
17914608459362658,True,,True,False,True,5.0,1.0,outdoor,heavy
18184714576328920,True,,True,True,True,5.0,1.0,white,few
18089098700205160,True,,False,False,True,5.0,9.0,white,few
18118344250733137,True,,True,False,False,5.0,4.0,other,none
18076733279166932,True,,True,True,False,4.0,4.0,studio,none
18095976109863198,True,,True,True,False,3.0,4.0,outdoor,none
17871579507601346,True,,False,False,False,5.0,1.0,white,none
18073084784262909,True,,True,False,False,4.0,1.0,outdoor,none
18126752086606195,True,,False,False,False,5.0,1.0,indoor,none
18432510664140759,True,,False,False,False,4.0,1.0,indoor,none
18105299899935655,True,,True,True,True,5.0,1.0,outdoor,few
18009781922846293,True,,True,True,False,4.0,5.0,indoor,few
17859936930652012,True,,True,True,True,5.0,2.0,indoor,heavy
18080690165378929,True,,True,True,True,5.0,4.0,studio,few
17967131525904609,True,,True,True,True,5.0,3.0,outdoor,few
18200248978356510,True,,True,False,False,5.0,1.0,studio,none
18112666435695457,True,,False,False,False,5.0,1.0,white,few
17993698595936818,True,,False,False,False,4.0,7.0,indoor,heavy
17951505129075891,True,,False,False,False,5.0,1.0,white,none
18446155531119184,True,,True,True,False,5.0,1.0,studio,none
18079257617134516,True,,False,False,True,4.0,4.0,other,few
18089531443959299,True,,True,True,False,5.0,4.0,studio,none
18081293822410416,True,,True,False,True,5.0,9.0,studio,few
18119542741648512,True,,True,False,False,5.0,5.0,indoor,none
17944986282000001,True,,True,False,False,5.0,5.0,studio,none
17870059296668570,True,,True,True,False,5.0,2.0,outdoor,few
18174651364404288,True,,False,False,False,5.0,2.0,white,none
18089069459237843,True,,False,False,False,5.0,2.0,indoor,none
18075318251210986,True,,True,False,True,4.0,7.0,indoor,heavy
18080848061388089,True,,True,True,False,5.0,2.0,studio,none
17883603504523590,True,,True,True,False,5.0,1.0,outdoor,few
18192089008366904,True,,False,False,False,4.0,3.0,indoor,none
18065922983363261,True,,True,False,False,5.0,4.0,indoor,none
17926221378276212,True,,True,False,False,5.0,1.0,outdoor,none
18582760474049163,True,,False,False,False,5.0,2.0,white,none
17924989323295850,True,,False,False,True,4.0,1.0,indoor,heavy
18135718849464409,True,,True,True,True,4.0,1.0,outdoor,few
17989278509791795,True,,False,False,True,4.0,1.0,indoor,few
18063501560362467,True,,False,False,False,5.0,2.0,indoor,few
17854451085646280,True,,True,True,False,5.0,9.0,outdoor,heavy
18199190164359034,True,,False,False,False,5.0,5.0,studio,few
17867882265529653,True,,True,True,False,5.0,7.0,studio,none
18100335256968722,True,,False,False,True,5.0,2.0,indoor,few
17873286198477809,True,,False,False,False,5.0,1.0,white,none
18079686797531590,True,,True,True,False,5.0,1.0,studio,none
18106145224918331,True,,False,False,True,5.0,8.0,white,few
17914935978356556,True,,False,True,True,5.0,1.0,white,few
18577970647002331,True,,False,False,False,4.0,1.0,indoor,none
18001908374880285,True,,True,True,False,5.0,4.0,indoor,none
17998581221919363,True,,False,False,True,5.0,1.0,white,heavy
18056476568492856,True,,True,False,False,5.0,3.0,indoor,none
18091698614270372,True,,True,True,False,4.0,4.0,indoor,none
18106462781497916,True,,False,False,False,4.0,1.0,indoor,none
17941140498197719,True,,True,True,True,5.0,1.0,white,few
17910831030181059,True,,True,False,False,5.0,1.0,outdoor,none
18586388437042384,True,,False,False,True,5.0,2.0,white,few
17978004683846806,True,,True,False,True,5.0,10.0,indoor,heavy
18094686806118716,True,,True,True,True,5.0,1.0,indoor,few
18575977930035225,True,,True,True,False,5.0,1.0,indoor,none
18003705695860917,True,,True,True,False,4.0,6.0,outdoor,none
18078090332406697,True,,False,False,True,5.0,3.0,indoor,few
18098637560043418,True,,False,False,False,5.0,1.0,white,few
17891416812332352,True,,False,False,False,4.0,2.0,white,none
18397040896145710,True,,True,False,True,5.0,2.0,white,few
18103200628907771,True,,True,False,False,5.0,3.0,white,none
18108909136853455,True,,True,False,False,4.0,1.0,indoor,none
17855060229690413,True,,True,False,False,5.0,2.0,outdoor,few
18079050509529380,True,,True,True,True,5.0,1.0,white,few
18086612762369192,True,,False,False,False,4.0,6.0,indoor,none
17924571597290571,True,,True,True,False,4.0,3.0,indoor,few
18012237383839766,True,,True,True,False,5.0,5.0,outdoor,none
18320209909268245,True,,True,False,False,5.0,1.0,white,none
18575277067016703,True,,True,True,False,5.0,2.0,outdoor,none
18097201670104496,True,,True,False,False,4.0,2.0,outdoor,none
18079258076413417,True,,True,True,True,5.0,2.0,outdoor,heavy
17941648983176147,True,,True,True,True,5.0,3.0,outdoor,heavy
18403402453196133,True,,False,False,False,4.0,5.0,indoor,few
17962028510917872,True,,True,False,True,4.0,2.0,indoor,heavy
17959075170110974,True,,True,True,False,4.0,1.0,outdoor,none
18385672858094792,True,,True,False,False,4.0,10.0,indoor,none
18147989755487952,True,,False,False,True,5.0,10.0,indoor,heavy
18101079358981223,True,,False,False,False,5.0,1.0,white,none
18172909453396695,True,,True,False,False,5.0,4.0,studio,none
17961881438920255,True,,True,False,False,5.0,7.0,outdoor,none
18109860601860053,True,,False,False,True,5.0,2.0,studio,few
18178300894375953,True,,True,True,False,4.0,1.0,indoor,none
18119388832636394,True,,True,True,False,5.0,8.0,studio,none
17922303093297407,True,,True,True,False,5.0,6.0,indoor,none
18069148751292096,True,,True,True,True,5.0,4.0,studio,few
17853665556647044,True,,False,False,False,5.0,5.0,white,none
18192232555320770,True,,True,True,True,5.0,1.0,studio,heavy
18113338636682405,True,,True,False,False,4.0,1.0,indoor,few
18060929735425409,True,,True,True,False,5.0,3.0,indoor,none
17863563507676252,True,,True,False,False,5.0,4.0,white,none
18100858690801425,True,,True,True,False,5.0,8.0,studio,none
18081573140431762,True,,False,False,True,5.0,1.0,studio,few
18080590334386839,True,,True,False,False,5.0,2.0,studio,none
17877497163563326,True,,True,True,False,3.0,4.0,indoor,none
17945240991155790,True,,False,False,False,4.0,2.0,indoor,none
18318213877256703,True,,False,False,False,4.0,1.0,indoor,none
17923102059319224,True,,False,False,True,5.0,1.0,white,few
18057622181480704,True,,True,True,False,4.0,4.0,outdoor,none
17986703282987118,True,,False,False,False,4.0,1.0,studio,none
18089301458210882,True,,True,True,False,5.0,1.0,white,none
17947120071141529,True,,True,False,False,5.0,6.0,studio,none
18082859162575363,True,,False,False,False,5.0,10.0,indoor,few
17887123179496995,True,,True,False,False,4.0,7.0,outdoor,none
18133969480480662,True,,False,False,False,5.0,1.0,indoor,none
18116284147736622,True,,True,True,True,5.0,3.0,indoor,few
18017464628672933,True,,False,False,False,5.0,7.0,white,few
17854543119647170,True,,False,False,False,5.0,2.0,studio,none
17868120387611842,True,,False,False,False,5.0,1.0,white,few
18094682528032985,True,,True,True,False,5.0,4.0,indoor,none
18149240101463876,True,,True,False,True,4.0,3.0,indoor,heavy
17943493509174613,True,,True,True,False,5.0,3.0,indoor,none
18081152399618861,True,,True,True,False,5.0,5.0,outdoor,none
18049391816753478,True,,True,True,False,4.0,1.0,outdoor,few
18138767746518597,True,,False,False,False,4.0,1.0,outdoor,none
18118446790729243,True,,True,True,True,5.0,2.0,studio,few
17922628116123041,True,,False,False,True,5.0,1.0,indoor,few
18061622852429485,True,,True,False,False,4.0,1.0,indoor,none
17911193496183876,True,,False,False,True,4.0,1.0,white,heavy
18110307476504607,True,,True,False,False,4.0,3.0,indoor,heavy
17896463742433442,True,,False,False,True,4.0,1.0,indoor,few
17935330005196842,True,,True,False,True,5.0,1.0,studio,few
18018674411661806,True,,False,False,False,4.0,6.0,indoor,few
18081929060381628,True,,True,True,False,5.0,1.0,indoor,none
18171352813407127,True,,True,True,False,5.0,2.0,outdoor,none
18046854158741584,True,,False,False,True,5.0,1.0,indoor,few
18390833872086632,True,,False,False,False,4.0,1.0,other,few
18314638324284785,True,,False,False,False,5.0,1.0,studio,none
18007037588910809,True,,True,True,True,5.0,2.0,outdoor,heavy
18121038100616812,True,,True,False,False,5.0,4.0,white,none
18578050138015907,True,,True,True,False,4.0,4.0,indoor,few
18103214599741126,True,,True,True,True,5.0,4.0,white,few
17878098240572563,True,,False,False,False,5.0,1.0,indoor,none
18002935670732503,True,,True,True,False,5.0,5.0,indoor,none
18431160061188123,True,,False,False,False,1.0,1.0,outdoor,none
18082696370595558,True,,False,False,False,5.0,2.0,outdoor,few
18103600640315006,True,,True,True,True,4.0,1.0,indoor,few
18000711287863625,True,,True,True,False,3.0,6.0,outdoor,none
17882261262537297,True,,True,True,True,5.0,2.0,white,few
18118703881657705,True,,False,False,True,5.0,3.0,white,few
18067254992322267,True,,False,False,False,5.0,10.0,studio,none
18090210554252124,True,,False,False,False,5.0,4.0,indoor,few
18437149624143475,True,,False,False,True,4.0,10.0,other,heavy
18388351303087359,True,,False,False,False,5.0,1.0,white,heavy
17969011290035174,True,,False,False,False,4.0,1.0,other,none
18073327607651759,True,,False,False,False,4.0,1.0,indoor,none
18199008388348927,True,,True,True,False,4.0,4.0,outdoor,none
17881755765521521,True,,True,True,True,5.0,1.0,outdoor,few
17919876420322306,True,,False,False,True,5.0,1.0,white,few
18051328229507920,True,,True,True,False,5.0,5.0,indoor,none
18339290059174524,True,,True,True,False,5.0,4.0,outdoor,none
18184281358373961,True,,False,False,True,5.0,2.0,white,few
18101441350980660,True,,True,False,False,5.0,1.0,indoor,few
17876470203440043,True,,True,False,False,5.0,4.0,outdoor,none
18577516867011520,True,,False,False,False,4.0,1.0,outdoor,none
18336816223168377,True,,True,True,False,4.0,6.0,outdoor,none
18124661308586583,True,,False,False,True,5.0,4.0,studio,few
18062995709379652,True,,True,True,False,5.0,5.0,outdoor,none
18106082089909505,True,,False,False,False,4.0,1.0,indoor,none
18093176543164143,True,,True,True,False,4.0,5.0,indoor,few
18110227429830864,True,,True,True,False,4.0,4.0,outdoor,few
18110042471500714,True,,False,False,True,4.0,1.0,indoor,few
18078542366140699,True,,False,False,True,5.0,1.0,studio,few
18207416083327897,True,,True,True,False,5.0,4.0,indoor,none
18082334831576989,True,,True,True,False,4.0,6.0,indoor,none
18095382941150378,True,,False,False,True,5.0,9.0,white,few
18062715170696121,True,,False,False,True,4.0,1.0,outdoor,few
17853681255659251,True,,True,True,False,5.0,2.0,outdoor,none
18317999266281216,True,,True,True,True,5.0,3.0,studio,few
18577169953020282,True,,True,True,False,4.0,6.0,indoor,none
18067264028667397,True,,True,True,True,3.0,1.0,outdoor,heavy
18070688813270351,True,,False,False,True,5.0,1.0,studio,few
17991248402957405,True,,True,True,False,5.0,5.0,white,none
18177198877387832,True,,False,False,True,5.0,4.0,other,heavy
18402751951151151,True,,False,False,True,5.0,3.0,indoor,few
18072935420350565,True,,False,False,False,5.0,5.0,white,none
17894603553303901,True,,True,False,False,5.0,2.0,outdoor,none
17952294567121060,True,,True,False,False,5.0,4.0,studio,none
18112766383796027,True,,True,True,False,5.0,2.0,white,none
18084526187061883,True,,False,False,False,4.0,4.0,white,few
18322892821253795,True,,True,False,True,5.0,3.0,outdoor,few
18103784888496185,True,,True,True,False,5.0,4.0,studio,none
18084732269611593,True,,True,True,False,5.0,5.0,indoor,none
18119597353638821,True,,False,False,True,5.0,1.0,white,few
18106138606930278,True,,True,False,False,5.0,1.0,indoor,none
17854850982690527,True,,False,False,False,3.0,1.0,indoor,heavy
17970630387036489,True,,True,False,False,5.0,1.0,other,few
17885562297480030,True,,False,False,False,5.0,2.0,other,few
18097345490329026,True,,True,True,False,5.0,4.0,outdoor,none
18154637116455910,True,,True,True,False,5.0,4.0,white,none
18100248667787067,True,,True,True,True,5.0,2.0,outdoor,few
18082663454617478,True,,True,False,False,5.0,1.0,studio,none
18090363161242668,True,,True,True,False,4.0,10.0,outdoor,none
18171736633402773,True,,False,False,False,5.0,2.0,outdoor,none
18097979800858942,True,,False,False,True,5.0,1.0,white,few
17866995237666809,True,,False,False,False,4.0,1.0,white,none
18212213158324736,True,,True,True,False,5.0,6.0,outdoor,none
18432933562189114,True,,True,False,False,5.0,5.0,white,none
17900458677266086,True,,False,False,False,4.0,5.0,indoor,few
17931268653068372,True,,False,False,False,5.0,4.0,white,none
18126898831597328,True,,False,False,False,4.0,6.0,indoor,none
18105702019903646,True,,True,False,False,3.0,4.0,outdoor,none
18135070717525243,True,,True,True,False,5.0,3.0,studio,none
18001996127911174,True,,False,False,False,5.0,1.0,white,few
18022635677811199,True,,True,True,False,5.0,1.0,indoor,none
17944949988175796,True,,True,True,True,5.0,2.0,studio,few
18137348635463994,True,,True,False,False,4.0,4.0,indoor,heavy
18121938472626676,True,,True,False,False,5.0,1.0,indoor,none
17964337191066416,True,,True,True,False,5.0,4.0,white,none
18150704836415108,True,,False,False,False,5.0,1.0,white,none
18019363313823720,True,,False,False,False,5.0,1.0,indoor,none
17858478729652660,True,,True,True,False,4.0,3.0,outdoor,few
18009437033858037,True,,True,True,False,4.0,6.0,indoor,none
18113916685666025,True,,True,False,True,5.0,1.0,indoor,heavy
18161385760430785,True,,False,False,True,5.0,2.0,studio,few
17960193579115043,True,,True,True,True,5.0,3.0,white,few
17868648198511814,True,,True,True,False,5.0,2.0,indoor,none
18569283436061720,True,,True,False,True,5.0,4.0,outdoor,few
18086727323010697,True,,True,True,False,5.0,7.0,indoor,few
17945273844000403,True,,True,True,False,5.0,5.0,indoor,none
17852775255642532,True,,True,True,False,4.0,1.0,indoor,none
18076187009539682,True,,True,True,False,4.0,6.0,outdoor,few
18079801613132242,True,,True,True,False,5.0,3.0,white,none
18096657863044529,True,,True,True,True,5.0,5.0,studio,few
18452567122128413,True,,True,True,False,4.0,1.0,indoor,none
18089161895581847,True,,False,False,False,5.0,2.0,studio,none
18308749291273215,True,,False,False,True,5.0,1.0,white,few
18091671632269546,True,,True,True,False,5.0,4.0,outdoor,none
18102413884938092,True,,True,True,False,4.0,4.0,indoor,none
18095058242143079,True,,True,True,True,5.0,1.0,studio,heavy
18100235167817911,True,,True,True,False,5.0,1.0,studio,none
18429922123189104,True,,True,False,False,4.0,1.0,indoor,none
18107205337857626,True,,True,True,False,4.0,5.0,indoor,none
18402357097150921,True,,True,True,False,5.0,1.0,white,none
18088078684996683,True,,False,False,False,5.0,1.0,indoor,none
18102614638993677,True,,True,True,False,4.0,2.0,white,none
18175224319400582,True,,False,False,False,4.0,3.0,white,none
18077712158564097,True,,False,False,False,4.0,1.0,indoor,none
18434140279191216,True,,True,False,False,4.0,2.0,outdoor,none
17974714922863013,True,,False,False,False,5.0,2.0,white,few
17933782068055025,True,,True,True,False,5.0,2.0,outdoor,none
18433257313143420,True,,True,True,False,5.0,4.0,outdoor,few
17999434397746659,True,,False,False,False,5.0,1.0,studio,few
17993353799952420,True,,False,False,True,5.0,3.0,indoor,few
18344818339243602,True,,False,False,False,4.0,1.0,indoor,none
18102016955296669,True,,True,False,True,5.0,3.0,outdoor,few
17932662903229175,True,,True,True,False,5.0,3.0,studio,none
18065775230372086,True,,True,True,True,5.0,4.0,white,few
17947412865148146,True,,False,False,False,4.0,1.0,indoor,none
18169491316406929,True,,True,True,False,4.0,6.0,indoor,none
18133915159527225,True,,True,False,False,5.0,1.0,studio,none
17853244593641919,True,,True,True,True,5.0,1.0,outdoor,few
18120330481619314,True,,True,True,False,5.0,4.0,indoor,none
18100820522054229,True,,False,False,False,4.0,6.0,indoor,none
18367163626207354,True,,True,True,True,5.0,2.0,studio,few
18337624090301443,True,,False,False,False,5.0,1.0,white,none
18094671125329992,True,,True,True,False,5.0,5.0,indoor,none
18176789248383867,True,,False,False,True,5.0,2.0,outdoor,few
17914430502164469,True,,False,False,False,5.0,1.0,white,none
18100215556988880,True,,False,False,False,5.0,1.0,outdoor,none
17969744184044207,True,,True,True,False,4.0,3.0,indoor,few
17929049985085021,True,,True,True,False,5.0,1.0,studio,none
18087794840342912,True,,False,False,True,5.0,3.0,white,few
18010796195849846,True,,True,False,True,5.0,4.0,indoor,few
18115607746676694,True,,False,False,True,5.0,2.0,studio,few
17993404838955291,True,,False,False,True,5.0,1.0,studio,few
18199686646357185,True,,False,False,False,5.0,1.0,other,none
18100157945054883,True,,True,True,True,5.0,1.0,other,heavy
17879571864412960,True,,True,True,False,5.0,2.0,white,few
17932833369231715,True,,False,False,False,5.0,1.0,white,none
17920073118319426,True,,True,True,True,5.0,1.0,studio,heavy
18430435678187193,True,,True,False,False,5.0,4.0,indoor,few
17991265934948747,True,,True,True,False,5.0,1.0,outdoor,none
17886731532493076,True,,False,False,False,5.0,1.0,indoor,few
18064643654359769,True,,True,True,True,5.0,6.0,white,heavy
18418114114131419,True,,True,True,False,4.0,5.0,indoor,none
17942245053175318,True,,True,True,True,5.0,1.0,other,few
18046529510753786,True,,False,False,True,5.0,1.0,white,few
17931644718237052,True,,False,False,True,5.0,7.0,outdoor,few
18097486457305423,True,,True,False,False,4.0,7.0,outdoor,none
18090988969938902,True,,False,False,True,5.0,2.0,other,few
18068741141378547,True,,False,False,False,5.0,5.0,studio,few
18354935059229486,True,,False,False,True,5.0,6.0,studio,few
18126143941606209,True,,True,True,True,5.0,1.0,studio,few
18127296601594659,True,,True,True,False,4.0,2.0,outdoor,none
17887646190473886,True,,True,False,True,5.0,1.0,other,heavy
18097006184079929,True,,True,True,False,4.0,2.0,white,none
17854271811638538,True,,False,False,False,5.0,4.0,indoor,none
18455690218111449,True,,True,True,False,5.0,3.0,indoor,few
17960456673085697,True,,True,False,False,4.0,3.0,other,none
18584784538035319,True,,False,False,False,5.0,1.0,outdoor,none
18026158043639823,True,,False,False,True,4.0,1.0,indoor,heavy
18073358048647666,True,,False,False,False,4.0,1.0,indoor,none
17882216376514433,True,,True,True,False,5.0,7.0,studio,none
18319139254280679,True,,True,True,False,5.0,4.0,studio,none
18007763354853565,True,,False,False,True,5.0,1.0,white,heavy
18089655334980553,True,,True,False,True,5.0,1.0,studio,heavy
18098250409841439,True,,True,True,False,4.0,3.0,indoor,few
17985933299973953,True,,False,False,True,5.0,1.0,white,heavy
18104784746313070,True,,True,True,False,4.0,6.0,white,none
18126973018578935,True,,True,False,False,5.0,1.0,other,few
17911034202362766,True,,False,False,True,5.0,9.0,studio,heavy
18100293046782224,True,,True,True,False,4.0,5.0,indoor,few
18122326057528641,True,,True,True,False,5.0,9.0,indoor,few
18101476552945692,True,,True,True,True,5.0,2.0,outdoor,few
18097338209102841,True,,False,False,False,5.0,5.0,indoor,none
17902657734245912,True,,False,False,False,4.0,1.0,outdoor,none
17868402492505527,True,,True,True,False,5.0,5.0,indoor,none
18074381882561693,True,,True,False,False,4.0,2.0,indoor,few
18390795418154437,True,,True,True,True,5.0,2.0,studio,few
18402094978149993,True,,False,False,True,4.0,6.0,indoor,few
17984132774988545,True,,True,True,True,4.0,1.0,indoor,few
18173542990397685,True,,False,False,True,4.0,2.0,white,few
18103854737301787,True,,True,False,False,4.0,3.0,indoor,none
18009035927804010,True,,True,True,False,5.0,1.0,studio,none
17942297298179203,True,,False,False,False,5.0,1.0,white,few
18126250828586884,True,,False,False,False,5.0,1.0,indoor,none
18110861692842765,True,,True,False,True,5.0,1.0,white,few
18191275069368044,True,,True,True,False,5.0,5.0,outdoor,none
18112485769863324,True,,False,False,False,4.0,2.0,white,few
18097698592864236,True,,False,False,False,5.0,6.0,white,none
17961736569071269,True,,True,True,False,5.0,2.0,white,none
17985319418972199,True,,True,True,False,4.0,4.0,indoor,none
17973098142013037,True,,True,True,False,5.0,5.0,studio,none
18006058118723103,True,,False,False,True,3.0,3.0,indoor,few
18076501907621736,True,,True,True,True,5.0,1.0,outdoor,few
18593806819028432,True,,True,True,True,5.0,1.0,indoor,heavy
17938417179196863,True,,False,False,True,4.0,1.0,indoor,heavy
18055250978708356,True,,False,False,True,5.0,3.0,studio,few
18584439970020214,True,,False,False,True,4.0,6.0,other,few
18049229462729247,True,,True,False,True,4.0,2.0,studio,heavy
17993623901778207,True,,True,True,False,5.0,1.0,outdoor,none
17920002759336481,True,,True,True,True,5.0,2.0,studio,few
17939986209192381,True,,True,True,False,4.0,9.0,outdoor,none
18099757459805485,True,,True,False,False,4.0,1.0,outdoor,few
18149423848475084,True,,False,False,False,5.0,1.0,studio,none
17954277929962660,True,,False,False,True,5.0,10.0,indoor,heavy
18044366645535317,True,,True,False,True,5.0,5.0,indoor,few
17929043778248576,True,,False,False,False,5.0,1.0,white,none
17873908005455685,True,,True,False,False,3.0,2.0,indoor,none
18113560633767830,True,,False,False,False,5.0,1.0,studio,none
18079800695546486,True,,False,False,True,5.0,5.0,white,few
18102151144938349,True,,False,False,True,5.0,6.0,outdoor,few
17969605238891788,True,,True,True,False,5.0,1.0,white,none
18043608005777044,True,,True,True,False,5.0,8.0,indoor,none
17959191098938423,True,,False,False,False,5.0,7.0,white,few
17919789672343271,True,,True,False,False,3.0,1.0,outdoor,none
17947028610160106,True,,True,True,True,5.0,1.0,indoor,heavy
17938970502198384,True,,True,False,False,5.0,1.0,indoor,none
18078679133627434,True,,True,False,False,4.0,4.0,indoor,none
17998907642933454,True,,True,True,True,5.0,1.0,outdoor,heavy
17921706036324757,True,,True,False,False,5.0,2.0,studio,none
18084286700063741,True,,False,False,False,4.0,1.0,studio,none
18097511462141675,True,,True,False,True,2.0,5.0,outdoor,heavy
17970921531019809,True,,True,True,False,5.0,3.0,studio,none
18089153150007842,True,,True,False,True,5.0,1.0,other,heavy
17872204449593104,True,,True,True,False,5.0,2.0,studio,none
18168241804412049,True,,True,False,True,4.0,2.0,indoor,heavy
18124516246610057,True,,True,True,False,3.0,6.0,outdoor,none
18048739415752547,True,,True,True,False,5.0,8.0,indoor,none
18108916876855868,True,,True,True,False,4.0,2.0,white,few
17893731228433126,True,,True,True,False,4.0,5.0,outdoor,none
18092043023332684,True,,False,False,False,4.0,2.0,outdoor,few
17946035991155228,True,,True,True,True,4.0,1.0,indoor,few
18176124532385690,True,,True,True,False,5.0,5.0,studio,none
18570814987043958,True,,False,False,False,3.0,2.0,indoor,none
18077821022536951,True,,True,True,True,5.0,5.0,studio,few
17920113990346642,True,,True,True,False,5.0,5.0,outdoor,few
17949991899161362,True,,False,False,False,5.0,7.0,white,none
18436059235136073,True,,True,True,False,4.0,2.0,outdoor,few
18111878539639904,True,,False,False,True,5.0,6.0,white,heavy
18132389476557934,True,,False,False,False,5.0,1.0,white,none
18053988401499903,True,,True,True,False,4.0,4.0,indoor,none
18060188834460683,True,,True,False,False,5.0,3.0,outdoor,none
17887776270468713,True,,True,True,True,4.0,6.0,outdoor,few
18065255108667832,True,,False,False,True,5.0,1.0,indoor,heavy
17922917364276799,True,,False,False,False,4.0,3.0,other,none
17965014066061036,True,,False,False,False,5.0,1.0,white,none
18089473253235202,True,,False,False,False,5.0,1.0,other,none
18126471337512297,True,,True,True,True,5.0,3.0,other,heavy
18102049465768462,True,,True,True,False,4.0,4.0,indoor,none
18397877539146862,True,,True,False,False,5.0,1.0,outdoor,none
17964160578071436,True,,False,False,True,5.0,5.0,indoor,few
18101997521286983,True,,False,False,False,5.0,1.0,studio,none
17907132984401127,True,,True,True,True,5.0,2.0,indoor,few
18113521519694405,True,,False,False,True,4.0,1.0,indoor,few
18085861172213307,True,,True,True,True,3.0,1.0,outdoor,heavy
18097382963081629,True,,True,True,True,3.0,6.0,indoor,heavy
18106036930923605,True,,True,True,False,5.0,6.0,indoor,none
17874336594457438,True,,True,True,False,5.0,4.0,outdoor,none
17971546196881031,True,,False,False,True,4.0,9.0,studio,heavy
18113786593838470,True,,True,True,False,5.0,6.0,outdoor,none
17989588937786912,True,,True,False,True,3.0,2.0,indoor,heavy
18083736296581100,True,,True,True,False,5.0,7.0,indoor,none
17938583619195578,True,,True,True,False,4.0,2.0,studio,none
18119527834648744,True,,True,True,False,4.0,8.0,indoor,none
18175008898398848,True,,True,False,True,5.0,1.0,indoor,few
17984715962813454,True,,True,False,False,5.0,4.0,indoor,none
18090689984466333,True,,True,True,False,5.0,7.0,indoor,few
17986415402985460,True,,False,False,True,5.0,10.0,white,few
18084911885523117,True,,False,False,False,5.0,2.0,indoor,none
18094132847278702,True,,True,True,False,4.0,4.0,outdoor,none
17877985764563076,True,,False,False,False,5.0,7.0,white,few
17897852055434847,True,,False,False,True,5.0,1.0,indoor,heavy
17931105045248603,True,,True,True,False,4.0,3.0,white,none
18102442460478637,True,,True,False,False,5.0,1.0,indoor,none
18086089892523512,True,,True,True,False,4.0,3.0,indoor,none
17888587368348468,True,,True,True,True,5.0,7.0,outdoor,few
18142992832498012,True,,True,True,False,5.0,10.0,outdoor,none
18083795480049535,True,,True,False,False,4.0,4.0,indoor,few
18385116127091537,True,,False,False,False,4.0,2.0,other,few
18045318524571383,True,,False,False,True,5.0,3.0,other,heavy
17854834974641523,True,,True,True,False,5.0,1.0,studio,few
18102270190995012,True,,False,False,False,4.0,7.0,indoor,none
18112027555698456,True,,True,False,False,5.0,3.0,white,none
18094766435039140,True,,False,False,False,2.0,1.0,indoor,none
17991263087966646,True,,True,True,False,4.0,6.0,indoor,none
18132102727484649,True,,True,False,False,4.0,5.0,indoor,none
17943308526078690,True,,True,False,False,5.0,2.0,outdoor,none
18315214069272561,True,,True,True,False,5.0,3.0,outdoor,none
18108272812905584,True,,False,False,False,5.0,2.0,studio,heavy
18068048282672101,True,,True,False,False,5.0,3.0,white,none
18097017206085162,True,,True,False,False,5.0,7.0,studio,none
18107660192491704,True,,True,False,True,5.0,2.0,outdoor,few
18080730284415679,True,,True,True,True,5.0,2.0,studio,few
18080073788079308,True,,False,False,False,5.0,2.0,studio,none
18107061844860196,True,,False,False,False,5.0,1.0,studio,none
18233088157308853,True,,False,False,False,4.0,2.0,studio,none
18128389252500035,True,,False,False,True,5.0,1.0,white,few
18116188177680251,True,,False,False,False,4.0,1.0,indoor,none
18084986315029441,True,,True,True,True,5.0,10.0,studio,few
18101421700943759,True,,True,True,True,5.0,1.0,studio,few
18112610872827250,True,,True,True,False,4.0,2.0,outdoor,none
18108532888892876,True,,True,False,False,3.0,1.0,outdoor,few
17860048215625264,True,,True,False,False,5.0,1.0,outdoor,none
18410216845178211,True,,True,True,True,5.0,3.0,studio,few
18461152270098477,True,,True,True,True,4.0,1.0,indoor,few
18091787762144058,True,,True,True,False,5.0,7.0,indoor,none
17887079895468797,True,,True,True,False,5.0,1.0,studio,none
18100348778512414,True,,True,True,False,5.0,1.0,white,none
17889585060350914,True,,True,True,False,5.0,4.0,studio,none
17884726206505747,True,,True,True,False,4.0,6.0,outdoor,none
18110583139874352,True,,False,False,True,3.0,6.0,indoor,heavy
18003157805884962,True,,True,True,False,5.0,1.0,white,none
18118570342730251,True,,True,True,False,5.0,2.0,outdoor,none
18065021747678364,True,,True,False,False,5.0,4.0,white,none
18019725593819878,True,,False,False,True,5.0,1.0,other,few
18127968346576978,True,,True,True,False,5.0,5.0,indoor,few
18134702812533605,True,,True,True,False,5.0,5.0,indoor,none
18095475994919716,True,,False,False,True,4.0,1.0,other,heavy
18129132166575241,True,,True,True,True,5.0,1.0,white,few
18075534683216239,True,,False,False,False,5.0,2.0,white,none
17883058503490583,True,,False,False,False,5.0,1.0,white,none
18100386739968194,True,,True,True,True,5.0,10.0,outdoor,few
18002463707869182,True,,True,True,True,5.0,2.0,indoor,few
18015803903832057,True,,True,True,False,5.0,9.0,white,none
18199755469347530,True,,True,True,True,5.0,10.0,indoor,heavy
18054551837497158,True,,False,False,True,5.0,5.0,studio,few
18588115324062631,True,,True,True,False,4.0,1.0,outdoor,none
18094297366883800,True,,False,False,False,5.0,6.0,white,heavy
18078216035644719,True,,False,False,False,4.0,3.0,indoor,few
18080228774529663,True,,True,True,True,5.0,1.0,studio,few
17975119152008515,True,,False,False,True,5.0,1.0,studio,heavy
18094591055516301,True,,True,True,True,5.0,1.0,outdoor,heavy
18126168772526047,True,,True,True,False,5.0,9.0,indoor,none
18101544218479292,True,,False,False,False,5.0,2.0,studio,none
17867052972524301,True,,True,True,False,5.0,3.0,outdoor,none
17984294363816553,True,,True,True,False,5.0,2.0,studio,none
18128733745604545,True,,True,False,False,5.0,1.0,other,few
17954231456961673,True,,True,True,True,5.0,6.0,other,heavy
18074384264209201,True,,True,True,False,4.0,4.0,indoor,none
18160939375443748,True,,True,True,True,4.0,2.0,indoor,few
17892722154448613,True,,False,False,False,5.0,2.0,indoor,none
17886225306489170,True,,True,True,False,5.0,4.0,studio,none
18079228388152155,True,,True,False,True,4.0,6.0,indoor,heavy
17952189113963964,True,,False,False,False,5.0,4.0,studio,none
17914517724357303,True,,True,True,False,5.0,3.0,white,none
18165587941425996,True,,True,True,False,5.0,3.0,studio,none
18096668504472183,True,,True,True,False,5.0,4.0,studio,none
17998389806930922,True,,True,False,True,4.0,1.0,indoor,few
18139448749518287,True,,True,True,False,4.0,4.0,other,none
18132879343554252,True,,True,False,True,5.0,4.0,studio,few
18367777972203818,True,,True,True,False,4.0,4.0,outdoor,few
17894908065444434,True,,False,False,True,5.0,1.0,studio,few
17871997008600550,True,,True,True,False,5.0,5.0,white,none
18070094195310202,True,,True,True,True,5.0,1.0,studio,few
18083276975371756,True,,True,True,False,5.0,1.0,white,none
18375334684161486,True,,True,True,True,5.0,1.0,indoor,few
17933791212054404,True,,True,False,True,5.0,3.0,outdoor,few
18174691906397292,True,,True,True,False,4.0,10.0,indoor,none
18353178484233148,True,,True,True,False,5.0,5.0,outdoor,none
17993213975949118,True,,False,False,False,5.0,1.0,studio,none
18080719145384086,True,,True,False,False,4.0,10.0,outdoor,none
17977745162846872,True,,True,False,False,5.0,8.0,outdoor,none
17879672193420946,True,,True,True,False,4.0,3.0,indoor,none
18575736565007854,True,,True,True,True,4.0,2.0,indoor,few
18148910536485679,True,,False,False,True,4.0,1.0,studio,few
18372733609164207,True,,False,False,True,5.0,1.0,indoor,heavy
18321537481255590,True,,False,False,False,5.0,2.0,white,few
18130167973561378,True,,True,True,False,5.0,5.0,outdoor,none
17980602549005745,True,,True,True,False,5.0,2.0,outdoor,none
18104156038749811,True,,True,False,False,5.0,1.0,indoor,none
18138460924510111,True,,True,True,True,5.0,9.0,white,few
18175434121396294,True,,True,False,False,4.0,1.0,indoor,none
18145707769437228,True,,True,True,True,5.0,6.0,studio,few
17911902432360848,True,,True,False,False,5.0,2.0,studio,none
18100367410801891,True,,False,False,True,5.0,4.0,studio,few
17904746121243171,True,,True,False,False,5.0,1.0,indoor,none
18313126954272665,True,,True,True,False,4.0,2.0,outdoor,few
18100626655951245,True,,True,False,True,5.0,3.0,studio,few
18099575270480852,True,,False,False,False,4.0,3.0,indoor,few
18460698244096308,True,,True,True,False,5.0,5.0,studio,none
17880732048396839,True,,True,False,True,5.0,1.0,outdoor,few
17927130483254665,True,,True,True,False,5.0,5.0,white,none
17959431144095090,True,,False,False,True,4.0,1.0,indoor,heavy
18185231473335472,True,,True,False,False,5.0,1.0,outdoor,none
18099602384047489,True,,False,False,True,5.0,6.0,indoor,few
17902842654410259,True,,False,False,True,5.0,5.0,white,few
18066082196671168,True,,True,False,False,4.0,4.0,indoor,none
18088335611590816,True,,True,False,False,5.0,1.0,white,few
18086317757591540,True,,True,True,True,5.0,2.0,other,heavy
17932465587055287,True,,False,False,False,5.0,3.0,other,none
18243857701307418,True,,True,True,False,5.0,2.0,indoor,none
18081273128607516,True,,True,False,False,5.0,5.0,white,none
18107532388708730,True,,True,True,False,5.0,7.0,indoor,none
17882017362531039,True,,True,True,False,5.0,8.0,indoor,none
18030951737801227,True,,True,True,False,4.0,4.0,indoor,none
18101041925066583,True,,True,True,True,5.0,4.0,studio,few
18070808804663545,True,,False,False,True,4.0,4.0,outdoor,few
18071909294236892,True,,True,False,False,5.0,3.0,indoor,none
18069280799325403,True,,False,False,True,5.0,2.0,indoor,heavy
17954404109961406,True,,False,False,True,5.0,5.0,studio,few
18117875308636170,True,,False,False,False,4.0,10.0,indoor,few
17946677982141282,True,,True,True,False,5.0,4.0,indoor,none
17878390470435788,True,,True,False,False,5.0,4.0,studio,none
18105313756732170,True,,False,False,False,5.0,1.0,white,none
18096090749470097,True,,True,True,False,5.0,5.0,outdoor,few
18101339167795652,True,,False,False,False,4.0,1.0,outdoor,none
18116747356635277,True,,False,False,False,4.0,10.0,indoor,few
18119407108653851,True,,True,True,False,5.0,3.0,outdoor,none
18344669377243576,True,,False,False,True,5.0,1.0,white,few
18571170031024117,True,,True,True,False,5.0,7.0,outdoor,heavy
18459422314100485,True,,False,False,False,5.0,5.0,white,none
17871579561603324,True,,False,False,False,5.0,2.0,outdoor,few
17955159390118098,True,,True,True,False,5.0,4.0,white,none
18078763790530059,True,,True,True,False,5.0,3.0,outdoor,none
18261424036294090,True,,True,False,False,4.0,1.0,indoor,none
18079979990387345,True,,True,False,False,4.0,3.0,indoor,none
18120796198724794,True,,True,False,False,4.0,1.0,indoor,none
17867695839522792,True,,True,True,True,5.0,1.0,studio,few
18053303210499243,True,,False,False,False,4.0,2.0,studio,none
18114190315775637,True,,False,False,True,5.0,3.0,outdoor,few
18100727659823517,True,,False,False,True,5.0,3.0,white,few
18127112299595630,True,,True,True,True,5.0,4.0,white,few
18080567417619388,True,,True,True,False,5.0,4.0,indoor,none
18106327853504193,True,,True,True,False,5.0,2.0,white,none
18102720355960154,True,,True,False,False,4.0,3.0,white,none
17969377880889455,True,,True,False,True,5.0,1.0,outdoor,few
18437666041187536,True,,True,True,False,5.0,3.0,outdoor,none
18100117549806381,True,,True,False,False,4.0,3.0,studio,none
18070204760289577,True,,True,True,True,4.0,6.0,outdoor,few
18107303518723716,True,,True,True,True,5.0,6.0,outdoor,few
18128690026576167,True,,False,False,False,5.0,1.0,white,few
17997707741750418,True,,True,True,False,4.0,5.0,indoor,none
18073924961208950,True,,False,False,False,5.0,1.0,white,none
18086897702258245,True,,True,True,True,5.0,4.0,white,few
18106792072861822,True,,True,False,False,5.0,4.0,outdoor,none
17962151921925320,True,,True,True,False,4.0,3.0,outdoor,none
17940330114193159,True,,False,False,False,3.0,1.0,outdoor,heavy
18026005247814000,True,,True,True,True,5.0,3.0,indoor,heavy
17884685058526414,True,,True,True,False,4.0,3.0,indoor,none
18087853481253640,True,,True,False,False,4.0,1.0,outdoor,none
18026476658816995,True,,True,False,False,5.0,3.0,indoor,few
18070890140284883,True,,True,True,False,5.0,9.0,outdoor,none
18090391343336768,True,,True,True,False,5.0,4.0,indoor,few
18110763616847953,True,,True,True,False,5.0,5.0,studio,none
18211482211324562,True,,True,True,True,4.0,3.0,outdoor,few
17999735393919796,True,,False,False,True,5.0,1.0,studio,few
18213864967325867,True,,False,False,False,5.0,1.0,indoor,few
18082558112616291,True,,True,True,False,5.0,5.0,outdoor,few
18320387056264134,True,,False,False,True,5.0,1.0,studio,few
17941385412079843,True,,False,False,False,5.0,1.0,indoor,few
17867408550526041,True,,False,False,False,4.0,1.0,indoor,none
18087662776996778,True,,True,False,False,5.0,7.0,outdoor,none
18192972229360050,True,,True,False,False,5.0,2.0,outdoor,none
17964377090908481,True,,True,True,False,5.0,5.0,white,heavy
18027235553653938,True,,False,False,True,4.0,3.0,indoor,few
17920520214121899,True,,False,False,False,5.0,1.0,outdoor,none
18150334159461267,True,,False,False,False,5.0,2.0,studio,none
18093686623914034,True,,True,True,True,4.0,6.0,outdoor,few
18002876729879030,True,,False,False,True,5.0,1.0,other,heavy
18348462697211061,True,,True,False,False,5.0,5.0,indoor,none
17986090499977034,True,,True,False,False,4.0,4.0,white,none
18102414856779961,True,,True,True,False,4.0,10.0,indoor,few
18108318169917571,True,,True,False,True,4.0,1.0,outdoor,heavy
18088286768338266,True,,False,False,False,4.0,1.0,indoor,heavy
17936495403231040,True,,True,False,False,5.0,1.0,white,none
17992223849943674,True,,False,False,False,5.0,1.0,white,none
18122420206623081,True,,False,False,True,4.0,2.0,indoor,heavy
18027534065748446,True,,False,False,True,5.0,2.0,other,heavy
18112659982794949,True,,False,False,True,5.0,9.0,white,few
18542805439065710,True,,False,False,False,4.0,2.0,indoor,none
18193026466361169,True,,True,True,True,5.0,1.0,studio,heavy
18081868610139428,True,,True,True,True,5.0,1.0,indoor,few
18197631946352595,True,,True,True,True,5.0,9.0,outdoor,few
18126330067617208,True,,True,True,False,5.0,7.0,indoor,few
18088121930080089,True,,True,False,False,5.0,1.0,white,none
17896190037439100,True,,False,False,False,4.0,6.0,indoor,few
17862620970564297,True,,False,False,False,5.0,1.0,indoor,none
17958072414087928,True,,False,False,True,5.0,3.0,indoor,heavy
18073789049246628,True,,False,False,False,5.0,4.0,outdoor,none
18112047556829618,True,,False,False,False,5.0,1.0,studio,none
18169902946413643,True,,False,False,False,4.0,1.0,studio,none
17937560574198123,True,,False,False,False,5.0,10.0,indoor,none
17860360587682255,True,,True,False,False,4.0,4.0,indoor,none
17925568812274929,True,,True,True,True,5.0,3.0,studio,heavy
18094743547884390,True,,False,False,False,5.0,10.0,white,none
18101290241513281,True,,True,False,False,5.0,3.0,white,none
18182303449337623,True,,True,True,False,4.0,7.0,outdoor,few
18117045790665572,True,,True,False,True,5.0,1.0,indoor,heavy
18387094813080573,True,,True,True,False,5.0,3.0,indoor,few
17880701526551949,True,,False,False,False,5.0,1.0,white,none
17924685777275834,True,,True,True,True,5.0,1.0,other,heavy
18140594902499959,True,,False,False,False,5.0,1.0,studio,none
18106093958482957,True,,False,False,False,5.0,2.0,other,none
17935700514053949,True,,False,False,False,4.0,1.0,indoor,none
18087391370208737,True,,True,True,True,5.0,6.0,studio,heavy
18422124340120170,True,,False,False,False,5.0,6.0,indoor,none
18103591552904948,True,,False,False,False,5.0,2.0,studio,few
18060810359452381,True,,True,True,False,5.0,6.0,indoor,none
18191772487317894,True,,False,False,False,5.0,1.0,white,none
18004199654872395,True,,True,True,False,5.0,3.0,white,few
18010543277703067,True,,True,False,False,5.0,1.0,studio,none
18113795326745410,True,,True,False,False,4.0,1.0,indoor,none
18155168095455949,True,,True,True,False,5.0,10.0,indoor,few
17969865455882799,True,,True,False,False,5.0,3.0,outdoor,none
17904032709242570,True,,True,True,True,5.0,2.0,white,heavy
18079549667127253,True,,True,True,False,5.0,3.0,outdoor,none
18181882381384356,True,,True,True,True,5.0,1.0,white,heavy
18070028420658643,True,,False,False,False,4.0,4.0,indoor,none
17922273042297374,True,,True,True,False,4.0,3.0,white,none
18127869298501498,True,,True,True,False,4.0,2.0,indoor,none
18096389864114957,True,,False,False,True,4.0,1.0,other,heavy
17875018485591364,True,,False,False,True,4.0,1.0,other,few
18091244891269916,True,,True,True,False,5.0,5.0,studio,none
18005887004713102,True,,True,True,True,5.0,5.0,indoor,few
18096144890101366,True,,True,False,False,5.0,1.0,indoor,none
17854437510647636,True,,False,False,False,5.0,5.0,studio,none
18095422154123751,True,,True,True,True,5.0,3.0,studio,few
17942550684171289,True,,True,True,False,4.0,3.0,outdoor,none
18105613774899185,True,,False,False,True,4.0,1.0,white,heavy
18451158850106505,True,,True,True,False,5.0,5.0,white,none
18086795957245600,True,,True,True,False,4.0,10.0,outdoor,none
17884069905499381,True,,True,True,True,5.0,6.0,white,few
17920762557338705,True,,False,False,True,4.0,3.0,studio,few
18140573143450888,True,,False,False,False,5.0,1.0,studio,none
18021326816817642,True,,False,False,False,5.0,10.0,indoor,few
18032456072632917,True,,True,True,True,5.0,6.0,indoor,few
18123206158550044,True,,False,False,False,5.0,1.0,indoor,none
18086491166258316,True,,False,False,False,5.0,3.0,white,few
18050332592724862,True,,True,True,True,5.0,2.0,outdoor,few
17943484473173491,True,,False,False,False,5.0,1.0,other,none
18110553334771616,True,,True,True,False,5.0,1.0,white,none
18082739576570247,True,,False,False,True,5.0,1.0,white,few
17910632196363203,True,,True,True,False,4.0,1.0,indoor,none
18094594349327079,True,,True,True,False,5.0,2.0,studio,none
18080528390577886,True,,True,True,False,4.0,5.0,indoor,none
18062621678689583,True,,False,False,True,5.0,1.0,white,few
18063290912345066,True,,True,True,False,4.0,1.0,outdoor,none
18079195121431100,True,,True,False,True,4.0,6.0,outdoor,few
18102187343000635,True,,False,False,False,4.0,2.0,outdoor,none
18123249883540766,True,,True,True,True,4.0,5.0,indoor,heavy
18079542395529869,True,,True,True,False,4.0,5.0,outdoor,none
18419837839121052,True,,True,True,False,5.0,6.0,outdoor,none
18100088482950934,True,,True,False,False,4.0,3.0,outdoor,none
17970492003042890,True,,True,True,True,5.0,3.0,outdoor,heavy
18129851326492705,True,,True,True,False,5.0,3.0,studio,none
18309864784302736,True,,True,True,False,5.0,2.0,outdoor,few
18072116438558683,True,,True,True,False,5.0,5.0,studio,none
17914883127164717,True,,True,True,False,4.0,10.0,indoor,few
17986101425808175,True,,False,False,False,5.0,1.0,other,few
17897292327441324,True,,True,False,True,5.0,4.0,white,few
18002589467877105,True,,True,True,False,4.0,2.0,outdoor,none
18094132949169461,True,,False,False,False,4.0,2.0,white,none
18074101181221479,True,,True,True,False,4.0,4.0,outdoor,none
17992030709955891,True,,True,False,False,5.0,2.0,studio,none
18097102322278019,True,,False,False,True,5.0,2.0,studio,heavy
18082762409096990,True,,True,True,True,5.0,2.0,white,few
17949558713985163,True,,True,True,True,3.0,1.0,outdoor,few
18308996032263114,True,,True,False,False,4.0,10.0,outdoor,none
17997060980755669,True,,True,True,False,5.0,10.0,outdoor,none
18050053259724139,True,,False,False,False,5.0,4.0,white,none
17889712419460696,True,,True,False,False,4.0,5.0,outdoor,none
17900441037265835,True,,True,True,False,5.0,8.0,outdoor,none
18053044223527257,True,,False,False,True,4.0,1.0,indoor,few
18078388190143433,True,,False,False,False,5.0,4.0,white,none
18104161643506069,True,,False,False,False,5.0,1.0,white,none
18179319331385315,True,,True,False,False,5.0,3.0,indoor,none
18196958443347843,True,,True,False,False,5.0,3.0,outdoor,none
17885412711492052,True,,True,True,True,4.0,1.0,outdoor,heavy
17921155617335047,True,,False,False,False,5.0,3.0,indoor,none
18083645669373702,True,,False,False,False,5.0,9.0,other,few
18368684428206776,True,,True,True,False,5.0,6.0,studio,none
18117550459656846,True,,False,False,False,4.0,1.0,white,none
17949064746131013,True,,True,True,False,5.0,2.0,white,few
17964006036054772,True,,True,False,False,4.0,1.0,outdoor,none
18100947200283918,True,,True,True,False,5.0,4.0,indoor,none
18370624078164770,True,,True,True,False,4.0,3.0,outdoor,none
17861528109562332,True,,True,True,True,5.0,5.0,studio,few
18090672223945962,True,,True,True,False,4.0,4.0,indoor,none
17981298281821706,True,,True,True,True,5.0,10.0,outdoor,heavy
18018740102829720,True,,True,True,False,5.0,6.0,indoor,none
18079445588535094,True,,True,True,True,5.0,5.0,studio,heavy
17955146562006803,True,,False,False,False,4.0,1.0,white,few
18112718689689203,True,,False,False,False,5.0,2.0,studio,none
18067299470439138,True,,False,False,False,4.0,2.0,indoor,none
18113198365683006,True,,True,True,False,5.0,1.0,outdoor,few
18233930266308139,True,,False,False,False,5.0,1.0,studio,none
18043389530771286,True,,True,True,False,5.0,4.0,outdoor,none
18014637452684455,True,,True,True,False,4.0,7.0,outdoor,none
18091235017954672,True,,False,False,False,5.0,3.0,studio,none
17899854048265314,True,,True,True,True,4.0,3.0,indoor,few
18048153452742635,True,,True,True,False,5.0,3.0,studio,few
18403608280180808,True,,True,True,False,5.0,4.0,studio,none
18023989337814944,True,,True,True,False,5.0,2.0,white,none
17990980448973390,True,,True,False,False,5.0,1.0,studio,none
18088299974007518,True,,True,True,True,5.0,3.0,white,few
17958001563109434,True,,True,False,False,4.0,3.0,outdoor,none
17924890659279701,True,,True,True,True,5.0,2.0,outdoor,few
18120513970625394,True,,True,True,False,5.0,2.0,studio,none
18084135056067276,True,,True,True,False,4.0,7.0,indoor,none
18098030669030055,True,,True,False,False,4.0,2.0,indoor,none
17973451500043267,True,,False,False,True,4.0,2.0,studio,few
18203356840354236,True,,True,False,True,5.0,1.0,outdoor,few
18114280375742491,True,,True,True,False,4.0,4.0,white,none
18101850992510924,True,,True,True,False,5.0,8.0,studio,none
18144138403491826,True,,True,False,False,4.0,2.0,outdoor,few
18011171705854433,True,,False,False,True,5.0,3.0,white,few
18308986483263650,True,,True,True,False,4.0,5.0,outdoor,none
18108079741699856,True,,True,False,False,5.0,1.0,white,none
18094030679112815,True,,True,True,False,5.0,5.0,outdoor,none
18098128394102449,True,,True,True,True,4.0,1.0,outdoor,few
18085971827600042,True,,False,False,False,5.0,1.0,studio,none
18133848700473515,True,,True,True,False,5.0,2.0,indoor,none
17906066337393355,True,,False,False,False,4.0,1.0,white,none
18093915769900535,True,,True,True,False,5.0,2.0,studio,none
18372419884167918,True,,True,False,False,5.0,2.0,white,few
18092155768924474,True,,True,True,False,4.0,4.0,indoor,none
18464439268100704,True,,False,False,False,4.0,1.0,indoor,none
17882928309399266,True,,False,False,False,5.0,8.0,other,heavy
18085279826047999,True,,True,True,False,4.0,4.0,indoor,none
18077645864161709,True,,True,True,True,5.0,7.0,studio,few
17868010125523010,True,,True,True,False,5.0,6.0,indoor,none
18179333023386423,True,,True,False,False,5.0,1.0,outdoor,none
17996178218768826,True,,True,True,False,3.0,5.0,indoor,none
18077605661553271,True,,True,True,False,5.0,10.0,indoor,none
17890607964455769,True,,True,False,False,5.0,6.0,other,none
18017328368668887,True,,False,False,False,5.0,10.0,indoor,few
17941474698192807,True,,True,False,False,4.0,7.0,outdoor,none
18018755519667886,True,,False,False,True,4.0,2.0,indoor,heavy
17921546937294564,True,,True,True,False,5.0,2.0,indoor,none
18321987484248774,True,,True,True,False,4.0,5.0,outdoor,few
18097127155839914,True,,True,True,False,5.0,3.0,white,none
18081925412574241,True,,True,True,True,5.0,2.0,indoor,few
18200828122344357,True,,False,False,True,4.0,1.0,indoor,few
18060628751446089,True,,False,False,True,5.0,2.0,white,few
18401945572148891,True,,True,True,False,4.0,5.0,white,none
17970011441881412,True,,False,False,False,5.0,2.0,white,none
18107931016664950,True,,False,False,False,5.0,3.0,indoor,none
17891095356328577,True,,True,True,True,5.0,1.0,white,few
18085400087356950,True,,False,False,False,5.0,3.0,indoor,none
17879865777410119,True,,False,False,True,5.0,4.0,indoor,few
17901246009413723,True,,True,True,False,5.0,4.0,studio,none
18098477528064738,True,,False,False,False,4.0,2.0,indoor,none
18102335465069342,True,,True,True,False,5.0,5.0,outdoor,few
17956150908088383,True,,True,False,False,5.0,3.0,indoor,none
18104543858490782,True,,True,False,False,5.0,5.0,studio,none
18132950887551227,True,,False,False,True,5.0,2.0,white,few
18036187493803406,True,,True,False,False,5.0,1.0,white,none
18127854814601552,True,,True,True,False,4.0,2.0,indoor,none
17853061701642327,True,,True,True,False,4.0,3.0,indoor,few
18143224321496238,True,,True,True,False,5.0,4.0,indoor,none
18059959028696122,True,,True,True,False,5.0,2.0,indoor,none
18412898005180615,True,,True,True,False,5.0,3.0,outdoor,none
18108507925887890,True,,True,True,True,5.0,1.0,outdoor,few
18094335389137408,True,,False,False,True,5.0,2.0,white,heavy
17941875210016223,True,,True,False,False,5.0,4.0,studio,none
18007137038853520,True,,True,True,True,5.0,2.0,outdoor,heavy
18130685770491608,True,,True,True,True,5.0,2.0,studio,few
18029851217620342,True,,True,True,False,5.0,1.0,white,heavy
18115582453682425,True,,False,False,True,5.0,3.0,studio,few
18049405166737138,True,,True,True,False,4.0,6.0,indoor,few
18153343177405462,True,,True,False,True,5.0,3.0,outdoor,few
18016599914835353,True,,True,True,False,5.0,2.0,indoor,none
18144253153495497,True,,False,False,False,5.0,10.0,studio,none
18121903159622462,True,,True,True,False,5.0,5.0,outdoor,none
18093360365518365,True,,False,False,False,4.0,3.0,indoor,few
18010275638851840,True,,True,False,False,5.0,4.0,outdoor,none
17895251232443997,True,,True,False,False,4.0,1.0,indoor,few
17957992439942617,True,,True,False,False,5.0,2.0,indoor,none
18085780475337593,True,,True,False,True,5.0,1.0,indoor,few
18006860282707455,True,,False,False,False,5.0,6.0,indoor,none
18117295588725827,True,,False,False,False,5.0,1.0,white,none
18089357803958457,True,,False,False,False,4.0,2.0,indoor,none
17856105408688174,True,,True,True,False,5.0,5.0,studio,none
18079801622532424,True,,True,True,False,5.0,4.0,studio,none
18102309449489572,True,,False,False,True,5.0,1.0,white,few
18069562652322062,True,,False,False,False,3.0,6.0,other,few
18105994066935252,True,,False,False,False,4.0,4.0,indoor,none
18063270122694277,True,,True,False,False,5.0,3.0,indoor,none
18074582249335167,True,,True,False,False,4.0,6.0,outdoor,none
18070333778300390,True,,True,False,False,2.0,1.0,outdoor,none
17970463884042001,True,,True,True,False,5.0,2.0,white,none
17973491055001102,True,,True,False,False,5.0,8.0,outdoor,heavy
17895064860307784,True,,True,False,False,5.0,1.0,indoor,none
17886280299377878,True,,True,False,False,5.0,5.0,white,none
18119355037643641,True,,True,True,False,5.0,1.0,studio,none
18091926287269926,True,,True,False,True,5.0,1.0,studio,few
18088923851243150,True,,True,True,False,5.0,5.0,outdoor,none
17877082863577472,True,,True,True,False,5.0,3.0,white,few
18064469354341559,True,,True,True,True,5.0,1.0,other,few
18005136455863411,True,,False,False,False,4.0,1.0,outdoor,none
18320763724265063,True,,True,True,True,5.0,6.0,studio,few
18076186820546164,True,,True,True,False,4.0,9.0,indoor,few
18580993102056325,True,,True,False,False,5.0,1.0,indoor,none
17971038795032960,True,,True,True,False,5.0,5.0,white,none
18000304184748235,True,,False,False,True,5.0,1.0,white,heavy
18105816598933903,True,,True,False,False,3.0,5.0,indoor,heavy
17886812535374582,True,,False,False,True,5.0,1.0,studio,few
17930037027254240,True,,True,False,False,5.0,1.0,studio,none
18102518722953645,True,,True,False,True,5.0,1.0,studio,few
17883698025482024,True,,True,True,False,5.0,5.0,indoor,none
17959329819095559,True,,False,False,True,5.0,5.0,other,heavy
18003077861728509,True,,False,False,False,5.0,2.0,white,few
18094371857165537,True,,False,False,False,5.0,1.0,studio,none
18098052841824892,True,,False,False,False,5.0,1.0,white,none
18063609164491070,True,,True,True,False,5.0,8.0,white,none
18042808601685720,True,,True,True,False,5.0,2.0,outdoor,none
17896352133287077,True,,True,False,False,4.0,4.0,outdoor,none
18037212191788606,True,,True,True,False,4.0,3.0,indoor,few
17936784495195426,True,,True,True,False,5.0,4.0,white,none
17963925960058237,True,,False,False,True,5.0,1.0,studio,heavy
17971959891041047,True,,False,False,False,5.0,1.0,white,none
18111065185871078,True,,True,True,True,3.0,1.0,outdoor,few
18060511958705126,True,,False,False,False,4.0,2.0,indoor,none
17861485098672876,True,,True,True,True,5.0,2.0,outdoor,few
18117366316637862,True,,True,True,False,5.0,3.0,indoor,none
17923748727271969,True,,True,True,False,5.0,3.0,outdoor,few
17961696297081102,True,,False,False,False,5.0,2.0,indoor,none
17983965740977808,True,,True,True,False,5.0,5.0,studio,none
17858214642583197,True,,True,True,False,5.0,6.0,outdoor,none
17985535268809624,True,,True,True,False,5.0,3.0,outdoor,none
17881725942516645,True,,True,True,False,5.0,6.0,studio,none
18454335232104098,True,,False,False,False,5.0,1.0,white,none
18019005017821241,True,,False,False,False,5.0,6.0,studio,none
17998767944930196,True,,True,True,True,5.0,4.0,studio,few
18098329079474189,True,,True,True,True,4.0,1.0,white,few
17861862786562490,True,,True,True,True,5.0,1.0,indoor,heavy
17981691596825842,True,,True,True,False,5.0,8.0,outdoor,few
18135042118536659,True,,True,False,False,4.0,1.0,indoor,none
17982184328995298,True,,True,True,False,5.0,6.0,indoor,few
18180075793389164,True,,False,False,True,5.0,6.0,studio,few
18375232312203776,True,,False,False,True,5.0,2.0,studio,heavy
17982405563830713,True,,True,False,False,5.0,4.0,studio,none
18073058189646392,True,,True,False,False,5.0,2.0,outdoor,none
17857768722634976,True,,False,False,True,3.0,10.0,indoor,heavy
18089438102339048,True,,True,True,False,4.0,7.0,indoor,none
18064057811667398,True,,True,True,False,5.0,5.0,outdoor,none
17963485344061505,True,,False,False,False,5.0,1.0,studio,none
18102264031751270,True,,True,True,True,5.0,4.0,studio,few
18172104769404477,True,,True,True,False,4.0,3.0,outdoor,none
18090697376466627,True,,False,False,False,4.0,10.0,indoor,few
17859532188572894,True,,True,True,False,5.0,6.0,outdoor,none
18571904023027506,True,,True,True,False,5.0,5.0,studio,none
18043478918769095,True,,False,False,False,5.0,1.0,outdoor,few
18098366972082771,True,,True,True,False,5.0,5.0,indoor,few
17875082154574362,True,,False,False,False,5.0,3.0,studio,none
18413487211132545,True,,True,False,False,5.0,7.0,white,none
17966748444025774,True,,False,False,True,5.0,1.0,white,heavy
18087344201192700,True,,True,True,False,4.0,2.0,outdoor,none
18107275534810133,True,,False,False,True,5.0,1.0,other,few
18077616185534057,True,,False,False,False,4.0,1.0,indoor,few
18074423660228159,True,,True,False,True,5.0,4.0,outdoor,few
18078453638167994,True,,True,True,False,5.0,7.0,indoor,few
18101536825975375,True,,False,False,True,5.0,3.0,other,few
18128945686602499,True,,False,False,False,4.0,2.0,other,none
18143076406496192,True,,False,False,True,5.0,1.0,indoor,few
18106420162909549,True,,True,True,False,5.0,2.0,indoor,none
18135007204534202,True,,False,False,False,4.0,10.0,white,none
18126310420570619,True,,True,True,False,5.0,4.0,outdoor,none
17963706984062106,True,,False,False,False,5.0,1.0,other,few
18074935391446045,True,,True,False,True,5.0,2.0,indoor,few
18194390782364684,True,,True,True,True,5.0,3.0,outdoor,few
18003288212864522,True,,False,False,False,4.0,1.0,outdoor,none
18119291797632414,True,,True,False,False,4.0,4.0,indoor,none
17968238706053281,True,,True,False,False,5.0,6.0,outdoor,none
18355201081238462,True,,False,False,False,5.0,3.0,white,none
18088315826611131,True,,True,True,True,5.0,2.0,white,heavy
18107061103807727,True,,True,True,True,5.0,2.0,white,heavy
17881824885559086,True,,True,True,False,4.0,6.0,indoor,few
18106001461694648,True,,True,False,True,5.0,2.0,indoor,few
18384150481089416,True,,True,True,False,5.0,5.0,studio,none
17864035899545246,True,,True,False,False,5.0,1.0,white,few
18355202467236033,True,,True,True,True,4.0,1.0,indoor,few
18071210513307647,True,,True,True,True,4.0,3.0,indoor,heavy
18169489039370570,True,,False,False,False,4.0,1.0,indoor,few
17976704274008327,True,,False,False,False,5.0,1.0,white,none
18077417651165142,True,,False,False,False,3.0,1.0,indoor,none
18202071127343084,True,,False,False,True,5.0,1.0,outdoor,few
18202309981344796,True,,True,True,False,5.0,3.0,studio,none
18355162192231292,True,,False,False,True,5.0,1.0,white,few
18117356323711733,True,,False,False,False,5.0,3.0,indoor,none
17940801960188643,True,,True,True,True,5.0,2.0,white,few
17935311072196999,True,,True,True,True,5.0,1.0,studio,heavy
17924512548296804,True,,True,True,False,5.0,1.0,outdoor,none
18119374732712026,True,,True,True,True,5.0,3.0,outdoor,heavy
18081578675387396,True,,True,True,False,5.0,4.0,studio,none
18072679382643996,True,,False,False,False,5.0,3.0,studio,none
18369715396165337,True,,True,False,False,5.0,4.0,outdoor,few
18059195174447782,True,,True,True,True,4.0,5.0,indoor,few
18095331263327152,True,,True,True,False,3.0,2.0,white,none
18098350810827821,True,,True,False,False,5.0,8.0,outdoor,none
17947808390980723,True,,True,True,False,5.0,5.0,indoor,none
18070955780277529,True,,False,False,False,4.0,1.0,indoor,none
18079870040565863,True,,True,True,False,5.0,5.0,outdoor,none
18101085853787695,True,,False,False,False,5.0,1.0,white,none
18391178437092489,True,,True,False,False,5.0,2.0,studio,none
18587122408063198,True,,False,False,False,5.0,1.0,studio,none
18090947725918786,True,,False,False,False,5.0,8.0,other,few
17926807665256373,True,,True,True,False,4.0,5.0,indoor,none
18335557675173390,True,,True,True,False,5.0,2.0,indoor,none
18098859958968110,True,,True,False,True,5.0,1.0,white,few
18130382797563456,True,,True,True,True,5.0,4.0,indoor,few
17943939087179084,True,,True,True,True,5.0,1.0,indoor,few
18081495089452093,True,,True,True,False,5.0,4.0,outdoor,none
18386591308088641,True,,False,False,False,4.0,1.0,indoor,none
18138382993515076,True,,True,True,False,4.0,4.0,indoor,none
17877349464561738,True,,False,False,False,4.0,1.0,indoor,none
18209781850332735,True,,True,False,True,5.0,6.0,studio,heavy
18068782313322133,True,,True,True,True,5.0,1.0,white,few
17932348938067066,True,,False,False,True,5.0,1.0,other,heavy
18144187606500097,True,,False,False,False,5.0,10.0,indoor,none
17973345872859788,True,,False,False,True,4.0,1.0,white,heavy
18092597321153422,True,,True,True,False,5.0,1.0,outdoor,none
18042390086781339,True,,True,False,False,5.0,2.0,white,none
18140616733516667,True,,False,False,False,4.0,1.0,studio,none
17927348217254746,True,,True,True,False,5.0,2.0,indoor,none
18409712377176374,True,,True,True,False,4.0,1.0,studio,none
18045367532685734,True,,True,True,True,5.0,6.0,outdoor,few
17907772029199433,True,,False,False,False,1.0,1.0,outdoor,none
17853923418691897,True,,False,False,True,5.0,4.0,indoor,few
18118107628634557,True,,True,False,True,4.0,2.0,outdoor,few
17941897605174239,True,,True,False,False,5.0,2.0,indoor,few
17853565428660549,True,,False,False,False,5.0,10.0,indoor,few
17924669871291154,True,,True,False,False,5.0,3.0,studio,none
17904120633242318,True,,False,False,False,5.0,1.0,studio,none
18080762777564696,True,,False,False,True,5.0,4.0,studio,few
17932416822228082,True,,False,False,False,4.0,4.0,studio,none
17859047673587727,True,,False,False,False,5.0,1.0,white,none
17882178213536848,True,,True,True,False,5.0,2.0,outdoor,heavy
18234140626307881,True,,False,False,False,4.0,1.0,indoor,none
18429243469142367,True,,True,False,False,4.0,5.0,indoor,few
17884884240373489,True,,True,True,True,5.0,10.0,indoor,heavy
18112457107818489,True,,False,False,False,5.0,1.0,studio,none
18126290128592371,True,,False,False,True,5.0,2.0,other,few
18203890138344543,True,,True,True,False,5.0,1.0,white,none
18010642103700573,True,,True,True,False,5.0,1.0,indoor,heavy
18263628964290062,True,,False,False,True,5.0,3.0,indoor,heavy
18129039673563807,True,,False,False,False,4.0,8.0,white,few
18087353405259833,True,,False,False,False,5.0,1.0,indoor,none
17983704602985900,True,,False,False,False,4.0,3.0,indoor,few
18111682240826664,True,,False,False,False,5.0,3.0,studio,few
17902604658244981,True,,True,False,False,5.0,4.0,studio,none
17886043059493826,True,,False,False,False,5.0,1.0,studio,none
17948684478134433,True,,True,False,False,4.0,2.0,outdoor,none
17941647198168369,True,,False,False,True,5.0,6.0,studio,few
18347459200243705,True,,True,False,False,5.0,2.0,outdoor,none
18128139469562528,True,,False,False,False,5.0,6.0,indoor,none
18078754784295225,True,,True,False,False,5.0,4.0,indoor,none
18095822957062661,True,,False,False,False,5.0,1.0,studio,none
17947123296175951,True,,True,True,False,5.0,5.0,white,none
17967888209895412,True,,False,False,False,5.0,4.0,studio,none
18090542386949111,True,,True,False,True,5.0,3.0,studio,few
18351811084241764,True,,True,True,False,4.0,4.0,indoor,few
18095408252021562,True,,False,False,False,5.0,4.0,indoor,none
18109664416845797,True,,False,False,True,3.0,2.0,indoor,few
18099084163955391,True,,True,True,False,4.0,3.0,outdoor,none
17907271980388745,True,,True,False,False,4.0,2.0,outdoor,none
18089594147184526,True,,True,False,True,5.0,2.0,white,few
18082786085457056,True,,True,True,False,5.0,3.0,outdoor,none
18159662410436336,True,,True,True,True,3.0,1.0,indoor,heavy
18068430611290341,True,,True,False,False,4.0,2.0,indoor,none
17914354845350780,True,,True,True,True,5.0,1.0,studio,few
18062394254698085,True,,True,False,False,4.0,6.0,outdoor,none
18110165422697207,True,,True,False,False,5.0,3.0,white,none
17995777388928042,True,,True,True,False,5.0,5.0,indoor,none
17971016484012874,True,,True,True,False,5.0,2.0,white,none
18131875810526449,True,,False,False,False,4.0,7.0,indoor,few
17887217202494117,True,,True,True,True,5.0,1.0,white,few
18314518171277927,True,,True,True,False,5.0,3.0,white,none
18587917246030493,True,,True,False,False,5.0,1.0,studio,none
17899753611263842,True,,True,False,False,3.0,3.0,indoor,heavy
18309429841286035,True,,True,True,False,5.0,4.0,white,none
17853962295638552,True,,True,True,True,4.0,2.0,indoor,few
18147636025487372,True,,False,False,True,5.0,1.0,white,few
17901351918261938,True,,False,False,True,3.0,1.0,outdoor,few
18074389673247200,True,,False,False,False,5.0,4.0,indoor,few
18039330200573880,True,,True,True,True,5.0,9.0,indoor,heavy
18109169755853230,True,,False,False,True,5.0,1.0,studio,heavy
18097659050024837,True,,True,False,False,4.0,2.0,indoor,none
18107767027864405,True,,False,False,True,3.0,3.0,indoor,few
18078290399533519,True,,True,True,False,5.0,3.0,studio,few
17874934362580112,True,,False,False,False,5.0,3.0,white,few
18148876666425421,True,,True,True,False,5.0,4.0,outdoor,none
18101476144768232,True,,False,False,True,5.0,6.0,studio,few
17920123455314732,True,,True,True,True,5.0,2.0,studio,few
18080080523143943,True,,True,True,True,3.0,7.0,indoor,heavy
17969694134882457,True,,True,False,False,4.0,4.0,indoor,none
18076565921643623,True,,True,False,False,4.0,4.0,outdoor,none
18200828638344437,True,,True,True,True,5.0,1.0,studio,heavy
18369619606205438,True,,False,False,False,5.0,1.0,studio,few
18129084823576466,True,,True,True,False,5.0,2.0,studio,none
17921757279328815,True,,True,True,False,5.0,2.0,white,none
18076762247175092,True,,True,False,False,5.0,1.0,studio,few
17884615104532568,True,,True,False,False,5.0,7.0,indoor,none
18076620881170076,True,,True,False,False,4.0,2.0,indoor,none
18426803533192445,True,,True,True,False,5.0,5.0,outdoor,none
17963675463052790,True,,True,False,False,4.0,4.0,indoor,none
18199566982350823,True,,True,False,True,5.0,3.0,white,few
18182738269375726,True,,True,True,True,5.0,1.0,white,heavy
18007847561905445,True,,True,True,False,4.0,5.0,indoor,none
18077641304532563,True,,True,True,True,5.0,3.0,indoor,few
18104347241511053,True,,False,False,False,5.0,1.0,studio,few
18581680951023422,True,,True,True,False,5.0,4.0,studio,none
18105606112733226,True,,False,False,False,4.0,1.0,indoor,few
18064256747354064,True,,False,False,True,5.0,3.0,white,few
18096352643010294,True,,True,False,False,4.0,3.0,indoor,none
17890675875333496,True,,False,False,False,5.0,1.0,indoor,none
17986020830952701,True,,False,False,True,5.0,1.0,white,few
18096708077283547,True,,True,True,False,5.0,4.0,other,none
18077058059409202,True,,False,False,True,1.0,1.0,white,heavy
18047167589526630,True,,True,True,True,5.0,2.0,white,heavy
18050785844528912,True,,False,False,True,5.0,1.0,studio,few
18359284210225581,True,,True,True,False,5.0,2.0,studio,none
18024271853810684,True,,True,False,False,5.0,6.0,indoor,none
17893372866452896,True,,False,False,True,5.0,1.0,studio,heavy
17957102754118699,True,,False,False,False,5.0,1.0,indoor,none
17860307229676307,True,,True,True,False,4.0,6.0,outdoor,none
17922274746291386,True,,True,False,False,5.0,4.0,studio,none
17935055031208795,True,,True,True,False,5.0,1.0,outdoor,none
18067704965409499,True,,True,True,False,4.0,4.0,outdoor,none
17955203355091357,True,,False,False,True,5.0,1.0,indoor,heavy
17920788663124624,True,,True,False,True,4.0,1.0,studio,few
17848519344676729,True,,True,True,False,4.0,2.0,outdoor,few
18059723036702577,True,,True,True,False,4.0,4.0,outdoor,none
18050478632722401,True,,False,False,True,5.0,2.0,white,heavy
18100347736808078,True,,True,True,False,5.0,5.0,outdoor,none
18120329401728142,True,,True,True,True,5.0,2.0,studio,heavy
18048358577757113,True,,True,False,False,4.0,1.0,outdoor,heavy
17923695897289409,True,,True,True,False,3.0,9.0,outdoor,none
18100919966102879,True,,False,False,False,4.0,2.0,indoor,none
18153399457459639,True,,True,True,False,5.0,3.0,studio,none
18583002232017973,True,,False,False,True,5.0,1.0,indoor,few
18585093130025698,True,,False,False,False,4.0,10.0,indoor,few
18050219399734246,True,,True,True,False,5.0,4.0,indoor,none
18047277701746094,True,,True,True,False,4.0,4.0,indoor,none
18062891648380801,True,,False,False,False,5.0,1.0,white,none
18064276277689291,True,,False,False,True,4.0,1.0,other,heavy
18583442548016459,True,,True,False,False,4.0,1.0,indoor,none
18039259748589311,True,,False,False,False,5.0,5.0,studio,none
17968237677024224,True,,False,False,False,5.0,1.0,white,none
17897025297296117,True,,True,True,True,5.0,2.0,white,few
18082133597576299,True,,True,True,False,5.0,5.0,outdoor,none
18059186132482477,True,,True,True,False,5.0,3.0,studio,none
18386384089085108,True,,True,True,True,5.0,10.0,outdoor,heavy
18042206930755338,True,,False,False,False,5.0,3.0,indoor,none
18101587123751514,True,,True,True,True,5.0,3.0,other,heavy
18214287679326156,True,,False,False,False,5.0,8.0,indoor,none
18132990202532749,True,,False,False,False,4.0,1.0,indoor,none
17970020763013112,True,,True,False,False,5.0,3.0,outdoor,none
18091227431185572,True,,True,False,True,5.0,1.0,studio,heavy
18342022315244096,True,,True,True,True,5.0,5.0,studio,heavy
17864344032653994,True,,False,False,False,5.0,3.0,white,none
18161965129429029,True,,True,False,False,5.0,2.0,outdoor,few
17864985096612722,True,,True,True,False,4.0,3.0,indoor,few
18585030382047028,True,,False,False,False,4.0,1.0,white,few
17878203708555464,True,,False,False,False,5.0,1.0,studio,none
18156569356442938,True,,False,False,True,5.0,1.0,outdoor,few
18445462111113157,True,,False,False,False,4.0,2.0,other,none
17918384172300337,True,,False,False,True,5.0,2.0,white,few
17861791965626202,True,,False,False,False,5.0,1.0,indoor,none
18314247037275817,True,,False,False,False,3.0,1.0,other,none
18059268368426216,True,,True,True,False,5.0,3.0,outdoor,none
17896869798288268,True,,True,True,False,5.0,5.0,indoor,none
17890717500347554,True,,True,False,True,5.0,1.0,indoor,few
18352513237212423,True,,True,True,False,5.0,1.0,studio,none
18161461483440647,True,,True,True,False,5.0,6.0,studio,none
17957190738110963,True,,False,False,False,4.0,1.0,outdoor,few
18064284371491036,True,,True,True,False,5.0,3.0,outdoor,none
18085090769370756,True,,True,False,True,4.0,6.0,indoor,heavy
17881116678399470,True,,True,True,False,5.0,5.0,outdoor,none
18112469758697751,True,,False,False,False,4.0,4.0,other,few
17906769741223440,True,,True,False,False,5.0,1.0,white,none
17936615019191872,True,,False,False,False,5.0,1.0,white,none
18188182696369410,True,,True,False,False,5.0,2.0,white,none
17903492262244271,True,,False,False,True,5.0,1.0,outdoor,few
18112582888634602,True,,False,False,True,5.0,1.0,other,heavy
17937160908192714,True,,False,False,False,5.0,1.0,white,none
18082286084409518,True,,True,True,True,5.0,7.0,white,heavy
18001599896736907,True,,True,True,True,5.0,1.0,indoor,few
18065747171344785,True,,False,False,False,5.0,3.0,white,none
18100023706977344,True,,True,False,False,5.0,1.0,indoor,none
18338598763173183,True,,True,True,False,4.0,2.0,other,none
18109861909798793,True,,True,True,False,5.0,5.0,outdoor,few
18115585438739385,True,,True,False,True,4.0,1.0,indoor,few
17950097790132028,True,,True,True,False,5.0,6.0,outdoor,none
18402333976149848,True,,True,True,False,5.0,7.0,white,none
18129478603498540,True,,True,True,False,5.0,5.0,white,none
17921134092122480,True,,False,False,False,5.0,6.0,white,none
18078089801161776,True,,False,False,False,5.0,10.0,white,none
18264827563291558,True,,True,True,False,4.0,1.0,indoor,none
17893529529452000,True,,True,True,False,5.0,3.0,indoor,few
17932618977207684,True,,True,False,False,5.0,2.0,indoor,none
17909256333380405,True,,False,False,False,5.0,1.0,indoor,none
17890642671446148,True,,True,True,False,5.0,4.0,indoor,none
18112106716698057,True,,True,False,False,5.0,1.0,indoor,none
17868375198502055,True,,True,True,True,5.0,1.0,studio,few
17938816182218694,True,,True,False,False,5.0,1.0,indoor,none
18127074241575677,True,,True,True,True,5.0,3.0,outdoor,few
18147104062477467,True,,True,True,True,5.0,8.0,outdoor,heavy
17926726872093644,True,,False,False,False,5.0,1.0,studio,none
18080046350453389,True,,True,True,True,5.0,1.0,outdoor,few
18435058309188937,True,,False,False,True,5.0,4.0,studio,heavy
18047548373754413,True,,False,False,False,5.0,1.0,white,none
17892998973445946,True,,False,False,True,4.0,1.0,outdoor,few
18112944214758949,True,,True,True,False,5.0,8.0,studio,none
18004678166724003,True,,True,True,False,5.0,8.0,white,none
17985272006986566,True,,False,False,False,5.0,1.0,studio,none
17926947876270924,True,,False,False,True,5.0,1.0,white,few
18071238539662567,True,,False,False,False,5.0,9.0,indoor,few
18393438016159994,True,,True,False,False,5.0,1.0,outdoor,none
18118356943654756,True,,True,True,False,4.0,5.0,indoor,none
18089542733188348,True,,False,False,False,5.0,2.0,white,none
18096285626473054,True,,True,True,True,5.0,1.0,outdoor,few
17921722791122394,True,,True,True,False,4.0,10.0,outdoor,none
17863787343545995,True,,False,False,False,5.0,1.0,white,none
18108403906698988,True,,False,False,True,5.0,1.0,studio,few
18086475422358730,True,,True,False,False,4.0,4.0,indoor,none
18099715367047527,True,,False,False,False,5.0,1.0,white,few
17948685404984362,True,,False,False,False,5.0,1.0,outdoor,few
18071283161270709,True,,False,False,False,4.0,3.0,indoor,heavy
18134315017530856,True,,False,False,False,4.0,5.0,studio,none
18078907358411932,True,,True,True,False,5.0,4.0,indoor,heavy
17858757531587556,True,,True,False,False,5.0,6.0,studio,none
18314207065278881,True,,True,True,False,5.0,2.0,white,none
18138035713511407,True,,False,False,False,5.0,4.0,indoor,none
18077268797557032,True,,True,True,False,4.0,2.0,outdoor,none
18112268017625872,True,,False,False,False,5.0,1.0,white,none
18098182607100445,True,,False,False,False,5.0,3.0,outdoor,none
18042380504775751,True,,True,False,False,5.0,1.0,other,none
18325115833265782,True,,True,False,True,4.0,3.0,studio,few
18076006373394747,True,,False,False,True,2.0,1.0,other,few
17847770829694066,True,,True,False,False,5.0,2.0,indoor,none
17896055361297065,True,,True,False,False,4.0,1.0,studio,none
18049462553735578,True,,True,True,False,5.0,4.0,studio,none
18103757462509663,True,,False,False,False,5.0,1.0,white,few
18083762135622121,True,,True,True,True,5.0,10.0,white,heavy
18080572340108616,True,,True,True,False,5.0,5.0,studio,none
18097077353037916,True,,False,False,True,5.0,1.0,studio,few
18432920590188562,True,,True,True,False,5.0,10.0,outdoor,none
18105438763937691,True,,True,True,False,5.0,4.0,outdoor,none
18061839266425695,True,,True,True,True,5.0,3.0,studio,few
18117175840727175,True,,True,True,False,5.0,2.0,studio,none
18313663744261082,True,,True,True,False,4.0,3.0,indoor,none
18121595755536103,True,,True,False,False,5.0,4.0,white,none
18062692940678206,True,,True,True,False,5.0,6.0,studio,none
18190115326367600,True,,True,False,False,5.0,2.0,indoor,none
17934187548216276,True,,False,False,True,5.0,2.0,white,few
18099981757959450,True,,True,True,True,5.0,5.0,outdoor,few
18006033041889736,True,,True,True,False,5.0,4.0,indoor,none
18113040463761131,True,,True,True,True,5.0,2.0,studio,heavy
18397580518144367,True,,True,False,False,5.0,2.0,white,none
17873816385574529,True,,False,False,False,5.0,1.0,white,none
18099943192943768,True,,False,False,False,5.0,1.0,indoor,none
18074913023286858,True,,False,False,False,5.0,1.0,studio,none
17869271238667402,True,,True,True,False,5.0,4.0,outdoor,few
17982697115817013,True,,True,False,True,5.0,1.0,indoor,few
18368516962202389,True,,True,True,True,4.0,5.0,indoor,heavy
18106306054935092,True,,True,True,True,5.0,6.0,studio,heavy
17894162427450887,True,,True,True,False,3.0,3.0,outdoor,none
18048155054757828,True,,False,False,True,5.0,5.0,studio,few
18077529317441484,True,,False,False,False,4.0,1.0,outdoor,none
18128542246506542,True,,True,True,True,5.0,3.0,outdoor,heavy
18088161422360740,True,,False,False,False,5.0,3.0,indoor,none
18128967709564044,True,,False,False,False,5.0,4.0,indoor,none
17906621823220718,True,,True,True,False,5.0,1.0,indoor,none
17880963453544068,True,,False,False,True,4.0,10.0,indoor,heavy
17996832545942219,True,,True,True,False,5.0,5.0,indoor,none
18112599364703658,True,,False,False,True,5.0,2.0,studio,few
17985490862800612,True,,False,False,False,4.0,4.0,indoor,few
18076460183194546,True,,False,False,False,5.0,1.0,indoor,none
18072188891647659,True,,True,False,True,5.0,1.0,indoor,few
18011307482699204,True,,False,False,True,5.0,1.0,white,few
18116164588707472,True,,True,True,False,5.0,3.0,white,none
18082556324367734,True,,False,False,False,4.0,1.0,indoor,none
18068334842394893,True,,False,False,True,4.0,1.0,studio,heavy
18094510334134237,True,,False,False,False,4.0,1.0,indoor,none
18093813449517517,True,,True,True,False,5.0,4.0,white,none
18065144132682240,True,,False,False,False,5.0,10.0,indoor,none
18041535020784691,True,,False,False,False,5.0,1.0,indoor,none
18048856091724731,True,,False,False,False,5.0,1.0,other,few
18098110829042293,True,,False,False,True,5.0,1.0,studio,few
18107877178860541,True,,True,True,False,5.0,3.0,other,none
17897096010440584,True,,False,False,False,5.0,1.0,white,none
18093976300894178,True,,False,False,False,4.0,3.0,indoor,none
18101525701793020,True,,True,True,False,4.0,4.0,indoor,none
18089344280190426,True,,True,True,False,5.0,1.0,indoor,none
17851858278639676,True,,True,True,False,5.0,10.0,studio,none
18062244167687201,True,,True,True,True,5.0,1.0,studio,heavy
18160011127452545,True,,True,True,False,5.0,6.0,indoor,none
18069301787648997,True,,True,True,False,5.0,2.0,studio,none
18198327232355459,True,,False,False,False,5.0,8.0,white,none
18409975036177489,True,,True,False,False,5.0,4.0,indoor,none
18577329787049981,True,,False,True,True,5.0,1.0,white,few
18095711081151441,True,,True,False,False,5.0,1.0,outdoor,none
18130772794605195,True,,False,False,True,4.0,6.0,indoor,few
18106303892491134,True,,False,False,False,4.0,4.0,indoor,none
17888742708456546,True,,False,False,True,4.0,1.0,outdoor,few
18061146596444400,True,,True,True,True,4.0,7.0,outdoor,few
17910341244390712,True,,True,True,True,5.0,2.0,indoor,few
18085872011348075,True,,True,True,False,5.0,5.0,outdoor,none
18172420252400777,True,,True,True,False,5.0,4.0,indoor,none
18068008826662705,True,,True,False,False,5.0,1.0,white,none
18097641206010260,True,,False,False,False,4.0,1.0,indoor,none
17985155018968259,True,,True,True,False,5.0,6.0,studio,none
18026608169638070,True,,True,True,False,4.0,1.0,indoor,none
18079639001564233,True,,True,False,True,5.0,1.0,studio,few
17863202004654219,True,,False,False,False,5.0,8.0,indoor,none
18085917350368754,True,,False,False,True,5.0,5.0,other,few
17996443829936351,True,,False,False,False,5.0,1.0,indoor,few
18266207137291253,True,,True,True,True,5.0,3.0,studio,few
18584191516039014,True,,True,False,True,4.0,2.0,outdoor,few
18068389970308263,True,,False,False,True,5.0,3.0,white,few
18097681928078468,True,,False,False,False,4.0,6.0,studio,none
18103322123492987,True,,True,True,False,4.0,2.0,outdoor,none
18001346018917593,True,,True,False,True,5.0,2.0,studio,heavy
18100800820957520,True,,False,False,False,5.0,5.0,white,none
18101735246313210,True,,True,True,False,5.0,3.0,studio,none
18179991460343169,True,,True,True,True,4.0,2.0,indoor,few
18077446214632680,True,,False,False,True,5.0,3.0,studio,few
18160917589429603,True,,True,True,True,4.0,1.0,studio,few
17913969507166594,True,,False,False,False,4.0,5.0,white,none
17913399828180684,True,,True,False,False,5.0,4.0,white,none
18085768325614789,True,,True,True,True,5.0,1.0,indoor,few
18026583695808451,True,,False,False,False,4.0,10.0,studio,none
18105815966508958,True,,True,True,True,5.0,9.0,outdoor,few
18098244584082311,True,,False,False,True,5.0,3.0,studio,few
18578739511020529,True,,True,True,False,5.0,3.0,white,none
17935948458036252,True,,False,False,False,5.0,1.0,white,none
17854647918691546,True,,True,False,True,5.0,6.0,studio,few
18346290991212319,True,,True,True,False,5.0,6.0,white,none
17995751825941975,True,,False,False,True,5.0,1.0,indoor,few
18101663392753148,True,,True,True,False,5.0,4.0,outdoor,none
17895151134311628,True,,True,False,False,4.0,5.0,white,none
18127404367573391,True,,True,False,False,5.0,1.0,other,none
18008400416885008,True,,True,True,False,5.0,4.0,outdoor,none
17953134395960786,True,,True,False,False,5.0,1.0,white,none
18091679512932975,True,,True,True,True,5.0,10.0,indoor,heavy
18091297006934782,True,,False,False,True,4.0,1.0,studio,few
17935955652230165,True,,True,True,True,5.0,2.0,studio,heavy
17883151851474959,True,,False,False,False,5.0,1.0,outdoor,none
17848952559674993,True,,False,False,True,5.0,1.0,white,few
17987193797977262,True,,True,True,True,5.0,10.0,indoor,heavy
18116641567669004,True,,False,False,True,5.0,1.0,indoor,heavy
17997348824761636,True,,False,False,True,5.0,1.0,studio,few
18444232348139945,True,,False,False,True,4.0,4.0,indoor,few
17867565105612567,True,,True,False,False,5.0,1.0,indoor,none
18101444206960767,True,,False,False,False,5.0,1.0,studio,few
18083522267579534,True,,False,False,True,5.0,1.0,studio,few
18101106932291675,True,,False,False,True,5.0,10.0,indoor,few
18069287348300453,True,,False,False,False,5.0,1.0,outdoor,few
18099490127070784,True,,True,False,False,4.0,4.0,indoor,none
18047493728750253,True,,False,False,True,5.0,1.0,studio,few
17861151156681202,True,,True,False,False,5.0,1.0,indoor,none
17963775150056917,True,,True,True,False,5.0,7.0,outdoor,none
18078462215151737,True,,True,True,True,4.0,1.0,studio,few
18118335715629423,True,,True,False,False,5.0,1.0,indoor,few
17982058376830165,True,,False,False,False,5.0,1.0,studio,none
17938251099192360,True,,False,False,False,5.0,2.0,outdoor,none
17886381330531042,True,,False,False,True,5.0,10.0,indoor,few
17983062788988224,True,,True,False,True,4.0,6.0,outdoor,heavy
18318726823282863,True,,True,True,False,5.0,4.0,indoor,none
18104712989492199,True,,True,True,False,5.0,5.0,indoor,none
18036157214598185,True,,False,False,False,5.0,1.0,studio,none
18074712827554511,True,,False,False,False,5.0,3.0,indoor,none
17860482957566696,True,,True,False,True,4.0,1.0,outdoor,heavy
18089602337227003,True,,True,False,False,4.0,3.0,white,none
18081008459123325,True,,True,True,False,5.0,2.0,indoor,none
18199042789349567,True,,True,True,True,5.0,6.0,studio,few
18354364255227885,True,,True,True,False,5.0,1.0,studio,none
18061812878418201,True,,True,False,False,4.0,7.0,indoor,none
18078504752152125,True,,False,False,False,5.0,3.0,indoor,none
18140488252512511,True,,False,False,True,5.0,1.0,white,few
18089374661249329,True,,True,False,False,4.0,3.0,indoor,none
17904405603241534,True,,True,True,False,5.0,4.0,outdoor,none
18104202250932866,True,,True,True,False,5.0,5.0,outdoor,none
17899963860419557,True,,True,True,False,4.0,2.0,indoor,few
17995505867764022,True,,False,False,True,4.0,1.0,white,few
18145731034484926,True,,True,False,True,5.0,1.0,outdoor,few
18192545809364462,True,,True,False,False,5.0,5.0,studio,none
17958111669095495,True,,True,True,False,5.0,2.0,indoor,none
18122003992622719,True,,True,False,True,5.0,3.0,outdoor,few
17957923263091257,True,,True,False,False,4.0,1.0,other,none
18060599816384229,True,,True,True,True,5.0,2.0,studio,few
18060679223437593,True,,True,False,False,4.0,2.0,outdoor,few
18112176058751158,True,,False,False,True,4.0,3.0,indoor,heavy
17880187581413728,True,,False,False,True,5.0,2.0,indoor,few
18175812829400861,True,,True,True,True,5.0,1.0,studio,few
17982980876817559,True,,True,False,False,5.0,1.0,studio,none
18572540095040138,True,,True,True,True,5.0,2.0,white,heavy
18008482871856145,True,,False,False,True,5.0,4.0,other,few
18101948989772229,True,,False,False,False,5.0,1.0,studio,none
18579310783024806,True,,True,True,False,5.0,4.0,outdoor,none
18086382623346656,True,,True,True,True,5.0,1.0,studio,few
17948706462140843,True,,False,False,True,4.0,3.0,indoor,heavy
18073045004291600,True,,False,False,True,3.0,1.0,outdoor,few
17920147578342167,True,,True,True,False,5.0,1.0,indoor,none
18572107324048184,True,,True,True,True,5.0,1.0,studio,few
18092195060156067,True,,False,False,False,5.0,1.0,indoor,none
17898391380434893,True,,True,False,True,5.0,2.0,outdoor,few
17887053759528268,True,,False,False,False,4.0,1.0,white,none
18582151864052518,True,,False,False,True,5.0,2.0,indoor,heavy
17853447303660367,True,,True,False,False,5.0,10.0,outdoor,none
17929688322249777,True,,False,False,True,5.0,6.0,white,few
18098295229855957,True,,True,True,False,4.0,4.0,outdoor,none
17984173082976412,True,,True,False,False,4.0,1.0,outdoor,none
18077852588570184,True,,False,False,True,5.0,2.0,studio,few
18261438199293406,True,,True,True,True,5.0,2.0,studio,few
17917161270350925,True,,True,True,False,4.0,2.0,indoor,none
17956184154091437,True,,False,False,False,5.0,1.0,indoor,none
18129426013505406,True,,True,True,False,5.0,5.0,white,none
18578506300000376,True,,True,True,False,5.0,6.0,white,none
18099438733976418,True,,True,False,False,5.0,2.0,white,none
17892837210311474,True,,False,False,True,5.0,4.0,studio,few
18078111644396309,True,,True,True,False,3.0,3.0,indoor,none
18127891510515888,True,,True,False,False,5.0,1.0,indoor,none
17911109385378010,True,,False,False,False,5.0,1.0,studio,none
18091491841908260,True,,True,False,False,5.0,3.0,studio,none
17959604070079328,True,,False,False,False,5.0,1.0,white,none
17863631421545220,True,,True,True,False,5.0,2.0,white,none
18133847974534780,True,,False,False,False,4.0,1.0,indoor,none
17867417673526432,True,,True,True,False,5.0,2.0,indoor,none
17865744669667932,True,,True,True,False,4.0,2.0,indoor,few
17994027347956400,True,,False,False,False,5.0,4.0,white,none
17891848974461445,True,,False,False,False,5.0,1.0,studio,none
18075746564543572,True,,True,True,True,3.0,6.0,outdoor,few
17880110826410270,True,,False,False,True,5.0,1.0,other,heavy
17879770965538605,True,,False,False,True,4.0,2.0,white,few
18084582488077023,True,,True,False,False,4.0,1.0,indoor,none
18173511568393822,True,,True,True,False,5.0,4.0,studio,none
18059544806472494,True,,True,True,True,5.0,1.0,studio,few
18094213394122007,True,,False,False,False,5.0,10.0,indoor,few
18085012721047305,True,,True,False,False,4.0,4.0,indoor,few
18131952673480916,True,,True,True,True,5.0,3.0,indoor,few
17995630358940159,True,,True,True,False,4.0,9.0,outdoor,none
18117623356592024,True,,True,True,False,5.0,4.0,white,none
18161982754442055,True,,True,False,False,5.0,4.0,outdoor,none
18088966919188438,True,,False,False,False,4.0,1.0,white,none
18095331290052905,True,,False,False,True,5.0,1.0,outdoor,few
18100345970050618,True,,True,True,True,5.0,2.0,studio,few
18109345135894779,True,,False,False,False,4.0,1.0,outdoor,none
18444731542112037,True,,False,False,False,4.0,3.0,indoor,few
18449149195129086,True,,True,True,False,4.0,3.0,outdoor,none
18089763188591392,True,,False,False,False,4.0,1.0,indoor,none
17853030543640409,True,,True,False,True,5.0,1.0,outdoor,few
18082313702178350,True,,False,False,True,4.0,2.0,other,few
18098839429959847,True,,True,True,False,5.0,5.0,outdoor,none
18167651113410975,True,,True,False,False,5.0,1.0,studio,none
17902426014243997,True,,False,False,False,5.0,2.0,studio,none
18064584833479911,True,,True,True,False,4.0,5.0,outdoor,few
18093496913124088,True,,False,False,True,5.0,1.0,studio,heavy
18061953632392211,True,,False,False,False,5.0,1.0,white,none
17879457210414729,True,,False,False,True,5.0,1.0,studio,few
18096141926027419,True,,True,True,False,5.0,3.0,studio,none
18143861377504379,True,,True,True,True,4.0,2.0,indoor,few
18071414357285888,True,,False,False,True,5.0,9.0,indoor,heavy
18026410976637151,True,,True,True,True,4.0,2.0,indoor,few
18006152825882544,True,,True,True,True,5.0,1.0,studio,few
18108573976877236,True,,True,True,False,5.0,3.0,indoor,none
18389872921081289,True,,False,False,True,5.0,3.0,white,few
17885977896378920,True,,True,False,False,5.0,1.0,indoor,none
17922194796299622,True,,True,True,False,5.0,4.0,white,none
17870777577598468,True,,False,False,True,4.0,10.0,indoor,heavy
18111895354774002,True,,False,False,False,5.0,3.0,studio,heavy
18032951420607051,True,,False,False,False,5.0,3.0,studio,none
18262002277290851,True,,True,False,False,4.0,10.0,indoor,few
18161361505430492,True,,True,True,False,5.0,4.0,indoor,few
18063457109385129,True,,True,False,False,4.0,2.0,other,few
18077320550161854,True,,True,True,False,5.0,5.0,other,none
17886281952470666,True,,False,False,False,5.0,3.0,studio,none
18075365309406433,True,,True,True,False,4.0,6.0,indoor,none
18015238286683533,True,,False,False,True,5.0,1.0,white,few
18141198373509376,True,,True,False,False,3.0,1.0,indoor,none
17900550882263042,True,,True,True,False,5.0,4.0,white,none
18139569430515274,True,,False,False,False,5.0,1.0,studio,none
17932886013208641,True,,True,True,False,5.0,5.0,studio,none
18077524670564334,True,,True,False,False,4.0,1.0,other,none
17964092151058922,True,,True,False,True,5.0,3.0,studio,few
18063920210679111,True,,True,False,True,5.0,1.0,studio,heavy
17981512202826462,True,,True,True,True,5.0,2.0,outdoor,few
18117991504630265,True,,True,False,False,5.0,4.0,indoor,none
17955523358946803,True,,False,False,False,4.0,2.0,studio,few
18096707135022436,True,,True,True,False,5.0,6.0,white,none
17948040600174285,True,,False,True,True,5.0,1.0,white,few
17905172211404176,True,,False,False,True,4.0,5.0,white,few
18073614746240573,True,,True,True,True,3.0,3.0,indoor,few
18097546652103486,True,,True,False,True,4.0,1.0,indoor,few
17996372954762605,True,,True,True,True,5.0,1.0,indoor,few
18368409895201913,True,,True,True,False,2.0,5.0,outdoor,none
18111968044633226,True,,True,True,False,5.0,3.0,indoor,none
18403741453183559,True,,True,True,True,5.0,7.0,outdoor,heavy
17883271152387268,True,,False,False,False,4.0,2.0,indoor,none
18107136067857975,True,,False,False,False,1.0,1.0,outdoor,none
18387450778085000,True,,False,False,True,5.0,10.0,studio,heavy
17913038523365124,True,,False,False,False,5.0,1.0,studio,none
17990482499958888,True,,False,False,True,4.0,1.0,indoor,heavy
17908002813378122,True,,True,True,False,3.0,3.0,indoor,none
18070197488408611,True,,False,False,False,5.0,2.0,indoor,none
18104980279897466,True,,False,False,False,5.0,4.0,white,none
18367225684205189,True,,True,True,False,4.0,1.0,indoor,none
18008916122854265,True,,False,False,False,5.0,4.0,indoor,none
17975672048976184,True,,True,True,True,5.0,4.0,outdoor,heavy
18017195990670021,True,,True,True,False,4.0,9.0,indoor,few
18085183919606655,True,,False,False,False,5.0,2.0,studio,few
18003575912728411,True,,True,True,False,4.0,3.0,indoor,few
17881752303396298,True,,True,False,False,5.0,3.0,white,none
18091077614180678,True,,True,False,False,5.0,4.0,studio,none
18126295417589023,True,,True,True,True,5.0,6.0,studio,heavy
17951898684134194,True,,True,False,False,5.0,3.0,indoor,none
18096356012097086,True,,False,False,False,4.0,5.0,studio,none
18387263230089316,True,,False,False,False,4.0,2.0,indoor,none
17854169559644773,True,,False,False,True,4.0,1.0,indoor,few
17953055709069367,True,,True,True,True,5.0,1.0,white,few
18402566485196618,True,,True,False,True,5.0,1.0,white,few
17956060359116553,True,,True,True,False,5.0,9.0,indoor,none
18461171794108513,True,,False,False,False,5.0,1.0,indoor,none
18109374247873551,True,,True,False,False,5.0,1.0,indoor,none
18080505821629330,True,,False,False,False,4.0,1.0,other,none
18075510500171984,True,,False,False,False,5.0,6.0,indoor,heavy
18063539882394927,True,,False,False,False,4.0,3.0,indoor,none
18076958525157178,True,,True,True,False,5.0,6.0,outdoor,none
18118524511734987,True,,True,False,False,5.0,5.0,outdoor,none
18058667555441127,True,,False,False,False,4.0,1.0,indoor,heavy
18122443741555436,True,,True,False,True,5.0,1.0,studio,few
17971704519003493,True,,True,True,False,5.0,4.0,studio,few
18185709907373724,True,,True,True,True,5.0,6.0,white,heavy
18572409727023897,True,,False,False,True,5.0,6.0,white,few
18109052740662071,True,,False,False,False,5.0,8.0,indoor,none
18117880045653661,True,,False,False,False,5.0,1.0,indoor,none
18095893412011256,True,,False,False,True,5.0,1.0,studio,few
17876511504568757,True,,False,False,False,5.0,3.0,white,few
18084496238200308,True,,True,False,False,4.0,3.0,white,none
18101019469787078,True,,True,False,False,4.0,4.0,indoor,none
18127585249595018,True,,True,True,False,4.0,9.0,indoor,none
18101957458984659,True,,True,False,True,5.0,1.0,indoor,few
18077566574630343,True,,True,True,False,5.0,8.0,indoor,none
18369660916162341,True,,False,False,False,4.0,1.0,other,none
18037020272788024,True,,True,True,False,4.0,4.0,outdoor,none
18085570739014362,True,,True,True,True,5.0,10.0,indoor,heavy
17856310578631900,True,,True,True,False,4.0,5.0,outdoor,few
18112396990700883,True,,True,True,True,5.0,1.0,indoor,few
18196947790348405,True,,True,True,False,4.0,2.0,outdoor,none
18100354066788911,True,,False,False,False,4.0,7.0,outdoor,none
18583427893003932,True,,False,False,False,5.0,2.0,studio,none
17903706888403915,True,,True,True,False,4.0,10.0,outdoor,few
18109364548870569,True,,True,True,False,4.0,4.0,indoor,none
18096036854323638,True,,False,False,True,5.0,1.0,studio,few
18060530801459388,True,,True,True,False,5.0,2.0,white,none
17873390169580597,True,,False,False,True,5.0,3.0,other,few
18096312857040313,True,,False,False,False,4.0,1.0,other,none
18015531356838232,True,,False,False,False,5.0,1.0,white,none
17996225306947015,True,,False,False,False,5.0,1.0,white,none
18053159987737031,True,,True,True,False,5.0,2.0,indoor,none
17969566785024878,True,,True,False,False,5.0,6.0,outdoor,none
18018943817820176,True,,True,True,False,5.0,1.0,studio,none
18134816803531444,True,,False,False,True,5.0,2.0,white,few
18099742846953724,True,,True,True,True,5.0,1.0,indoor,heavy
18078282311429759,True,,True,True,False,4.0,2.0,indoor,none
18588839620048388,True,,True,True,True,4.0,7.0,studio,heavy
18081590693613856,True,,True,False,False,5.0,2.0,indoor,none
17979871061829853,True,,False,False,False,4.0,1.0,studio,none
18200598070354590,True,,True,True,False,4.0,10.0,outdoor,none
18099370651995357,True,,True,True,True,4.0,10.0,indoor,heavy
18117162706632589,True,,False,False,False,5.0,6.0,studio,none
17874473199583884,True,,True,True,False,5.0,3.0,white,none
17934491685234674,True,,True,False,False,4.0,3.0,white,none
18042907391758193,True,,False,False,False,4.0,1.0,other,none
17909109756203652,True,,True,True,True,5.0,2.0,studio,heavy
18083802515357753,True,,True,False,True,4.0,2.0,outdoor,few
18262657195293645,True,,False,False,False,5.0,3.0,white,none
18112849924756127,True,,True,False,False,5.0,1.0,outdoor,none
17979074303843062,True,,False,False,False,2.0,7.0,indoor,few
17860138908630767,True,,False,False,False,5.0,3.0,studio,none
18117202624680985,True,,False,False,False,5.0,3.0,white,none
17995958129927455,True,,True,True,False,4.0,1.0,outdoor,none
17941578975178198,True,,True,True,True,5.0,2.0,outdoor,few
17933697963057246,True,,True,True,False,5.0,6.0,studio,none
18197038075358736,True,,True,True,False,5.0,1.0,outdoor,none
17945112576177588,True,,True,True,False,4.0,5.0,indoor,none
18099672835821077,True,,False,False,True,5.0,1.0,outdoor,few
17947464576148319,True,,False,False,True,4.0,1.0,white,few
18098812157305173,True,,False,False,True,5.0,2.0,white,few
18094943984037306,True,,True,True,False,5.0,4.0,indoor,none
18101151914065862,True,,False,False,True,3.0,1.0,indoor,heavy
18448489768115226,True,,False,False,False,5.0,1.0,studio,none
18033094799797331,True,,False,False,True,5.0,10.0,indoor,heavy
18117032707655570,True,,False,False,True,5.0,1.0,white,few
17921616054326707,True,,False,False,False,5.0,1.0,indoor,none
17990933303958801,True,,True,True,False,5.0,3.0,white,none
18393032689155000,True,,False,False,False,5.0,1.0,white,none
18128725756560398,True,,False,False,True,5.0,1.0,indoor,few
17861717559562580,True,,True,True,False,5.0,7.0,studio,none
17978129333844115,True,,True,True,False,5.0,4.0,outdoor,none
18092205874900909,True,,True,False,False,4.0,6.0,outdoor,none
18069604727363676,True,,True,False,False,5.0,4.0,indoor,none
18076195427203803,True,,True,True,False,5.0,6.0,outdoor,none
18104267735504228,True,,True,True,False,4.0,1.0,indoor,none
18081948488374405,True,,False,False,False,4.0,4.0,indoor,few
17874953655578081,True,,False,False,False,5.0,3.0,indoor,none
18090580118237275,True,,True,False,False,4.0,1.0,indoor,none
18069258758659064,True,,False,False,True,5.0,2.0,studio,few
18099302494994202,True,,False,False,False,5.0,1.0,studio,none
18086265287262573,True,,True,True,True,5.0,2.0,white,few
18210937843326451,True,,False,False,False,4.0,1.0,white,none
18085571474348877,True,,True,True,False,5.0,2.0,outdoor,none
18198404446356756,True,,True,True,False,5.0,9.0,studio,none
17951619968963849,True,,True,False,True,4.0,1.0,outdoor,few
18079728293386433,True,,True,True,True,5.0,1.0,studio,heavy
17852653362663439,True,,True,True,False,5.0,5.0,white,none
18097908611063683,True,,True,True,False,5.0,5.0,outdoor,none
17963054297921177,True,,False,False,False,5.0,10.0,white,none
18260439814294070,True,,False,False,False,5.0,1.0,white,none
17886937992374435,True,,False,False,False,5.0,3.0,indoor,none
18098756906473471,True,,False,False,False,5.0,1.0,white,none
18062942174392630,True,,False,False,True,4.0,1.0,indoor,heavy
18113490346755230,True,,False,False,False,4.0,1.0,other,few
18078363650392877,True,,False,False,True,5.0,1.0,studio,few
17876166567564609,True,,False,False,True,5.0,5.0,other,heavy
18109357987852293,True,,True,True,True,5.0,2.0,indoor,heavy
18093989428952828,True,,True,True,False,4.0,4.0,outdoor,none
18102069986510195,True,,False,False,True,4.0,3.0,studio,heavy
17854273479648883,True,,True,True,True,5.0,4.0,other,heavy
18127015885504866,True,,True,True,True,5.0,2.0,studio,few
18532519720081979,True,,False,False,True,5.0,1.0,outdoor,heavy
18087938939218885,True,,False,False,True,5.0,1.0,white,few
18166142800424194,True,,False,False,False,4.0,1.0,studio,few
17967019941047602,True,,False,False,False,5.0,1.0,indoor,none
18017293310842458,True,,False,False,True,5.0,1.0,white,heavy
17873784651457421,True,,True,False,False,4.0,5.0,indoor,none
18078752666438536,True,,True,True,False,5.0,5.0,indoor,none
18065598026702596,True,,False,False,False,5.0,1.0,indoor,none
18077795588417998,True,,True,False,False,4.0,4.0,indoor,none
17869648635611662,True,,True,True,False,5.0,5.0,outdoor,none
17943065064179529,True,,True,False,False,4.0,2.0,studio,few
18041955722552025,True,,True,True,True,5.0,3.0,outdoor,heavy
18065281967672700,True,,True,False,True,5.0,2.0,indoor,heavy
18100128641120889,True,,False,False,True,5.0,1.0,other,few
18093903104153990,True,,True,False,True,5.0,10.0,outdoor,few
17897627145284854,True,,False,False,True,5.0,1.0,white,few
18130016395603439,True,,True,False,False,5.0,4.0,indoor,few
17931216399253759,True,,False,False,True,5.0,1.0,studio,few
18085944563356976,True,,True,False,True,5.0,2.0,studio,heavy
18096881303468773,True,,True,True,False,5.0,5.0,white,none
18354615808233126,True,,True,True,False,5.0,2.0,studio,none
18075127430194328,True,,True,True,False,5.0,6.0,indoor,none
18418322929126625,True,,True,True,False,5.0,5.0,white,none
17878514658551251,True,,True,True,True,5.0,5.0,studio,few
18149563543466856,True,,True,True,True,5.0,2.0,studio,heavy
17877986943571676,True,,True,True,False,5.0,1.0,outdoor,none
18096866962863099,True,,False,False,True,5.0,1.0,other,few
18086963705011672,True,,True,False,True,5.0,7.0,outdoor,few
18138916036443642,True,,False,False,False,5.0,1.0,outdoor,few
18334971466216620,True,,False,False,False,4.0,2.0,indoor,none
18084905765591760,True,,True,False,False,5.0,2.0,white,none
18115802197680957,True,,True,True,False,5.0,3.0,indoor,none
18090235943233466,True,,True,True,False,5.0,3.0,other,none
18085585016521764,True,,False,False,False,5.0,4.0,indoor,none
18209417977331431,True,,False,False,True,5.0,2.0,studio,heavy
18009115946894241,True,,True,True,False,4.0,5.0,outdoor,none
17876418843437358,True,,False,False,True,5.0,5.0,studio,few
18082687622091320,True,,True,True,False,5.0,3.0,studio,none
18110083031498054,True,,True,True,False,5.0,1.0,indoor,none
18117764806660915,True,,True,False,True,4.0,1.0,indoor,heavy
17870996457663983,True,,False,False,False,4.0,3.0,white,none
18095406158164577,True,,True,True,False,5.0,7.0,studio,none
18089747171236088,True,,True,True,False,5.0,1.0,studio,none
17934165132232474,True,,True,False,False,4.0,1.0,outdoor,none
18086883194348973,True,,False,False,True,5.0,3.0,indoor,heavy
18079581617142092,True,,False,False,True,5.0,1.0,studio,heavy
18092749957908231,True,,True,True,False,5.0,4.0,outdoor,none
18413288743135695,True,,True,True,False,5.0,7.0,white,none
17897197995287673,True,,True,True,False,5.0,3.0,studio,none
18012598088897738,True,,True,True,True,5.0,1.0,studio,few
17980408037990529,True,,True,True,False,5.0,4.0,studio,none
18060275240405058,True,,False,False,True,5.0,5.0,white,heavy
18576089956011671,True,,True,True,False,5.0,8.0,indoor,few
18576264568041039,True,,True,True,False,5.0,4.0,white,none
18575490247053295,True,,False,False,True,5.0,2.0,studio,few
18110964382868461,True,,True,False,False,5.0,3.0,white,none
18177742150388558,True,,True,False,False,5.0,3.0,studio,none
18321433150264938,True,,False,False,False,5.0,2.0,studio,few
18090419042338306,True,,False,False,True,5.0,1.0,other,few
18101588047788623,True,,True,False,True,5.0,2.0,indoor,few
18314833684260126,True,,False,False,False,5.0,7.0,studio,none
18005677769909345,True,,True,True,False,5.0,7.0,indoor,few
17913715542368465,True,,False,False,False,5.0,2.0,studio,none
18518396137075726,True,,True,False,False,4.0,2.0,outdoor,none
18075883313185463,True,,False,False,False,3.0,2.0,indoor,few
18086699678213991,True,,True,False,False,4.0,2.0,outdoor,none
17949342240129107,True,,True,True,False,5.0,10.0,outdoor,none
17983985903987387,True,,False,False,False,4.0,3.0,indoor,none
18191617972370771,True,,True,True,True,5.0,1.0,outdoor,few
18006697844710831,True,,False,False,False,5.0,1.0,white,none
17992533176774360,True,,True,False,True,5.0,1.0,white,few
18075403691205057,True,,True,False,False,4.0,1.0,outdoor,none
18390557590153821,True,,True,True,True,5.0,5.0,studio,few
18079597112540935,True,,True,False,False,4.0,1.0,indoor,none
18094155482169098,True,,True,True,False,5.0,4.0,indoor,none
17965702931897850,True,,False,False,True,4.0,3.0,other,heavy
18103281737075368,True,,True,True,False,5.0,3.0,indoor,few
18122179762553172,True,,True,False,False,4.0,5.0,outdoor,none
18119680615623870,True,,False,False,False,5.0,1.0,outdoor,none
18074728688232481,True,,False,False,False,3.0,1.0,indoor,none
18577322542015943,True,,False,False,False,5.0,1.0,indoor,none
18156599719455612,True,,True,True,False,5.0,3.0,studio,none
18582381208027176,True,,False,False,True,4.0,10.0,indoor,heavy
17992634558959319,True,,False,False,False,5.0,2.0,outdoor,none
18199132045353418,True,,True,True,False,4.0,4.0,outdoor,none
17872960458596370,True,,False,False,False,5.0,2.0,white,few
17883052929523528,True,,False,False,True,5.0,3.0,studio,few
18101948101953742,True,,True,True,False,5.0,8.0,indoor,none
18103221799944346,True,,True,True,False,4.0,4.0,studio,none
17911518939374842,True,,True,False,False,5.0,3.0,outdoor,heavy
18138773449455696,True,,True,False,True,4.0,10.0,indoor,few
18141263164506342,True,,False,False,True,5.0,1.0,white,heavy
18101997937751190,True,,True,True,False,5.0,5.0,white,none
18187633000370864,True,,True,True,False,5.0,4.0,white,none
18086411798607365,True,,False,False,False,4.0,1.0,indoor,none
17938854888190007,True,,False,False,True,3.0,2.0,indoor,heavy
18585208609001870,True,,True,True,True,5.0,4.0,studio,few
18090777932467694,True,,True,True,False,5.0,4.0,indoor,none
18323101099270675,True,,True,True,False,5.0,3.0,white,none
17987211152956144,True,,True,False,False,4.0,1.0,indoor,none
18099768476055492,True,,False,False,True,4.0,1.0,other,heavy
17995050896934072,True,,True,True,True,5.0,7.0,indoor,few
18114519961706678,True,,True,True,False,5.0,4.0,white,none
18196952776345226,True,,True,True,True,5.0,2.0,outdoor,few
17884201986478951,True,,True,True,False,4.0,3.0,white,none
18410231164176555,True,,False,False,False,5.0,1.0,white,none
18008421407853548,True,,True,False,False,5.0,4.0,outdoor,none
18077782349543403,True,,True,True,False,5.0,3.0,outdoor,none
18313525216277761,True,,True,False,False,4.0,4.0,indoor,none
18087021053353133,True,,True,True,True,5.0,3.0,other,heavy
18116525899656164,True,,True,True,True,5.0,6.0,outdoor,few
18101108131808646,True,,True,True,False,4.0,10.0,indoor,none
18149008021484614,True,,True,True,False,5.0,7.0,outdoor,none
18368447431201198,True,,False,False,True,5.0,2.0,other,heavy
18029551118627083,True,,False,False,False,4.0,1.0,studio,few
18075911624206169,True,,True,True,False,5.0,4.0,studio,none
18109232014851543,True,,True,False,False,5.0,4.0,studio,none
18118335937635054,True,,True,True,False,4.0,4.0,indoor,heavy
18098653010472106,True,,False,False,True,5.0,2.0,indoor,few
18372921283163654,True,,False,False,False,5.0,2.0,indoor,none
18268199530290543,True,,True,True,True,5.0,1.0,white,heavy
18097215125027858,True,,True,True,True,4.0,4.0,studio,few
17862256701626270,True,,True,True,False,4.0,1.0,other,none
17870422917607423,True,,True,True,True,5.0,5.0,studio,few
18024347387815895,True,,False,False,False,5.0,1.0,studio,none
18048333443725296,True,,False,False,True,5.0,4.0,indoor,heavy
18179946886385420,True,,False,False,False,5.0,8.0,white,none
17969945688031276,True,,True,False,True,5.0,10.0,indoor,heavy
18077816642450514,True,,True,True,False,5.0,5.0,outdoor,none
18096350663012693,True,,False,False,False,5.0,1.0,white,none
18155016766456869,True,,True,True,False,5.0,6.0,white,none
18063680978371879,True,,False,False,True,5.0,4.0,studio,few
17860842351625969,True,,True,False,False,4.0,4.0,outdoor,few
18066079532682531,True,,False,False,True,5.0,2.0,studio,few
18086071514018371,True,,True,False,True,5.0,1.0,indoor,few
18217428955323815,True,,True,False,False,5.0,1.0,white,none
18086368364111796,True,,True,True,False,4.0,5.0,outdoor,none
18064855802690265,True,,True,True,False,4.0,4.0,outdoor,none
17938250886192462,True,,True,True,False,5.0,6.0,indoor,none
17959047575935036,True,,True,False,False,4.0,4.0,outdoor,few
18071519147650740,True,,True,True,True,5.0,1.0,indoor,few
17962933583917937,True,,True,True,False,5.0,7.0,indoor,none
18114109390754305,True,,True,False,True,5.0,1.0,studio,few
17952327143966004,True,,False,False,True,4.0,1.0,indoor,few
18419538427122632,True,,True,False,True,4.0,3.0,indoor,heavy
18004710176884997,True,,False,False,True,5.0,2.0,outdoor,heavy
18123393247717761,True,,True,False,False,4.0,5.0,indoor,few
18121516258620857,True,,True,True,True,5.0,4.0,outdoor,few
18332942290220692,True,,False,False,True,5.0,1.0,white,heavy
18007654304856485,True,,True,False,False,4.0,3.0,outdoor,none
18264257515294642,True,,True,True,False,5.0,8.0,outdoor,none
17917881819147335,True,,False,False,False,5.0,2.0,indoor,none
17926748739315269,True,,True,True,False,4.0,5.0,outdoor,none
18047045126518204,True,,False,False,False,5.0,6.0,white,none
18057458087475264,True,,True,True,False,4.0,5.0,outdoor,none
18080627231112024,True,,False,False,True,5.0,1.0,white,few
17874706923460259,True,,True,False,False,4.0,1.0,studio,none
17985609887801572,True,,True,True,False,5.0,2.0,studio,none
17876401995563361,True,,True,True,True,4.0,6.0,other,few
18047522132737866,True,,True,True,False,3.0,4.0,outdoor,few
18028550558800079,True,,False,False,False,5.0,3.0,white,none
18084903599605588,True,,False,False,False,5.0,3.0,other,none
17899228425262282,True,,True,True,True,5.0,4.0,outdoor,few
18097573187004939,True,,True,True,False,4.0,8.0,outdoor,none
17906113161384800,True,,False,False,False,4.0,2.0,indoor,none
18112207720702179,True,,True,True,False,3.0,9.0,indoor,few
18100150613095833,True,,False,False,True,5.0,7.0,indoor,few
18069690722288064,True,,False,False,True,5.0,4.0,indoor,heavy
18172691830410141,True,,True,True,False,5.0,3.0,indoor,few
18087153821012174,True,,True,True,False,4.0,5.0,indoor,none
18228547105309589,True,,True,True,False,5.0,9.0,indoor,few
18101218669788882,True,,False,False,False,4.0,2.0,other,none
17870581614668507,True,,True,False,False,5.0,1.0,studio,none
17957986605098178,True,,True,True,False,5.0,4.0,outdoor,none
17957122011095526,True,,True,True,False,5.0,1.0,outdoor,none
18086824184265226,True,,False,False,False,5.0,2.0,studio,none
18139069195518368,True,,True,True,False,5.0,4.0,white,none
18046942634738833,True,,True,False,True,5.0,3.0,studio,few
17939045940208418,True,,False,False,False,5.0,1.0,studio,none
17964140519912151,True,,True,False,False,5.0,1.0,white,none
17871947631491672,True,,True,True,False,5.0,6.0,studio,none
18078768662529805,True,,True,False,False,5.0,4.0,studio,none
18096734804011394,True,,True,True,False,5.0,3.0,white,none
18408386215194395,True,,True,True,False,5.0,2.0,white,none
17920608300125427,True,,False,True,True,5.0,1.0,other,heavy
18116593133506114,True,,True,False,True,4.0,2.0,outdoor,heavy
18157511416397439,True,,False,False,False,5.0,2.0,studio,none
18124207642613568,True,,False,False,True,4.0,4.0,other,heavy
18096588695118026,True,,True,True,True,5.0,7.0,outdoor,few
18100699016076493,True,,False,False,True,4.0,1.0,other,few
18103046488985606,True,,False,False,False,5.0,5.0,studio,few
18368760850201774,True,,False,False,False,5.0,1.0,outdoor,none
17969027235019168,True,,False,False,False,5.0,4.0,studio,none
18102036269476236,True,,True,True,True,5.0,2.0,indoor,few
18107395249850354,True,,True,True,False,3.0,4.0,indoor,few
17866602948655567,True,,True,True,False,5.0,3.0,indoor,none
18430725412138612,True,,True,True,False,4.0,3.0,outdoor,none
18076439870641226,True,,True,True,False,5.0,1.0,white,none
17871037890479568,True,,True,True,False,5.0,5.0,studio,none
18225016921315198,True,,True,True,False,5.0,4.0,studio,none
18108175648710025,True,,True,True,True,5.0,4.0,studio,few
18061565351406128,True,,True,True,True,5.0,1.0,indoor,few
18095358337856507,True,,False,False,False,3.0,10.0,indoor,none
18229498348309073,True,,True,False,False,4.0,1.0,outdoor,none
17932497351057676,True,,False,False,True,4.0,8.0,studio,few
18091071488522323,True,,False,False,True,4.0,2.0,indoor,few
18113734684701683,True,,True,True,True,5.0,1.0,indoor,heavy
18012246221839980,True,,True,True,False,5.0,5.0,indoor,few
18133903696535392,True,,True,True,False,5.0,4.0,white,none
18099374783284203,True,,True,False,False,4.0,1.0,studio,none
17998781987920733,True,,False,False,False,4.0,2.0,white,none
18045606953548949,True,,True,True,False,4.0,4.0,outdoor,none
18069419000322159,True,,False,False,True,5.0,1.0,studio,few
17869379574511265,True,,False,False,False,4.0,4.0,indoor,none
18094555121169155,True,,True,True,True,5.0,10.0,indoor,heavy
18100120223066512,True,,False,False,True,5.0,6.0,white,few
18324946798252337,True,,True,False,False,5.0,3.0,outdoor,none
18098853146105431,True,,False,False,False,5.0,2.0,indoor,none
17877304008437219,True,,True,True,True,5.0,2.0,indoor,few
18090484859190143,True,,False,False,False,5.0,2.0,white,none
18063332510694284,True,,True,True,False,5.0,6.0,outdoor,none
17883204495537161,True,,False,False,False,4.0,2.0,indoor,none
17966332443063754,True,,True,False,False,5.0,4.0,outdoor,none
17948722097981481,True,,False,False,True,5.0,1.0,studio,few
18111182341695908,True,,True,True,False,5.0,1.0,studio,none
17867772393527338,True,,True,True,False,4.0,4.0,indoor,none
17910419115381414,True,,True,True,False,5.0,3.0,outdoor,none
18041714909767499,True,,False,False,True,5.0,2.0,indoor,heavy
18107387248686786,True,,True,True,False,5.0,5.0,studio,none
18138731290513565,True,,True,True,True,4.0,1.0,indoor,few
18079481945563232,True,,True,True,False,5.0,9.0,studio,none
18085093622017254,True,,True,True,False,5.0,3.0,indoor,none
18084846011152133,True,,True,True,False,5.0,7.0,indoor,few
18029355059800680,True,,False,False,False,4.0,1.0,outdoor,none
18134694535531839,True,,True,True,True,3.0,3.0,indoor,heavy
18111133114865223,True,,True,False,False,4.0,4.0,outdoor,none
17990748110954407,True,,True,True,False,5.0,2.0,white,none
18113449921776683,True,,True,False,False,4.0,2.0,outdoor,none
18077376974443379,True,,True,False,True,5.0,5.0,outdoor,few
18460458043098396,True,,True,False,True,5.0,1.0,studio,few
18100869185062074,True,,True,False,True,5.0,1.0,outdoor,few
17961694755025703,True,,True,True,True,5.0,1.0,outdoor,few
18047281319740039,True,,True,False,False,5.0,4.0,indoor,none
18030840824799697,True,,True,False,True,4.0,1.0,studio,few
18436483459139730,True,,True,False,False,5.0,8.0,indoor,none
18071900750279925,True,,False,False,True,4.0,1.0,outdoor,few
17920533930123263,True,,True,True,False,5.0,2.0,outdoor,none
18570762199019668,True,,True,True,True,5.0,3.0,studio,few
18001013393747040,True,,True,False,False,5.0,1.0,indoor,none
17883303444482044,True,,False,False,False,5.0,1.0,indoor,none
18113232511694263,True,,True,False,False,4.0,8.0,outdoor,none
18100481680817693,True,,True,True,False,5.0,4.0,outdoor,none
18061321223407360,True,,True,True,True,4.0,10.0,indoor,few
18571858216038619,True,,True,True,False,5.0,1.0,white,none
17959360197098841,True,,False,False,True,3.0,1.0,indoor,few
18119560855640257,True,,True,True,False,5.0,6.0,indoor,none
18573556732001313,True,,False,False,True,5.0,3.0,white,few
18069650900321720,True,,True,True,True,5.0,1.0,indoor,few
17928152760268611,True,,True,True,False,4.0,8.0,outdoor,none
18116869603725507,True,,False,False,False,3.0,1.0,indoor,few
18092862671516577,True,,True,True,False,4.0,3.0,outdoor,none
18078138485413263,True,,False,False,True,5.0,1.0,indoor,few
18060385067451593,True,,True,False,False,3.0,1.0,indoor,none
17861753019618797,True,,True,True,False,5.0,2.0,indoor,none
18099535364044353,True,,True,False,True,5.0,4.0,outdoor,heavy
18083605040092749,True,,False,False,False,5.0,1.0,indoor,few
18099331696824529,True,,True,True,False,5.0,5.0,outdoor,none
17890750722448181,True,,True,False,False,3.0,1.0,indoor,none
18096926630107347,True,,False,False,True,5.0,10.0,studio,heavy
17907187818220710,True,,True,False,False,5.0,7.0,indoor,none
18102073759766115,True,,False,False,False,4.0,2.0,indoor,heavy
18087698693255415,True,,True,False,False,4.0,2.0,outdoor,none
18103049675477037,True,,False,False,True,5.0,1.0,other,heavy
18396475933149764,True,,True,True,False,5.0,6.0,white,none
18443277982117984,True,,True,True,True,5.0,3.0,white,few
18152151898455547,True,,True,False,False,5.0,6.0,outdoor,none
18001687043917176,True,,False,False,False,5.0,3.0,indoor,few
17865007353548303,True,,True,True,False,4.0,4.0,outdoor,none
18118402060658097,True,,False,False,False,5.0,4.0,studio,none
17861246172620382,True,,False,False,True,5.0,1.0,outdoor,few
18573050671024678,True,,True,True,True,5.0,10.0,white,few
18180174952390962,True,,False,False,False,5.0,1.0,indoor,none
18192500626321076,True,,False,False,False,4.0,6.0,indoor,few
18324731794269686,True,,False,False,True,5.0,1.0,studio,few
18109575712836962,True,,False,False,False,5.0,1.0,white,none
18009680036844536,True,,True,False,False,5.0,3.0,indoor,none
18345822061241011,True,,True,True,False,5.0,4.0,studio,none
17954024259121006,True,,False,False,False,4.0,2.0,indoor,none
18583546561038292,True,,True,False,False,4.0,1.0,outdoor,heavy
18584139403035723,True,,True,False,False,5.0,1.0,studio,none
18577466041011249,True,,True,True,False,5.0,4.0,outdoor,none
18132982573527826,True,,True,False,False,4.0,10.0,indoor,few
17875941525578224,True,,True,True,False,3.0,9.0,indoor,few
18095541023515106,True,,False,False,False,5.0,5.0,studio,none
18058439123454599,True,,False,False,False,5.0,10.0,indoor,few
18332445574222984,True,,True,True,True,5.0,6.0,outdoor,few
17848338681696001,True,,False,False,False,5.0,1.0,white,none
17945683059179201,True,,True,True,False,5.0,5.0,outdoor,none
18127810180567236,True,,True,False,False,5.0,5.0,studio,none
18120272467629701,True,,True,True,False,5.0,4.0,white,none
17941430019175528,True,,True,True,False,5.0,4.0,indoor,none
17881977534542573,True,,False,False,False,4.0,5.0,indoor,heavy
18069363719330396,True,,False,False,True,5.0,1.0,other,heavy
18073128275246598,True,,True,True,False,5.0,1.0,indoor,none
18070884185352438,True,,True,True,False,5.0,2.0,outdoor,few
18085237580371335,True,,False,False,False,5.0,10.0,studio,none
18000257654745065,True,,True,True,False,5.0,4.0,indoor,none
18076456259178683,True,,True,True,False,5.0,4.0,outdoor,none
18315800080259296,True,,True,True,True,5.0,2.0,outdoor,few
18091437116588510,True,,True,False,False,4.0,3.0,indoor,none
18180184699391199,True,,False,False,True,5.0,3.0,indoor,few
17873547024591117,True,,False,False,False,5.0,2.0,white,none
17971206258046715,True,,False,False,False,4.0,3.0,indoor,none
18262904176288557,True,,True,False,False,5.0,4.0,studio,none
18085749569198956,True,,True,True,True,5.0,5.0,outdoor,heavy
18126231622523829,True,,False,False,False,5.0,1.0,white,few
18082161878386076,True,,True,False,False,5.0,2.0,outdoor,few
18065950694678615,True,,False,False,True,5.0,1.0,indoor,few
17851761525659779,True,,True,True,True,5.0,1.0,white,few
18083799869570853,True,,True,True,True,5.0,3.0,white,few
18160430677441650,True,,True,False,False,5.0,2.0,outdoor,none
18198512914344938,True,,True,False,False,5.0,2.0,white,none
18110240986840236,True,,False,False,False,4.0,1.0,indoor,none
18015904850681530,True,,True,True,False,4.0,6.0,outdoor,few
17983151804989233,True,,True,True,False,5.0,4.0,studio,none
18101841997785243,True,,False,False,False,5.0,4.0,indoor,none
17876851383438628,True,,False,False,False,4.0,10.0,indoor,none
18077548778539178,True,,True,True,False,5.0,3.0,studio,none
18098356172044307,True,,False,False,False,5.0,1.0,studio,none
17882298978494040,True,,False,False,False,4.0,2.0,studio,few
17921637396319384,True,,True,True,False,4.0,4.0,indoor,none
18046694546750984,True,,True,False,True,5.0,2.0,studio,few
18090075065223149,True,,True,True,True,5.0,1.0,outdoor,few
18121135561539409,True,,True,True,True,5.0,6.0,studio,few
17971010765882211,True,,True,True,False,5.0,3.0,white,none
18082067642373630,True,,False,False,False,5.0,3.0,white,none
18057448514705096,True,,False,False,True,4.0,2.0,other,few
18127191145587551,True,,True,True,True,5.0,1.0,indoor,few
17879979000551418,True,,True,True,True,5.0,2.0,white,few
17900550603262505,True,,False,False,True,5.0,1.0,other,few
18137796949510250,True,,True,False,False,3.0,1.0,indoor,few
17860179312682562,True,,True,True,False,4.0,4.0,white,none
18148712977474594,True,,True,True,False,5.0,2.0,studio,none
18012235538692117,True,,True,True,False,5.0,5.0,indoor,few
17975438060971153,True,,False,False,False,5.0,1.0,indoor,none
18129545827567924,True,,False,False,True,5.0,3.0,studio,few
18118514152638118,True,,False,False,True,5.0,1.0,white,few
18200881738354928,True,,True,True,False,4.0,3.0,outdoor,none
18066203558349247,True,,True,True,True,5.0,9.0,other,few
18079455359570909,True,,False,False,False,5.0,5.0,white,few
18087832364214995,True,,True,False,True,5.0,1.0,outdoor,few
18097700966082366,True,,False,False,True,5.0,8.0,indoor,few
17934920781212054,True,,True,True,False,5.0,2.0,outdoor,none
17984520029971548,True,,True,False,False,5.0,4.0,white,none
18093349157182023,True,,False,False,False,5.0,3.0,other,heavy
18111561901839180,True,,False,False,False,5.0,1.0,white,none
18081891917454976,True,,True,True,True,5.0,4.0,indoor,few
18072032969642188,True,,True,False,False,5.0,2.0,white,none
18097585975896386,True,,True,True,True,5.0,3.0,studio,few
18117870292711125,True,,True,True,False,5.0,7.0,studio,none
17943312597151856,True,,False,False,False,5.0,1.0,studio,none
18004104317857426,True,,False,False,False,5.0,2.0,outdoor,none
18124167424607993,True,,True,True,True,5.0,1.0,white,few
18061427339402728,True,,True,True,False,5.0,5.0,outdoor,none
17885813040482732,True,,True,False,False,5.0,1.0,other,none
17941418586174493,True,,True,False,False,5.0,8.0,outdoor,none
17980743737989478,True,,True,True,False,5.0,1.0,indoor,none
17868535182611865,True,,False,False,False,5.0,1.0,indoor,few
18114922240677503,True,,True,True,False,5.0,5.0,outdoor,none
17865342597613027,True,,True,True,False,5.0,7.0,studio,none
18047322947724080,True,,False,False,True,4.0,3.0,indoor,few
18459400993108376,True,,False,False,False,5.0,2.0,other,none
18326589586302071,True,,False,False,False,5.0,2.0,studio,none
18058466816699096,True,,False,False,False,5.0,2.0,studio,few
18067597718441015,True,,True,True,False,5.0,5.0,studio,none
18097691848957355,True,,True,False,False,5.0,3.0,studio,none
18068038616673441,True,,False,False,False,4.0,1.0,other,none
17866630707655071,True,,False,False,False,5.0,2.0,indoor,few
17911840998182445,True,,False,False,False,5.0,3.0,indoor,none
18161828806426330,True,,True,False,False,5.0,3.0,studio,none
17849469561676243,True,,True,True,False,5.0,2.0,outdoor,few
18020739506820651,True,,True,False,False,4.0,2.0,outdoor,none
17905095771225345,True,,True,True,True,5.0,3.0,other,heavy
18090872521916949,True,,True,False,True,4.0,1.0,indoor,few
18088346311985483,True,,True,True,False,5.0,3.0,studio,none
18087788138265878,True,,True,True,True,5.0,3.0,studio,few
18094096400125379,True,,False,False,False,4.0,1.0,indoor,none
18084270542341287,True,,True,True,True,5.0,2.0,studio,few
18080893772570261,True,,True,True,True,5.0,1.0,white,few
18152633359461851,True,,False,False,False,5.0,4.0,studio,none
17871381075603291,True,,False,False,False,5.0,2.0,white,none
18545224354067131,True,,True,True,True,5.0,3.0,indoor,few
18091172738177353,True,,True,False,False,5.0,4.0,indoor,none
18000421145751178,True,,False,False,False,5.0,3.0,outdoor,none
18137037151525767,True,,False,False,True,5.0,3.0,white,few
18085227674371198,True,,True,True,False,4.0,3.0,indoor,heavy
17938728876038585,True,,True,True,False,4.0,8.0,outdoor,none
18113651614749527,True,,True,False,False,5.0,4.0,studio,none
17981789744826335,True,,True,False,False,3.0,1.0,outdoor,none
18228412207309156,True,,False,False,False,5.0,1.0,white,none
17894992674446876,True,,False,False,True,5.0,2.0,indoor,few
18185851183327800,True,,False,False,False,4.0,1.0,indoor,few
18070230497298478,True,,False,False,False,5.0,4.0,indoor,none
18091223060223559,True,,True,True,True,5.0,10.0,other,few
17881368855545411,True,,False,False,False,5.0,2.0,white,heavy
18131965777549973,True,,True,True,True,5.0,5.0,studio,few
18126744538592177,True,,False,False,True,5.0,3.0,indoor,few
18090469076599352,True,,True,True,False,3.0,1.0,indoor,few
18102048788287899,True,,True,True,True,5.0,1.0,other,few
18101829905071625,True,,True,True,True,5.0,2.0,studio,few
17943695510998025,True,,False,False,True,5.0,1.0,white,few
18093806461891926,True,,False,False,True,5.0,1.0,studio,heavy
18319749667248438,True,,False,False,False,5.0,1.0,outdoor,none
17958566790111538,True,,True,False,True,4.0,1.0,indoor,heavy
17865965547617693,True,,False,False,True,5.0,9.0,indoor,few
18087491690584046,True,,False,False,False,5.0,1.0,white,none
18112276492830264,True,,True,True,False,5.0,3.0,outdoor,few
18069890462296434,True,,False,False,False,5.0,4.0,indoor,few
18116504833649501,True,,False,False,False,5.0,2.0,white,none
17966287377024303,True,,True,False,False,5.0,1.0,indoor,none
17983113791812189,True,,True,False,False,5.0,4.0,white,none
18521677417077401,True,,False,False,False,4.0,1.0,indoor,none
18091730794938879,True,,True,False,True,5.0,3.0,outdoor,few
17863697583673848,True,,False,False,False,4.0,1.0,white,none
18098249975076807,True,,False,False,False,5.0,1.0,studio,few
17896815843280487,True,,True,True,False,5.0,6.0,white,none
18138448510512981,True,,False,False,False,5.0,4.0,studio,none
17859920757629644,True,,True,True,False,5.0,8.0,outdoor,none
17855072511647695,True,,False,False,True,5.0,1.0,studio,heavy
17879644578552240,True,,False,False,True,5.0,6.0,other,heavy
17973510609002113,True,,True,True,False,5.0,3.0,indoor,none
17964565251073876,True,,False,False,False,4.0,1.0,white,few
18117912016643039,True,,True,True,False,5.0,2.0,white,none
18129408115563668,True,,True,False,True,5.0,1.0,white,heavy
18172184875404361,True,,False,False,False,4.0,1.0,white,none
18091472534237433,True,,True,False,False,4.0,1.0,indoor,none
18104809033939864,True,,False,False,False,4.0,2.0,indoor,few
17940662427191030,True,,False,False,False,5.0,8.0,studio,none
18266469742294978,True,,True,True,False,4.0,1.0,indoor,none
18100189210779234,True,,False,False,False,5.0,5.0,indoor,none
17882978727484781,True,,True,False,False,5.0,2.0,studio,none
18069448784304415,True,,False,False,True,4.0,7.0,white,heavy
17936163003211165,True,,True,True,False,5.0,1.0,white,none
18078955469637874,True,,True,False,True,5.0,3.0,studio,few
18084975452622279,True,,True,True,False,5.0,4.0,white,none
18454018240106227,True,,False,False,False,5.0,1.0,white,none
18358242952231290,True,,True,True,True,4.0,1.0,indoor,heavy
18139536115512089,True,,True,False,True,5.0,2.0,studio,few
17991893870958014,True,,True,True,False,4.0,1.0,outdoor,few
18156004081455918,True,,True,True,True,5.0,1.0,studio,few
18109700125655589,True,,False,False,True,5.0,1.0,white,few
18082803245374560,True,,False,False,False,4.0,1.0,white,none
18392800567147476,True,,True,False,False,4.0,6.0,indoor,none
18078510362394185,True,,False,False,False,5.0,2.0,indoor,none
18101784781770777,True,,False,False,False,5.0,1.0,white,none
17945563521147542,True,,False,False,False,5.0,1.0,white,few
18117723373655803,True,,True,True,True,5.0,3.0,indoor,few
18572447887060252,True,,True,True,False,5.0,5.0,indoor,none
17932799946237755,True,,True,True,False,5.0,3.0,outdoor,none
18581172313029702,True,,True,False,False,5.0,2.0,white,none
18431030617136300,True,,True,True,False,5.0,3.0,white,none
18115705726685823,True,,True,True,True,3.0,1.0,other,heavy
18336568492300546,True,,True,True,True,5.0,5.0,indoor,heavy
17884093161515998,True,,True,True,False,5.0,2.0,studio,heavy
18086639042353478,True,,True,True,True,5.0,3.0,indoor,heavy
17878493484556905,True,,False,False,True,4.0,1.0,other,heavy
18073292861647399,True,,True,True,False,5.0,4.0,outdoor,none
18397990699194276,True,,True,False,False,4.0,3.0,outdoor,none
18093806669122293,True,,True,True,False,5.0,6.0,indoor,none
18383514988093042,True,,True,True,True,5.0,2.0,outdoor,few
18405139684176591,True,,False,False,True,5.0,2.0,white,few
18072611849251718,True,,True,True,False,5.0,5.0,indoor,none
18582767236004119,True,,True,True,True,4.0,1.0,indoor,heavy
18091470971231028,True,,False,False,False,4.0,6.0,indoor,heavy
18100311470032452,True,,False,False,False,4.0,1.0,indoor,heavy
18139397149515275,True,,False,False,True,4.0,2.0,indoor,heavy
18069885368320471,True,,False,False,False,5.0,1.0,indoor,none
18058529099440883,True,,False,False,True,5.0,2.0,indoor,heavy
18063884417346809,True,,False,False,True,5.0,3.0,studio,few
18120369490725135,True,,True,True,False,4.0,8.0,indoor,none
17893714089449214,True,,True,False,True,5.0,1.0,outdoor,few
18095750354323451,True,,True,True,True,5.0,1.0,white,heavy
18137784715524415,True,,True,False,False,4.0,2.0,indoor,few
17993560901938594,True,,True,True,False,5.0,5.0,white,none
18133284703542287,True,,True,False,False,3.0,1.0,indoor,none
18103307119924256,True,,False,False,False,5.0,1.0,white,none
17996303027763759,True,,True,True,False,4.0,1.0,indoor,none
17962695666065472,True,,True,False,True,5.0,5.0,studio,heavy
17862293157554337,True,,True,True,False,5.0,4.0,white,few
18174117349397114,True,,True,True,False,5.0,3.0,studio,none
18100270235063889,True,,True,True,True,5.0,4.0,indoor,few
18063842411381172,True,,True,True,True,5.0,8.0,studio,few
18081006473372407,True,,True,True,False,5.0,3.0,outdoor,none
18094532210031945,True,,True,True,True,5.0,1.0,indoor,heavy
18053738111707697,True,,True,True,False,5.0,4.0,white,none
18114675778685911,True,,True,True,False,5.0,3.0,white,none
18090952849977108,True,,True,True,False,5.0,3.0,white,none
18107657818870105,True,,False,False,False,4.0,5.0,outdoor,none
18100903205054215,True,,False,False,True,5.0,1.0,studio,heavy
18400149343148288,True,,False,False,True,4.0,4.0,other,few
18098329675832932,True,,True,True,False,4.0,10.0,outdoor,none
17923170537302837,True,,False,False,False,4.0,3.0,indoor,none
18080224043431362,True,,False,False,False,5.0,1.0,white,none
18119643181570754,True,,False,False,True,5.0,3.0,white,few
17997534578937023,True,,False,False,False,5.0,1.0,outdoor,none
18001348745872796,True,,False,False,False,5.0,1.0,studio,none
18079815869621658,True,,False,False,False,4.0,1.0,indoor,none
18109370419857436,True,,True,True,False,5.0,4.0,indoor,none
17859916608586325,True,,False,False,False,5.0,1.0,white,none
18066161570350573,True,,True,True,False,5.0,3.0,white,none
17945596532996825,True,,True,True,True,5.0,1.0,white,few
18112394206742474,True,,False,False,True,5.0,2.0,indoor,few
18176491732394191,True,,True,True,False,4.0,8.0,outdoor,none
18117799954646308,True,,True,True,True,5.0,3.0,indoor,few
18102411169986776,True,,True,True,False,5.0,7.0,white,none
18080052407387365,True,,True,True,True,4.0,1.0,indoor,few
17881867080557766,True,,True,True,False,5.0,4.0,outdoor,none
18098137946516633,True,,True,True,False,5.0,1.0,studio,none
18076878860426111,True,,False,False,False,4.0,1.0,indoor,none
18158301883435502,True,,False,False,False,5.0,1.0,indoor,none
18089911141953196,True,,False,False,False,4.0,8.0,indoor,none
18196982785358362,True,,True,True,True,5.0,5.0,outdoor,heavy
17898732954422439,True,,True,True,False,5.0,1.0,indoor,none
18039675551568359,True,,True,True,False,5.0,8.0,indoor,none
18070832264259993,True,,False,False,False,5.0,1.0,white,none
18223173427315453,True,,True,True,False,5.0,2.0,indoor,none
18420805435127223,True,,False,False,False,5.0,2.0,studio,none
17948376126138289,True,,False,False,True,4.0,3.0,indoor,few
17959976904061114,True,,False,False,False,5.0,1.0,white,none
17979027050840000,True,,False,False,False,4.0,1.0,indoor,none
18038233265787088,True,,True,True,False,5.0,4.0,white,none
18193469884360581,True,,False,False,False,4.0,1.0,other,none
18180270340380976,True,,False,False,True,5.0,1.0,studio,few
18348492370213370,True,,True,True,False,5.0,4.0,outdoor,none
18098702810291078,True,,False,False,False,5.0,1.0,white,none
18081828902569564,True,,True,False,False,5.0,1.0,indoor,none
17883637035500321,True,,False,False,False,5.0,2.0,white,none
17884235010493889,True,,False,False,False,5.0,1.0,white,none
17895626622446152,True,,True,True,False,5.0,6.0,studio,none
18101026297944679,True,,True,True,False,5.0,6.0,white,none
18074701646236264,True,,True,True,True,5.0,2.0,indoor,few
18070691582262947,True,,False,False,True,4.0,10.0,indoor,few
17932003506239217,True,,False,False,False,4.0,1.0,indoor,few
18098049041060997,True,,False,False,True,4.0,10.0,indoor,heavy
18078600029537121,True,,False,False,True,4.0,4.0,indoor,heavy
18138008197513413,True,,False,False,False,5.0,10.0,studio,few
18099828973817392,True,,True,False,False,4.0,6.0,indoor,none
18015358685675155,True,,True,True,True,5.0,10.0,indoor,few
18072356042304389,True,,False,False,True,5.0,1.0,indoor,few
17869521834669157,True,,True,True,False,5.0,5.0,studio,none
18098693147024404,True,,False,False,False,5.0,1.0,white,none
18402742711194764,True,,True,True,False,3.0,4.0,indoor,few
18123482173528512,True,,True,False,False,4.0,4.0,outdoor,none
18262425622289042,True,,True,False,True,5.0,4.0,studio,few
17862420969618113,True,,False,False,True,5.0,1.0,white,few
18111488617763451,True,,True,True,False,5.0,6.0,outdoor,none
17968644261024082,True,,True,True,True,5.0,2.0,white,few
18460416793103088,True,,False,False,False,5.0,1.0,white,none
18061084298686953,True,,False,False,True,5.0,5.0,white,heavy
17882561868482980,True,,True,True,False,5.0,3.0,outdoor,none
18123187717611156,True,,True,True,False,5.0,5.0,studio,none
18093358010160174,True,,False,False,True,4.0,3.0,white,heavy
17868378834512089,True,,False,False,False,5.0,2.0,studio,none
18067583921330148,True,,False,False,False,5.0,1.0,studio,none
17986241711995797,True,,False,False,False,4.0,1.0,indoor,none
17897763696439851,True,,False,False,False,5.0,2.0,white,few
18073678037237571,True,,False,False,True,5.0,1.0,studio,few
17911810776363074,True,,False,False,False,5.0,6.0,indoor,none
18107202491481279,True,,True,False,False,4.0,3.0,outdoor,none
18092801105125608,True,,True,True,False,5.0,3.0,outdoor,none
18099080527834236,True,,True,True,False,5.0,7.0,white,none
18077023310255213,True,,True,True,False,5.0,2.0,outdoor,none
18077228639556618,True,,True,False,False,4.0,5.0,indoor,none
18076761635541150,True,,True,True,True,5.0,2.0,indoor,few
17865334452612729,True,,False,False,True,5.0,9.0,white,few
18126193252508822,True,,True,True,True,5.0,3.0,outdoor,few
17917752240302840,True,,True,False,False,5.0,5.0,studio,none
17985067121796514,True,,True,True,False,5.0,7.0,indoor,none
18093727526173011,True,,False,False,True,5.0,1.0,studio,heavy
18321196525270672,True,,True,True,False,5.0,10.0,studio,none
18112184713833702,True,,True,True,False,4.0,7.0,indoor,none
18111552301762232,True,,True,True,False,5.0,4.0,white,none
18105453226919123,True,,False,False,False,4.0,1.0,other,none
18357891532232653,True,,False,False,False,5.0,2.0,indoor,none
18127585057502642,True,,True,True,False,5.0,2.0,white,none
18044396120532699,True,,True,True,False,3.0,5.0,indoor,none
18116121790676849,True,,True,False,False,5.0,3.0,studio,none
17872147833583443,True,,False,False,True,5.0,1.0,other,few
18043447094763701,True,,True,True,False,5.0,1.0,studio,none
17893496535443066,True,,True,True,False,5.0,7.0,indoor,none
18095509964016134,True,,False,False,False,5.0,1.0,white,none
18000630689747602,True,,True,True,False,5.0,3.0,white,none
18113484310776919,True,,True,True,False,5.0,8.0,outdoor,none
18100021100483389,True,,False,False,True,5.0,6.0,white,few
18075268787636036,True,,True,True,False,5.0,6.0,indoor,none
18097699151107457,True,,True,False,False,5.0,10.0,outdoor,none
18089403737584254,True,,True,False,False,5.0,4.0,outdoor,none
18085281875074596,True,,False,False,True,5.0,1.0,indoor,heavy
18107728486911747,True,,False,False,False,5.0,6.0,indoor,few
18069595931654160,True,,True,False,True,5.0,1.0,studio,heavy
17857826013635361,True,,True,False,False,5.0,1.0,indoor,none
17958949841934965,True,,True,True,False,5.0,4.0,studio,none
18117848590658798,True,,True,True,False,5.0,5.0,outdoor,few
18058596971448690,True,,True,True,False,5.0,4.0,white,none
17957865605939235,True,,False,False,False,5.0,1.0,other,none
18090775420949257,True,,True,False,True,5.0,10.0,indoor,few
18338148772247350,True,,True,True,False,5.0,3.0,white,none
18045340049764243,True,,True,False,False,5.0,6.0,other,none
17894064708305024,True,,False,False,False,5.0,1.0,white,none
18065032928444250,True,,True,True,False,5.0,3.0,outdoor,none
17896298676425842,True,,True,True,False,4.0,7.0,indoor,few
17882330634489470,True,,False,False,False,5.0,1.0,white,none
18134733883474826,True,,False,False,False,4.0,1.0,indoor,none
18012197777836276,True,,True,False,False,5.0,1.0,indoor,none
18109268089845608,True,,True,True,False,5.0,2.0,white,none
18174705049402069,True,,True,True,False,5.0,2.0,studio,few
18102569998784712,True,,True,True,False,5.0,4.0,indoor,none
18100506515100476,True,,True,False,True,5.0,1.0,indoor,few
18088938377209105,True,,True,False,True,5.0,2.0,outdoor,heavy
18077987609406775,True,,False,False,True,5.0,1.0,other,few
17861167191682330,True,,False,False,False,5.0,1.0,white,none
18090368225225742,True,,True,True,False,4.0,1.0,indoor,none
17921068824335355,False,Invalid operation: The `response.parts` quick acce,,,,,,,
18049463015742541,False,Invalid operation: The `response.parts` quick acce,,,,,,,
17858363847594779,False,Invalid operation: The `response.parts` quick acce,,,,,,,
17896469883426785,False,Invalid operation: The `response.parts` quick acce,,,,,,,
18103847398934803,False,Invalid operation: The `response.parts` quick acce,,,,,,,
18045464255759769,False,Invalid operation: The `response.parts` quick acce,,,,,,,
17875908261578726,False,Invalid operation: The `response.parts` quick acce,,,,,,,
17974430090861016,False,Invalid operation: The `response.parts` quick acce,,,,,,,
17908124811378927,False,Invalid operation: The `response.parts` quick acce,,,,,,,
17950236945131163,False,Invalid operation: The `response.parts` quick acce,,,,,,,
18337316554172377,False,Invalid operation: The `response.parts` quick acce,,,,,,,
18098779823066747,False,Invalid operation: The `response.parts` quick acce,,,,,,,
18082500353347379,False,Invalid operation: The `response.parts` quick acce,,,,,,,
18107064319892704,False,Invalid operation: The `response.parts` quick acce,,,,,,,
17978901230841100,False,Invalid operation: The `response.parts` quick acce,,,,,,,
17917255521148181,False,Invalid operation: The `response.parts` quick acce,,,,,,,
18113604136786913,False,Invalid operation: The `response.parts` quick acce,,,,,,,
18080008856560568,False,Invalid operation: The `response.parts` quick acce,,,,,,,
17856263757632202,False,Invalid operation: The `response.parts` quick acce,,,,,,,
18093286814129385,False,Invalid operation: The `response.parts` quick acce,,,,,,,
17957799873084363,False,Invalid operation: The `response.parts` quick acce,,,,,,,
17880349446547326,False,Invalid operation: The `response.parts` quick acce,,,,,,,
17930744382235786,False,Invalid operation: The `response.parts` quick acce,,,,,,,
18070809911388209,False,Invalid operation: The `response.parts` quick acce,,,,,,,
18115026583690602,False,Invalid operation: The `response.parts` quick acce,,,,,,,
17920293522339663,False,Invalid operation: The `response.parts` quick acce,,,,,,,
18369794644207995,False,Invalid operation: The `response.parts` quick acce,,,,,,,
18194876137361060,False,Invalid operation: The `response.parts` quick acce,,,,,,,
18119734351733779,False,Invalid operation: The `response.parts` quick acce,,,,,,,
